case,cores,plan_sha256,graph_sha256,no_l2_source,same_core_speedup,no_l2_makespan,no_l2_added_copy_bytes,no_l2_scheduled_copy_bytes,no_l2_spill_added_copy_bytes,no_l2_partition_added_copy_bytes,no_l2_cross_task_traffic_bytes,no_l2_cross_core_transfer_count,no_l2_copy_in_hits,no_l2_copy_in_misses,no_l2_cache_hit_bytes,no_l2_cache_miss_bytes,no_l2_cache_hit_rate_bytes,l2_makespan,l2_added_copy_bytes,l2_scheduled_copy_bytes,l2_spill_added_copy_bytes,l2_partition_added_copy_bytes,l2_cross_task_traffic_bytes,l2_cross_core_transfer_count,l2_copy_in_hits,l2_copy_in_misses,l2_cache_hit_bytes,l2_cache_miss_bytes,l2_cache_hit_rate_bytes
case_001,1,d5753ab9908d0b6f0e08f468483eb9df898272d3f675fa9253ec80f9a325a92e,a634cd1151c0e918dd3a143eba421b88907f7f0334bfe6a5ca0412342307f09f,stage1_verified_reuse,1.0,233110,0,1639552,0,0,0,0,,,,,,233110,0,1639552,0,0,0,0,0,201,0,820352,0.0
case_001,2,5d187370156683aa1cb7e2eab372f293b6089ee4283bade0e99a6e0115066503,a634cd1151c0e918dd3a143eba421b88907f7f0334bfe6a5ca0412342307f09f,official_recheck,1.0,116868,1152,1640704,0,1152,0,0,,,,,,116868,1152,1640704,0,1152,0,0,0,202,0,821504,0.0
case_001,3,adb1211004434e31feb212811dd0c5a9b82a036f846bef0bbe0fb5c4ad60bebb,a634cd1151c0e918dd3a143eba421b88907f7f0334bfe6a5ca0412342307f09f,official_recheck,1.0,97000,88320,1727872,0,88320,28672,7,,,,,,97000,88320,1727872,0,88320,28672,7,7,210,28672,851328,0.032581818181818184
case_001,4,d9f98b3190d6e10f73f1f960040c24d726f91097a241257a4b774b675a5afa70,a634cd1151c0e918dd3a143eba421b88907f7f0334bfe6a5ca0412342307f09f,official_recheck,1.0,58984,3456,1643008,0,3456,0,0,,,,,,58984,3456,1643008,0,3456,0,0,0,204,0,823808,0.0
case_001,5,ff881c15d5e1cdc1f561963490b38b8ce2bd4027e200286536c9ee4b98fb4a65,a634cd1151c0e918dd3a143eba421b88907f7f0334bfe6a5ca0412342307f09f,official_recheck,1.0,47502,4608,1644160,0,4608,0,0,,,,,,47502,4608,1644160,0,4608,0,0,0,205,0,824960,0.0
case_002,1,dddf63d4ee08a357e8b9541eeccd32b08633fec4729541de8e48c5ce1f422907,578fceeb9f66a3c083b9f27d8464cf75c1e7602cbc7290920c02aa1aef7ca352,stage1_verified_reuse,1.0,261945,0,1224192,0,0,0,0,,,,,,261945,0,1224192,0,0,0,0,0,398,0,1222656,0.0
case_002,2,90bb1313339eccc690fcd5714d3353e14de5a7696e1534128aac92a51697ba86,578fceeb9f66a3c083b9f27d8464cf75c1e7602cbc7290920c02aa1aef7ca352,stage1_verified_reuse,1.0007534418594033,131496,3472896,4697088,635904,2836992,960000,625,,,,,,131397,3472896,4697088,635904,2836992,960000,625,148,1212,681984,3053568,0.1825657894736842
case_002,3,31e52e15421b5388021f7d7d7e025635964ee51826a35cb702d3c31d157d2866,578fceeb9f66a3c083b9f27d8464cf75c1e7602cbc7290920c02aa1aef7ca352,stage1_verified_reuse,1.0626791340583392,104557,4414464,5638656,0,4414464,1290240,840,,,,,,98390,4414464,5638656,0,4414464,1290240,840,199,1437,916992,3429888,0.2109540636042403
case_002,4,3a815d396e7386dd146f21b72544d5a3700406dbe4da2ed32bfbc88392ec31ed,578fceeb9f66a3c083b9f27d8464cf75c1e7602cbc7290920c02aa1aef7ca352,stage1_verified_reuse,1.0,82998,219648,1443840,0,219648,84480,55,,,,,,82998,219648,1443840,0,219648,84480,55,11,453,50688,1307136,0.03733031674208145
case_002,5,7134457e6510824eaa147916e5426ab4f2ee9af2af0f95cf80aae2d3c4fef6cc,578fceeb9f66a3c083b9f27d8464cf75c1e7602cbc7290920c02aa1aef7ca352,stage1_verified_reuse,1.0,66241,228864,1453056,0,228864,98304,64,,,,,,66241,228864,1453056,0,228864,98304,64,7,462,32256,1320960,0.02383654937570942
case_003,1,59e61548feaac7f30e65f6e04ca4e46b9086de91c1484308305fc0f77f4d4eae,2c80acfd37edcf811ce76b7e7b1f7194c706bd4d4aa6449e6a19e9eac1028ced,stage1_verified_reuse,1.0,602212,0,1284264,0,0,0,0,,,,,,602212,0,1284264,0,0,0,0,0,198,0,1284230,0.0
case_003,2,81907cb408bdace2ff248a3afd459d42d3160ad692c5ce8e1b9ff30cb4402e03,2c80acfd37edcf811ce76b7e7b1f7194c706bd4d4aa6449e6a19e9eac1028ced,stage1_verified_reuse,1.0010690944126293,388594,1862376,3146640,0,1862376,724338,949,,,,,,388179,1862376,3146640,0,1862376,724338,949,56,1148,409604,2012664,0.1690993729843271
case_003,3,b4181f8f66d508a46da2880f6070b582ad6b4e8cf8615c3013b7576e143e91c8,2c80acfd37edcf811ce76b7e7b1f7194c706bd4d4aa6449e6a19e9eac1028ced,stage1_verified_reuse,1.0014530504014303,299116,2730816,4015080,0,2730816,1022364,1264,,,,,,298682,2730816,4015080,0,2730816,1022364,1264,189,1371,783496,2209186,0.2618039604608843
case_003,4,536b41d356209ffde30f91036674e0c0fae901ef79171ad41e19d7b8453631f4,2c80acfd37edcf811ce76b7e7b1f7194c706bd4d4aa6449e6a19e9eac1028ced,stage1_verified_reuse,1.0091604721573106,286318,3410168,4694432,0,3410168,1181814,1417,,,,,,283719,3410168,4694432,0,3410168,1181814,1417,309,1456,1070860,2441724,0.3048638836822123
case_003,5,5c8a7079fcd12825c100e6acab78efff8c62fe40878207af48059e9128c2dac1,2c80acfd37edcf811ce76b7e7b1f7194c706bd4d4aa6449e6a19e9eac1028ced,stage1_verified_reuse,1.0117546364621703,252968,4152832,5437096,0,4152832,1354488,1674,,,,,,250029,4152832,5437096,0,4152832,1354488,1674,421,1642,1599888,2482686,0.39188218021277754
case_004,1,2be095fa21b5a684c0942382e4142aacda3287bbe85f3ede09ab7a5f720f5245,3e01adde3c4ad143ab3d7faabcf36d849f26b5428e7c8446a7e9f89345a55faa,stage1_verified_reuse,1.0,392357,0,792576,0,0,0,0,,,,,,392357,0,792576,0,0,0,0,0,114,0,451584,0.0
case_004,2,153efedc0481ace780237a398af087e89467a9caa35bb18429ab91d7799f258b,3e01adde3c4ad143ab3d7faabcf36d849f26b5428e7c8446a7e9f89345a55faa,stage1_verified_reuse,1.0131748538861367,216172,2909184,3701760,995328,1913856,768000,139,,,,,,213361,2909184,3701760,995328,1913856,768000,139,58,418,211968,1944576,0.09829059829059829
case_004,3,f6f1db5950bf65b3b0192fd002fe999a00e76b8035899cab3429d3ce94b09d4e,3e01adde3c4ad143ab3d7faabcf36d849f26b5428e7c8446a7e9f89345a55faa,stage1_verified_reuse,1.0,143994,2350080,3142656,2128896,221184,0,0,,,,,,143994,2350080,3142656,2128896,221184,0,0,0,354,0,1861632,0.0
case_004,4,69c434d6e8615b7209d08951fc7c987b18e03aef48b0a325161c03c2d3e3f20f,3e01adde3c4ad143ab3d7faabcf36d849f26b5428e7c8446a7e9f89345a55faa,stage1_verified_reuse,1.0170072276255913,113976,3446784,4239360,196608,3250176,1277952,222,,,,,,112070,3446784,4239360,196608,3250176,1277952,222,33,490,202752,2319360,0.08038976857490865
case_004,5,c1a364a4a28a8184781c5258eabee020929416cb0071c1e5fa284f4c30261158,3e01adde3c4ad143ab3d7faabcf36d849f26b5428e7c8446a7e9f89345a55faa,stage1_verified_reuse,1.0310652892303522,98907,4343808,5136384,73728,4270080,1643520,290,,,,,,95927,4343808,5136384,73728,4270080,1643520,290,51,569,359424,2755584,0.11538461538461539
case_005,1,211f957dba459390e4ce523f4c2fef4afd01dd3b8380d80aabdd3d6e313d3a13,c2b378c882a3039e3d66bac6cbcba39317107339b6f38d5bce1b09379839799f,stage1_verified_reuse,1.0,95618,0,333414,0,0,0,0,,,,,,95618,0,333414,0,0,0,0,0,89,0,318822,0.0
case_005,2,0bc1229d27f960c7b32b1aef068c522fe1efba4c1a8bef9db01419446685db0d,c2b378c882a3039e3d66bac6cbcba39317107339b6f38d5bce1b09379839799f,stage1_verified_reuse,1.0007265329845976,55096,900134,1233548,0,900134,396640,450,,,,,,55056,900134,1233548,0,900134,396640,450,32,540,104550,717766,0.12714090446981452
case_005,3,a61d86b6672cee10d7d998f78bb688a212b77f68a2d32b497abd6f77f5b84803,c2b378c882a3039e3d66bac6cbcba39317107339b6f38d5bce1b09379839799f,stage1_verified_reuse,1.0024297273801297,44970,1381610,1715024,0,1381610,590528,663,,,,,,44861,1381610,1715024,0,1381610,590528,663,74,735,173866,936038,0.15664958410817512
case_005,4,d67fbcb4581fb9e196d4241d4cca146a36a85b9a98b14a25f20329434c0d2049,c2b378c882a3039e3d66bac6cbcba39317107339b6f38d5bce1b09379839799f,stage1_verified_reuse,1.096143566246659,43062,1945102,2278516,0,1945102,779632,817,,,,,,39285,1945102,2278516,0,1945102,779632,817,165,850,359914,1124378,0.24248193751633776
case_005,5,3a53e350beff4e28d6500f9395f55618e923d136a1a7ed4b5d6102518772016a,c2b378c882a3039e3d66bac6cbcba39317107339b6f38d5bce1b09379839799f,stage1_verified_reuse,1.096143566246659,43062,1945102,2278516,0,1945102,779632,817,,,,,,39285,1945102,2278516,0,1945102,779632,817,165,850,359914,1124378,0.24248193751633776
case_006,1,f88394e2c9cc3a1bd23c7d4e85f870f94e95b020d1b8db96ceeeb36638bb08b9,c68392cd599b63039669ca54360ab21b514c41285151cd69180ee9be99af1a48,stage1_verified_reuse,1.0,82837,16400,559748,16400,0,0,0,,,,,,82837,16400,559748,16400,0,0,0,9,135,16384,543272,0.029275126148920052
case_006,2,d1ec5fab933db69826fe80efaed554d9f5705d63697974c3f185b60b51d25599,c68392cd599b63039669ca54360ab21b514c41285151cd69180ee9be99af1a48,stage1_verified_reuse,1.0,45613,1178898,1722246,207912,970986,347058,85,,,,,,45613,1178898,1722246,207912,970986,347058,85,35,234,288134,988646,0.2256723946177102
case_006,3,55571497af5ddcbcddcc992555b09294c046a8240c7a0c6429c38c1d2b696373,c68392cd599b63039669ca54360ab21b514c41285151cd69180ee9be99af1a48,stage1_verified_reuse,1.036608818011257,44201,1404444,1947792,0,1404444,578760,132,,,,,,42640,1404444,1947792,0,1404444,578760,132,37,263,246924,1122024,0.18037500328719572
case_006,4,71a9a99beb424ac3074da84ef28a72bb4e5ac692aa8058054010b2f7888396c6,c68392cd599b63039669ca54360ab21b514c41285151cd69180ee9be99af1a48,stage1_verified_reuse,1.036608818011257,44201,1404444,1947792,0,1404444,578760,132,,,,,,42640,1404444,1947792,0,1404444,578760,132,37,263,246924,1122024,0.18037500328719572
case_006,5,1e55583c4e6fb7bda3d84714ca3d148463dd4a0d92861f1544f6ef8d9205839c,c68392cd599b63039669ca54360ab21b514c41285151cd69180ee9be99af1a48,stage1_verified_reuse,1.0008310019113045,36131,503232,1046580,0,503232,146974,36,,,,,,36101,503232,1046580,0,503232,146974,36,25,168,199942,699580,0.22227583094132217
case_007,1,daec296d7670a2cdf14726837593f233992cb2924cc05aea99b64cd3d98ba3dc,6e786044ca1fa5d4632f8b7d03e95364da8d88f4fff5e403d3ab8153da84b518,stage1_verified_reuse,1.0,1012562,0,1732608,0,0,0,0,,,,,,1012562,0,1732608,0,0,0,0,0,558,0,880128,0.0
case_007,2,90f67faed18523511ff046a6c0e1f074c7fb4a9d6473a32e5922504dc3f9743f,6e786044ca1fa5d4632f8b7d03e95364da8d88f4fff5e403d3ab8153da84b518,stage1_verified_reuse,1.0,618914,2987520,4720128,1536000,1451520,569856,186,,,,,,618914,2987520,4720128,1536000,1451520,569856,186,53,1129,96768,2433024,0.03825136612021858
case_007,3,b507c430b3323728e254300abbf0fbde2ed7b701c82e558731a8d0e4fc09c7f4,6e786044ca1fa5d4632f8b7d03e95364da8d88f4fff5e403d3ab8153da84b518,stage1_verified_reuse,1.0,425650,3151872,4884480,743424,2408448,941568,308,,,,,,425650,3151872,4884480,743424,2408448,941568,308,159,1140,274944,2443776,0.10112994350282486
case_007,4,c860e623b3141c9ae130d4ae06902d65e5b256c7027bbbd840bef5f048fae2e7,6e786044ca1fa5d4632f8b7d03e95364da8d88f4fff5e403d3ab8153da84b518,stage1_verified_reuse,1.0,326138,3319296,5051904,215040,3104256,1208832,396,,,,,,326138,3319296,5051904,215040,3104256,1208832,396,211,1180,354816,2528256,0.12306872669152903
case_007,5,e56f9af722bd21019f1e0bbc14ffc5d17e7a81ca3500b39c0f9e11d713b066be,6e786044ca1fa5d4632f8b7d03e95364da8d88f4fff5e403d3ab8153da84b518,stage1_verified_reuse,1.0,203834,110592,1843200,0,110592,0,0,,,,,,203834,110592,1843200,0,110592,0,0,0,570,0,990720,0.0
case_008,1,9e837531d5fc299623938b51cd3f5363fd3b18cedeafa36ff575eb419ad17f94,c93bb7ab5deec5112aff0cc001fbd76d001d3de5ea7463fba59b1f1ff2ba3e1d,stage1_verified_reuse,1.0,487605,0,2654424,0,0,0,0,,,,,,487605,0,2654424,0,0,0,0,0,432,0,1990872,0.0
case_008,2,a608a302eb416e0e9ec70cd5e40f511450ba1d12b7cb727a657235a8f99eb39b,c93bb7ab5deec5112aff0cc001fbd76d001d3de5ea7463fba59b1f1ff2ba3e1d,stage1_verified_reuse,1.0,242226,0,2654424,0,0,0,0,,,,,,242226,0,2654424,0,0,0,0,0,432,0,1990872,0.0
case_008,3,8f03e3094461ad345880e1fccac2e8878c80b44e7cddd6866fa1ded1061c5a2a,c93bb7ab5deec5112aff0cc001fbd76d001d3de5ea7463fba59b1f1ff2ba3e1d,stage1_verified_reuse,1.0,163359,0,2654424,0,0,0,0,,,,,,163359,0,2654424,0,0,0,0,0,432,0,1990872,0.0
case_008,4,14ad84634feab30419611c476280076f143391b339f108cb76a0ed059cdaf841,c93bb7ab5deec5112aff0cc001fbd76d001d3de5ea7463fba59b1f1ff2ba3e1d,stage1_verified_reuse,1.0,123060,0,2654424,0,0,0,0,,,,,,123060,0,2654424,0,0,0,0,0,432,0,1990872,0.0
case_008,5,4dff37708ed84c6a0d95d05c2f0d7331dfd7c79f515ea99069e2b2a9d6670846,c93bb7ab5deec5112aff0cc001fbd76d001d3de5ea7463fba59b1f1ff2ba3e1d,stage1_verified_reuse,1.0,111071,518784,3173208,0,518784,259392,21,,,,,,111071,518784,3173208,0,518784,259392,21,0,453,0,2250264,0.0
case_009,1,3eb4d1451332199a40830977b5bfaadeb4b0199ac5531752766b9415c783fab2,06b73d07c450878db8f6dace8ed08e362b45f5dd6e06fb80b098f165190f222a,stage1_verified_reuse,1.0,153261,0,495332,0,0,0,0,,,,,,153261,0,495332,0,0,0,0,0,318,0,495194,0.0
case_009,2,fccb30475d4b7118fb81d088a61ebbb9da80c803c05c84c974f98efb169324c3,06b73d07c450878db8f6dace8ed08e362b45f5dd6e06fb80b098f165190f222a,stage1_verified_reuse,1.0,102725,100408,595740,0,100408,33308,52,,,,,,102725,100408,595740,0,100408,33308,52,8,370,33792,528502,0.060096675404681534
case_009,3,b48769c0bd5979fc9ef0b1fb9eeb0590765735daa66f250bd5b4a0f389ecf504,06b73d07c450878db8f6dace8ed08e362b45f5dd6e06fb80b098f165190f222a,stage1_verified_reuse,1.035260963203959,90370,1238032,1733364,8192,1229840,521604,670,,,,,,87292,1238032,1733364,8192,1229840,521604,670,127,959,201384,1010238,0.16621025369298345
case_009,4,157faf3b60aa3733a60ec5b0b0f981ff49baf8b21d3366188acf434d806448be,06b73d07c450878db8f6dace8ed08e362b45f5dd6e06fb80b098f165190f222a,stage1_verified_reuse,1.0335698721758078,88702,1493532,1988864,0,1493532,610056,790,,,,,,85821,1493532,1988864,0,1493532,610056,790,231,1023,317708,1060962,0.23044528422320062
case_009,5,d17c97604e22879e282ab592861438fb9bb96680fc3fcc0fba204e1dbe15b1ec,06b73d07c450878db8f6dace8ed08e362b45f5dd6e06fb80b098f165190f222a,stage1_verified_reuse,1.03264864599083,84007,1602452,2097784,0,1602452,681666,817,,,,,,81351,1602452,2097784,0,1602452,681666,817,241,1041,267824,1148156,0.18914391446206869
case_010,1,04cf08aa1e3b9223bb51277aea1d2486a7135d2448de77afd4863cc503d17534,fd0b07588473d8b2ce05fab4798808cbc7f60cf1638e05608adc3d62061b8775,stage1_verified_reuse,1.0,86969,0,384150,0,0,0,0,,,,,,86969,0,384150,0,0,0,0,0,93,0,384078,0.0
case_010,2,ff76d91104368310513a26a51f51b50b402b1a2cb6a46528ba726ec247e53984,fd0b07588473d8b2ce05fab4798808cbc7f60cf1638e05608adc3d62061b8775,stage1_verified_reuse,1.0,53794,923272,1307422,98688,824584,390788,90,,,,,,53794,923272,1307422,98688,824584,390788,90,18,199,47104,822162,0.05418824617550899
case_010,3,098328bf45e6bb5bdf37eedd97aedad14be1b7ded4c8cc84a0647123172b252f,fd0b07588473d8b2ce05fab4798808cbc7f60cf1638e05608adc3d62061b8775,stage1_verified_reuse,1.0175417015204449,41359,1418344,1802494,0,1418344,554964,125,,,,,,40646,1418344,1802494,0,1418344,554964,125,59,218,308416,939042,0.2472355782719739
case_010,4,bc4d5fdfe936d1ee14567fa5bb6fe7682c05e04897164b6ac44f63a4dffefb16,fd0b07588473d8b2ce05fab4798808cbc7f60cf1638e05608adc3d62061b8775,stage1_verified_reuse,1.0,38905,489772,873922,0,489772,95766,34,,,,,,38905,489772,873922,0,489772,95766,34,32,128,289024,489060,0.3714560381655451
case_010,5,9a9a8b3f762c7c62c29baa236d379048646057a9703369acd00e52f93b0750e3,fd0b07588473d8b2ce05fab4798808cbc7f60cf1638e05608adc3d62061b8775,stage1_verified_reuse,1.0,37143,548260,932410,0,548260,125394,38,,,,,,37143,548260,932410,0,548260,125394,38,34,136,244224,562720,0.3026529722012928
case_011,1,938fe72d4f151dd8a5f60e6b9fc9fd81bc6e81b270b6fed741da49cc97d4c51e,2da7df4ccc8a4eb86347f0a567aacac628e7d30ab943cd99996f2c74620d80b9,stage1_verified_reuse,1.0,184697,0,606208,0,0,0,0,,,,,,184697,0,606208,0,0,0,0,0,176,0,540672,0.0
case_011,2,5ca9f12cbb2cce513d308952f22cd742ec739de698cf143976c1f39aa474527d,2da7df4ccc8a4eb86347f0a567aacac628e7d30ab943cd99996f2c74620d80b9,stage1_verified_reuse,1.0,92646,180224,786432,0,180224,0,0,,,,,,92646,180224,786432,0,180224,0,0,0,264,0,720896,0.0
case_011,3,444caaab3114d294b120b12e893ec9e3e5e33b9eafd2bb2cf15b4f1a0ae0b4fc,2da7df4ccc8a4eb86347f0a567aacac628e7d30ab943cd99996f2c74620d80b9,stage1_verified_reuse,1.0,79286,1916928,2523136,0,1916928,958464,234,,,,,,79286,1916928,2523136,0,1916928,958464,234,0,410,0,1499136,0.0
case_011,4,7fea61be73220783c354d517dc4fa5b77afdbc966e7685dd65ce1308bafe8c12,2da7df4ccc8a4eb86347f0a567aacac628e7d30ab943cd99996f2c74620d80b9,stage1_verified_reuse,1.0,46880,540672,1146880,0,540672,0,0,,,,,,46880,540672,1146880,0,540672,0,0,0,440,0,1081344,0.0
case_011,5,c3a4ee85259fb48f56373ec35c1c34e96516f112ac355aebabfb3bd2f4c3ae8c,2da7df4ccc8a4eb86347f0a567aacac628e7d30ab943cd99996f2c74620d80b9,stage1_verified_reuse,1.0,46880,540672,1146880,0,540672,0,0,,,,,,46880,540672,1146880,0,540672,0,0,0,440,0,1081344,0.0
case_012,1,b1e544818b255ab54c5868e649c86d35f523cf071e352e0a343d241a43bb9976,1a07d3a4c6d1305bec2fbdc4d106fb5c0078ec098cbf09e1b8eaa5134968e079,stage1_verified_reuse,1.0,59088,0,554898,0,0,0,0,,,,,,59088,0,554898,0,0,0,0,0,251,0,484096,0.0
case_012,2,84b6f4ff122e20b8c1f78d95aeaa9d08541b7494e3bb7fe5e86e5d05181215fe,1a07d3a4c6d1305bec2fbdc4d106fb5c0078ec098cbf09e1b8eaa5134968e079,stage1_verified_reuse,1.0446741627372749,34562,822062,1376960,0,822062,327538,297,,,,,,33084,822062,1376960,0,822062,327538,297,49,548,166986,811634,0.1706341583045513
case_012,3,bd40553e7cba262504376b23f04f24cf7c4fc8073a5dc55511896b5ee7a180a4,1a07d3a4c6d1305bec2fbdc4d106fb5c0078ec098cbf09e1b8eaa5134968e079,stage1_verified_reuse,1.0764921530666887,26134,713818,1268716,0,713818,282858,226,,,,,,24277,713818,1268716,0,713818,282858,226,47,477,148102,766954,0.1618502037033799
case_012,4,1d1afa84bee9077d76bde51a0b7ea7f3417ebd84a03a2f5ef6eb8094b8ade552,1a07d3a4c6d1305bec2fbdc4d106fb5c0078ec098cbf09e1b8eaa5134968e079,stage1_verified_reuse,1.0002863337014767,24454,163180,718078,0,163180,53652,38,,,,,,24447,163180,718078,0,163180,53652,38,27,289,55876,537748,0.0941269220920987
case_012,5,f55117e9bbef3cf58fa2df3d254c21ced75ab6a61c2c95c661af717d63175303,1a07d3a4c6d1305bec2fbdc4d106fb5c0078ec098cbf09e1b8eaa5134968e079,stage1_verified_reuse,1.0002863337014767,24454,163180,718078,0,163180,53652,38,,,,,,24447,163180,718078,0,163180,53652,38,27,289,55876,537748,0.0941269220920987
case_013,1,98a0668cad932fa3f39cf3e83cffe8c6d06e58eac83dfdc2a7e398400296a4d8,b95d97cf90bdd0fe64a0fd1ecd5a36a7b091ecadef204ef8c6ae430f6ccfac3c,stage1_verified_reuse,1.0,263949,0,2527232,0,0,0,0,,,,,,263949,0,2527232,0,0,0,0,0,988,0,2023424,0.0
case_013,2,5dfdc691de0e0e53e38ac4466f56fd554ef95a565cdc48b85909007fa6a131d8,b95d97cf90bdd0fe64a0fd1ecd5a36a7b091ecadef204ef8c6ae430f6ccfac3c,stage1_verified_reuse,1.0,165065,40960,2568192,0,40960,16384,8,,,,,,165065,40960,2568192,0,40960,16384,8,0,1000,0,2048000,0.0
case_013,3,599b8f0dd860297b60ccd13cb38de35ddcc0c894b049b1476cc1803dc20bb2a6,b95d97cf90bdd0fe64a0fd1ecd5a36a7b091ecadef204ef8c6ae430f6ccfac3c,stage1_verified_reuse,1.0008852730899394,89317,53248,2580480,0,53248,18432,9,,,,,,89238,53248,2580480,0,53248,18432,9,6,999,12288,2045952,0.005970149253731343
case_013,4,c9d7ef4191c852f9a0f449ca02122f268a95a282617d11b77e0ae91d5ca376f5,b95d97cf90bdd0fe64a0fd1ecd5a36a7b091ecadef204ef8c6ae430f6ccfac3c,stage1_verified_reuse,1.0,83671,143360,2670592,0,143360,59392,29,,,,,,83671,143360,2670592,0,143360,59392,29,0,1029,0,2107392,0.0
case_013,5,a27a7f9ff04b306fa25c53bab995d0eca4d3b801c03bbdf95611a51eca5d7d77,b95d97cf90bdd0fe64a0fd1ecd5a36a7b091ecadef204ef8c6ae430f6ccfac3c,stage1_verified_reuse,1.00430149428216,67008,188416,2715648,0,188416,77824,38,,,,,,66721,188416,2715648,0,188416,77824,38,11,1031,22528,2111488,0.01055662188099808
case_014,1,c623ac4e30dda9460f0d4aae5e350a7afd8481b58e14bd20816733a7f1450e54,e27abb053ac57786e510ba80e60a6ec60a8b0df11b2a818010a1df17c29d94dd,stage1_verified_reuse,1.0005101301883446,17698626,71010720,80943460,71010720,0,0,0,,,,,,17689602,71010720,80943460,71010720,0,0,0,1801,11987,9944064,70961016,0.12291025483195864
case_014,2,6fcc4879f589807dd396932441e710a410abea907287727fedfc288db370e797,e27abb053ac57786e510ba80e60a6ec60a8b0df11b2a818010a1df17c29d94dd,stage1_verified_reuse,1.0017827227553213,11605741,271040064,280972804,147495792,123544272,60725760,10604,,,,,,11585088,271040064,280972804,147495792,123544272,60725760,10604,411,25592,2857824,153174456,0.018315594696174407
case_014,3,c8890b1e96c73caf327997b56e85d96db64d95ce31a678a33778aa8fc27678b7,e27abb053ac57786e510ba80e60a6ec60a8b0df11b2a818010a1df17c29d94dd,stage1_verified_reuse,1.0023000252868277,8569571,266112576,276045316,89363616,176748960,86281728,15141,,,,,,8549906,266112576,276045316,89363616,176748960,86281728,15141,74,24677,1814976,150098904,0.011947400724673743
case_014,4,f31214d69936466e12c750db21d4f59d73f21174abfcc3b24cbb45b7bbe2ae60,e27abb053ac57786e510ba80e60a6ec60a8b0df11b2a818010a1df17c29d94dd,stage1_verified_reuse,1.001166829647393,7306925,260873880,270806620,70573608,190300272,92011008,16122,,,,,,7298409,260873880,270806620,70573608,190300272,92011008,16122,141,24352,944832,147129648,0.00638078891109393
case_014,5,9e1b9ab268fcdb4a5d254ec68325d403408ffdf9320d7af0140f6d72c447796d,e27abb053ac57786e510ba80e60a6ec60a8b0df11b2a818010a1df17c29d94dd,stage1_verified_reuse,1.001173505094973,6514638,258576288,268509028,46509600,212066688,102893568,18040,,,,,,6507002,258576288,268509028,46509600,212066688,102893568,18040,35,23727,595728,145124328,0.004088167520330901
case_015,1,192472c06a1727349dfc6dd1658dac61ace67d2c8749562f39e0d37b55dbf02c,d27dfc39289fa442f29f597191ab6b05142ce6ad68b4396056b2adccb9c93253,stage1_verified_reuse,1.0,177362,180256,1064870,180256,0,0,0,,,,,,177362,180256,1064870,180256,0,0,0,22,219,180224,884498,0.1692685978123867
case_015,2,fd24b601c215f73e33a922f63ebc8733fe9a149eb174c5f5cd4e6d94610c2b20,d27dfc39289fa442f29f597191ab6b05142ce6ad68b4396056b2adccb9c93253,stage1_verified_reuse,1.0289843649941381,104445,2119358,3003972,786604,1332754,480516,154,,,,,,101503,2119358,3003972,786604,1332754,480516,154,51,422,404490,1741916,0.18844990183590615
case_015,3,c7ce257b9d4395e05f38bec4410e56bf2431e02615e755446622b82c44947206,d27dfc39289fa442f29f597191ab6b05142ce6ad68b4396056b2adccb9c93253,stage1_verified_reuse,1.0533059455668141,84097,2193056,3077670,375598,1817458,682834,200,,,,,,79841,2193056,3077670,375598,1817458,682834,200,64,448,459984,1828842,0.20096940527589252
case_015,4,54d16cd6bf6b7bb30607e97df30c3a5318c11e5c3ef74e519e490f88130c0b6a,d27dfc39289fa442f29f597191ab6b05142ce6ad68b4396056b2adccb9c93253,stage1_verified_reuse,1.0476071862253635,67292,2446438,3331052,16396,2430042,885702,229,,,,,,64234,2446438,3331052,16396,2430042,885702,229,28,497,206864,2230156,0.08488399766928462
case_015,5,dacb8b26e91c812962c692df154d67b81293286e6fa096748330d6fa591ac0c4,d27dfc39289fa442f29f597191ab6b05142ce6ad68b4396056b2adccb9c93253,stage1_verified_reuse,1.1217067682187987,64801,2420572,3305186,81920,2338652,835400,234,,,,,,57770,2420572,3305186,81920,2338652,835400,234,54,462,549068,1879626,0.22607541337031342
case_016,1,19d365422ae9ccef1999767d13ce89179d5ab1c75a35ee55f2d898297a4e7d23,76537aa7163cf0748adcff2ecbd84fbc9a02a2d129ffcecd2bfebb89685e71ef,stage1_verified_reuse,1.0,7715523,0,393218,0,0,0,0,,,,,,7715523,0,393218,0,0,0,0,0,12,0,393216,0.0
case_016,2,b55c744114415dff6852866d041da3f439fa36550d735c5787a02f3e8122947d,76537aa7163cf0748adcff2ecbd84fbc9a02a2d129ffcecd2bfebb89685e71ef,stage1_verified_reuse,1.0,7715523,0,393218,0,0,0,0,,,,,,7715523,0,393218,0,0,0,0,0,12,0,393216,0.0
case_016,3,d621805a2401ba70420001dd02676f36d610545cb2aed1f512ed1df122f12059,76537aa7163cf0748adcff2ecbd84fbc9a02a2d129ffcecd2bfebb89685e71ef,stage1_verified_reuse,1.0,7715523,0,393218,0,0,0,0,,,,,,7715523,0,393218,0,0,0,0,0,12,0,393216,0.0
case_016,4,79eea49e61dcfb92d9a1274f3c0c0e73b7d460de5a594a6954a885dd67426284,76537aa7163cf0748adcff2ecbd84fbc9a02a2d129ffcecd2bfebb89685e71ef,stage1_verified_reuse,1.0,7715523,0,393218,0,0,0,0,,,,,,7715523,0,393218,0,0,0,0,0,12,0,393216,0.0
case_016,5,793e41a521e93389af87b2734a3b39f43d9976d50792c51d9bf0ddcb6aae15ed,76537aa7163cf0748adcff2ecbd84fbc9a02a2d129ffcecd2bfebb89685e71ef,stage1_verified_reuse,1.0,7715523,0,393218,0,0,0,0,,,,,,7715523,0,393218,0,0,0,0,0,12,0,393216,0.0
case_017,1,11a9cba3896d9529e81ee2fbba62f805bc189c615225dbff3efd738ec6cdd340,282c5840d8e8581fb7827a6d4c996f90384bdfe566ffa665574721568b9dc85c,stage1_verified_reuse,1.0,162810,22528,666390,22528,0,0,0,,,,,,162810,22528,666390,22528,0,0,0,11,257,22528,535118,0.040398388942088706
case_017,2,fa8504395264d2a9c9ad371718e771a3c339df9367e0795e0e4404f7b6e9e258,282c5840d8e8581fb7827a6d4c996f90384bdfe566ffa665574721568b9dc85c,stage1_verified_reuse,1.0105881131705516,87619,1067284,1711146,43036,1024248,383868,196,,,,,,86701,1067284,1711146,43036,1024248,383868,196,106,467,270848,933336,0.2249224371026355
case_017,3,3519dfe0df3d069a14090dc25ea3898e18d95e3383ba685efe7b31dc115d6085,282c5840d8e8581fb7827a6d4c996f90384bdfe566ffa665574721568b9dc85c,stage1_verified_reuse,1.0125410146390712,64187,1392040,2035902,94264,1297776,501176,276,,,,,,63392,1392040,2035902,94264,1297776,501176,276,97,571,290816,1088034,0.21091199187728904
case_017,4,89c1f05d18bdf8374fdb00b5c15ec2ede51a672119cb1078df94f400ffa74cdd,282c5840d8e8581fb7827a6d4c996f90384bdfe566ffa665574721568b9dc85c,stage1_verified_reuse,1.0367943803718276,61400,1489064,2132926,0,1489064,590676,325,,,,,,59221,1489064,2132926,0,1489064,590676,325,96,582,307712,1125794,0.21465693202539787
case_017,5,1b6467db0947d3b62d367efe6ee475cb6355e57324f1fc6272f7ef94d7eab662,282c5840d8e8581fb7827a6d4c996f90384bdfe566ffa665574721568b9dc85c,stage1_verified_reuse,1.0,60625,403724,1047586,47116,356608,93184,12,,,,,,60625,403724,1047586,47116,356608,93184,12,32,281,84228,756306,0.10020772508905053
case_018,1,890ceb0b49b4b6001da4358bccb39342fc92672fd85ec2418c40c0c47eea5675,70cf2a124573fe0ccad84b16d902efe7e28938761db791d2f4321ab2e98f0c0a,stage1_verified_reuse,1.0012531028501361,1004367,1970176,3563024,1970176,0,0,0,,,,,,1003110,1970176,3563024,1970176,0,0,0,225,549,1224704,2338068,0.34375031576536474
case_018,2,274c31977d6b7eb3194fe976e764dbeb68d8d13ee86f56fc3f6cd3e6dc3ef1b9,70cf2a124573fe0ccad84b16d902efe7e28938761db791d2f4321ab2e98f0c0a,stage1_verified_reuse,1.0002488104287603,582918,7888080,9480928,2981120,4906960,2428392,651,,,,,,582773,7888080,9480928,2981120,4906960,2428392,651,2,1482,16384,5545340,0.002945849164755389
case_018,3,51d4228bf793e75faf91419983d27f24cadd3b50d67785bd2a73b008da7f304d,70cf2a124573fe0ccad84b16d902efe7e28938761db791d2f4321ab2e98f0c0a,stage1_verified_reuse,1.0,419178,7371192,8964040,671744,6699448,3315932,905,,,,,,419178,7371192,8964040,671744,6699448,3315932,905,3,1428,24576,5287408,0.004626519959397468
case_018,4,4ce7a85ccd2eaefaae5e53450f53a4504bc25962e66dd3c508451afc52707fec,70cf2a124573fe0ccad84b16d902efe7e28938761db791d2f4321ab2e98f0c0a,stage1_verified_reuse,1.000767793910363,349320,7117472,8710320,0,7117472,3521872,956,,,,,,349052,7117472,8710320,0,7117472,3521872,956,4,1393,32768,5155428,0.0063158754989210125
case_018,5,d1e976e3ef3d42a6e4955829aeda3cdf987deb1f3156597f258e7f56337df76c,70cf2a124573fe0ccad84b16d902efe7e28938761db791d2f4321ab2e98f0c0a,stage1_verified_reuse,1.001436525495706,286518,7652228,9245076,0,7652228,3792322,1024,,,,,,286107,7652228,9245076,0,7652228,3792322,1024,3,1465,24576,5427926,0.004507288580545225
case_019,1,6edfe829f9c086542ff575000b32c8fd979560192429da428b1387bc6d93cca7,199ccf5f40c65b63ef88efcf05a0ccbf6b9368963d7a62cabd240d7b98847429,stage1_verified_reuse,1.0,81144,0,186984,0,0,0,0,,,,,,81144,0,186984,0,0,0,0,0,88,0,179252,0.0
case_019,2,09ff006bf5fd74269d93d86452d5f490b8866870205a7b64f7da9990cfd1e856,199ccf5f40c65b63ef88efcf05a0ccbf6b9368963d7a62cabd240d7b98847429,stage1_verified_reuse,1.0,41969,451616,638600,0,451616,195072,67,,,,,,41969,451616,638600,0,451616,195072,67,28,156,58880,376916,0.13510908773829958
case_019,3,db9a8cf869f5a267be3ee310fb19b5e8d236ebfdc9144f3289f5126910859163,199ccf5f40c65b63ef88efcf05a0ccbf6b9368963d7a62cabd240d7b98847429,stage1_verified_reuse,1.003482077542063,34294,722508,909492,0,722508,305670,104,,,,,,34175,722508,909492,0,722508,305670,104,46,192,111168,484922,0.1864953278867285
case_019,4,15d106e158b22ecd3efe5c1c2602779fc6d9fc98637092ede2c484bdf16eb114,199ccf5f40c65b63ef88efcf05a0ccbf6b9368963d7a62cabd240d7b98847429,stage1_verified_reuse,1.0,25339,177208,364192,0,177208,58380,22,,,,,,25339,177208,364192,0,177208,58380,22,16,111,52256,245824,0.17530864197530865
case_019,5,e170df954a7375cfb83666e48472d0196d639eb2d611d907c64f14ff748d0b2b,199ccf5f40c65b63ef88efcf05a0ccbf6b9368963d7a62cabd240d7b98847429,stage1_verified_reuse,1.0,22886,212240,399224,0,212240,83976,30,,,,,,22886,212240,399224,0,212240,83976,30,16,118,44288,263228,0.14401852261345752
case_020,1,bbd6b9684fa70e119fd0e3f4f7d4a94282385196530028c52aa36ef7ca17c648,932287c2c204e475df824a3914b7b179226625caf37ae288bac90716ffe16ec4,stage1_verified_reuse,1.0,532746,0,2359296,0,0,0,0,,,,,,532746,0,2359296,0,0,0,0,0,288,0,1179648,0.0
case_020,2,7fe90a407b60b73b158647bd676f7085a9ef2ff0ee43950aa8166eec24911a49,932287c2c204e475df824a3914b7b179226625caf37ae288bac90716ffe16ec4,stage1_verified_reuse,1.0,266580,0,2359296,0,0,0,0,,,,,,266580,0,2359296,0,0,0,0,0,288,0,1179648,0.0
case_020,3,f7e9e2943f31131516ed74de98bb1cd05f6d746a412bd2a20ecc8e5b71378ae8,932287c2c204e475df824a3914b7b179226625caf37ae288bac90716ffe16ec4,stage1_verified_reuse,1.0,177950,0,2359296,0,0,0,0,,,,,,177950,0,2359296,0,0,0,0,0,288,0,1179648,0.0
case_020,4,ae42d840608e31567d96f4f5ad92cd0dceb32609e97625b84d95c9ac163ada01,932287c2c204e475df824a3914b7b179226625caf37ae288bac90716ffe16ec4,stage1_verified_reuse,1.0,133704,0,2359296,0,0,0,0,,,,,,133704,0,2359296,0,0,0,0,0,288,0,1179648,0.0
case_020,5,07387acb8285e53d1eafc149cde8e60e606474d2842a892766e01417db5e2510,932287c2c204e475df824a3914b7b179226625caf37ae288bac90716ffe16ec4,stage1_verified_reuse,1.0,133566,466944,2826240,0,466944,204800,50,,,,,,133566,466944,2826240,0,466944,204800,50,14,338,57344,1384448,0.03977272727272727
case_021,1,f348d8199a95196945fe11a61f21e5764ab4819e1e2976958b4ced376a8e9830,d1b1b8a543eab9b359421f0d67baaee43f2890b2562bf2bfa1dfeb5fa5f87b37,stage1_verified_reuse,1.0013874410966457,6567937,4501504,7839744,4501504,0,0,0,,,,,,6558837,4501504,7839744,4501504,0,0,0,838,711,3432448,3424256,0.5005973715651135
case_021,2,726787668fed95a619a7a74ddbfa8a8bd6531a1fb03d801558c71dd96421fd2c,d1b1b8a543eab9b359421f0d67baaee43f2890b2562bf2bfa1dfeb5fa5f87b37,stage1_verified_reuse,1.0005165327830288,3215396,5017600,8355840,3276800,1740800,0,0,,,,,,3213736,5017600,8355840,3276800,1740800,0,0,759,841,3379200,3993600,0.4583333333333333
case_021,3,17b53882f27237c5f0c58553a8637d2c1fb12b54684f1982af6b489d69e57896,d1b1b8a543eab9b359421f0d67baaee43f2890b2562bf2bfa1dfeb5fa5f87b37,stage1_verified_reuse,1.0,2784961,65814528,69152768,29122560,36691968,18345984,1493,,,,,,2784961,65814528,69152768,29122560,36691968,18345984,1493,0,3128,0,35262464,0.0
case_021,4,86784ee1d8bfdff132b7542730007dab8e150b5aa259cc07832574b6f164750c,d1b1b8a543eab9b359421f0d67baaee43f2890b2562bf2bfa1dfeb5fa5f87b37,stage1_verified_reuse,1.0024656913683767,1588859,6635520,9973760,2027520,4608000,0,0,,,,,,1584951,6635520,9973760,2027520,4608000,0,0,940,955,4392960,4597760,0.4886104783599089
case_021,5,3e9a04b5d345dbfd1b91e2afab02074bbff2b94469984ebd8a9e4bd72c76b833,d1b1b8a543eab9b359421f0d67baaee43f2890b2562bf2bfa1dfeb5fa5f87b37,stage1_verified_reuse,1.0,1271102,6840320,10178560,2027520,4812800,0,0,,,,,,1271102,6840320,10178560,2027520,4812800,0,0,190,1805,829440,8366080,0.09020044543429843
case_022,1,bdc9c153727b9f7ea40409a9ffa15959f9bc5fe680e565eb6da09692918d3411,b93af0605cda612b707a91a1e9fc76348b527284a03e779b65cbe55813e331e7,stage1_verified_reuse,1.0,56780,0,213686,0,0,0,0,,,,,,56780,0,213686,0,0,0,0,0,138,0,213540,0.0
case_022,2,a67eaa0b1b0f41939aa67cd5821a444128f623f08262e46c659029849df7fb08,b93af0605cda612b707a91a1e9fc76348b527284a03e779b65cbe55813e331e7,stage1_verified_reuse,1.004702302745315,29058,693464,907150,8192,685272,296044,137,,,,,,28922,693464,907150,8192,685272,296044,137,39,278,93184,513680,0.1535500540483535
case_022,3,1701b6521e7c2600f2fb303a6adf693af36e481524413c995f64e9fe4e1abbf1,b93af0605cda612b707a91a1e9fc76348b527284a03e779b65cbe55813e331e7,stage1_verified_reuse,1.098820419950076,22450,893256,1106942,0,893256,377124,234,,,,,,20431,893256,1106942,0,893256,377124,234,79,372,139008,590664,0.19050751570568694
case_022,4,eb53adb601a80c0e97e694390d8894e08c790d7e745d19b315b5d55ffbebfa4d,b93af0605cda612b707a91a1e9fc76348b527284a03e779b65cbe55813e331e7,stage1_verified_reuse,1.1348605784181611,21896,931884,1145570,0,931884,391318,222,,,,,,19294,931884,1145570,0,931884,391318,222,75,360,149248,604858,0.19791382113389894
case_022,5,a0c6cafcad10da8832b6aafdf709ae9eb1c62434a84304cb3f6db8e732d7d0a5,b93af0605cda612b707a91a1e9fc76348b527284a03e779b65cbe55813e331e7,stage1_verified_reuse,1.1621606948968513,21407,989652,1203338,0,989652,408810,209,,,,,,18420,989652,1203338,0,989652,408810,209,87,347,172032,622350,0.2165607982053974
case_023,1,aa6e813822e96d6a1e60ea550fc498a806911951f3abc724b7d89438f2f8be11,73e1a5d3abe5f7b36fb7a386d586e8ed492f7fae5e7a736c475b629ab6e12739,stage1_verified_reuse,1.0,122614,0,443444,0,0,0,0,,,,,,122614,0,443444,0,0,0,0,0,134,0,434122,0.0
case_023,2,accf6bad6eb903c3f64dba6c8ffd194be036bd5b7a5a10505f0bc36df006c32b,73e1a5d3abe5f7b36fb7a386d586e8ed492f7fae5e7a736c475b629ab6e12739,stage1_verified_reuse,1.0,57858,1109964,1553408,0,1109964,518886,169,,,,,,57858,1109964,1553408,0,1109964,518886,169,27,303,72192,953008,0.07041747951619197
case_023,3,df50fd0006d6efc582517bcf19729087281a58291c8b69eb9aa7fe6a3ad4885c,73e1a5d3abe5f7b36fb7a386d586e8ed492f7fae5e7a736c475b629ab6e12739,stage1_verified_reuse,1.0018904570762657,38688,1128212,1571656,0,1128212,516106,164,,,,,,38615,1128212,1571656,0,1128212,516106,164,31,300,92928,953300,0.08882193938606116
case_023,4,26ce634626b0117ebdb18f7ca7259b3979ac2393eb30e76dadb26b2a4b7884ae,73e1a5d3abe5f7b36fb7a386d586e8ed492f7fae5e7a736c475b629ab6e12739,stage1_verified_reuse,1.0737745502558178,32530,1233352,1676796,0,1233352,499812,178,,,,,,30295,1233352,1676796,0,1233352,499812,178,70,315,189696,977966,0.1624579715705401
case_023,5,20b01486fc5696826c92713a87c040f3c4d05ab389207a23429522978fcc7502,73e1a5d3abe5f7b36fb7a386d586e8ed492f7fae5e7a736c475b629ab6e12739,stage1_verified_reuse,1.0737745502558178,32530,1233352,1676796,0,1233352,499812,178,,,,,,30295,1233352,1676796,0,1233352,499812,178,70,315,189696,977966,0.1624579715705401
case_024,1,3f6ba4b0f374750256c442f6bff12ee90e8c8c76c00655298e84b9a94fbfee98,f974fbf1a23b4a145b5f8c9c691eb1b247f93d8785d98bb46a9cdd8626399aec,stage1_verified_reuse,1.0,2555343,0,393218,0,0,0,0,,,,,,2555343,0,393218,0,0,0,0,0,12,0,393216,0.0
case_024,2,7575ea468b2b1b95503e973398a82e06775b29fc6c7fe982dcb65169902b81f8,f974fbf1a23b4a145b5f8c9c691eb1b247f93d8785d98bb46a9cdd8626399aec,stage1_verified_reuse,1.0,2555343,0,393218,0,0,0,0,,,,,,2555343,0,393218,0,0,0,0,0,12,0,393216,0.0
case_024,3,a4c60b29ca4fa882988fcd0c25a2ea4141ac5009962d58baf54bf79a190a46d6,f974fbf1a23b4a145b5f8c9c691eb1b247f93d8785d98bb46a9cdd8626399aec,stage1_verified_reuse,1.0,2555343,0,393218,0,0,0,0,,,,,,2555343,0,393218,0,0,0,0,0,12,0,393216,0.0
case_024,4,1516a8076ea383054198d2b974151207227c6716b693193b6b8cdfd9f40ff5e0,f974fbf1a23b4a145b5f8c9c691eb1b247f93d8785d98bb46a9cdd8626399aec,stage1_verified_reuse,1.0,2555343,0,393218,0,0,0,0,,,,,,2555343,0,393218,0,0,0,0,0,12,0,393216,0.0
case_024,5,5a416d7a43b6f6e573ee8f48545355e85f6d14bf18e13f549525b06f90123ebc,f974fbf1a23b4a145b5f8c9c691eb1b247f93d8785d98bb46a9cdd8626399aec,stage1_verified_reuse,1.0,2555343,0,393218,0,0,0,0,,,,,,2555343,0,393218,0,0,0,0,0,12,0,393216,0.0
case_025,1,866297d2cabe14158ebe6e57cc86e522d8f888041f24e5804988ac43e71152bd,f27ba0f332109eb62541879ddbc9c9d283531c191afdd7299a365134af3e0deb,stage1_verified_reuse,1.0,4863026,0,8217600,0,0,0,0,,,,,,4863026,0,8217600,0,0,0,0,0,2669,0,4122624,0.0
case_025,2,7b77196c53149c7d50ac2dfbed30f85b6dca4a66ea055e5834969aedd2b3e521,f27ba0f332109eb62541879ddbc9c9d283531c191afdd7299a365134af3e0deb,stage1_verified_reuse,1.0,2972392,18301440,26519040,11410944,6890496,2744832,894,,,,,,2972392,18301440,26519040,11410944,6890496,2744832,894,10,6912,15360,14582784,0.0010521885521885522
case_025,3,f2c16ec8dd40187f4ae4eac0d4e1b37f37258368e3054eca18e1c200911bf8d3,f27ba0f332109eb62541879ddbc9c9d283531c191afdd7299a365134af3e0deb,stage1_verified_reuse,1.0,2049989,18369024,26586624,10025472,8343552,3317760,1081,,,,,,2049989,18369024,26586624,10025472,8343552,3317760,1081,0,6938,0,14651904,0.0
case_025,4,5b055a2b43cfc60c1538eefbdd859aa3b9b75b7fd9501cf3937014bb68cc0e16,f27ba0f332109eb62541879ddbc9c9d283531c191afdd7299a365134af3e0deb,stage1_verified_reuse,1.0,1560638,18659328,26876928,2912256,15747072,6266880,2042,,,,,,1560638,18659328,26876928,2912256,15747072,6266880,2042,53,7179,112128,14946816,0.0074459404324765405
case_025,5,02bda3afc8ca92da3acec269f780bf26666cb510dc11ca40237abfafe72901b1,f27ba0f332109eb62541879ddbc9c9d283531c191afdd7299a365134af3e0deb,stage1_verified_reuse,1.0,975534,264192,8481792,0,264192,67584,22,,,,,,975534,264192,8481792,0,264192,67584,22,5,2710,7680,4311552,0.0017780938833570413
case_026,1,72df6606789136b3baf9eec24a43a369cf39c1f1f97d61801ffdf8d829ab4062,0ed6209c59170dc0da94703702b17402cee14c1a61624e666ed8938637b6765b,stage1_verified_reuse,1.0,99203,0,528854,0,0,0,0,,,,,,99203,0,528854,0,0,0,0,0,102,0,488886,0.0
case_026,2,5c68e0680b202cd26c31715c68276cf458c40b811950d0e568e12ac7876c3bfe,0ed6209c59170dc0da94703702b17402cee14c1a61624e666ed8938637b6765b,stage1_verified_reuse,1.0,64737,1162372,1691226,218624,943748,317186,59,,,,,,64737,1162372,1691226,218624,943748,317186,59,39,170,358528,890808,0.2869748410355581
case_026,3,2d3b3a1f542d5c293babf86ed05d6f9176d2d110c177025abb0ae34b515aa8b6,0ed6209c59170dc0da94703702b17402cee14c1a61624e666ed8938637b6765b,stage1_verified_reuse,1.0261760242792108,54100,1137420,1666274,98304,1039116,360198,79,,,,,,52720,1137420,1666274,98304,1039116,360198,79,39,186,292096,924860,0.24002182494683455
case_026,4,724c0e32e011a58ac8edad9aa9b61e7aff589e387d05dd67bc8edb543dae0dad,0ed6209c59170dc0da94703702b17402cee14c1a61624e666ed8938637b6765b,stage1_verified_reuse,1.0261760242792108,54100,1137420,1666274,98304,1039116,360198,79,,,,,,52720,1137420,1666274,98304,1039116,360198,79,39,186,292096,924860,0.24002182494683455
case_026,5,f3f8f720c635b421d1578d3a48a180a1a7cec8298793f305eaa97041929d05f0,0ed6209c59170dc0da94703702b17402cee14c1a61624e666ed8938637b6765b,stage1_verified_reuse,1.0261760242792108,54100,1137420,1666274,98304,1039116,360198,79,,,,,,52720,1137420,1666274,98304,1039116,360198,79,39,186,292096,924860,0.24002182494683455
case_027,1,795174b3004f23842aeac7961da65580892080295f6415d4f180741be99b0bec,74ff3486f7a3fd5561250ac336ed57e02a998f4f34d3be742e9f3dceb98d402b,stage1_verified_reuse,1.0018804711985303,2363952,1400832,3440640,1400832,0,0,0,,,,,,2359515,1400832,3440640,1400832,0,0,0,213,489,872448,2371584,0.2689393939393939
case_027,2,c0791d300d0dcb880ea17e8b967a295ea730add0bc932972221985d6bbb687a6,74ff3486f7a3fd5561250ac336ed57e02a998f4f34d3be742e9f3dceb98d402b,stage1_verified_reuse,1.0,1120962,1744896,3784704,638976,1105920,0,0,,,,,,1120962,1744896,3784704,638976,1105920,0,0,78,618,319488,3268608,0.08904109589041095
case_027,3,1dbef9609aa80ac72108e3a5bbf73bda929669ce8aa965b62a469424d7afc7fe,74ff3486f7a3fd5561250ac336ed57e02a998f4f34d3be742e9f3dceb98d402b,stage1_verified_reuse,1.0,744579,3883008,5922816,0,3883008,98304,8,,,,,,744579,3883008,5922816,0,3883008,98304,8,433,655,2115584,3512320,0.37590975254730713
case_027,4,8c404abe83e94c1b7508f9d1b384d41ff5790821af6858e42abeb6908c104db5,74ff3486f7a3fd5561250ac336ed57e02a998f4f34d3be742e9f3dceb98d402b,stage1_verified_reuse,1.0,559196,3317760,5357568,0,3317760,0,0,,,,,,559196,3317760,5357568,0,3317760,0,0,0,900,0,5160960,0.0
case_027,5,d35f3c868d43055cb1cdbfb885acd44622935ad4bd248a12efd53de24efcaafa,74ff3486f7a3fd5561250ac336ed57e02a998f4f34d3be742e9f3dceb98d402b,stage1_verified_reuse,1.0,559196,3317760,5357568,0,3317760,0,0,,,,,,559196,3317760,5357568,0,3317760,0,0,0,900,0,5160960,0.0
case_028,1,d987ac1dfa4f0a2dfb2368b3f01660689355e74c99c9b7c2c84696b3fdadeb73,89fe60e6529c5c02cf6ffd700254e003b1f51ceafc252140ef64add47ad2e212,stage1_verified_reuse,1.0,43836040,277412256,283320864,277412256,0,0,0,,,,,,43836040,277412256,283320864,277412256,0,0,0,0,8497,0,278067744,0.0
case_028,2,24df3cf9e16cc4738e8ee3d80eb83d9189e33f3ddba1633d10a78ed417537f92,89fe60e6529c5c02cf6ffd700254e003b1f51ceafc252140ef64add47ad2e212,stage1_verified_reuse,1.000311422774637,20313124,33610752,39519360,12192768,21417984,9639936,1491,,,,,,20306800,33610752,39519360,12192768,21417984,9639936,1491,50,3129,2136168,19766808,0.0975286645979067
case_028,3,6b30d2959d500b3f648f1d63e0ac8bd3c7913a734bcba5948bbdb0d327bb4c64,89fe60e6529c5c02cf6ffd700254e003b1f51ceafc252140ef64add47ad2e212,stage1_verified_reuse,0.9999990505804021,13692563,25918464,31827072,17379840,8538624,2131200,943,,,,,,13692576,25918464,31827072,17379840,8538624,2131200,943,149,2441,4304112,14821776,0.22504115887325074
case_028,4,679074308e524377d1b6b3123fca2ac5eb4b6507851225e0b0b383a7436ea6c9,89fe60e6529c5c02cf6ffd700254e003b1f51ceafc252140ef64add47ad2e212,stage1_verified_reuse,1.00041637125931,10209084,33845760,39754368,6237696,27608064,10596864,2102,,,,,,10204835,33845760,39754368,6237696,27608064,10596864,2102,142,2928,6396840,17761752,0.2647852987458872
case_028,5,31af9b336c06b46042f99e93ef0a54471a6646bb450f1b26ca7ae628f90ae3df,89fe60e6529c5c02cf6ffd700254e003b1f51ceafc252140ef64add47ad2e212,stage1_verified_reuse,1.0002640117200112,8157094,41620992,47529600,2463744,39157248,15302400,2842,,,,,,8154941,41620992,47529600,2463744,39157248,15302400,2842,292,3250,8620032,20495232,0.2960657337676897
case_029,1,1eea4b77c66f467cece1e811b06292dc0f6cb97aa26070c30fb25bafdc46c74e,997bcbaa3acdff628346af91df1c6ce0127372b10c71890967ec9dd685b7187b,stage1_verified_reuse,1.0,37555,0,430164,0,0,0,0,,,,,,37555,0,430164,0,0,0,0,0,168,0,258132,0.0
case_029,2,0c985da2a1bf5d31325835a1f6f8809442f43a15fe7101a9a6617a84ea2b953e,997bcbaa3acdff628346af91df1c6ce0127372b10c71890967ec9dd685b7187b,stage1_verified_reuse,1.007842757552285,20818,778492,1208656,0,778492,344190,231,,,,,,20656,778492,1208656,0,778492,344190,231,44,399,90112,602322,0.1301380348163146
case_029,3,0343865167e31cc6c662040aa894a01dbb9d9c255e8cce94357f5520f6aac5bd,997bcbaa3acdff628346af91df1c6ce0127372b10c71890967ec9dd685b7187b,stage1_verified_reuse,1.0,12743,0,430164,0,0,0,0,,,,,,12743,0,430164,0,0,0,0,0,168,0,258132,0.0
case_029,4,0de7c170e3b1b8152799df7146b238a0128453f8713b2c83fd85efcfdde1fc28,997bcbaa3acdff628346af91df1c6ce0127372b10c71890967ec9dd685b7187b,stage1_verified_reuse,1.0563884724304515,12683,292992,723156,0,292992,75824,61,,,,,,12006,292992,723156,0,292992,75824,61,78,236,127008,348292,0.2672164948453608
case_029,5,ab2ef5bb365b45b4a634a4b723014f24500c1c5f4f7186c3922335dc67b6f512,997bcbaa3acdff628346af91df1c6ce0127372b10c71890967ec9dd685b7187b,stage1_verified_reuse,1.0563884724304515,12683,292992,723156,0,292992,75824,61,,,,,,12006,292992,723156,0,292992,75824,61,78,236,127008,348292,0.2672164948453608
case_030,1,bed511cb0f432bf02c1b67f94a49cfadb6964d628e4100e6b9c991961e17474e,ad80a952c48ff4d7c339349167fa9054e515009787692608863240a3546c0f90,stage1_verified_reuse,1.0000509279028282,2808034,5519360,7913420,5519360,0,0,0,,,,,,2807891,5519360,7913420,5519360,0,0,0,699,1750,2056192,5856256,0.259867995341012
case_030,2,50aa7e9cac0231481ad2ec8f8cc258a30fb0f03cb042cd84c9101de2ef8953a9,ad80a952c48ff4d7c339349167fa9054e515009787692608863240a3546c0f90,stage1_verified_reuse,1.0,2079367,62935040,65329100,27154432,35780608,17890304,3696,,,,,,2079367,62935040,65329100,27154432,35780608,17890304,3696,4,7266,16384,33868800,0.00048351515517814514
case_030,3,dd42a04027b7e4f5beadfe01101889a2fa4b5a861a770d5c8a150f053df04449,ad80a952c48ff4d7c339349167fa9054e515009787692608863240a3546c0f90,stage1_verified_reuse,1.0,1580290,60070912,62464972,12669952,47400960,23700480,4898,,,,,,1580290,60070912,62464972,12669952,47400960,23700480,4898,0,6950,0,32428544,0.0
case_030,4,0e24d11f327fc614a81b35fcd074f1de10375d42ce430a49d9b2d9707c030f61,ad80a952c48ff4d7c339349167fa9054e515009787692608863240a3546c0f90,stage1_verified_reuse,1.0,1344466,59923456,62317516,11955200,47968256,23979520,4986,,,,,,1344466,59923456,62317516,11955200,47968256,23979520,4986,2,6959,9216,32350208,0.000284801113888801
case_030,5,e2f33a69fbca2a7d3a55e45901a3dfaab0fbaa6b974311c13e0754a5ff093570,ad80a952c48ff4d7c339349167fa9054e515009787692608863240a3546c0f90,stage1_verified_reuse,1.0,1344466,59923456,62317516,11955200,47968256,23979520,4986,,,,,,1344466,59923456,62317516,11955200,47968256,23979520,4986,2,6959,9216,32350208,0.000284801113888801
case_031,1,126e96eff01b3c1db5de662ecd8bd02dcd72d548ac3255120608e40d19b693e1,a8d03d16b7eff2c3c84186b32994279143fd1628937e4e9bdf753f869a333f82,stage1_verified_reuse,1.0001484981533193,1414369,3491328,5676368,3491328,0,0,0,,,,,,1414159,3491328,5676368,3491328,0,0,0,343,1003,1479168,4196980,0.26059362793218216
case_031,2,e07fcfcaf2c00390f12472d9fa2fba88c0da9579249f8dd747b39400996fc4cd,a8d03d16b7eff2c3c84186b32994279143fd1628937e4e9bdf753f869a333f82,stage1_verified_reuse,1.0002331589304534,857984,15429704,17614744,6500224,8929480,4422754,1118,,,,,,857784,15429704,17614744,6500224,8929480,4422754,1118,15,2496,33284,9920662,0.0033437995343756134
case_031,3,6ed7f892826157dde6cf5eff906652409752af16d43f537e93f3ed8056bb3564,a8d03d16b7eff2c3c84186b32994279143fd1628937e4e9bdf753f869a333f82,stage1_verified_reuse,1.0,657311,14732488,16917528,2844352,11888136,5876226,1483,,,,,,657311,14732488,16917528,2844352,11888136,5876226,1483,15,2428,50948,9575510,0.00529249699110514
case_031,4,6b39001998e8b94fcfd10b530dbb07a5cbe0b19d154da95d427b7813015e90df,a8d03d16b7eff2c3c84186b32994279143fd1628937e4e9bdf753f869a333f82,stage1_verified_reuse,1.000097399617519,533935,13832164,16017204,591104,13241060,6530034,1647,,,,,,533883,13832164,16017204,591104,13241060,6530034,1647,17,2308,73728,9121126,0.008018398117033724
case_031,5,ca382fb3ead19f0463ceccaad9506810a2fe1d1839adc18203cca69b3089fe73,a8d03d16b7eff2c3c84186b32994279143fd1628937e4e9bdf753f869a333f82,stage1_verified_reuse,1.0000846025572236,449197,14569512,16754552,499712,14069800,6923922,1753,,,,,,449159,14569512,16754552,499712,14069800,6923922,1753,10,2417,55296,9525258,0.005771691282153412
case_032,1,83348b05eee2296608cd724ec5b2cadb54c269a971f8e8b65a9a7a8855313104,7b325807b10636edbb8ada6fe9086e639ece5d42d4aad151b0fc7cd8f6277385,stage1_verified_reuse,1.0,41443,0,293088,0,0,0,0,,,,,,41443,0,293088,0,0,0,0,0,151,0,279156,0.0
case_032,2,9201eb39635c98db2f9a58822d9d7cd30735011bc1c7e4b5c19b944872db4e4f,7b325807b10636edbb8ada6fe9086e639ece5d42d4aad151b0fc7cd8f6277385,stage1_verified_reuse,1.004792255714765,20967,417080,710168,0,417080,168092,111,,,,,,20867,417080,710168,0,417080,168092,111,28,262,80896,447248,0.15317034748099004
case_032,3,27d1db9836e862769121890462ed8c330e1e6c04f78c4a8b788c71954380e00e,7b325807b10636edbb8ada6fe9086e639ece5d42d4aad151b0fc7cd8f6277385,stage1_verified_reuse,1.1324911868390128,19275,559060,852148,0,559060,223978,163,,,,,,17020,559060,852148,0,559060,223978,163,44,314,111104,503134,0.1808810265727617
case_032,4,07e31934bf9691be69d92119006f3f2e6f4547a72531e8036d4bea6259c59e51,7b325807b10636edbb8ada6fe9086e639ece5d42d4aad151b0fc7cd8f6277385,stage1_verified_reuse,1.0,17051,163950,457038,0,163950,36916,42,,,,,,17051,163950,457038,0,163950,36916,42,41,192,86026,320164,0.21178758708978557
case_032,5,d501ad781a5ef1443df1cd82618e89db2c241ab6c767365bfaf88efe891d42b6,7b325807b10636edbb8ada6fe9086e639ece5d42d4aad151b0fc7cd8f6277385,stage1_verified_reuse,1.0,17051,163950,457038,0,163950,36916,42,,,,,,17051,163950,457038,0,163950,36916,42,41,192,86026,320164,0.21178758708978557
case_033,1,0461256ec7a6fe061d3a7e2175171d1040703f624033a8efa72bc3be0f2267e1,e14316f8ccbe3bf16bcee2bad80efc3a527cdc2488d9e3f616518b6e3aa9657b,stage1_verified_reuse,1.000065386002886,1774196,4592640,7565550,4592640,0,0,0,,,,,,1774080,4592640,7565550,4592640,0,0,0,120,1220,720384,6762032,0.09627692445862406
case_033,2,116d2f89c80a4907d02791e86be9f4e66040c2933967692fe2baed3b8cfa632e,e14316f8ccbe3bf16bcee2bad80efc3a527cdc2488d9e3f616518b6e3aa9657b,stage1_verified_reuse,1.0008900931265639,1096366,5084160,8057070,2752512,2331648,313344,51,,,,,,1095391,5084160,8057070,2752512,2331648,313344,51,363,951,2021376,5393456,0.2726125150239412
case_033,3,73400296263b237cc40295982102090bc59e7ffde658fdd5af343e2ad4a04c9a,e14316f8ccbe3bf16bcee2bad80efc3a527cdc2488d9e3f616518b6e3aa9657b,stage1_verified_reuse,1.0004524390211254,747400,6608900,9581810,1961472,4647428,653314,107,,,,,,747062,6608900,9581810,1961472,4647428,653314,107,319,1216,1738752,6922290,0.20075552110242625
case_033,4,6ee699d9fc7ea167a20ba85506e8614d3f5f836bc7352d62229a84e141991a1e,e14316f8ccbe3bf16bcee2bad80efc3a527cdc2488d9e3f616518b6e3aa9657b,stage1_verified_reuse,1.0134388122429674,561362,7299076,10271986,1371648,5927428,1024002,161,,,,,,553918,7299076,10271986,1371648,5927428,1024002,161,390,1219,2108928,6939186,0.2330792914412882
case_033,5,185c8f9e04f2563f87d8a2853e5f5a3a58c993a28d423c4a39d7b8f8232ff18b,e14316f8ccbe3bf16bcee2bad80efc3a527cdc2488d9e3f616518b6e3aa9657b,stage1_verified_reuse,1.0134388122429674,561362,7299076,10271986,1371648,5927428,1024002,161,,,,,,553918,7299076,10271986,1371648,5927428,1024002,161,390,1219,2108928,6939186,0.2330792914412882
case_034,1,19cc9b471b4253917b1c1297fdd194752c0b66e79fb6ba807872ddea5abcb489,c4128788442a023c2224d582f7114181ca9e9439a5978deaec6a1c52c0d729d6,stage1_verified_reuse,1.0003120798639664,842996,1079832,3360218,1079832,0,0,0,,,,,,842733,1079832,3360218,1079832,0,0,0,252,615,1038336,2321468,0.309046599146855
case_034,2,273e72ec19c92160c537da42b03701be84f3eda105532977bc0c48dfbfaad3c8,c4128788442a023c2224d582f7114181ca9e9439a5978deaec6a1c52c0d729d6,stage1_verified_reuse,1.0000931891520517,547325,12242376,14522762,4630624,7611752,3714228,969,,,,,,547274,12242376,14522762,4630624,7611752,3714228,969,22,2126,144384,8488724,0.01672445195866888
case_034,3,9ac3b043f9d22897c1cd8576dce4b028c9356676d2afc91de5d66469d6af993a,c4128788442a023c2224d582f7114181ca9e9439a5978deaec6a1c52c0d729d6,stage1_verified_reuse,1.0027361714153584,390295,11452144,13732530,1393736,10058408,4878676,1272,,,,,,389230,11452144,13732530,1393736,10058408,4878676,1272,18,2085,133120,8107944,0.016153253997299378
case_034,4,db36216bd5110367a63751356d919a4ef3e8e59f21a5421692109a41fbf6df1e,c4128788442a023c2224d582f7114181ca9e9439a5978deaec6a1c52c0d729d6,stage1_verified_reuse,1.000053242466191,338094,11977968,14258354,439368,11538600,5584212,1438,,,,,,338076,11977968,14258354,439368,11538600,5584212,1438,6,2152,24064,8448936,0.0028400802549274165
case_034,5,0dfd54abfb524bf179d5cac23214a25a5286bb4dc4c10d3e180d477a7d4527fa,c4128788442a023c2224d582f7114181ca9e9439a5978deaec6a1c52c0d729d6,stage1_verified_reuse,1.0075243378754852,292576,12138512,14418898,287772,11850740,5707002,1498,,,,,,290391,12138512,14418898,287772,11850740,5707002,1498,9,2194,55808,8537912,0.006494044488300759
case_035,1,43201822fd833e40039e2a07a60c49325d3a15aa5f121c0c1082f55e586f5f29,ab4d5e39b4d3ad430a992d6d87d7510a869b6cb03a5d9a7ba124b039ba4486e2,stage1_verified_reuse,1.0,169571,0,410854,0,0,0,0,,,,,,169571,0,410854,0,0,0,0,0,301,0,396878,0.0
case_035,2,25f05d57a302495ec92e317e7a309b619abc6086d072935496c58d7d1c69297b,ab4d5e39b4d3ad430a992d6d87d7510a869b6cb03a5d9a7ba124b039ba4486e2,stage1_verified_reuse,1.0,105261,43008,453862,0,43008,21504,21,,,,,,105261,43008,453862,0,43008,21504,21,0,322,0,418382,0.0
case_035,3,4b0e70a9980500e6fc1c97b1efb1824bedae5cc21a2c173621d0b8b61432b640,ab4d5e39b4d3ad430a992d6d87d7510a869b6cb03a5d9a7ba124b039ba4486e2,stage1_verified_reuse,1.0,98946,167936,578790,0,167936,79872,74,,,,,,98946,167936,578790,0,167936,79872,74,1,375,8192,476750,0.01689274181242293
case_035,4,29dc72e60ab0cc2ad181de950a86ab0d2f3e55efbcffe0bcf4cb7c0c9a0688a4,ab4d5e39b4d3ad430a992d6d87d7510a869b6cb03a5d9a7ba124b039ba4486e2,stage1_verified_reuse,1.0251565582911555,95602,1417128,1827982,0,1417128,567758,514,,,,,,93256,1417128,1827982,0,1417128,567758,514,143,791,293904,952344,0.23583107054133687
case_035,5,117c549b3f26bcf8c50f7a8f06ab8b28c7c5630fe20537f66c82841eebe17e21,ab4d5e39b4d3ad430a992d6d87d7510a869b6cb03a5d9a7ba124b039ba4486e2,stage1_verified_reuse,1.0251565582911555,95602,1417128,1827982,0,1417128,567758,514,,,,,,93256,1417128,1827982,0,1417128,567758,514,143,791,293904,952344,0.23583107054133687
case_036,1,8c131ad0dfb252dc26f956f6fa867096f91862e58a5cb371718e576432bc8999,3924c8904db3f85eb38d4e4b345e55f689c9d908f329dbb8caf16a3774759d21,stage1_verified_reuse,1.0,931510,0,6554752,0,0,0,0,,,,,,931510,0,6554752,0,0,0,0,0,801,0,3277952,0.0
case_036,2,72dbab6182e4f32494744cc5a7ac9b9d66d6764ea168edb0a95c72deedf9c45f,3924c8904db3f85eb38d4e4b345e55f689c9d908f329dbb8caf16a3774759d21,stage1_verified_reuse,1.0,466068,1152,6555904,0,1152,0,0,,,,,,466068,1152,6555904,0,1152,0,0,0,802,0,3279104,0.0
case_036,3,350d077dbcc838643f64ca3a4c675b70e72c7ed3770717410601ce90c7925d46,3924c8904db3f85eb38d4e4b345e55f689c9d908f329dbb8caf16a3774759d21,stage1_verified_reuse,1.0,388000,88320,6643072,0,88320,28672,7,,,,,,388000,88320,6643072,0,88320,28672,7,3,814,12288,3325312,0.003681687440076702
case_036,4,adf53c97d0a148d237e0c37c7447b6b77203796277d54e5b02c190eec5f1a296,3924c8904db3f85eb38d4e4b345e55f689c9d908f329dbb8caf16a3774759d21,stage1_verified_reuse,1.0,233584,3456,6558208,0,3456,0,0,,,,,,233584,3456,6558208,0,3456,0,0,0,804,0,3281408,0.0
case_036,5,803babb8e35957c1c5d884c1b53d4f1ce1641c00d3022b19186a7cf6e12fb23e,3924c8904db3f85eb38d4e4b345e55f689c9d908f329dbb8caf16a3774759d21,stage1_verified_reuse,1.0,187182,4608,6559360,0,4608,0,0,,,,,,187182,4608,6559360,0,4608,0,0,0,805,0,3282560,0.0
case_037,1,63d46275baf2c0ca59542635cd8214bd79425c5056d8f109b3090fcd1ad93847,c5ce3776f9b28b17c7e1d23c9a47395ddfaeecf2533228ab0a5cf444e3f112e3,stage1_verified_reuse,1.0,210001,0,614400,0,0,0,0,,,,,,210001,0,614400,0,0,0,0,0,180,0,532480,0.0
case_037,2,14979b5956ff45d0f5d878a7149cfa28f8776068c0542787724fa3e41fe266db,c5ce3776f9b28b17c7e1d23c9a47395ddfaeecf2533228ab0a5cf444e3f112e3,stage1_verified_reuse,1.0,125692,1966080,2580480,0,1966080,983040,240,,,,,,125692,1966080,2580480,0,1966080,983040,240,0,420,0,1515520,0.0
case_037,3,2be12eb42cfa3561ea03680fe4484dc3039efbc30a00411cec403516d4c412ea,c5ce3776f9b28b17c7e1d23c9a47395ddfaeecf2533228ab0a5cf444e3f112e3,stage1_verified_reuse,1.0011030172116644,87130,1105920,1720320,0,1105920,176128,43,,,,,,87034,1105920,1720320,0,1105920,176128,43,218,237,704512,757760,0.48179271708683474
case_037,4,892882a51c9fc41ce3ac885e6421f7af98f14f3591642c39c1bafb5f28b1d235,c5ce3776f9b28b17c7e1d23c9a47395ddfaeecf2533228ab0a5cf444e3f112e3,stage1_verified_reuse,1.016019152048944,68753,1527808,2142208,0,1527808,253952,62,,,,,,67669,1527808,2142208,0,1527808,253952,62,288,267,925696,880640,0.5124716553287982
case_037,5,bcebf8bf0ac7c19c527a18d49464890aed96ed6a4bafa97495c3d9b76119b921,c5ce3776f9b28b17c7e1d23c9a47395ddfaeecf2533228ab0a5cf444e3f112e3,stage1_verified_reuse,1.0182967939925138,43800,1925120,2539520,0,1925120,0,0,,,,,,43013,1925120,2539520,0,1925120,0,0,471,329,1579008,878592,0.6425
case_038,1,8f5c3e3c84763a2a5e2ebb7436efdc0d8ec7a8cc8d35564e8f26bb776d9f4e48,69575019d0670552c74f386508042357a94419ed2f49d18a382a71a8cf39e5ac,stage1_verified_reuse,1.0009117502083162,1364555,5627904,8430854,5627904,0,0,0,,,,,,1363312,5627904,8430854,5627904,0,0,0,377,2010,1462272,6960138,0.1736168151396097
case_038,2,5fcea7703bd244a2041681e5c4812380e8e0a35dc678558c9041b9c98a08fc26,69575019d0670552c74f386508042357a94419ed2f49d18a382a71a8cf39e5ac,stage1_verified_reuse,1.0,933300,17434112,20237062,6265344,11168768,5490688,2104,,,,,,933300,17434112,20237062,6265344,11168768,5490688,2104,32,4147,117760,11584010,0.010063434847890533
case_038,3,46097a2f6f2dfd1d94f9ae203c159b877fdb170e9ae64307d293786cfd8198cb,69575019d0670552c74f386508042357a94419ed2f49d18a382a71a8cf39e5ac,stage1_verified_reuse,0.9999785492116835,699260,17637888,20440838,3589632,14048256,6893568,2679,,,,,,699275,17637888,20440838,3589632,14048256,6893568,2679,20,4226,145920,11682826,0.012336049823032805
case_038,4,86701452088665ffcaf630fb470c7e84fd04797c33a10e54638760f7af3fc327,69575019d0670552c74f386508042357a94419ed2f49d18a382a71a8cf39e5ac,stage1_verified_reuse,1.0051696092447504,693950,18244096,21047046,2015744,16228352,7908352,3048,,,,,,690381,18244096,21047046,2015744,16228352,7908352,3048,92,4323,404992,11965450,0.0327386846807899
case_038,5,2f443d5b230934ceabe2dc9587c6977086bf18bf28ed81d89afe2a19bf96fb3e,69575019d0670552c74f386508042357a94419ed2f49d18a382a71a8cf39e5ac,stage1_verified_reuse,1.0051696092447504,693950,18244096,21047046,2015744,16228352,7908352,3048,,,,,,690381,18244096,21047046,2015744,16228352,7908352,3048,92,4323,404992,11965450,0.0327386846807899
case_039,1,dac9aa0dddfc1796efda0c933d0a650fee6dbc3977c653a543b26b2ae2e70179,8e999d9db7fe3b1060baef4bff52304267c4034700290fe0a7520f777cbc78ed,stage1_verified_reuse,1.0,1435262,7929856,12419072,7929856,0,0,0,,,,,,1435262,7929856,12419072,7929856,0,0,0,0,2582,0,12132352,0.0
case_039,2,f192cf2892d35e8cf80aab6c4d5155d8050f1a103ff964b320d73b1097e3fbf8,8e999d9db7fe3b1060baef4bff52304267c4034700290fe0a7520f777cbc78ed,stage1_verified_reuse,1.000349017146912,865589,12152832,16642048,5165056,6987776,2916352,712,,,,,,865287,12152832,16642048,5165056,6987776,2916352,712,300,2035,1425408,9986048,0.1249102656137832
case_039,3,e5888d98617d686b59d9ef1ae17fc8f67fecc10a5426a0e5e46b884a09d53a9a,8e999d9db7fe3b1060baef4bff52304267c4034700290fe0a7520f777cbc78ed,stage1_verified_reuse,1.006309707018206,693126,12627968,17117184,5459968,7168000,2433024,594,,,,,,688780,12627968,17117184,5459968,7168000,2433024,594,444,2067,2035712,10280960,0.16528101097439307
case_039,4,e17703ec34439cbeba4c0fa1ed41d1f6bdd31078ebb9e451fcb4eb21294f1cc6,8e999d9db7fe3b1060baef4bff52304267c4034700290fe0a7520f777cbc78ed,stage1_verified_reuse,1.0401685382789119,558169,13959168,18448384,3604480,10354688,3403776,831,,,,,,536614,13959168,18448384,3604480,10354688,3403776,831,593,2184,2613248,10887168,0.19356796116504854
case_039,5,3fd7dbf6678ae5e9c21f03df69a832d10cf1045a3acbe60970bd09c414717bea,8e999d9db7fe3b1060baef4bff52304267c4034700290fe0a7520f777cbc78ed,stage1_verified_reuse,1.0555113292064209,533010,14618624,19107840,1183744,13434880,4239360,1035,,,,,,504978,14618624,19107840,1183744,13434880,4239360,1035,694,2192,3219456,10952704,0.22716763005780347
case_040,1,2f3989071fd3e245c82304c86e2c391712466180edb5a6cf8553661950ff9992,7d595de282221534f949ab7ffae0ff026d5c7652b9110c18c0031aa78400cc57,stage1_verified_reuse,1.0,253454,0,911238,0,0,0,0,,,,,,253454,0,911238,0,0,0,0,0,266,0,911174,0.0
case_040,2,87288c92de4519dcd4ebfbce73a72a714516cf36e692ec401858ecbc6ed8639e,7d595de282221534f949ab7ffae0ff026d5c7652b9110c18c0031aa78400cc57,stage1_verified_reuse,1.0,145181,179566,1090804,0,179566,34998,38,,,,,,145181,179566,1090804,0,179566,34998,38,18,304,109570,946172,0.10378482621701135
case_040,3,7560b35c6565a1956af3ce312f5f93783456eafea742bfadbd9a579fa82f7e60,7d595de282221534f949ab7ffae0ff026d5c7652b9110c18c0031aa78400cc57,stage1_verified_reuse,1.0007541833608296,127386,300988,1212226,0,300988,56286,99,,,,,,127290,300988,1212226,0,300988,56286,99,20,368,182272,973604,0.1576916555063
case_040,4,265b955c8a460ffffcb4941cd1fb585343df2d959557e084aeca5d26f7f6b24c,7d595de282221534f949ab7ffae0ff026d5c7652b9110c18c0031aa78400cc57,stage1_verified_reuse,1.0033014249532703,123991,436288,1347526,0,436288,105504,107,,,,,,123583,436288,1347526,0,436288,105504,107,27,377,217088,1024870,0.1747949608601901
case_040,5,30f9fba30b57ca7d7005b5ae245f4fdf60a534eebe9aa7d7b0c5e6c57e91df50,7d595de282221534f949ab7ffae0ff026d5c7652b9110c18c0031aa78400cc57,stage1_verified_reuse,1.0056475282788642,121977,479102,1390340,0,479102,108990,55,,,,,,121292,479102,1390340,0,479102,108990,55,42,323,257026,1024260,0.20060002216523087
case_041,1,ab5c67b7b2f8e6bf5fc8e0b879f66cfc4fd5c823fa6c1a4930e6b7dec827e636,97d875b7e79ef0257342689d0c348f86ab591d74dfa9a9c28a72f47abb531491,stage1_verified_reuse,1.0003968958148486,6003957,30898176,35848156,30898176,0,0,0,,,,,,6001575,30898176,35848156,30898176,0,0,0,719,6611,3643392,32203776,0.10163681549404405
case_041,2,597848e9d545665bbaea6e08ea8b1d8269017d60bcf1ee7b64b888277303bd11,97d875b7e79ef0257342689d0c348f86ab591d74dfa9a9c28a72f47abb531491,stage1_verified_reuse,1.0009543445038163,3714990,24925192,29875172,17703936,7221256,1826820,448,,,,,,3711448,24925192,29875172,17703936,7221256,1826820,448,613,4880,3330048,23250948,0.12527927847398945
case_041,3,a54b248a746a98f28a675d08ba82f2b78f5bb2113ee879a3a070a75f3b017e9c,97d875b7e79ef0257342689d0c348f86ab591d74dfa9a9c28a72f47abb531491,stage1_verified_reuse,1.0001946218388706,3304486,103015436,107965416,29940736,73074700,36517894,8923,,,,,,3303843,103015436,107965416,29940736,73074700,36517894,8923,25,13835,89088,57537542,0.0015459519322924141
case_041,4,acb83f9004785972e2f77f49630231c0007b9c0fdde39e8fd4da0cfad443d6ff,97d875b7e79ef0257342689d0c348f86ab591d74dfa9a9c28a72f47abb531491,stage1_verified_reuse,1.0000271388520265,2174064,28411908,33361888,11627520,16784388,2441218,597,,,,,,2174005,28411908,33361888,11627520,16784388,2441218,597,920,5401,4429824,25625602,0.14738849484282804
case_041,5,e97a058a49270079a2c02f9bd3ce95c7fb4e74cf95a0102d7797258ba305b92f,97d875b7e79ef0257342689d0c348f86ab591d74dfa9a9c28a72f47abb531491,stage1_verified_reuse,1.0093937528556436,2112003,30204936,35154916,12973056,17231880,2777092,680,,,,,,2092348,30204936,35154916,12973056,17231880,2777092,680,1153,5440,5984256,25786372,0.18835812751324904
case_042,1,d2081ece83d9033de97343585d9baf2b53075a3d221e902604363fffe703b529,c098a559bbb2f888a39d47b81fee2e93ae04365d4ce377982758cd3373ac33c5,stage1_verified_reuse,1.0066285397816825,1686740,6629376,9018340,6629376,0,0,0,,,,,,1675633,6629376,9018340,6629376,0,0,0,551,1348,2866176,6127392,0.3186917583766532
case_042,2,1e4c61d813b50290b7829b03ab0468b7c11da1c413edb6fe7058e3760969278a,c098a559bbb2f888a39d47b81fee2e93ae04365d4ce377982758cd3373ac33c5,stage1_verified_reuse,0.999998987765117,987912,17884172,20273136,8314372,9569800,4651012,1106,,,,,,987913,17884172,20273136,8314372,9569800,4651012,1106,21,2664,83712,11402278,0.007288183256297455
case_042,3,83a2d5b4e181bc27aa71c4ef103f9e5bd16a3250e7d6f9d9318831af7efa0b2b,c098a559bbb2f888a39d47b81fee2e93ae04365d4ce377982758cd3373ac33c5,stage1_verified_reuse,1.000537588733477,718407,17628444,20017408,4913796,12714648,6273036,1504,,,,,,718021,17628444,20017408,4913796,12714648,6273036,1504,15,2623,75904,11234734,0.006710850440090117
case_042,4,fc515f22868e8c7756f17e34c57f6ea9d0f180d120aa3ca18c07335d928c0bb4,c098a559bbb2f888a39d47b81fee2e93ae04365d4ce377982758cd3373ac33c5,stage1_verified_reuse,1.0013578756789379,570782,16601372,18990336,2203648,14397724,7019534,1687,,,,,,570008,16601372,18990336,2203648,14397724,7019534,1687,16,2488,93440,10750766,0.008616582901505191
case_042,5,fa7830a63086ed77295211865c26b047457a696e58d87ad1849c2bed508696e2,c098a559bbb2f888a39d47b81fee2e93ae04365d4ce377982758cd3373ac33c5,stage1_verified_reuse,1.00198413923553,486817,15667992,18056956,598016,15069976,7304204,1788,,,,,,485853,15667992,18056956,598016,15069976,7304204,1788,23,2386,203136,10229932,0.01947039931111347
case_043,1,206834cfb1ea06a7ceafe7103b66b688311a31506fa5a9031848087f753ccc84,23270b8e711405157c6b29fd36a4a182bdccf090b2beb69f63d9580aa22e780c,stage1_verified_reuse,1.0,677656,49160,1480282,49160,0,0,0,,,,,,677656,49160,1480282,49160,0,0,0,6,386,49152,1431000,0.03320740032104811
case_043,2,117d58f311bd100a2deaad4fea3b14f25866f585cb870adb00f7d0014849643c,23270b8e711405157c6b29fd36a4a182bdccf090b2beb69f63d9580aa22e780c,stage1_verified_reuse,1.0001614062889759,340810,1173006,2604128,98304,1074702,451334,253,,,,,,340755,1173006,2604128,98304,1074702,451334,253,46,646,169984,1933532,0.08080946377398603
case_043,3,ce5698687f41c84a3c884f3878dc56dd75f91677d4794865a39fa66ce98bf5e2,23270b8e711405157c6b29fd36a4a182bdccf090b2beb69f63d9580aa22e780c,stage1_verified_reuse,1.0001058749239025,264491,3342112,4773234,229412,3112700,1461814,930,,,,,,264463,3342112,4773234,229412,3112700,1461814,930,82,1307,272890,2964658,0.08428909779870446
case_043,4,2821bdadc3f7039637489aad3a454b6d45b6e9015e0cba411be4aa93dc1143f6,23270b8e711405157c6b29fd36a4a182bdccf090b2beb69f63d9580aa22e780c,stage1_verified_reuse,1.017272441305156,249011,5862672,7293794,83916,5778756,2532438,1748,,,,,,244783,5862672,7293794,83916,5778756,2532438,1748,272,2008,860736,3875432,0.18173679649877283
case_043,5,cfa3a19cc20d2ab693641fc20e97c0fb7832adf6c37568c5013257aa414c59d5,23270b8e711405157c6b29fd36a4a182bdccf090b2beb69f63d9580aa22e780c,stage1_verified_reuse,0.9993580592740234,222619,4305042,5736164,0,4305042,1947008,1172,,,,,,222762,4305042,5736164,0,4305042,1947008,1172,128,1513,355420,3433610,0.09380237158322842
case_044,1,b3a3d432d31479494edec684578b81a56b8d294b44a2049ede0aaefb991fe351,9abd4468a4be365e384de47431ac914ee44fd6e7b6221dffc584561f388cd57e,stage1_verified_reuse,1.4321609438477378,154407,4438112,5413568,4438112,0,0,0,,,,,,107814,4438112,5413568,4438112,0,0,0,216,75,4408416,967776,0.8199885718367201
case_044,2,9e158390e363004d1e50b04b8b61f9e3ebe4ffd151e2817816a20c11ffdb2c1f,9abd4468a4be365e384de47431ac914ee44fd6e7b6221dffc584561f388cd57e,stage1_verified_reuse,1.0560452141675905,58111,1424480,2399936,238080,1186400,128000,111,,,,,,55027,1424480,2399936,238080,1186400,128000,111,42,196,450880,1790080,0.20119948593459946
case_044,3,1efe3bf9c2fa3e560fc31b218e1f5e0395fc258ef3d855d4834d24eadc39ed47,9abd4468a4be365e384de47431ac914ee44fd6e7b6221dffc584561f388cd57e,stage1_verified_reuse,1.0560452141675905,58111,1424480,2399936,238080,1186400,128000,111,,,,,,55027,1424480,2399936,238080,1186400,128000,111,42,196,450880,1790080,0.20119948593459946
case_044,4,c9e684df70771d7c61053945cd8c6364663270bf5d5487b544c5b9c8c0d9e2f0,9abd4468a4be365e384de47431ac914ee44fd6e7b6221dffc584561f388cd57e,stage1_verified_reuse,1.0560452141675905,58111,1424480,2399936,238080,1186400,128000,111,,,,,,55027,1424480,2399936,238080,1186400,128000,111,42,196,450880,1790080,0.20119948593459946
case_044,5,c69407f995c10cf7b02e392ce2e49fe10588a96f8c983ba296e9f1cc73ac52e2,9abd4468a4be365e384de47431ac914ee44fd6e7b6221dffc584561f388cd57e,stage1_verified_reuse,1.0560452141675905,58111,1424480,2399936,238080,1186400,128000,111,,,,,,55027,1424480,2399936,238080,1186400,128000,111,42,196,450880,1790080,0.20119948593459946
case_045,1,76de6b75aa4cb0989adacd898da2af6cc98a843c5ec4f1d68a15b1d0bba7448c,64dff8e23ba176573a054ef2dc00a23a3487484bad65cb719acc4f087d611793,stage1_verified_reuse,1.0,125614,0,557056,0,0,0,0,,,,,,125614,0,557056,0,0,0,0,0,68,0,278528,0.0
case_045,2,6bc302207ef5ab8f4b2c0fdcf04a4b1a42919301c86925472b3ea44c697270b8,64dff8e23ba176573a054ef2dc00a23a3487484bad65cb719acc4f087d611793,stage1_verified_reuse,1.0,78563,94208,651264,0,94208,40960,10,,,,,,78563,94208,651264,0,94208,40960,10,3,78,12288,319488,0.037037037037037035
case_045,3,3d2c0f49b8b559b0ee9be5996b7f731ade55daacc4ba8662ed5f9de6fb9c357b,64dff8e23ba176573a054ef2dc00a23a3487484bad65cb719acc4f087d611793,stage1_verified_reuse,1.0,45671,233472,790528,0,233472,106496,26,,,,,,45671,233472,790528,0,233472,106496,26,5,94,20480,385024,0.050505050505050504
case_045,4,ba89267683b824724d7763512c563d70ee23fffb72b0b18d792459eb6eb43157,64dff8e23ba176573a054ef2dc00a23a3487484bad65cb719acc4f087d611793,stage1_verified_reuse,1.0,39561,352256,909312,0,352256,159744,39,,,,,,39561,352256,909312,0,352256,159744,39,8,107,32768,438272,0.06956521739130435
case_045,5,e6bc7038e876b549fd6594abf82f868d4992e2d0b3ded8c0cd3632b47df65071,64dff8e23ba176573a054ef2dc00a23a3487484bad65cb719acc4f087d611793,stage1_verified_reuse,1.0,29147,356352,913408,0,356352,167936,41,,,,,,29147,356352,913408,0,356352,167936,41,5,109,20480,446464,0.043859649122807015
case_046,1,d1b4a409de9ead0c25c6c667f834ab2bb78ce217c637479ee300c71065e42062,1917fbb2bfe1141fd8dc4bdac6119dd44014df9a13eb18faa3e55f25bcc91659,stage1_verified_reuse,1.1284153897646474,276455,3176288,4237760,3176288,0,0,0,,,,,,244994,3176288,4237760,3176288,0,0,0,144,64,3120992,1023584,0.7530304668077024
case_046,2,03b0ee33a076f18bef19dae4a7e9206b02cd3897c8a22951f2612240fc7da67b,1917fbb2bfe1141fd8dc4bdac6119dd44014df9a13eb18faa3e55f25bcc91659,stage1_verified_reuse,1.0,112634,930400,1991872,0,930400,0,0,,,,,,112634,930400,1991872,0,930400,0,0,0,108,0,1926336,0.0
case_046,3,cf81d99d66952a8a1ab5681141076b25516d66115f37e8a85be81d1ecea33498,1917fbb2bfe1141fd8dc4bdac6119dd44014df9a13eb18faa3e55f25bcc91659,stage1_verified_reuse,1.0972482470096045,93107,2513088,3574560,418816,2094272,116736,35,,,,,,84855,2513088,3574560,418816,2094272,116736,35,89,116,1509504,1882784,0.4449810865115226
case_046,4,cd5add5068f098e4cbc29beb40ebea84ead333ccea616d0304c1dad605167e5e,1917fbb2bfe1141fd8dc4bdac6119dd44014df9a13eb18faa3e55f25bcc91659,stage1_verified_reuse,1.0,80768,2791200,3852672,0,2791200,0,0,,,,,,80768,2791200,3852672,0,2791200,0,0,0,208,0,3787136,0.0
case_046,5,d7edb66b5a287455e6d51683bdc2a23ef09c66e796404238558fff77ed050671,1917fbb2bfe1141fd8dc4bdac6119dd44014df9a13eb18faa3e55f25bcc91659,stage1_verified_reuse,1.0,80768,2791200,3852672,0,2791200,0,0,,,,,,80768,2791200,3852672,0,2791200,0,0,0,208,0,3787136,0.0
case_047,1,f7e1451d3131a66cc5afa7e72d3c97a91aed2d8c45f1d862e42f266e9478e13c,7c6328650b8e50e4d15a0ddf1ad0715a40d64d51f3c86c2c3b9c22e4cbb6a83f,stage1_verified_reuse,1.0,326508,0,463942,0,0,0,0,,,,,,326508,0,463942,0,0,0,0,0,271,0,457286,0.0
case_047,2,074667288eb4d9542aa7c185abdf1f13a3f8663a07f0f62201e81d43146c30c3,7c6328650b8e50e4d15a0ddf1ad0715a40d64d51f3c86c2c3b9c22e4cbb6a83f,stage1_verified_reuse,1.0,250591,557764,1021706,0,557764,246592,626,,,,,,250591,557764,1021706,0,557764,246592,626,39,897,64580,703878,0.08403842500175676
case_047,3,da464e75dc324972e84f93e47dbe597b0f86a64670f1024a28fbbe13d77d3ec2,7c6328650b8e50e4d15a0ddf1ad0715a40d64d51f3c86c2c3b9c22e4cbb6a83f,stage1_verified_reuse,1.0000086808946531,230393,849672,1313614,0,849672,361280,906,,,,,,230391,849672,1313614,0,849672,361280,906,140,1113,156360,789318,0.16534169135794635
case_047,4,76be45f25215cb4cb922fa5dfe130c29064a8428718cba128b7a7ec72afa145c,7c6328650b8e50e4d15a0ddf1ad0715a40d64d51f3c86c2c3b9c22e4cbb6a83f,stage1_verified_reuse,1.0000047792009177,209241,1084300,1548242,0,1084300,447584,1194,,,,,,209240,1084300,1548242,0,1084300,447584,1194,221,1357,234508,859494,0.2143579262195133
case_047,5,69779e522c113ad67a93415b500016066c74f65c1ad1a8bb0af8b51e1162b307,7c6328650b8e50e4d15a0ddf1ad0715a40d64d51f3c86c2c3b9c22e4cbb6a83f,stage1_verified_reuse,1.0001936416041468,201442,1304976,1768918,0,1304976,527168,1370,,,,,,201403,1304976,1768918,0,1304976,527168,1370,366,1424,347216,887878,0.2811251613237535
case_048,1,d32b77f9856f8edd942e118b95e1add14c4d2f74b57071e96654e1e5164d715a,9932aaca8ab23d020c5f5102fa3d436dd3cdf3ca8d1ee458d4c235c556c11764,stage1_verified_reuse,1.0,222220,0,414790,0,0,0,0,,,,,,222220,0,414790,0,0,0,0,0,169,0,410182,0.0
case_048,2,ba25ce5c5e3c87d5ce9ee27f1c97a4d4aa12cb54b7204667f77e68aa8dac2a7b,9932aaca8ab23d020c5f5102fa3d436dd3cdf3ca8d1ee458d4c235c556c11764,stage1_verified_reuse,1.0,164258,325572,740362,0,325572,121792,113,,,,,,164258,325572,740362,0,325572,121792,113,30,283,81924,532038,0.13343496828793963
case_048,3,edba03455b0f8e58761ab3810e23bf0e89aeff9931ac95467178b8cb47689b8e,9932aaca8ab23d020c5f5102fa3d436dd3cdf3ca8d1ee458d4c235c556c11764,stage1_verified_reuse,1.0000197680548235,151763,487976,902766,0,487976,202704,203,,,,,,151760,487976,902766,0,487976,202704,203,63,344,116168,579286,0.16703908525941327
case_048,4,1e9210e3504e35bc885b18a51b13d0fb75444e611a269c99804ac34cee5945ee,9932aaca8ab23d020c5f5102fa3d436dd3cdf3ca8d1ee458d4c235c556c11764,stage1_verified_reuse,1.0000197680548235,151763,487976,902766,0,487976,202704,203,,,,,,151760,487976,902766,0,487976,202704,203,63,344,116168,579286,0.16703908525941327
case_048,5,882c89d4b5155a98a28936a0f41fa42002305869563b60d64ac19964be56cb9b,9932aaca8ab23d020c5f5102fa3d436dd3cdf3ca8d1ee458d4c235c556c11764,stage1_verified_reuse,1.0000197680548235,151763,487976,902766,0,487976,202704,203,,,,,,151760,487976,902766,0,487976,202704,203,63,344,116168,579286,0.16703908525941327
case_049,1,2186478cd6f24e1941a013639c9a52be08c5349cdf117842cedcedee1ff4f6dc,444854fe118a208ddfa10fa0ddd48d7b5e6cfd3780a8049f2145fc1a9b674a08,stage1_verified_reuse,1.0,196276,0,152540,0,0,0,0,,,,,,196276,0,152540,0,0,0,0,0,144,0,152504,0.0
case_049,2,0d9b3df68172cb15787716b3b26efa07092340495ff6203c047781ed0329712e,444854fe118a208ddfa10fa0ddd48d7b5e6cfd3780a8049f2145fc1a9b674a08,stage1_verified_reuse,1.0001743056823653,120499,1396528,1549068,0,1396528,686166,501,,,,,,120478,1396528,1549068,0,1396528,686166,501,24,645,24196,838670,0.02804143401177008
case_049,3,fa8e3b034cd8e07bf3cb4f42c92a84fe0b904d5ccb3656ebc0a41ed86b565aa9,444854fe118a208ddfa10fa0ddd48d7b5e6cfd3780a8049f2145fc1a9b674a08,stage1_verified_reuse,1.0000102225448002,97824,1650932,1803472,0,1650932,806134,637,,,,,,97823,1650932,1803472,0,1650932,806134,637,81,743,69608,927694,0.06979631044558218
case_049,4,5d30da04bf07d538bcba45c6a52731ff3ecff3bd6629b4d255092246ae377208,444854fe118a208ddfa10fa0ddd48d7b5e6cfd3780a8049f2145fc1a9b674a08,stage1_verified_reuse,1.0037136204889405,86219,2250304,2402844,0,2250304,1094042,817,,,,,,85900,2250304,2402844,0,2250304,1094042,817,128,898,115756,1193010,0.0884466741953871
case_049,5,d32ff6a6f2c1d082b860cde040260e04fb5aefe56a97a1f830e21c83828adb32,444854fe118a208ddfa10fa0ddd48d7b5e6cfd3780a8049f2145fc1a9b674a08,stage1_verified_reuse,1.0152119101933006,84557,2413584,2566124,0,2413584,1179072,909,,,,,,83290,2413584,2566124,0,2413584,1179072,909,163,961,134608,1252408,0.09704862813406623
case_050,1,f13b23adc8986223c3ed16bd5199b6a24e63786f325ffabaacedaa6a1d3a2149,3b6b1abd65fbfbb2a40972bdbd643c43107c4b232512741740ff351c366367aa,stage1_verified_reuse,1.0,149690,0,319376,0,0,0,0,,,,,,149690,0,319376,0,0,0,0,0,188,0,319300,0.0
case_050,2,55c4225922e27af0ffb0257522cb5e8f413ba5106c32979435ca2d91daca3a73,3b6b1abd65fbfbb2a40972bdbd643c43107c4b232512741740ff351c366367aa,official_recheck,1.00043980208906,81891,1176512,1495888,0,1176512,551134,696,,,,,,81855,1176512,1495888,0,1176512,551134,696,36,884,74244,870434,0.07859185881326759
case_050,3,47d7bee95602e7f125c9f27df872b069fce5da793a13d59e0b4466a7cbba3b6a,3b6b1abd65fbfbb2a40972bdbd643c43107c4b232512741740ff351c366367aa,official_recheck,1.0002254113757607,53248,1479980,1799356,0,1479980,652562,908,,,,,,53236,1479980,1799356,0,1479980,652562,908,112,1055,197736,948982,0.17243646650702266
case_050,4,c58243fde1a467b550873fe0d477715832c66d28e21b728aabb286cd16f9f8a2,3b6b1abd65fbfbb2a40972bdbd643c43107c4b232512741740ff351c366367aa,official_recheck,1.0529303121762241,46748,1747432,2066808,0,1747432,761838,1001,,,,,,44398,1747432,2066808,0,1747432,761838,1001,220,1087,282156,1022738,0.21622905768591166
case_050,5,403bd50b13751613e7a95776492d7dac691be59e16531e9aabcef06cb15623ea,3b6b1abd65fbfbb2a40972bdbd643c43107c4b232512741740ff351c366367aa,official_recheck,1.0540533780234622,42140,1696052,2015428,0,1696052,720914,1089,,,,,,39979,1696052,2015428,0,1696052,720914,1089,286,1136,305008,989430,0.23562967094600126
case_051,1,d2a74eed1ca12d1890a92f6146eeff44c75d533e1a44afdef3274970662eddd5,884e8b12ac1f7a9b569958909680e8c2f6055966a59c9f929ffd5cee48aae43b,stage1_verified_reuse,1.0,607628,0,393218,0,0,0,0,,,,,,607628,0,393218,0,0,0,0,0,12,0,393216,0.0
case_051,2,4186cb12a266bc82b735c8c96b121ef2f9813feb159d438ad576a7fb66b374b4,884e8b12ac1f7a9b569958909680e8c2f6055966a59c9f929ffd5cee48aae43b,stage1_verified_reuse,1.0,607628,0,393218,0,0,0,0,,,,,,607628,0,393218,0,0,0,0,0,12,0,393216,0.0
case_051,3,899878f13dbee2c47afe75633117c053a1cc9243347e657e7c0c1e5eccc8ee59,884e8b12ac1f7a9b569958909680e8c2f6055966a59c9f929ffd5cee48aae43b,stage1_verified_reuse,1.0,607628,0,393218,0,0,0,0,,,,,,607628,0,393218,0,0,0,0,0,12,0,393216,0.0
case_051,4,a505e60e9f1bafbc6efe6a088bd395d88ce5a33b60368a3cc6756518da22df02,884e8b12ac1f7a9b569958909680e8c2f6055966a59c9f929ffd5cee48aae43b,stage1_verified_reuse,1.0,607628,0,393218,0,0,0,0,,,,,,607628,0,393218,0,0,0,0,0,12,0,393216,0.0
case_051,5,ce0fbf0c2559dd286b12fe4ef23a4006f150a8dfdfc801e0f01de90f44562900,884e8b12ac1f7a9b569958909680e8c2f6055966a59c9f929ffd5cee48aae43b,stage1_verified_reuse,1.0,607628,0,393218,0,0,0,0,,,,,,607628,0,393218,0,0,0,0,0,12,0,393216,0.0
case_052,1,6b8c8232d352f6d96992aafb05307949def8c3395f86a8e75b0dae291f2ecf40,6196e8c72258ff26d0ab4dcee50c4f5b39f78142729a2223cfcbd4a9181ab7d0,stage1_verified_reuse,1.0,180301,0,810204,0,0,0,0,,,,,,180301,0,810204,0,0,0,0,0,259,0,810044,0.0
case_052,2,b3629add6431447edb553e454f117ecf55052fc393129d84c5d69930c91161ec,6196e8c72258ff26d0ab4dcee50c4f5b39f78142729a2223cfcbd4a9181ab7d0,stage1_verified_reuse,1.0,96545,1204196,2014400,9216,1194980,545010,199,,,,,,96545,1204196,2014400,9216,1194980,545010,199,36,459,104960,1359662,0.07166354185585086
case_052,3,4c270104bd36795b031db72db1c9b7ec3f9eadfe0e5cd1516765f7ce0f092990,6196e8c72258ff26d0ab4dcee50c4f5b39f78142729a2223cfcbd4a9181ab7d0,stage1_verified_reuse,1.0,69389,1827640,2637844,0,1827640,832412,275,,,,,,69389,1827640,2637844,0,1827640,832412,275,27,539,152064,1653208,0.08423329005269012
case_052,4,8676716b8841c63654ead637d466ac93f79cc539db5bc924c55c69654bc6ba49,6196e8c72258ff26d0ab4dcee50c4f5b39f78142729a2223cfcbd4a9181ab7d0,stage1_verified_reuse,1.0207848408353277,62274,2080652,2890856,0,2080652,950854,309,,,,,,61006,2080652,2890856,0,2080652,950854,309,19,583,124672,1815170,0.06426915181751916
case_052,5,645a818c58e1281a07f440b14f20315d9176102f4ff16e5809a24954f7de93d7,6196e8c72258ff26d0ab4dcee50c4f5b39f78142729a2223cfcbd4a9181ab7d0,stage1_verified_reuse,1.0432478231868905,57870,2199428,3009632,0,2199428,967106,330,,,,,,55471,2199428,3009632,0,2199428,967106,330,57,592,258304,1784062,0.126472924049852
case_053,1,e2bb9a691fab82cc8d387e8f4d9ef4bf8f24904673bd061b5b5dc897b003f67f,f3593af4c9aa960385c5fdfaf8ad98c396f05746d9e1fe6cc731adeae7019dbc,stage1_verified_reuse,1.0312140039730862,1472686,5405536,8400824,5405536,0,0,0,,,,,,1428109,5405536,8400824,5405536,0,0,0,342,363,5155968,3095286,0.6248708378144704
case_053,2,6912029bb44e065285383084447bbf69d31e6f7d4942c9a3b929ed63bd8c79e4,f3593af4c9aa960385c5fdfaf8ad98c396f05746d9e1fe6cc731adeae7019dbc,stage1_verified_reuse,1.0,759149,2489670,5484958,176802,2312868,675680,369,,,,,,759149,2489670,5484958,176802,2312868,675680,369,49,749,961506,3661002,0.20800526467450137
case_053,3,1cc549f699591ba48eacff10416ee382f54805b5c2ac72d74b3b5e3147949bbc,f3593af4c9aa960385c5fdfaf8ad98c396f05746d9e1fe6cc731adeae7019dbc,stage1_verified_reuse,1.0,584699,2121568,5116856,248800,1872768,192512,73,,,,,,584699,2121568,5116856,248800,1872768,192512,73,63,479,993312,3754086,0.2092329313868355
case_053,4,245ee6787937bc25398e5f4088e4bd5947b7ac2ef5f67478c4046bd31e5141b6,f3593af4c9aa960385c5fdfaf8ad98c396f05746d9e1fe6cc731adeae7019dbc,stage1_verified_reuse,1.0,492668,3424480,6419768,1137888,2286592,163840,38,,,,,,492668,3424480,6419768,1137888,2286592,163840,38,65,525,1159104,4932166,0.1902893813605373
case_053,5,8bbcbb5cdb23611b5a3f403b27ad0b545889723e0cff50ea2e6a3a3a654c392f,f3593af4c9aa960385c5fdfaf8ad98c396f05746d9e1fe6cc731adeae7019dbc,stage1_verified_reuse,1.0005475193081073,465992,7790078,10785366,17570,7772508,1912680,1293,,,,,,465737,7790078,10785366,17570,7772508,1912680,1293,319,1593,2686874,6078658,0.3065272022279994
case_054,1,303a13c8a7504a734bd51ced21a3f240b1e1d0d0dd0176ce18e01c0cf16bce7c,4c874b67351e0a6d336af3117c1289099c54993581f90de11e8f49fb33bb9828,stage1_verified_reuse,1.0,815051,0,1606276,0,0,0,0,,,,,,815051,0,1606276,0,0,0,0,0,351,0,1606214,0.0
case_054,2,1c667f2d0178752046e8b53d168de97a52feb14d7c8edd83d1fe3476ce522a2f,4c874b67351e0a6d336af3117c1289099c54993581f90de11e8f49fb33bb9828,stage1_verified_reuse,1.0,485507,3211144,4817420,229376,2981768,1456066,1213,,,,,,485507,3211144,4817420,229376,2981768,1456066,1213,40,1578,69636,3176968,0.02144887396183828
case_054,3,038f1fd367ef1425d91ecf13870246810a884318d6c479236898798657a41f69,4c874b67351e0a6d336af3117c1289099c54993581f90de11e8f49fb33bb9828,stage1_verified_reuse,1.0000232727724079,386727,4069800,5676076,0,4069800,1958864,1615,,,,,,386718,4069800,5676076,0,4069800,1958864,1615,181,1874,210630,3506520,0.056664379968524275
case_054,4,3f79d0de090c8d19d8419fdc2037da93a0aa92b4e5bf59cfd48b39943cd84805,4c874b67351e0a6d336af3117c1289099c54993581f90de11e8f49fb33bb9828,stage1_verified_reuse,1.0,331197,4961644,6567920,0,4961644,2361776,1994,,,,,,331197,4961644,6567920,0,4961644,2361776,1994,311,2165,362122,3843960,0.0860948502668279
case_054,5,1d6dd5bde39ce771d71042f0ea0e5bc3766a72c02017c62bce51059e91c60d31,4c874b67351e0a6d336af3117c1289099c54993581f90de11e8f49fb33bb9828,stage1_verified_reuse,1.0052056470033452,272849,5858448,7464724,0,5858448,2730048,2528,,,,,,271436,5858448,7464724,0,5858448,2730048,2528,544,2554,604110,4130504,0.12759435088055754
case_055,1,f087e910c4e28eb6ef3e4b108ff1ef3d4c9cca3208706fec7e6958edc9c8564c,1121ee10f030be119d0930fe518d63aedd8cf65167627c7f66f1a7ffffd9d134,stage1_verified_reuse,1.0,118835,69632,695442,69632,0,0,0,,,,,,118835,69632,695442,69632,0,0,0,17,173,69632,625692,0.10014324257468461
case_055,2,0872fba1f7c88f25b3eb6faf7b3cfae32b9cbcb6829c609e0279a6415353de46,1121ee10f030be119d0930fe518d63aedd8cf65167627c7f66f1a7ffffd9d134,stage1_verified_reuse,1.0085963461628469,64648,1167092,1792902,233496,933596,365678,172,,,,,,64097,1167092,1792902,233496,933596,365678,172,59,386,243200,1087638,0.18274200165609938
case_055,3,beeb117e2041805fe35c91eb0f3ec1446e06c56247daed3d2f5b2fc81d9aeaa1,1121ee10f030be119d0930fe518d63aedd8cf65167627c7f66f1a7ffffd9d134,stage1_verified_reuse,1.00884853391938,52332,1295176,1920986,53272,1241904,499096,236,,,,,,51873,1295176,1920986,53272,1241904,499096,236,63,422,249856,1151424,0.1783055492121489
case_055,4,221e132b20009307e91afd968fb9d4ea4f66c1b6f43b7a6129b0008f9ce9a8d6,1121ee10f030be119d0930fe518d63aedd8cf65167627c7f66f1a7ffffd9d134,stage1_verified_reuse,1.0287887682222874,42061,1403496,2029306,16384,1387112,556084,265,,,,,,40884,1403496,2029306,16384,1387112,556084,265,68,440,274944,1189968,0.1876863593171467
case_055,5,af38772aa66bacc600a69174ea3b5d40a41014c4900b0a0584fd31b20e3539f0,1121ee10f030be119d0930fe518d63aedd8cf65167627c7f66f1a7ffffd9d134,stage1_verified_reuse,1.1720590342455939,40899,1609596,2235406,0,1609596,616126,289,,,,,,34895,1609596,2235406,0,1609596,616126,289,85,462,377344,1241818,0.23304894754200012
case_056,1,7355144407cb6625ff18a853daf1c1966f13bef12d0b903a1f604f5ab1eb5919,fda213426382a3810afd172eadc10b9221330b906888537cb13b16369be3369d,stage1_verified_reuse,1.0,277285,0,221600,0,0,0,0,,,,,,277285,0,221600,0,0,0,0,0,221,0,221526,0.0
case_056,2,1ffce20cee1243c2c2d0e561a62419d3136e6b00f09b3387bddf7f2fce468704,fda213426382a3810afd172eadc10b9221330b906888537cb13b16369be3369d,stage1_verified_reuse,1.0,188576,1385798,1607398,0,1385798,683152,747,,,,,,188576,1385798,1607398,0,1385798,683152,747,22,968,19494,904678,0.02109347610617937
case_056,3,81a50e000027c1840653367c4f035a651f695d9f269953ae2639b0e0f7acb499,fda213426382a3810afd172eadc10b9221330b906888537cb13b16369be3369d,stage1_verified_reuse,1.0,150152,1740710,1962310,0,1740710,851646,959,,,,,,150152,1740710,1962310,0,1740710,851646,959,103,1116,89196,1021394,0.08031406729756256
case_056,4,e05b0cf98d296be056831da6b518e7e718229498f6eaff0d3a11ded44ea2d08a,fda213426382a3810afd172eadc10b9221330b906888537cb13b16369be3369d,stage1_verified_reuse,1.0007181993188212,135157,2273974,2495574,0,2273974,1100868,1135,,,,,,135060,2273974,2495574,0,2273974,1100868,1135,186,1239,167664,1226968,0.1202209615152958
case_056,5,68a31619696a1f38b8d82d5aae744f2202f12d21f08e586c9578f1d5ca1116ca,fda213426382a3810afd172eadc10b9221330b906888537cb13b16369be3369d,stage1_verified_reuse,1.0007181993188212,135157,2273974,2495574,0,2273974,1100868,1135,,,,,,135060,2273974,2495574,0,2273974,1100868,1135,186,1239,167664,1226968,0.1202209615152958
case_057,1,2c4423f6c876f78c022c3d94f14a2ec636aed690a97260d808c7dd1ebd3c651e,89778038db7db919a13c5885aa555c8ae054a3f43845c73fe346b6123d12a525,stage1_verified_reuse,1.0,59726,94216,436676,94216,0,0,0,,,,,,59726,94216,436676,94216,0,0,0,23,129,94208,336592,0.21868152274837513
case_057,2,7d65794e8413860dd2aa24a32aab0bc22b99e917d72dc6caa2ee321408408ab3,89778038db7db919a13c5885aa555c8ae054a3f43845c73fe346b6123d12a525,stage1_verified_reuse,1.0,31115,722184,1064644,0,722184,256644,119,,,,,,31115,722184,1064644,0,722184,256644,119,53,246,208896,593232,0.26042726347914547
case_057,3,308888b2080bc4ec669c7b33b5257adeff08c5e874b3b6e0a23d763a57e50675,89778038db7db919a13c5885aa555c8ae054a3f43845c73fe346b6123d12a525,stage1_verified_reuse,1.0,21456,671212,1013672,0,671212,255606,120,,,,,,21456,671212,1013672,0,671212,255606,120,48,246,160002,592192,0.2127137414018192
case_057,4,05a04bcd4af873630f88cdb76d3c4af74c3fb2757e455ca964148a4e278b26d5,89778038db7db919a13c5885aa555c8ae054a3f43845c73fe346b6123d12a525,stage1_verified_reuse,1.0278563263341556,17084,565496,907956,0,565496,222332,94,,,,,,16621,565496,907956,0,565496,222332,94,32,221,116738,563014,0.17173616260047783
case_057,5,6c300683d8c675c172cc6780dc4fdaa6fa1e050ab5af0c3e32429db93bad2b55,89778038db7db919a13c5885aa555c8ae054a3f43845c73fe346b6123d12a525,stage1_verified_reuse,1.0278563263341556,17084,565496,907956,0,565496,222332,94,,,,,,16621,565496,907956,0,565496,222332,94,32,221,116738,563014,0.17173616260047783
case_058,1,a38a496ab67cfc079e5e35f0a019de892e18ee2a1e3c5c60acea35545ae93189,95027788c05772259091802889106c7104efdecdaaabd002ed11a87f8f2f209d,stage1_verified_reuse,1.0,4539717,28696576,36364288,28696576,0,0,0,,,,,,4539717,28696576,36364288,28696576,0,0,0,0,8062,0,35319808,0.0
case_058,2,c130ac4ed2c81328b645b4157024200841f3667d3ff631a84dff390166574eb5,95027788c05772259091802889106c7104efdecdaaabd002ed11a87f8f2f209d,stage1_verified_reuse,1.0008672427163872,3633043,116219904,123887616,65036288,51183616,25591808,6248,,,,,,3629895,116219904,123887616,65036288,51183616,25591808,6248,302,15091,1605632,64233472,0.02438720915764589
case_058,3,1e18dfc991679eb3d4950a6c753b3221e38c2abac280e47da546f3955979e8bb,95027788c05772259091802889106c7104efdecdaaabd002ed11a87f8f2f209d,stage1_verified_reuse,1.0,1506765,29749248,37416960,25153536,4595712,0,0,,,,,,1506765,29749248,37416960,25153536,4595712,0,0,0,8253,0,36372480,0.0
case_058,4,79f4fdd282f4d91de889b10c5d3391b49da6a76315fa46b618182978d2b78471,95027788c05772259091802889106c7104efdecdaaabd002ed11a87f8f2f209d,stage1_verified_reuse,1.0,1506765,29749248,37416960,25153536,4595712,0,0,,,,,,1506765,29749248,37416960,25153536,4595712,0,0,0,8253,0,36372480,0.0
case_058,5,4158c95a786f184989e447f45fb232fdf340e0a1a2a32711d9871c0cb36f9a7a,95027788c05772259091802889106c7104efdecdaaabd002ed11a87f8f2f209d,stage1_verified_reuse,1.0,915736,30818304,38486016,21626880,9191424,0,0,,,,,,915736,30818304,38486016,21626880,9191424,0,0,0,8448,0,37441536,0.0
case_059,1,195a633562363c88b80ad7c2e4fe2a1785941603a05262e519452f9a1bc3f6cf,50b062952359dc9aa22880856093e8ec7a69c66d358607de49fd5f559ac232e9,stage1_verified_reuse,1.0165882701871956,829473,1691648,3035136,1691648,0,0,0,,,,,,815938,1691648,3035136,1691648,0,0,0,413,352,1691648,1081344,0.6100443131462334
case_059,2,7e674e0d3034da62621a26c6f6c625cbf9015460ba9e92b296b7754ace920079,50b062952359dc9aa22880856093e8ec7a69c66d358607de49fd5f559ac232e9,stage1_verified_reuse,1.0258495653612905,421538,2072576,3416064,1351680,720896,0,0,,,,,,410916,2072576,3416064,1351680,720896,0,0,330,528,1351680,1802240,0.42857142857142855
case_059,3,574d85c1bc047fcb0cab84a8dd767d329032de5f6d237b3b0b7ea6b254472f09,50b062952359dc9aa22880856093e8ec7a69c66d358607de49fd5f559ac232e9,stage1_verified_reuse,1.0,351835,9920512,11264000,1703936,8216576,4108288,1003,,,,,,351835,9920512,11264000,1703936,8216576,4108288,1003,0,1563,0,6041600,0.0
case_059,4,f60ba7b523d5bc1970239d48dba0faa163eccd328256e2c2a9f75d049007301e,50b062952359dc9aa22880856093e8ec7a69c66d358607de49fd5f559ac232e9,stage1_verified_reuse,1.0,185216,1081344,2424832,0,1081344,0,0,,,,,,185216,1081344,2424832,0,1081344,0,0,0,704,0,2162688,0.0
case_059,5,657b9a47a4510e866abaaa77d6e59877ab3228fa8ce3052694d8dee2acc659d6,50b062952359dc9aa22880856093e8ec7a69c66d358607de49fd5f559ac232e9,stage1_verified_reuse,1.0,185216,1081344,2424832,0,1081344,0,0,,,,,,185216,1081344,2424832,0,1081344,0,0,0,704,0,2162688,0.0
case_060,1,d25f48fa82c8cb2bb3b332205dd2448506d5dcd85391ed5aeff6c8ae79636c18,29889cfaea8c831c2620d19191abf871694e61d4850ced26a9710847096c1e96,stage1_verified_reuse,1.001112862003985,888789,2068520,4167526,2068520,0,0,0,,,,,,887801,2068520,4167526,2068520,0,0,0,631,803,1763336,2403896,0.4231432279268349
case_060,2,9ba02a0850bfb7343bac4509fa80f187f4042760cadf7c1825d923798578df68,29889cfaea8c831c2620d19191abf871694e61d4850ced26a9710847096c1e96,stage1_verified_reuse,1.000573640367511,525020,3210298,5309304,1551406,1658892,278534,94,,,,,,524719,3210298,5309304,1551406,1658892,278534,94,415,1224,1246214,3553858,0.2596240223063321
case_060,3,d86188aa289c48a32b5d1915bd62bbf2a43c9af29b98d2f676dd4d38bf7b5c89,29889cfaea8c831c2620d19191abf871694e61d4850ced26a9710847096c1e96,stage1_verified_reuse,1.000121610686773,427646,3937368,6036374,1801296,2136072,307204,94,,,,,,427594,3937368,6036374,1801296,2136072,307204,94,703,1142,2044944,3423820,0.37393165987780785
case_060,4,ea8e3a0428dcfddfacdf430b056550cdf322642b9266961593cb45b6092ad860,29889cfaea8c831c2620d19191abf871694e61d4850ced26a9710847096c1e96,stage1_verified_reuse,1.0001977564672098,348983,14168036,16267042,675904,13492132,6442962,2003,,,,,,348914,14168036,16267042,675904,13492132,6442962,2003,27,2809,212992,9446938,0.022049021059158815
case_060,5,235bd7864a828f22d97f05a2f0eba8322ef30cff60acba59951198694c3cccb7,29889cfaea8c831c2620d19191abf871694e61d4850ced26a9710847096c1e96,stage1_verified_reuse,1.0017262984766804,306965,4418640,6517646,332812,4085828,434204,154,,,,,,306436,4418640,6517646,332812,4085828,434204,154,777,1265,2262028,3779146,0.3744351677339537
case_061,1,cba797eaafca9c3f1de1d713316b8d86836a0782c649a5d5709688be1562f445,5da175170152a6beab3dcbda84a0910f72b079091c2ad1fdd489aaf5e31fcaf3,stage1_verified_reuse,1.0,77191,0,544188,0,0,0,0,,,,,,77191,0,544188,0,0,0,0,0,259,0,544036,0.0
case_061,2,e4ab553b60c0e9b860804bfb7ee628f2e9e755705b5c10643acf28987912608c,5da175170152a6beab3dcbda84a0910f72b079091c2ad1fdd489aaf5e31fcaf3,stage1_verified_reuse,1.0020702621627902,47435,582112,1126300,0,582112,253168,186,,,,,,47337,582112,1126300,0,582112,253168,186,25,445,75776,797204,0.08680153039015785
case_061,3,a21856e66813701ac84be68dbece0fb5a39f0e6d4f999fdc4017af6f64950957,5da175170152a6beab3dcbda84a0910f72b079091c2ad1fdd489aaf5e31fcaf3,stage1_verified_reuse,1.0159907998138058,37105,991376,1535564,0,991376,434888,262,,,,,,36521,991376,1535564,0,991376,434888,262,62,521,121600,978924,0.11049281978403015
case_061,4,a6505700170f3a9735fac4d8442c925ff21428b2714cae47963748e640ec3b9a,5da175170152a6beab3dcbda84a0910f72b079091c2ad1fdd489aaf5e31fcaf3,stage1_verified_reuse,1.0690914917481174,33361,1037776,1581964,0,1037776,444776,282,,,,,,31205,1037776,1581964,0,1037776,444776,282,66,541,148224,988812,0.130359988601944
case_061,5,3a7d26a5411c6d94f1e84f13112bf19967d6df370569d3503d515b6af1a6b1d9,5da175170152a6beab3dcbda84a0910f72b079091c2ad1fdd489aaf5e31fcaf3,stage1_verified_reuse,1.074480237605666,32921,994572,1538760,0,994572,428294,283,,,,,,30639,994572,1538760,0,994572,428294,283,65,543,136960,973354,0.12335249307853455
case_062,1,0058b0b0a1310dc2400dc166519f401b1beb42c5139f8d5d11c82d707a3088da,fa99943eab55b174047687337a4bcd81c3967e052e22eaabf3fb7740914df2b4,stage1_verified_reuse,1.0,2854809,0,13401600,0,0,0,0,,,,,,2854809,0,13401600,0,0,0,0,0,4362,0,13400064,0.0
case_062,2,077c560536bed826b9b55a5368f653896f9ae27ea1c3f01f1c833fe2653e811c,fa99943eab55b174047687337a4bcd81c3967e052e22eaabf3fb7740914df2b4,stage1_verified_reuse,1.0,1784824,89088,13490688,0,89088,44544,29,,,,,,1784824,89088,13490688,0,89088,44544,29,0,4391,0,13444608,0.0
case_062,3,81bf08f5eb4910146127dc0f67463cdbbc71da5fc8a90085bf6ed3177f85d208,fa99943eab55b174047687337a4bcd81c3967e052e22eaabf3fb7740914df2b4,stage1_verified_reuse,1.0,1189955,167424,13569024,0,167424,81408,53,,,,,,1189955,167424,13569024,0,167424,81408,53,0,4416,0,13486080,0.0
case_062,4,26fa0c2dd8592fdf2b280872aa13caf7709c1a009923a428517357eaa393ea23,fa99943eab55b174047687337a4bcd81c3967e052e22eaabf3fb7740914df2b4,stage1_verified_reuse,1.0,892782,330240,13731840,0,330240,139776,91,,,,,,892782,330240,13731840,0,330240,139776,91,2,4462,9216,13581312,0.000678119349005425
case_062,5,2b479d3577e9fddc029b649bd432e4bc4f83d440e0ef970b780761f7b7da04db,fa99943eab55b174047687337a4bcd81c3967e052e22eaabf3fb7740914df2b4,stage1_verified_reuse,1.0,715381,419328,13820928,0,419328,175104,114,,,,,,715381,419328,13820928,0,419328,175104,114,3,4488,13824,13630464,0.0010131712259371835
case_063,1,2e9f6e5c6ad286a9ccd480a1b0c777a45fe34b171855633bb43d327ee48bdec9,511c05c1ec9c19bb3cc108e173a46e7952b92fca9b1ac21728c43713056d429d,stage1_verified_reuse,1.0,1070397,0,5021184,0,0,0,0,,,,,,1070397,0,5021184,0,0,0,0,0,1634,0,5019648,0.0
case_063,2,f52f9e06214392b7ddd20fa6d555dc020762ed7716941ba52fbdd1d4f89e945c,511c05c1ec9c19bb3cc108e173a46e7952b92fca9b1ac21728c43713056d429d,stage1_verified_reuse,1.0,663139,26102784,31123968,11045376,15057408,5646336,3676,,,,,,663139,26102784,31123968,11045376,15057408,5646336,3676,0,8859,0,23932416,0.0
case_063,3,f4f4c560f75186b8d53859d67c9f7e30f126b8c9789fdc4ec88f831c181a866f,511c05c1ec9c19bb3cc108e173a46e7952b92fca9b1ac21728c43713056d429d,stage1_verified_reuse,1.0,446447,201216,5222400,0,201216,84480,55,,,,,,446447,201216,5222400,0,201216,84480,55,3,1693,13824,5122560,0.0026913875598086126
case_063,4,4a5b5fffc1a48c983933b3d212aa4248bc3288d401f2f427450cbf81bfd5535f,511c05c1ec9c19bb3cc108e173a46e7952b92fca9b1ac21728c43713056d429d,stage1_verified_reuse,1.0,335694,278016,5299200,0,278016,113664,74,,,,,,335694,278016,5299200,0,278016,113664,74,3,1716,13824,5170176,0.0026666666666666666
case_063,5,fbcf6c9b3b703c30c7b38ccdc30f213e2746e7a51af7b513b0244a5359743244,511c05c1ec9c19bb3cc108e173a46e7952b92fca9b1ac21728c43713056d429d,stage1_verified_reuse,1.0,266761,287232,5308416,0,287232,136704,89,,,,,,266761,287232,5308416,0,287232,136704,89,0,1726,0,5170176,0.0
case_064,1,8e255667637d48dc008148e4b6ee94f9f40ae6b096eb559a555827f5c82c0b70,871f65b73fc1da6a48501998fbfde6684fc78e5dd022ddc68085d1384d2e2280,stage1_verified_reuse,1.0,19116,0,37414,0,0,0,0,,,,,,19116,0,37414,0,0,0,0,0,62,0,35622,0.0
case_064,2,9341916972bab8cefb916e11070308b88e412135e6da98ca89704380369754e3,871f65b73fc1da6a48501998fbfde6684fc78e5dd022ddc68085d1384d2e2280,stage1_verified_reuse,1.0002810370266282,14237,63430,100844,0,63430,28368,93,,,,,,14233,63430,100844,0,63430,28368,93,13,155,6694,63990,0.09470318601097844
case_064,3,da37e3ac1a4e4e9a902194b5cc2fa4d13220d18f94b55d1ed28f73f4acad1f47,871f65b73fc1da6a48501998fbfde6684fc78e5dd022ddc68085d1384d2e2280,stage1_verified_reuse,1.0,12510,64330,101744,0,64330,26880,82,,,,,,12510,64330,101744,0,64330,26880,82,30,135,14922,58150,0.20420954674841252
case_064,4,cc1121bc2a4f5a108603d32553a2d9215cab2bed76a7abfa1c84e686ca3c3319,871f65b73fc1da6a48501998fbfde6684fc78e5dd022ddc68085d1384d2e2280,stage1_verified_reuse,1.0,11821,97742,135156,0,97742,43072,151,,,,,,11821,97742,135156,0,97742,43072,151,41,196,14542,75750,0.16105524298941212
case_064,5,976eb3e70c1acfcc2bd91f01b97cef33de8b4e60a786baebc8b02622e586694f,871f65b73fc1da6a48501998fbfde6684fc78e5dd022ddc68085d1384d2e2280,stage1_verified_reuse,1.0,11821,97742,135156,0,97742,43072,151,,,,,,11821,97742,135156,0,97742,43072,151,41,196,14542,75750,0.16105524298941212
case_065,1,462655786e4d45971797edaace468c25751908e507fc4c24313fcc47205031f2,23342b7c3e75f58cec3d0bdaff89bf8d6f18de4930d35ec2ceade91670f0a400,stage1_verified_reuse,1.0,53068,0,316202,0,0,0,0,,,,,,53068,0,316202,0,0,0,0,0,153,0,299720,0.0
case_065,2,a7ef2cacb2116e728c764a906a889351044899d71be399627e337ebf9074cbbf,23342b7c3e75f58cec3d0bdaff89bf8d6f18de4930d35ec2ceade91670f0a400,stage1_verified_reuse,1.0157921899191467,29524,774986,1091188,0,774986,359586,192,,,,,,29065,774986,1091188,0,774986,359586,192,26,345,55814,659306,0.07804843942275422
case_065,3,85e4200da07982cb320075e424cb6dbd49611f15cb8e045bbe284b5a3adb7264,23342b7c3e75f58cec3d0bdaff89bf8d6f18de4930d35ec2ceade91670f0a400,stage1_verified_reuse,1.0092691449092497,20797,583416,899618,0,583416,251768,139,,,,,,20606,583416,899618,0,583416,251768,139,36,293,75272,556096,0.1192204863090939
case_065,4,b0c21874d3fddc6f1f9f9bd37c1071f9690133551c0f800f4f9d7d35059e0d00,23342b7c3e75f58cec3d0bdaff89bf8d6f18de4930d35ec2ceade91670f0a400,stage1_verified_reuse,1.0680340730777853,19058,651774,967976,0,651774,269820,138,,,,,,17844,651774,967976,0,651774,269820,138,41,292,102920,578754,0.15098126083729171
case_065,5,6068f64ed5dba9d63e7aa844fe18753ce38c82f4d117700a2775427155eae9e6,23342b7c3e75f58cec3d0bdaff89bf8d6f18de4930d35ec2ceade91670f0a400,stage1_verified_reuse,1.0680340730777853,19058,651774,967976,0,651774,269820,138,,,,,,17844,651774,967976,0,651774,269820,138,41,292,102920,578754,0.15098126083729171
case_066,1,6cc57264c628daf6a00c579335d674f65bd9bc44d5521949cf85c18b3590ace4,30e61f8760d7d595b0fc4ad76262b179c72509a0cb5b2be72333ebd9b926b465,stage1_verified_reuse,1.0,359070,0,1107034,0,0,0,0,,,,,,359070,0,1107034,0,0,0,0,0,181,0,1027116,0.0
case_066,2,cdfec9dec6b47b01b10785fca5a9b1b4938e9812478c7f1e6a37b4b9205f4318,30e61f8760d7d595b0fc4ad76262b179c72509a0cb5b2be72333ebd9b926b465,stage1_verified_reuse,1.0,185656,978376,2085410,0,978376,393856,402,,,,,,185656,978376,2085410,0,978376,393856,402,16,584,190662,1420974,0.11830338860636025
case_066,3,d6e2e90cb3ac3c8dff65c009f188c2a1d289aab9e49ba0276ac7fea4e995d6cc,30e61f8760d7d595b0fc4ad76262b179c72509a0cb5b2be72333ebd9b926b465,stage1_verified_reuse,1.0001208623528879,132398,1312626,2419660,0,1312626,464210,489,,,,,,132382,1312626,2419660,0,1312626,464210,489,59,642,447884,1427648,0.23880371009398932
case_066,4,8be4e11e3db14d7bf6fcadaea543b2cba06884c908efe6f9190cbd3ca963f1d1,30e61f8760d7d595b0fc4ad76262b179c72509a0cb5b2be72333ebd9b926b465,stage1_verified_reuse,1.0061428906800218,102860,2703412,3810446,0,2703412,967926,1146,,,,,,102232,2703412,3810446,0,2703412,967926,1146,186,1257,622852,2139750,0.22545846271015513
case_066,5,eed18cc5f90ceb33e08fb8e1bacf172928474ed2e74cd8ed382cbfe454c49284,30e61f8760d7d595b0fc4ad76262b179c72509a0cb5b2be72333ebd9b926b465,stage1_verified_reuse,1.0244699627394156,94032,2718832,3825866,0,2718832,921064,1045,,,,,,91786,2718832,3825866,0,2718832,921064,1045,215,1165,597356,2227528,0.21146213437436723
case_067,1,7e1066d4c23ce36241e0ef0b25bf2d814fcd59851bebdae8830017511176f488,f49b5087689e18c6bf231843f8f3bbaca238a547ea5309b2492c76d5f170b542,stage1_verified_reuse,1.0,63834834,264449408,270497536,264449408,0,0,0,,,,,,63834834,264449408,270497536,264449408,0,0,0,0,3881,0,267185920,0.0
case_067,2,f2faab65d2db28133c84b1eb5051b3ed9c4c97f3df13249e367026cef63518dc,f49b5087689e18c6bf231843f8f3bbaca238a547ea5309b2492c76d5f170b542,stage1_verified_reuse,0.9925875303377804,31892152,260989568,267037696,250288384,10701184,3489792,710,,,,,,32130317,260989568,267037696,250288384,10701184,3489792,710,676,2282,64469248,196890368,0.24666874319252138
case_067,3,789576b58f948daa116c5b37af53ea3cdbd56934e959d2bb32dc9379102ecd21,f49b5087689e18c6bf231843f8f3bbaca238a547ea5309b2492c76d5f170b542,stage1_verified_reuse,1.0084762357498676,21738388,218084096,224132224,203806720,14277376,3417088,781,,,,,,21555677,218084096,224132224,203806720,14277376,3417088,781,424,1712,86531072,131166336,0.3974832442653612
case_067,4,5a80b899fc3e49347427446f83802ec395ad3985f0f0b33c03795d06479150c5,f49b5087689e18c6bf231843f8f3bbaca238a547ea5309b2492c76d5f170b542,stage1_verified_reuse,1.0369875492525567,16654103,219229312,225277440,198338560,20890752,4862976,993,,,,,,16060080,219229312,225277440,198338560,20890752,4862976,993,614,1620,129670912,88911616,0.5932354849514779
case_067,5,8dfc4304e8ff7b945240d73e329013baf35394010911818cd441a2e5e86c8d37,f49b5087689e18c6bf231843f8f3bbaca238a547ea5309b2492c76d5f170b542,stage1_verified_reuse,1.052084159968046,13549289,210654720,216702848,179822592,30832128,7972864,1033,,,,,,12878522,210654720,216702848,179822592,30832128,7972864,1033,617,1736,143226880,63049600,0.6943442121952051
case_068,1,0a7c7b63e8a12964e4e020363366b8c87e6f80b097ed19bca06d80fb49aae469,dfd9a58ef9d26a8a4567026b50af8b4499d87eebb3d98f8208b909b11e963c6d,stage1_verified_reuse,1.0,362095,0,2771250,0,0,0,0,,,,,,362095,0,2771250,0,0,0,0,0,407,0,2739974,0.0
case_068,2,3ba96ded5bb66e32d240dbe2b13ec8ebc981ece3a9c4b51912c4561ccb26ca44,dfd9a58ef9d26a8a4567026b50af8b4499d87eebb3d98f8208b909b11e963c6d,stage1_verified_reuse,1.0006768056733972,204037,1672660,4443910,34316,1638344,463584,388,,,,,,203899,1672660,4443910,34316,1638344,463584,388,71,815,533002,3410668,0.13515380343690014
case_068,3,4292b9f2999574798bcfb2a4c8b022bcb20dd26b260f239b447278c6ab9fa03a,dfd9a58ef9d26a8a4567026b50af8b4499d87eebb3d98f8208b909b11e963c6d,stage1_verified_reuse,1.0040142594268293,165324,2613640,5384890,0,2613640,622520,544,,,,,,164663,2613640,5384890,0,2613640,622520,544,174,948,1224524,3506570,0.2588247031236327
case_068,4,be88ba8714c3c88d61d33dd233938a0c03dc0b13aeeb37ab7bcdeabd7e0632aa,dfd9a58ef9d26a8a4567026b50af8b4499d87eebb3d98f8208b909b11e963c6d,stage1_verified_reuse,1.010169839246201,137870,2496122,5267372,0,2496122,547124,574,,,,,,136482,2496122,5267372,0,2496122,547124,574,191,924,846282,3842690,0.1804834833733279
case_068,5,3caf43af113aae97d0ab1e1d4076ab5eeb2379fd5a13274fdeffabbdac338a81,dfd9a58ef9d26a8a4567026b50af8b4499d87eebb3d98f8208b909b11e963c6d,stage1_verified_reuse,1.010169839246201,137870,2496122,5267372,0,2496122,547124,574,,,,,,136482,2496122,5267372,0,2496122,547124,574,191,924,846282,3842690,0.1804834833733279
case_069,1,9a4617c063a728654291de0a0ccbe2c26b0a04bb90eb8f4f99f56e9018790af7,9632392d98cfc04291ba0546accf1f4c3ede8ff71befd3cd0ae67caf27659e52,stage1_verified_reuse,1.0,25144,0,126054,0,0,0,0,,,,,,25144,0,126054,0,0,0,0,0,36,0,113766,0.0
case_069,2,ad518af612e9b65cae56606e8b92a5993fe4f74e917ff4d025f545b222627194,9632392d98cfc04291ba0546accf1f4c3ede8ff71befd3cd0ae67caf27659e52,stage1_verified_reuse,1.0003063162408872,16328,314726,440780,0,314726,140800,197,,,,,,16323,314726,440780,0,314726,140800,197,13,233,33126,254566,0.11514397341601434
case_069,3,0d0e74adc0aa8b7a390dee5bcb3581d701f0bf2fc1cb1dce91df40f2522976b1,9632392d98cfc04291ba0546accf1f4c3ede8ff71befd3cd0ae67caf27659e52,stage1_verified_reuse,1.0024745269286754,13774,309992,436046,0,309992,118848,124,,,,,,13740,309992,436046,0,309992,118848,124,28,151,82278,222632,0.2698435603948706
case_069,4,b59915956d170dd8c3dae9a147187d6a003bb4130c331fe1c7a68706bf77272d,9632392d98cfc04291ba0546accf1f4c3ede8ff71befd3cd0ae67caf27659e52,stage1_verified_reuse,1.0024745269286754,13774,309992,436046,0,309992,118848,124,,,,,,13740,309992,436046,0,309992,118848,124,28,151,82278,222632,0.2698435603948706
case_069,5,85a848c138c131671967c0b57abf413b66c174dce13ca72a20d1e096f90d71e0,9632392d98cfc04291ba0546accf1f4c3ede8ff71befd3cd0ae67caf27659e52,stage1_verified_reuse,1.0024745269286754,13774,309992,436046,0,309992,118848,124,,,,,,13740,309992,436046,0,309992,118848,124,28,151,82278,222632,0.2698435603948706
case_070,1,35503e8a606ef5a291c9918249aab3d458cd03475cbbc72620b0ae2c93d4de5d,b645c07133b0d98a63ab192cdfe8b35bdc089ad49eb5a8f1e476196344b97aa0,stage1_verified_reuse,1.0,117300,0,419964,0,0,0,0,,,,,,117300,0,419964,0,0,0,0,0,193,0,419858,0.0
case_070,2,73c5c3f98f2c08d611c75e0303099040225f9229eb1c11ff44d07666a603c302,b645c07133b0d98a63ab192cdfe8b35bdc089ad49eb5a8f1e476196344b97aa0,stage1_verified_reuse,1.0002916132042459,68604,950774,1370738,0,950774,414714,224,,,,,,68584,950774,1370738,0,950774,414714,224,38,417,121346,834572,0.12694185066083075
case_070,3,15e668a6d2ea2de1c609090ec7fe15370c290d84405fcfbe6971282bb6dc1ea5,b645c07133b0d98a63ab192cdfe8b35bdc089ad49eb5a8f1e476196344b97aa0,stage1_verified_reuse,1.0154609742170686,46238,1167554,1587518,0,1167554,506590,263,,,,,,45534,1167554,1587518,0,1167554,506590,263,44,459,125702,955120,0.11630222182746094
case_070,4,3fa4ad55c81f7cc130199a4bd8b9518c556c92d937854ce2cfe93b8961181460,b645c07133b0d98a63ab192cdfe8b35bdc089ad49eb5a8f1e476196344b97aa0,stage1_verified_reuse,1.0298059799418877,43948,1569172,1989136,0,1569172,632968,288,,,,,,42676,1569172,1989136,0,1569172,632968,288,60,483,254084,1101978,0.18736901410112516
case_070,5,042728e15b57922ed34095cfc899572d8021dedf7d383010e982d6e5ddc453c8,b645c07133b0d98a63ab192cdfe8b35bdc089ad49eb5a8f1e476196344b97aa0,stage1_verified_reuse,1.059935745510086,40250,1619718,2039682,0,1619718,662336,333,,,,,,37974,1619718,2039682,0,1619718,662336,333,66,530,219270,1157970,0.15920972379541692
case_071,1,f82d04a4b9d570fa5e42fc7121974485d556bb64fcf661523a3561120b3e4572,437cc74cae9e0fc0cb89b05403c62062ceff8d5bc2224c8834c519e69524e897,stage1_verified_reuse,1.0,18919,0,121446,0,0,0,0,,,,,,18919,0,121446,0,0,0,0,0,35,0,111462,0.0
case_071,2,3355b1eb9638ca577283a4fc342a3927122d4d55297c91322103bc685ddc4535,437cc74cae9e0fc0cb89b05403c62062ceff8d5bc2224c8834c519e69524e897,stage1_verified_reuse,1.000381010439686,13128,197350,318796,0,197350,83264,109,,,,,,13123,197350,318796,0,197350,83264,109,11,145,21606,203942,0.09579335662475394
case_071,3,c5309f552e49b8b288662dbb55eb78e5a487dd2ea9e9dd2277d7cd284be72365,437cc74cae9e0fc0cb89b05403c62062ceff8d5bc2224c8834c519e69524e897,stage1_verified_reuse,1.0,10300,207624,329070,0,207624,69248,77,,,,,,10300,207624,329070,0,207624,69248,77,20,108,74118,175720,0.29666423842650036
case_071,4,35b6fdc054daaea2e3d4b0d6b607389fac2e2b4cced574162089355b7ab1022c,437cc74cae9e0fc0cb89b05403c62062ceff8d5bc2224c8834c519e69524e897,stage1_verified_reuse,1.0,10300,207624,329070,0,207624,69248,77,,,,,,10300,207624,329070,0,207624,69248,77,20,108,74118,175720,0.29666423842650036
case_071,5,8f470905cd7110442e3634b423e39fa21bfd6397102af40989c7d18d9b1f9545,437cc74cae9e0fc0cb89b05403c62062ceff8d5bc2224c8834c519e69524e897,stage1_verified_reuse,1.0,10300,207624,329070,0,207624,69248,77,,,,,,10300,207624,329070,0,207624,69248,77,20,108,74118,175720,0.29666423842650036
case_072,1,0fd024830f492dc03333049ae974ba60fec3388291f09ed82ca798f152e15c07,09ecc7be74ccdd06b00843fa6cd0696fb76ed623ca2ea3c9f36590450bc2749f,stage1_verified_reuse,1.000296014073393,23897828,108613680,119716864,108613680,0,0,0,,,,,,23890756,108613680,119716864,108613680,0,0,0,383,13766,3137536,116569150,0.026210198484652728
case_072,2,d6c4cebac99b7d2fa41eedb3fe01a8f460e958daa7b157c231762a5c65c33d06,09ecc7be74ccdd06b00843fa6cd0696fb76ed623ca2ea3c9f36590450bc2749f,stage1_verified_reuse,1.000597172816838,14399738,264586770,275689954,151244736,113342034,55620608,6896,,,,,,14391144,264586770,275689954,151244736,113342034,55620608,6896,551,19003,4513792,158776192,0.02764279773583663
case_072,3,083dc833d0812be06cea6fa3f72bf42df0c6874caa90de8c5ce205bf68f4565c,09ecc7be74ccdd06b00843fa6cd0696fb76ed623ca2ea3c9f36590450bc2749f,stage1_verified_reuse,1.0000142488570587,10386946,233970658,245073842,77101728,156868930,76336336,9449,,,,,,10386798,233970658,245073842,77101728,156868930,76336336,9449,33,15699,262792,131752968,0.001990610817981126
case_072,4,7953727c6cb3067a635aac750659e909a89c842807ad1926cc4692eea47a4c09,09ecc7be74ccdd06b00843fa6cd0696fb76ed623ca2ea3c9f36590450bc2749f,stage1_verified_reuse,1.0017248579309643,7596894,232963952,244067136,58858184,174105768,84957072,10489,,,,,,7583813,232963952,244067136,58858184,174105768,84957072,10489,41,15682,335872,131695310,0.002543883913725774
case_072,5,15702f4218a75997aad88edfbc575707bf3bfddf51d0ef2e27c2a5113b2fbc72,09ecc7be74ccdd06b00843fa6cd0696fb76ed623ca2ea3c9f36590450bc2749f,stage1_verified_reuse,1.0,7185795,229404840,240508024,48154928,181249912,88526000,10929,,,,,,7185795,229404840,240508024,48154928,181249912,88526000,10929,13,15520,106496,130250182,0.0008169585297348556
case_073,1,7116f5343d2950424bff808dabe9fc6e571b40be367cff74ab106678902556dd,aabaff04d990bac77150639be7f410acc46db644d19fd046367dc70725aea7f9,stage1_verified_reuse,1.0,10081626,141570432,145611520,141570432,0,0,0,,,,,,10081626,141570432,145611520,141570432,0,0,0,0,2120,0,145160448,0.0
case_073,2,5de389192bfdbc26b3ed6329b4fa2a8f5f88896fc985b1553c50a1eead64e782,aabaff04d990bac77150639be7f410acc46db644d19fd046367dc70725aea7f9,stage1_verified_reuse,1.0405953396349135,5343686,137847680,141888768,133167616,4680064,479232,390,,,,,,5135220,137847680,141888768,133167616,4680064,479232,390,331,1298,30872576,110272512,0.21872936874714335
case_073,3,b5d30887e189e66d82fcd4e3f28239c3ad40bc043d72016a1e2bf0388997bd70,aabaff04d990bac77150639be7f410acc46db644d19fd046367dc70725aea7f9,stage1_verified_reuse,1.0,4326521,137554688,141595776,130111488,7443200,0,0,,,,,,4326521,137554688,141595776,130111488,7443200,0,0,0,1482,0,140975232,0.0
case_073,4,87ce909489386392b00a78ed92d15dc5799c4436b580237cc9e621d5b2b966c8,aabaff04d990bac77150639be7f410acc46db644d19fd046367dc70725aea7f9,stage1_verified_reuse,1.2804609265203886,3456740,137723520,141764608,125764096,11959424,397312,350,,,,,,2699606,137723520,141764608,125764096,11959424,397312,350,646,1003,77585408,63450880,0.5501095434389198
case_073,5,4f73202a5f8242f7f3c54c98e3bf2b83d43be7c9245adad4b96108aa070bda59,aabaff04d990bac77150639be7f410acc46db644d19fd046367dc70725aea7f9,stage1_verified_reuse,1.1388425298208924,3186716,119359488,123400576,103353344,16006144,559872,420,,,,,,2798206,119359488,123400576,103353344,16006144,559872,420,231,1027,28644864,93941376,0.23367112002130092
case_074,1,50162acfddc34ebe39d098811889ed0570e5908c33bafc78408aecfd4cd049d5,a8a94915cbac32e098d7c54cfc73af8ea2050eb51199b949a92cfe18ae62162e,stage1_verified_reuse,1.002454532452983,1682239,6070280,9847008,6070280,0,0,0,,,,,,1678120,6070280,9847008,6070280,0,0,0,214,1214,1642496,8204316,0.16680485013829857
case_074,2,14b65368af516fcbfcd3d252215b1c385316d61b907c156e9ebbb6786da52df0,a8a94915cbac32e098d7c54cfc73af8ea2050eb51199b949a92cfe18ae62162e,stage1_verified_reuse,1.0006098391711378,925398,15892720,19669448,8626212,7266508,3506278,809,,,,,,924834,15892720,19669448,8626212,7266508,3506278,809,73,2483,462848,12791952,0.03491927452696382
case_074,3,1e51e23215e78fb4f48acf0fcbc6797dccfb4d2d00bbd07deaa443e0fb3dd39c,a8a94915cbac32e098d7c54cfc73af8ea2050eb51199b949a92cfe18ae62162e,stage1_verified_reuse,1.0,666888,13246672,17023400,3186688,10059984,4882536,1105,,,,,,666888,13246672,17023400,3186688,10059984,4882536,1105,0,2069,0,10563712,0.0
case_074,4,da66f6bc0080f53e7bdf499db374090c03d113cb55953826535edf61d6d24925,a8a94915cbac32e098d7c54cfc73af8ea2050eb51199b949a92cfe18ae62162e,stage1_verified_reuse,1.0,527458,13979860,17756588,2895892,11083968,5406816,1223,,,,,,527458,13979860,17756588,2895892,11083968,5406816,1223,8,2171,40960,10940546,0.0037299073551478276
case_074,5,0b91ddb6a6d8e121b59151ef03aa95d2ba35ff6646003761b17a27ea8df3e082,a8a94915cbac32e098d7c54cfc73af8ea2050eb51199b949a92cfe18ae62162e,stage1_verified_reuse,1.0,431365,11837664,15614392,327720,11509944,5611612,1275,,,,,,431365,11837664,15614392,327720,11509944,5611612,1275,6,1909,49152,9830536,0.004975055892453284
case_075,1,ed02a53377dab05accf5e971d7e7d48b35e69d472a4f2ad4c4ff128b3c91a4fc,5c24beddea6d09e1df3c8f8843d3593b90affb117ba38450fa9bea8a8db3351c,stage1_verified_reuse,1.0,1441809,0,1837190,0,0,0,0,,,,,,1441809,0,1837190,0,0,0,0,0,269,0,1819782,0.0
case_075,2,f33d71630647ecb1220b0ede618dc572edea49840d1101cfd0f0d17814328228,5c24beddea6d09e1df3c8f8843d3593b90affb117ba38450fa9bea8a8db3351c,stage1_verified_reuse,1.0,992854,1565828,3403018,0,1565828,590336,351,,,,,,992854,1565828,3403018,0,1565828,590336,351,55,620,385156,2410118,0.1377882812203741
case_075,3,80f3d9b9b31bdb3721351e2a789947d98127f327089c68580aadf2446a87d937,5c24beddea6d09e1df3c8f8843d3593b90affb117ba38450fa9bea8a8db3351c,stage1_verified_reuse,1.0,933924,2435912,4273102,0,2435912,836384,568,,,,,,933924,2435912,4273102,0,2435912,836384,568,179,767,859016,2560294,0.25122495474233103
case_075,4,0cdeac9cbd98eb77a2c92e77926d6e13848dca883ec4d406be95a81e3ad40097,5c24beddea6d09e1df3c8f8843d3593b90affb117ba38450fa9bea8a8db3351c,stage1_verified_reuse,1.0,800301,3475468,5312658,0,3475468,1166208,679,,,,,,800301,3475468,5312658,0,3475468,1166208,679,298,811,1345164,2783878,0.32578113761012845
case_075,5,16c2eab9bcd0f2d4fbd9e1e6b1afda59c479b453160473564dcaf0a76c61a622,5c24beddea6d09e1df3c8f8843d3593b90affb117ba38450fa9bea8a8db3351c,stage1_verified_reuse,1.0,751559,3953872,5791062,0,3953872,1404832,886,,,,,,751559,3953872,5791062,0,3953872,1404832,886,437,883,1474320,2894502,0.33746396625909686
case_076,1,42404e20f9ca22bd1c4f6e9e730238514cfe0cca06eedc8cf026a94f7359be29,543a082b17fe8de0dbab92b19f27335e4c8d1db389f75251378f1f4704368307,stage1_verified_reuse,1.0003258884138664,6185113,28280832,32551506,28280832,0,0,0,,,,,,6183098,28280832,32551506,28280832,0,0,0,1627,10912,4347904,28201984,0.13357661937269952
case_076,2,d607a174a2e96d11789827960d5d7f454a18875110b0804d8d0efc724a0e23dd,543a082b17fe8de0dbab92b19f27335e4c8d1db389f75251378f1f4704368307,stage1_verified_reuse,1.0003440542886726,4590971,48705536,52976210,33354752,15350784,6918144,2252,,,,,,4589392,48705536,52976210,33354752,15350784,6918144,2252,1202,10957,3074048,30789632,0.09077713940127004
case_076,3,6bbe27f7dfcba752b4fee9a965bcac0aff02accd7c7cbb3aca2a306c2a180b80,543a082b17fe8de0dbab92b19f27335e4c8d1db389f75251378f1f4704368307,stage1_verified_reuse,1.0013106509270078,3605984,49486856,53757530,22636544,26850312,10902532,3551,,,,,,3601264,49486856,53757530,22636544,26850312,10902532,3551,1796,10912,4664320,30521348,0.1325630651661921
case_076,4,630dcb01a8ef899fa307602cae12683fc92b9019c07f905e9b265b47ff523c41,543a082b17fe8de0dbab92b19f27335e4c8d1db389f75251378f1f4704368307,stage1_verified_reuse,1.0007230358711159,3094752,136957952,141228626,31164416,105793536,52825088,17217,,,,,,3092516,136957952,141228626,31164416,105793536,52825088,17217,71,24086,219136,72782848,0.0030017814310361757
case_076,5,624d8e439097115ba9bc389abf25f39626e4a8dcc8e58cdf3d8cbd1823123538,543a082b17fe8de0dbab92b19f27335e4c8d1db389f75251378f1f4704368307,stage1_verified_reuse,1.012714643174476,2219114,51168260,55438934,13206528,37961732,14057474,4577,,,,,,2191253,51168260,55438934,13206528,37961732,14057474,4577,2235,11144,5834752,31130626,0.15784369904184398
case_077,1,954c5ccc3c2558a22a3b7ade097361d59c996622f923a3e2857ebf856764000f,b14c3c29f9427de1db1d12c6ebf5d15914a99299298d20a908d97285947e67b6,stage1_verified_reuse,1.0,495320,0,2141360,0,0,0,0,,,,,,495320,0,2141360,0,0,0,0,0,336,0,2141260,0.0
case_077,2,3f41e7428de1f00dac06cd3ba39fc767cee0f3099b7a97ffc1e514ee5bc93346,b14c3c29f9427de1db1d12c6ebf5d15914a99299298d20a908d97285947e67b6,stage1_verified_reuse,1.0013367986048436,295128,2266538,4407898,0,2266538,1020946,314,,,,,,294734,2266538,4407898,0,2266538,1020946,314,30,673,130820,3256032,0.03862583897967788
case_077,3,73929dfc8b2cf71e5f5116e44f01538f3c6616d0b1b34b5cb447877b89b090fe,b14c3c29f9427de1db1d12c6ebf5d15914a99299298d20a908d97285947e67b6,stage1_verified_reuse,1.0,218216,3015054,5156414,0,3015054,1304322,428,,,,,,218216,3015054,5156414,0,3015054,1304322,428,89,760,330774,3521218,0.08587089485128734
case_077,4,28a06e014c6893ffe616b14509a7875ac522f771a210144b5b9ff675b05de114,b14c3c29f9427de1db1d12c6ebf5d15914a99299298d20a908d97285947e67b6,stage1_verified_reuse,1.0031593992126577,160028,3598066,5739426,0,3598066,1586416,551,,,,,,159524,3598066,5739426,0,3598066,1586416,551,161,828,426814,3726096,0.10277468088641459
case_077,5,77df69e86a52cb73ffaa5d12a781a3ff25c1812f97e6c86afe187d877fc21ee0,b14c3c29f9427de1db1d12c6ebf5d15914a99299298d20a908d97285947e67b6,stage1_verified_reuse,1.0060514264076532,140814,3614258,5755618,0,3614258,1585104,541,,,,,,139967,3614258,5755618,0,3614258,1585104,541,150,830,386878,3783536,0.09276728881113482
case_078,1,7395af0f84e8df20ccc8d47ee4ad7a012b77bbb4c064bbe6f87ba64d9ae77700,d30ea13a65ed4d85fd62753d3e300a04c17fdbe592b6ca19c52a3a744e4affdd,stage1_verified_reuse,1.0,2296143,12644568,14989656,12644568,0,0,0,,,,,,2296143,12644568,14989656,12644568,0,0,0,0,381,0,14776152,0.0
case_078,2,672c3c2e8134806a3680bf5f1e681f6e2f1b2f9b859185653d57fc895879f110,d30ea13a65ed4d85fd62753d3e300a04c17fdbe592b6ca19c52a3a744e4affdd,stage1_verified_reuse,1.0019690334117135,1069122,2482176,4827264,270336,2211840,36864,14,,,,,,1067021,2482176,4827264,270336,2211840,36864,14,29,114,1762272,2794656,0.3867236875368669
case_078,3,bf2b4584ef0f03db990e1a8a9230a491afef537f57c0fffbbac36a5a07ba0fed,d30ea13a65ed4d85fd62753d3e300a04c17fdbe592b6ca19c52a3a744e4affdd,stage1_verified_reuse,1.0074193521200356,717204,6368928,8714016,945408,5423520,577536,113,,,,,,711922,6368928,8714016,945408,5423520,577536,113,90,202,3925488,4088112,0.489853249475891
case_078,4,dead19f3f22b44f95ebacf8dd20a12e6733ee2082c6810a650a0a17ac34aefa4,d30ea13a65ed4d85fd62753d3e300a04c17fdbe592b6ca19c52a3a744e4affdd,stage1_verified_reuse,1.01233314337372,545355,6931968,9277056,0,6931968,258816,68,,,,,,538711,6931968,9277056,0,6931968,258816,68,97,192,5607072,3312864,0.6286000258297817
case_078,5,10336fa2dcbfa5bc8ea53986b0778bdf61c841f85d0ecc96f9f6f4b9bcffd090,d30ea13a65ed4d85fd62753d3e300a04c17fdbe592b6ca19c52a3a744e4affdd,stage1_verified_reuse,1.0957802740801459,474566,10668672,13013760,0,10668672,1052928,220,,,,,,433085,10668672,13013760,0,10668672,1052928,220,161,334,7051680,4810848,0.5944500194225042
case_079,1,6bcfd48508248d8c3fa3b67dbd85d671359da77cd2ea2a932edeebf9ef77d31a,ee341b011b5ff7f1c975fd6ba8f876217612ecd8d9e4e2127e617cecac1edad5,stage1_verified_reuse,1.0,31052251,32448512,41799680,32448512,0,0,0,,,,,,31052251,32448512,41799680,32448512,0,0,0,0,9044,0,38260736,0.0
case_079,2,65491a038a3eb22284e4b696d5ae99646d9223b5f4976186e0e07efafddf8b73,ee341b011b5ff7f1c975fd6ba8f876217612ecd8d9e4e2127e617cecac1edad5,stage1_verified_reuse,1.0006877562163952,15449228,33280000,42631168,29900800,3379200,0,0,,,,,,15438610,33280000,42631168,29900800,3379200,0,0,2576,6572,10551296,28540928,0.269907795473596
case_079,3,7ea85218be9a47f9cf5d20958271c85c23dd563cd780b8eb82c8f3fbf8e106d5,ee341b011b5ff7f1c975fd6ba8f876217612ecd8d9e4e2127e617cecac1edad5,stage1_verified_reuse,1.0,10278153,33878016,43229184,28336128,5541888,0,0,,,,,,10278153,33878016,43229184,28336128,5541888,0,0,0,9294,0,39690240,0.0
case_079,4,6a992b3b643c860538cad96404485b2c05f20c4c25ecb50ff23ed387594eebd2,ee341b011b5ff7f1c975fd6ba8f876217612ecd8d9e4e2127e617cecac1edad5,stage1_verified_reuse,1.000027055548553,7688095,34131968,43483136,24805376,9326592,0,0,,,,,,7687887,34131968,43483136,24805376,9326592,0,0,674,8550,2760704,37183488,0.06911402789171452
case_079,5,10cc2b52e69ce9c7b64ae4911e0bbf1ccc217f11e223068361dd56512d2a0c77,ee341b011b5ff7f1c975fd6ba8f876217612ecd8d9e4e2127e617cecac1edad5,stage1_verified_reuse,1.000027055548553,7688095,34131968,43483136,24805376,9326592,0,0,,,,,,7687887,34131968,43483136,24805376,9326592,0,0,674,8550,2760704,37183488,0.06911402789171452
case_080,1,c5c67eb6e7810bb4f0652235585b7066576e77f2cb7aab78ce3b23bfd347f0d9,20b2fa1e14bf879ac7c5b0321f69731c8a8102bb65bbd96d7543f54f4974f98c,stage1_verified_reuse,1.0010691302351402,292138,548864,2527232,548864,0,0,0,,,,,,291826,548864,2527232,548864,0,0,0,101,312,413696,2039808,0.1686143572621035
case_080,2,21927015bbc811cec14b77ec88184929426212387c95e086c0874682ed7c8abd,20b2fa1e14bf879ac7c5b0321f69731c8a8102bb65bbd96d7543f54f4974f98c,stage1_verified_reuse,1.0,190690,4980736,6959104,1515520,3465216,1732608,423,,,,,,190690,4980736,6959104,1515520,3465216,1732608,423,0,887,0,4395008,0.0
case_080,3,7a0c5a6339a68206c734396e1627ff1774b86a07e8dedbc5077859e9d7ef1b7b,20b2fa1e14bf879ac7c5b0321f69731c8a8102bb65bbd96d7543f54f4974f98c,stage1_verified_reuse,1.0012760763426543,108282,1228800,3207168,466944,761856,0,0,,,,,,108144,1228800,3207168,466944,761856,0,0,24,498,196608,2936832,0.06274509803921569
case_080,4,e529a5d1233b7b3b3c8a8ad67fb7bea19d98f6726fcdfdeab9cdda24787f0123,20b2fa1e14bf879ac7c5b0321f69731c8a8102bb65bbd96d7543f54f4974f98c,stage1_verified_reuse,1.0012760763426543,108282,1228800,3207168,466944,761856,0,0,,,,,,108144,1228800,3207168,466944,761856,0,0,24,498,196608,2936832,0.06274509803921569
case_080,5,7f06952edfee085adb43e68e020750f74a2acb0047eb61db06b37b3f5d53c3f2,20b2fa1e14bf879ac7c5b0321f69731c8a8102bb65bbd96d7543f54f4974f98c,stage1_verified_reuse,1.3525328155546394,101701,3887104,5865472,0,3887104,765952,187,,,,,,75193,3887104,5865472,0,3887104,765952,187,453,471,2330624,2695168,0.46373268133659334
case_081,1,60f6a58b2ad79a0387989c34d0acd20d3cf083d5f7ec0a8ddf4c665b1c48b61e,7c642799a54f8083f56c74d1e260ec010e3a83c37702770c862d722408c7a41e,stage1_verified_reuse,1.0,151795,0,1741140,0,0,0,0,,,,,,151795,0,1741140,0,0,0,0,0,680,0,1044820,0.0
case_081,2,4604a0e3ebfde619ae9b91e72ded309c89aeb375e2b8bf2657a214fec3d5d810,7c642799a54f8083f56c74d1e260ec010e3a83c37702770c862d722408c7a41e,stage1_verified_reuse,1.0,83829,614820,2355960,114772,500048,32882,73,,,,,,83829,614820,2355960,114772,500048,32882,73,336,767,549000,1077730,0.3374868601427403
case_081,3,93d4bed827127a1a64814d954e68f7fc8e41ca06aa50d2b6261374163ed20362,7c642799a54f8083f56c74d1e260ec010e3a83c37702770c862d722408c7a41e,stage1_verified_reuse,1.003612728161926,63616,541062,2282202,0,541062,10376,73,,,,,,63387,541062,2282202,0,541062,10376,73,313,753,520310,1055196,0.3302494563651297
case_081,4,7330360bd82a4ab658ab0a70192a597515273ee1f1c3e2f6756faf49b783a75b,7c642799a54f8083f56c74d1e260ec010e3a83c37702770c862d722408c7a41e,stage1_verified_reuse,1.033115265428473,51008,612682,2353822,0,612682,84080,97,,,,,,49373,612682,2353822,0,612682,84080,97,269,778,442474,1130948,0.2812176262947893
case_081,5,2362407c0ab438355672dd79f7ca290c62c2ad919663ac34e1f2794a99fd1f17,7c642799a54f8083f56c74d1e260ec010e3a83c37702770c862d722408c7a41e,stage1_verified_reuse,1.088739659819686,46855,717246,2458386,0,717246,106660,134,,,,,,43036,717246,2458386,0,717246,106660,134,306,813,503928,1151478,0.3044135396392184
case_082,1,211f957dba459390e4ce523f4c2fef4afd01dd3b8380d80aabdd3d6e313d3a13,f230fbc200ad75797f3024f84431d1d26f7747d6a284378ee83eabde77b7e70c,stage1_verified_reuse,1.0,721041,0,592006,0,0,0,0,,,,,,721041,0,592006,0,0,0,0,0,89,0,566406,0.0
case_082,2,e2b961b76fad48628cd25a3b7a704fbf4ca55e0798a7f3d9f5c0693f92c8f63a,f230fbc200ad75797f3024f84431d1d26f7747d6a284378ee83eabde77b7e70c,stage1_verified_reuse,1.000002332970945,428639,1811366,2403372,0,1811366,815504,428,,,,,,428638,1811366,2403372,0,1811366,815504,428,29,518,180230,1382038,0.11536432929561381
case_082,3,20a5718ca7c729ee1d6019dc0a43f8193e35fcc71d66e42adc7b55b7741322fe,f230fbc200ad75797f3024f84431d1d26f7747d6a284378ee83eabde77b7e70c,stage1_verified_reuse,1.0,337625,2769962,3361968,0,2769962,1225104,687,,,,,,337625,2769962,3361968,0,2769962,1225104,687,106,719,408712,1702552,0.1935864013216727
case_082,4,2c1e163faee8cb3947e53a5c70cb28cf1f3d19147611d11c4dbc62ecbb3e8a08,f230fbc200ad75797f3024f84431d1d26f7747d6a284378ee83eabde77b7e70c,stage1_verified_reuse,1.0011230444987664,267431,3264526,3856532,0,3264526,1387904,746,,,,,,267131,3264526,3856532,0,3264526,1387904,746,175,735,661772,1781256,0.2708818728233979
case_082,5,e496929205842d53e652354cad4a2b9f3dad6acee5d6dff01a10a8dcf88ef2f2,f230fbc200ad75797f3024f84431d1d26f7747d6a284378ee83eabde77b7e70c,stage1_verified_reuse,1.001374808875869,233808,3658004,4250010,0,3658004,1503168,830,,,,,,233487,3658004,4250010,0,3658004,1503168,830,263,756,955534,1765708,0.3511389284745715
case_083,1,2e3f9f587077b06c39a9fa8e44a2a5fb3986913711e0c2eb20bb2e9e32e4bd56,26bebaecfa0ed9c4bcf57127779a198c367a5576eb7b40b9c56cc343621c5549,stage1_verified_reuse,1.1182144385902795,1057993,13934688,15372992,13934688,0,0,0,,,,,,946145,13934688,15372992,13934688,0,0,0,920,210,11829024,3034016,0.7958684091545202
case_083,2,5f0a08de76f11a1d5001b9b549ed3be72ddeac98b733447b1861832ca91b11c5,26bebaecfa0ed9c4bcf57127779a198c367a5576eb7b40b9c56cc343621c5549,stage1_verified_reuse,1.000009123484076,438433,2725472,4163776,0,2725472,897536,227,,,,,,438429,2725472,4163776,0,2725472,897536,227,48,310,929536,2082752,0.30858138398453266
case_083,3,cd76860f09531399300cb40931abf97736d0c22e3f745db5cb80a823b4190dfa,26bebaecfa0ed9c4bcf57127779a198c367a5576eb7b40b9c56cc343621c5549,stage1_verified_reuse,1.0116111534875838,298400,3599552,5037856,0,3599552,869376,271,,,,,,294975,3599552,5037856,0,3599552,869376,271,95,357,1785920,2128608,0.4562286947494053
case_083,4,6051a097a8eb1858460cba63f0ba72eb6b50c76b4677eef30ef133335bb2128e,26bebaecfa0ed9c4bcf57127779a198c367a5576eb7b40b9c56cc343621c5549,stage1_verified_reuse,1.027678672878082,226115,5336864,6775168,182272,5154592,1181696,257,,,,,,220025,5336864,6775168,182272,5154592,1181696,257,126,374,2214016,3108096,0.4160032708819356
case_083,5,1e6c2fa20e359c743ab2cc3d055c3e6bd65f3d563250e03f391830056c78fdb6,26bebaecfa0ed9c4bcf57127779a198c367a5576eb7b40b9c56cc343621c5549,stage1_verified_reuse,1.1121288291025606,201312,5644672,7082976,319488,5325184,801792,302,,,,,,181015,5644672,7082976,319488,5325184,801792,302,197,395,3904768,2073312,0.6531809544201482
case_084,1,1f8ee2c4cb58dffd7f353047816d76ac7024f988f6d3512479e3b6418d5f0e20,1af22ac8dd69090ed25be62ae1bbb18a922ce99a8cffb2be4f89e7a1234794ee,stage1_verified_reuse,1.0,2507412,0,13236330,0,0,0,0,,,,,,2507412,0,13236330,0,0,0,0,0,4308,0,9927786,0.0
case_084,2,a8bc3385514b95d9a25309cb8620cece047170d9711dfeba565900907d37a511,1af22ac8dd69090ed25be62ae1bbb18a922ce99a8cffb2be4f89e7a1234794ee,stage1_verified_reuse,1.0,1276489,27233280,40469610,7382016,19851264,9925632,2154,,,,,,1276489,27233280,40469610,7382016,19851264,9925632,2154,0,7263,0,23544426,0.0
case_084,3,45b4b82c127e32680d8ad275a0338d1b14209616c95f74cae191030c522c4a09,1af22ac8dd69090ed25be62ae1bbb18a922ce99a8cffb2be4f89e7a1234794ee,stage1_verified_reuse,1.0,836220,0,13236330,0,0,0,0,,,,,,836220,0,13236330,0,0,0,0,0,4308,0,9927786,0.0
case_084,4,618ac4af8d08aa379b01572e8d5ccf73c54e23bd1d3e94611fa6f2349f3f1efd,1af22ac8dd69090ed25be62ae1bbb18a922ce99a8cffb2be4f89e7a1234794ee,stage1_verified_reuse,1.0,625992,92160,13328490,0,92160,46080,10,,,,,,625992,92160,13328490,0,92160,46080,10,0,4318,0,9973866,0.0
case_084,5,3144b20f65505f5d585966dbc8f82db4eb3749e4c00faeca1bbe2cef510a59ef,1af22ac8dd69090ed25be62ae1bbb18a922ce99a8cffb2be4f89e7a1234794ee,stage1_verified_reuse,1.0,501224,73728,13310058,0,73728,36864,8,,,,,,501224,73728,13310058,0,73728,36864,8,0,4316,0,9964650,0.0
case_085,1,a0023ff55bf1c1cd9c262b3209d319923d8fa7556249ad0f1e7288e7d44c2d64,b63169e9cd0f21dc2da6617e7138472e95937465c703b7e4bf4dbc80125ed4f6,stage1_verified_reuse,1.0,3187899,0,1689734,0,0,0,0,,,,,,3187899,0,1689734,0,0,0,0,0,247,0,1655942,0.0
case_085,2,740fb3096df854c83c677a06922e8be597680d006c6cd514f6d7e478e71159c0,b63169e9cd0f21dc2da6617e7138472e95937465c703b7e4bf4dbc80125ed4f6,stage1_verified_reuse,1.0,2388498,4934406,6624140,940354,3994052,1853600,1113,,,,,,2388498,4934406,6624140,940354,3994052,1853600,1113,50,1672,309380,3957192,0.07251254637212264
case_085,3,2ac140a20f4d2199fa31c35bc4096bebcc4328e3a5feb559dcc124cae2325eff,b63169e9cd0f21dc2da6617e7138472e95937465c703b7e4bf4dbc80125ed4f6,stage1_verified_reuse,1.0000856866105357,2147544,6448266,8138000,646914,5801352,2619456,1650,,,,,,2147360,6448266,8138000,646914,5801352,2619456,1650,180,2014,667784,4493512,0.12938300767869154
case_085,4,c117fb63f582cec5969fa460570d4ce4506c6a271c51089f5ee16ceeab3eed35,b63169e9cd0f21dc2da6617e7138472e95937465c703b7e4bf4dbc80125ed4f6,stage1_verified_reuse,1.000026198196773,2023093,7635726,9325460,485186,7150540,3157280,1807,,,,,,2023040,7635726,9325460,485186,7150540,3157280,1807,285,2064,864396,5027400,0.14671180061224115
case_085,5,94b0a54d93de87be4365260f4af8ff677d3ac2b6710d568d60995af251234bf3,b63169e9cd0f21dc2da6617e7138472e95937465c703b7e4bf4dbc80125ed4f6,stage1_verified_reuse,1.000459138295234,1871755,8938514,10628248,441602,8496912,3694784,2289,,,,,,1870896,8938514,10628248,441602,8496912,3694784,2289,383,2469,1286416,5392456,0.19260977003302354
case_086,1,ca06a209093f4c06dc42dce2de0f1de94249bc05d4d0e32764fc6a929fe5a42b,ef91fda2692fd0add63db3c7f677e4e03c8d115d97db3cb959cffc62fff2434a,stage1_verified_reuse,1.0,118403,0,338022,0,0,0,0,,,,,,118403,0,338022,0,0,0,0,0,90,0,321126,0.0
case_086,2,189b5e46159ea4ef64e6e53c8b97d539ba3deec039be2873e3b249cdec2b04e0,ef91fda2692fd0add63db3c7f677e4e03c8d115d97db3cb959cffc62fff2434a,stage1_verified_reuse,1.002134767601436,72293,1407014,1745036,0,1407014,648928,612,,,,,,72139,1407014,1745036,0,1407014,648928,612,32,704,90726,988486,0.08406689325174294
case_086,3,a2d99275ee240d962d2f6c7e774651e2ab8f30e402f9b9dc9c24b1a73cd326d7,ef91fda2692fd0add63db3c7f677e4e03c8d115d97db3cb959cffc62fff2434a,stage1_verified_reuse,1.001310638011863,59591,1887018,2225040,0,1887018,841648,820,,,,,,59513,1887018,2225040,0,1887018,841648,820,109,861,250618,1115878,0.18340192726506335
case_086,4,393264c998cdc0ee4de4689281b9937447793a220b4cd52f6fe43e977ee70efb,ef91fda2692fd0add63db3c7f677e4e03c8d115d97db3cb959cffc62fff2434a,stage1_verified_reuse,1.0662780839338704,50307,2207726,2545748,0,2207726,917856,905,,,,,,47180,2207726,2545748,0,2207726,917856,905,169,929,369036,1241960,0.22907319447099805
case_086,5,78f3496ebd9d332d5e3c1236da772363e2a65a0b5cefe9e6e428d8a0734b40ad,ef91fda2692fd0add63db3c7f677e4e03c8d115d97db3cb959cffc62fff2434a,stage1_verified_reuse,1.0662780839338704,50307,2207726,2545748,0,2207726,917856,905,,,,,,47180,2207726,2545748,0,2207726,917856,905,169,929,369036,1241960,0.22907319447099805
case_087,1,795f398b72807e931429c714134052cd499ee676c3f5439284a9270f9e93a1a9,a234839f266f63270c7d42c558eabd68085d415029ce73bfac9d3fc47d58de83,stage1_verified_reuse,1.0010811684982968,3974071,7902720,13821818,7902720,0,0,0,,,,,,3969779,7902720,13821818,7902720,0,0,0,550,2068,2534400,11287004,0.18336776784760794
case_087,2,4e3e60e723404d7f8c975ff057edb58c956e3b72f59f0052771f753e5dd180b0,a234839f266f63270c7d42c558eabd68085d415029ce73bfac9d3fc47d58de83,stage1_verified_reuse,1.0,2287771,27330880,33249978,13671168,13659712,6809824,1551,,,,,,2287771,27330880,33249978,13671168,13659712,6809824,1551,9,4030,38016,19595324,0.0019362981540583517
case_087,3,ed38de740c931b86bea1b850937f9c2613bf338c181a523d9954e213eeaf6904,a234839f266f63270c7d42c558eabd68085d415029ce73bfac9d3fc47d58de83,stage1_verified_reuse,1.0,1577719,26520992,32440090,8145312,18375680,9157056,2074,,,,,,1577719,26520992,32440090,8145312,18375680,9157056,2074,5,3916,19584,19190380,0.0010194709370616208
case_087,4,a8d14188b9e127738be414d446ce66fbb8609e2094e14fee77618584b46a4d5c,a234839f266f63270c7d42c558eabd68085d415029ce73bfac9d3fc47d58de83,stage1_verified_reuse,1.0020459313443366,1349330,30983720,36902818,4728960,26254760,11908682,3669,,,,,,1346575,30983720,36902818,4728960,26254760,11908682,3669,503,4909,1743870,20885372,0.07706267845825326
case_087,5,f0e52fd705584a88f8bc591500344163b6b04270f603c1679540f298353600b9,a234839f266f63270c7d42c558eabd68085d415029ce73bfac9d3fc47d58de83,stage1_verified_reuse,1.0,1166481,31414764,37333862,2388096,29026668,12940138,3965,,,,,,1166481,31414764,37333862,2388096,29026668,12940138,3965,695,4816,2604652,20594610,0.11227305420318974
case_088,1,e4a76454d8084136fa297dd748542420e09ee0df4ab8bbf2eb2aa505357853f5,2ff71575ba33875431f54823fc1f2214e018edcfc9d568edfb7c47b0f264b825,stage1_verified_reuse,1.0,243623,0,1829798,0,0,0,0,,,,,,243623,0,1829798,0,0,0,0,0,234,0,1829730,0.0
case_088,2,8a91e14e128f4d31bc9b4dfbc8f0792fd8b9bb8dc9540a678b160792a875b423,2ff71575ba33875431f54823fc1f2214e018edcfc9d568edfb7c47b0f264b825,stage1_verified_reuse,1.0001258578694483,135090,1448280,3278078,0,1448280,462698,336,,,,,,135073,1448280,3278078,0,1448280,462698,336,42,578,350852,2464460,0.12462277715578238
case_088,3,b51acbbad1d580f869abe4526ee3fdc39b9bfbd9b46dd1e935ab8b81c98a46c4,2ff71575ba33875431f54823fc1f2214e018edcfc9d568edfb7c47b0f264b825,stage1_verified_reuse,1.0307489830102896,103380,2190628,4020426,0,2190628,566030,437,,,,,,100296,2190628,4020426,0,2190628,566030,437,129,633,1081032,2373296,0.31295001516937593
case_088,4,8a173c4484055a0cde264eda89391f3487aa8a4fa2d552774cab9bb5b769136f,2ff71575ba33875431f54823fc1f2214e018edcfc9d568edfb7c47b0f264b825,stage1_verified_reuse,1.0828470562544736,89258,2328100,4157898,0,2328100,610188,503,,,,,,82429,2328100,4157898,0,2328100,610188,503,155,680,619852,2927790,0.17472225213254325
case_088,5,837c430a28b3e552b5feb73f6610e5ba9a8f7855a249c2234cee44a29a92cef8,2ff71575ba33875431f54823fc1f2214e018edcfc9d568edfb7c47b0f264b825,stage1_verified_reuse,1.0636551374800307,81894,2269000,4098798,0,2269000,610332,539,,,,,,76993,2269000,4098798,0,2269000,610332,539,186,685,544272,2944126,0.15602348126561247
case_089,1,137963c26643e06da4dac2fdc3998fececcc67d6a8201593698ea4c92d8b37f4,9561e0638071147e99d937b802f61f8a67fe2b96985159c174b47a777fd6ce84,stage1_verified_reuse,1.0,693092,0,566400,0,0,0,0,,,,,,693092,0,566400,0,0,0,0,0,94,0,402560,0.0
case_089,2,df5edb867928f0024bd731911dd8c3238cf9cbd70547f84865342e844275c4ec,9561e0638071147e99d937b802f61f8a67fe2b96985159c174b47a777fd6ce84,stage1_verified_reuse,1.0,339435,295552,861952,0,295552,30720,70,,,,,,339435,295552,861952,0,295552,30720,70,24,193,103648,563744,0.1553030303030303
case_089,3,7b7bac62a7877de5b7f4e8b826dbb9fc0583b9eb5b1445f4a37c30c1c8b84df3,9561e0638071147e99d937b802f61f8a67fe2b96985159c174b47a777fd6ce84,stage1_verified_reuse,1.0,226846,2037504,2603904,0,2037504,784640,453,,,,,,226846,2037504,2603904,0,2037504,784640,453,109,544,473656,1181768,0.28612367586793475
case_089,4,09784b537b2b5f96451bd56cb782fe5ee8c8a10b234ba29d14bb2d6993a9a976,9561e0638071147e99d937b802f61f8a67fe2b96985159c174b47a777fd6ce84,stage1_verified_reuse,1.0,170137,1575296,2141696,0,1575296,436480,375,,,,,,170137,1575296,2141696,0,1575296,436480,375,107,521,486744,1054632,0.3157853761833582
case_089,5,3ec60f392a15d9b53ac0d7e944176ade70a5c18330460e25db9b4aaba7476069,9561e0638071147e99d937b802f61f8a67fe2b96985159c174b47a777fd6ce84,stage1_verified_reuse,1.0,137328,954880,1521280,0,954880,0,0,,,,,,137328,954880,1521280,0,954880,0,0,0,310,0,1357440,0.0
case_090,1,52828aaeac47b2ef8da5b3993a2c969b3366f0cf3a44bf11f2fe6f166b7128e9,a91d3ad4c40e53d5731b81b3eb72bcf922f5ef06094e860b5c5729619cb2d312,stage1_verified_reuse,1.0,1178363,21233592,23461944,21233592,0,0,0,,,,,,1178363,21233592,23461944,21233592,0,0,0,0,659,0,23365560,0.0
case_090,2,342e96eaacafcf88d96be0c0ce98fa18a96e48d1ab6e25709439a0e5080ad44e,a91d3ad4c40e53d5731b81b3eb72bcf922f5ef06094e860b5c5729619cb2d312,stage1_verified_reuse,1.0000764514304064,457842,4480896,6709248,2044032,2436864,144192,160,,,,,,457807,4480896,6709248,2044032,2436864,144192,160,52,276,1810152,4670424,0.2793196160341303
case_090,3,1cebd7129a01906709739958648376e3b7a460f0e85e91bc9f8c442399b77e52,a91d3ad4c40e53d5731b81b3eb72bcf922f5ef06094e860b5c5729619cb2d312,stage1_verified_reuse,1.0445206534666889,338995,6867840,9096192,2047872,4819968,261504,194,,,,,,324546,6867840,9096192,2047872,4819968,261504,194,91,308,2498256,6285744,0.2844098360655738
case_090,4,8f445d49740975f39c12af359b67b2dca7421b0e68d2e360f112c0e87d59d666,a91d3ad4c40e53d5731b81b3eb72bcf922f5ef06094e860b5c5729619cb2d312,stage1_verified_reuse,1.1214314748323284,331069,12221280,14449632,5318880,6902400,228480,171,,,,,,295220,12221280,14449632,5318880,6902400,228480,171,164,336,5497920,8662944,0.38824749676290937
case_090,5,1c3e628da5c0aa4abe280228d668f69513474b3e710f0dccf8a5cd67041596c1,a91d3ad4c40e53d5731b81b3eb72bcf922f5ef06094e860b5c5729619cb2d312,stage1_verified_reuse,1.1214314748323284,331069,12221280,14449632,5318880,6902400,228480,171,,,,,,295220,12221280,14449632,5318880,6902400,228480,171,164,336,5497920,8662944,0.38824749676290937
case_091,1,83059801f17b3e1453a3883bd33063fd1742348321deba9e6d65bcaa13888b7b,6fa7e61f09003382ba36061d74d4be90ed3acbe750a3d46c3b6d1e1fc27579f3,stage1_verified_reuse,1.001957612866214,9186769,53947008,60524664,53947008,0,0,0,,,,,,9168820,53947008,60524664,53947008,0,0,0,1489,13970,6374016,54108672,0.10538579237748164
case_091,2,1adb180ba487d506ab0e9f9826f1dd39bb61a3da3c7a604d0eb7f0239cd44d6e,6fa7e61f09003382ba36061d74d4be90ed3acbe750a3d46c3b6d1e1fc27579f3,stage1_verified_reuse,1.002149485543339,5702896,52064896,58642552,42861184,9203712,1935360,630,,,,,,5690664,52064896,58642552,42861184,9203712,1935360,630,1499,12531,5935584,48447136,0.10914466948324762
case_091,3,6a39ffb459d7be31c79f4cdad646037a72eab3c9e2d0456ff57d5e28b8586118,6fa7e61f09003382ba36061d74d4be90ed3acbe750a3d46c3b6d1e1fc27579f3,stage1_verified_reuse,1.001152404096212,4650425,144634984,151212640,47896672,96738312,47410180,15409,,,,,,4645072,144634984,151212640,47896672,96738312,47410180,15409,217,24666,1329664,81121380,0.016126709080845597
case_091,4,c524339e49023692f1085e19a04f2e9d460351a3058c4c6e49b1ffe6eeb03b2f,6fa7e61f09003382ba36061d74d4be90ed3acbe750a3d46c3b6d1e1fc27579f3,stage1_verified_reuse,1.0049955118838272,4022789,141415884,147993540,41697216,99718668,48422918,15741,,,,,,4002793,141415884,147993540,41697216,99718668,48422918,15741,246,23872,2896608,77125862,0.0361974330459932
case_091,5,a4f5b1a8d99a4f2043457932f24df5aa1bd4c12ef9604b46c1dbbde821e9d38c,6fa7e61f09003382ba36061d74d4be90ed3acbe750a3d46c3b6d1e1fc27579f3,stage1_verified_reuse,1.001020226813136,3126021,46014084,52591740,23471232,22542852,3259394,1062,,,,,,3122835,46014084,52591740,23471232,22542852,3259394,1062,2904,9815,9705760,38134626,0.2028779617288205
case_092,1,35b11588f2a2679e2c867d9bb4df228a8dd6e831edddf66fa52151ea365eee72,ddb267b7178d1b240f76fb7ed508799fbc7621b45156064b2a229c5c0d90996d,stage1_verified_reuse,1.111205361047122,4815554,66000096,69257024,66000096,0,0,0,,,,,,4333631,66000096,69257024,66000096,0,0,0,4463,1040,52970464,13780832,0.7935495964003455
case_092,2,53b5f676d1e15b142b37ed658a8a121f64a26211df79ac412afb2799407fd5ee,ddb267b7178d1b240f76fb7ed508799fbc7621b45156064b2a229c5c0d90996d,stage1_verified_reuse,1.0,2015242,5567072,8824000,4636672,930400,0,0,,,,,,2015242,5567072,8824000,4636672,930400,0,0,0,836,0,5342400,0.0
case_092,3,b1fce184982e1cd0c55fdf0b38c694f1fcdc6614bf5db3cff0da8b4cc4feb512,ddb267b7178d1b240f76fb7ed508799fbc7621b45156064b2a229c5c0d90996d,stage1_verified_reuse,1.0016975659711977,1334168,25523392,28780320,532480,24990912,11565056,3693,,,,,,1331907,25523392,28780320,532480,24990912,11565056,3693,85,3933,1618304,14167456,0.10251669859417602
case_092,4,a92a8c80fc6ad2937bc975523462043dbb6e91951c5610cd12fbd84703400053,ddb267b7178d1b240f76fb7ed508799fbc7621b45156064b2a229c5c0d90996d,stage1_verified_reuse,1.0,1018974,13405984,16662912,0,13405984,5307392,1988,,,,,,1018974,13405984,16662912,0,13405984,5307392,1988,66,2264,870656,9321600,0.08542328607130747
case_092,5,06c16409ffbda35f97e26875a0e99c0bde27a196927b7ed3bdb4c2be8d9d2705,ddb267b7178d1b240f76fb7ed508799fbc7621b45156064b2a229c5c0d90996d,stage1_verified_reuse,1.005838761742761,832577,13308288,16565216,73728,13234560,4756480,1932,,,,,,827744,13308288,16565216,73728,13234560,4756480,1932,112,2221,1270784,9337824,0.11978800611729644
case_093,1,4adf08b30954139c59001036b4da46d5c350f7c5749f8889fa068577b5aadb38,3a68ca960cc21b10a94b0524f5c16d2ee4995f2e5a75e667d58099571a7cdc36,stage1_verified_reuse,1.0,74205,0,714752,0,0,0,0,,,,,,74205,0,714752,0,0,0,0,0,280,0,573440,0.0
case_093,2,c8efa4232e85fc93626c1ea493d69c3e6341b2b45d54c1abfdf6f8302d20a4e1,3a68ca960cc21b10a94b0524f5c16d2ee4995f2e5a75e667d58099571a7cdc36,stage1_verified_reuse,1.0,45680,843776,1558528,0,843776,421888,206,,,,,,45680,843776,1558528,0,843776,421888,206,0,486,0,995328,0.0
case_093,3,b7083bbab758bea10a416ed2fe3fc9795bc1b65d6b0019a72c0fac044ec1157c,3a68ca960cc21b10a94b0524f5c16d2ee4995f2e5a75e667d58099571a7cdc36,stage1_verified_reuse,1.0,31740,98304,813056,0,98304,40960,20,,,,,,31740,98304,813056,0,98304,40960,20,0,308,0,630784,0.0
case_093,4,c85cda13acdf73f1c3e300a178fe5001c541f204b5f89947ed891c70d20e2200,3a68ca960cc21b10a94b0524f5c16d2ee4995f2e5a75e667d58099571a7cdc36,stage1_verified_reuse,1.0022903677312636,23631,155648,870400,0,155648,65536,32,,,,,,23577,155648,870400,0,155648,65536,32,6,318,12288,651264,0.018518518518518517
case_093,5,d5cb8cc0c982de2f811e5ca691fc7c78f0b40d90042de567f63713196991bb0d,3a68ca960cc21b10a94b0524f5c16d2ee4995f2e5a75e667d58099571a7cdc36,stage1_verified_reuse,1.0145138609883488,20201,147456,862208,0,147456,57344,28,,,,,,19912,147456,862208,0,147456,57344,28,10,314,20480,643072,0.030864197530864196
case_094,1,31327749f59682cc9fb9dcd47995cc217c277a372b6a72d33032903ba56c38ac,06e7b0eb1eecb9a98b6691dfe5f8039c6f7b21ab0f3ea8e6a072ade002a68fec,stage1_verified_reuse,1.0,94892,0,526692,0,0,0,0,,,,,,94892,0,526692,0,0,0,0,0,104,0,471328,0.0
case_094,2,c76d6fea9ee7630b7d0872ea98686821a6ce23e3f16f43bca0d529458c913d1a,06e7b0eb1eecb9a98b6691dfe5f8039c6f7b21ab0f3ea8e6a072ade002a68fec,stage1_verified_reuse,1.012469118991577,52048,771084,1297776,0,771084,339462,92,,,,,,51407,771084,1297776,0,771084,339462,92,29,196,92160,810790,0.10206545212913229
case_094,3,f117e3475b9b5d0ce86a51aa0605f9427b03f204e67950e98d0ee37fee1a4272,06e7b0eb1eecb9a98b6691dfe5f8039c6f7b21ab0f3ea8e6a072ade002a68fec,stage1_verified_reuse,1.0516832492844488,38581,998164,1524856,0,998164,430090,117,,,,,,36685,998164,1524856,0,998164,430090,117,35,221,137984,901418,0.13275325619923764
case_094,4,db269b57a23755844d20a768a6b8d290284472deff112df46d516aa585958520,06e7b0eb1eecb9a98b6691dfe5f8039c6f7b21ab0f3ea8e6a072ade002a68fec,stage1_verified_reuse,1.0,30467,482084,1008776,0,482084,144898,34,,,,,,30467,482084,1008776,0,482084,144898,34,21,145,160032,648482,0.19793349280284572
case_094,5,89b92d03a6dc96a25324133a230ad1684074bb6475480f9006aff2eda5e70cb3,06e7b0eb1eecb9a98b6691dfe5f8039c6f7b21ab0f3ea8e6a072ade002a68fec,stage1_verified_reuse,1.0,26086,547616,1074308,0,547616,187136,42,,,,,,26086,547616,1074308,0,547616,187136,42,26,149,131872,699936,0.15853658536585366
case_095,1,ced999421ac154875d392b1953369f09dbeb2c2f92fa816820d4f797e1dd3884,99875b1d3025c71f87e04818e28c08915928813f495d080ae6436879f6cb540f,stage1_verified_reuse,1.0,2084853,0,11355036,0,0,0,0,,,,,,2084853,0,11355036,0,0,0,0,0,1848,0,8516508,0.0
case_095,2,492a25fb5637a795e216f95050c9937c5eb3b1f3492055455af1845c1a95e347,99875b1d3025c71f87e04818e28c08915928813f495d080ae6436879f6cb540f,stage1_verified_reuse,1.0,1040351,110592,11465628,0,110592,55296,3,,,,,,1040351,110592,11465628,0,110592,55296,3,0,1851,0,8571804,0.0
case_095,3,1cacdda053014db827853ccc7fad7edb091d40ca9dcf7e3a8a3eaca1dab52057,99875b1d3025c71f87e04818e28c08915928813f495d080ae6436879f6cb540f,stage1_verified_reuse,1.0,693735,0,11355036,0,0,0,0,,,,,,693735,0,11355036,0,0,0,0,0,1848,0,8516508,0.0
case_095,4,52e107273f5b2a6745ac60b6ee92c66860481254eb6895540f7fac85f80de489,99875b1d3025c71f87e04818e28c08915928813f495d080ae6436879f6cb540f,stage1_verified_reuse,1.0,522106,147456,11502492,0,147456,73728,4,,,,,,522106,147456,11502492,0,147456,73728,4,0,1852,0,8590236,0.0
case_095,5,35872d7649a76e3d2c2593805297a7c944ef95c460e35496b30df41e0fd51548,99875b1d3025c71f87e04818e28c08915928813f495d080ae6436879f6cb540f,stage1_verified_reuse,1.0,418656,221184,11576220,0,221184,110592,6,,,,,,418656,221184,11576220,0,221184,110592,6,0,1854,0,8627100,0.0
case_096,1,27a0553484623870c985b92430303b88ee9fbedac73dd55d6f763ace1bd395d2,c26df1f4c6e282279a2f86c24d13be04e5c0e8b24b36149899bf7e7a91cf579a,stage1_verified_reuse,1.0,84194,0,219558,0,0,0,0,,,,,,84194,0,219558,0,0,0,0,0,114,0,210260,0.0
case_096,2,b2b7108c5bf5a5744094efe8e0d9696d3e1b924baf0f2c24494ed2f87c65d474,c26df1f4c6e282279a2f86c24d13be04e5c0e8b24b36149899bf7e7a91cf579a,stage1_verified_reuse,1.0037877099950983,45052,679688,899246,0,679688,313092,148,,,,,,44882,679688,899246,0,679688,313092,148,27,262,53504,523352,0.09275105052214071
case_096,3,412b8bca255b39758fdd4b7ee1e793f766db969917cb204d0923a113c4a12d20,c26df1f4c6e282279a2f86c24d13be04e5c0e8b24b36149899bf7e7a91cf579a,stage1_verified_reuse,1.0,36103,601864,821422,0,601864,199684,102,,,,,,36103,601864,821422,0,601864,199684,102,55,217,184064,428376,0.30054209391940434
case_096,4,e40c3c87aab7ab644dd49c2d79adc7ce9da0de77034b1a4ea45cc7a856e01f2e,c26df1f4c6e282279a2f86c24d13be04e5c0e8b24b36149899bf7e7a91cf579a,stage1_verified_reuse,1.0155171920180939,35471,800524,1020082,0,800524,278022,135,,,,,,34929,800524,1020082,0,800524,278022,135,63,253,170752,562010,0.2330251841662095
case_096,5,4fa65419d0c1d318ff456c34f494a0bbe1f58ec5dcf815ba13de97b4f6f7369b,c26df1f4c6e282279a2f86c24d13be04e5c0e8b24b36149899bf7e7a91cf579a,stage1_verified_reuse,1.0155171920180939,35471,800524,1020082,0,800524,278022,135,,,,,,34929,800524,1020082,0,800524,278022,135,63,253,170752,562010,0.2330251841662095
case_097,1,6870d240f6c009c4debc04d95df8c193bb5e950a2d1e9474b8c1f5a83df04df0,7dc5c8ebf92052dbdd1bf59794a8fcef74e3ab3c59d5f0b4e753bf38a741ffaf,stage1_verified_reuse,1.0,11491509,10584064,15630336,10584064,0,0,0,,,,,,11491509,10584064,15630336,10584064,0,0,0,0,3416,0,14843904,0.0
case_097,2,2ed685ebb0555519674fc63e7404cfdd2ecc4021757bca2e84f2ac0439127644,7dc5c8ebf92052dbdd1bf59794a8fcef74e3ab3c59d5f0b4e753bf38a741ffaf,stage1_verified_reuse,1.0,5834394,10584064,15630336,8880128,1703936,0,0,,,,,,5834394,10584064,15630336,8880128,1703936,0,0,0,3416,0,14843904,0.0
case_097,3,e716f3e9cd60f825a290c754780b98b6437232f8283bdfbab4565b2f61905552,7dc5c8ebf92052dbdd1bf59794a8fcef74e3ab3c59d5f0b4e753bf38a741ffaf,stage1_verified_reuse,1.0,4253566,86138880,91185152,28483584,57655296,28827648,2346,,,,,,4253566,86138880,91185152,28483584,57655296,28827648,2346,115,4369,706560,47224832,0.014741069902580756
case_097,4,daae8a5c5122b9881830d49da761ac029b1418c7a5b98c4c959386ae1c6d445b,7dc5c8ebf92052dbdd1bf59794a8fcef74e3ab3c59d5f0b4e753bf38a741ffaf,stage1_verified_reuse,1.0,2869852,11796480,16842752,7536640,4259840,0,0,,,,,,2869852,11796480,16842752,7536640,4259840,0,0,0,3504,0,16056320,0.0
case_097,5,1d7a51500fb06bc36c2ef90137a528dcfc67cf9abd7bb3913ec7f7c41f2bee1e,7dc5c8ebf92052dbdd1bf59794a8fcef74e3ab3c59d5f0b4e753bf38a741ffaf,stage1_verified_reuse,1.0,2809291,83337216,88383488,15237120,68100096,34050048,2771,,,,,,2809291,83337216,88383488,15237120,68100096,34050048,2771,0,4223,0,45928448,0.0
case_098,1,21cae230b73bb9036a1b412890435d228f774fbd547c4a6db88a6204dec5c54d,8cc92ed83866234532487abacb106e0298a00cf309ef75fa12e413bfb17d58f8,stage1_verified_reuse,1.0,177430,0,697994,0,0,0,0,,,,,,177430,0,697994,0,0,0,0,0,147,0,697912,0.0
case_098,2,8da684a89ac1d4be4e212e109da7382980b5290f2a1f9208a72a330d3ee7ed42,8cc92ed83866234532487abacb106e0298a00cf309ef75fa12e413bfb17d58f8,stage1_verified_reuse,0.9967214501766186,94244,1158238,1856232,528404,629834,214562,46,,,,,,94554,1158238,1856232,528404,629834,214562,46,38,237,229382,1162340,0.16481883594568456
case_098,3,01765a4b5d6e6aef1e5196b20eb2be54d453abf74fd9a4cc5bbf277adc8b4cdd,8cc92ed83866234532487abacb106e0298a00cf309ef75fa12e413bfb17d58f8,stage1_verified_reuse,1.0,87943,1218672,1916666,196612,1022060,365618,86,,,,,,87943,1218672,1916666,196612,1022060,365618,86,48,240,290824,1161836,0.20020101055993833
case_098,4,7058a20728b3ab9469d9b9fd9624716dd869b8d2fc798d0ad448e1712eb90251,8cc92ed83866234532487abacb106e0298a00cf309ef75fa12e413bfb17d58f8,stage1_verified_reuse,1.0,87943,1218672,1916666,196612,1022060,365618,86,,,,,,87943,1218672,1916666,196612,1022060,365618,86,48,240,290824,1161836,0.20020101055993833
case_098,5,ba55d3e3e4ff022e9ba2dd200432306db9c6e15134802b9403b2d590a767133e,8cc92ed83866234532487abacb106e0298a00cf309ef75fa12e413bfb17d58f8,stage1_verified_reuse,1.0,87943,1218672,1916666,196612,1022060,365618,86,,,,,,87943,1218672,1916666,196612,1022060,365618,86,48,240,290824,1161836,0.20020101055993833
case_099,1,b828830aa8d610f075c3adba7874285e31ec9e7fbc1cbbd5cc77d56d668477cc,6a07bc2eba4657ec873f015cb53404696202df8fe912a94340cbdc674cbd7938,stage1_verified_reuse,1.002530727616619,1622999,5484544,8018580,5484544,0,0,0,,,,,,1618902,5484544,8018580,5484544,0,0,0,494,1380,2023424,5994752,0.25235465023466686
case_099,2,47661db12dc1630fc6be76ca5635ba3a2f1af61413678e2035c0794a39720f00,6a07bc2eba4657ec873f015cb53404696202df8fe912a94340cbdc674cbd7938,stage1_verified_reuse,1.0026433547463067,1559711,16840960,19374996,9473024,7367936,3662848,1658,,,,,,1555599,16840960,19374996,9473024,7367936,3662848,1658,307,4217,1282048,11643392,0.09918795801148743
case_099,3,556d8f2345d851b1930c7c3f62be8bd3364e76dc8b879640df356875674c8293,6a07bc2eba4657ec873f015cb53404696202df8fe912a94340cbdc674cbd7938,stage1_verified_reuse,1.0008196852195852,752124,13612928,16146964,1986560,11626368,5774720,2642,,,,,,751508,13612928,16146964,1986560,11626368,5774720,2642,6,3692,53760,9324800,0.0057322232837450525
case_099,4,0e4b683ee31c847124ad2a837be33be5ef09433396fedd3eac6051c06f4d497b,6a07bc2eba4657ec873f015cb53404696202df8fe912a94340cbdc674cbd7938,stage1_verified_reuse,1.0013362861999118,614461,14012928,16546964,2506752,11506176,5696512,2578,,,,,,613641,14012928,16546964,2506752,11506176,5696512,2578,3,3751,57344,9539328,0.00597540480699976
case_099,5,72dcad2f63e5c9610067b2ae644b02684d11cb840076211194745a839eb9d803,6a07bc2eba4657ec873f015cb53404696202df8fe912a94340cbdc674cbd7938,stage1_verified_reuse,1.001666865339532,504179,12613248,15147284,221184,12392064,6114432,2785,,,,,,503340,12613248,15147284,221184,12392064,6114432,2785,5,3427,59648,8862208,0.006685604430288945
case_100,1,f3ec5d77b463d7f83f226af99c6343b3021c804cf3d2b88142c661d52e4f7da9,bb78167d482a9e1663bb947945def049c2d66392c3897613ce5cb145d3a2eb19,stage1_verified_reuse,1.0,151223,0,454598,0,0,0,0,,,,,,151223,0,454598,0,0,0,0,0,171,0,436006,0.0
case_100,2,938e2295004a7588d1c0859dfb660aac0482a2bcbd0e244bd8fa381197eead92,bb78167d482a9e1663bb947945def049c2d66392c3897613ce5cb145d3a2eb19,official_recheck,1.0000371057513915,80853,960832,1415430,368672,592160,263756,111,,,,,,80850,960832,1415430,368672,592160,263756,111,35,302,72840,880002,0.07644499297889891
case_100,3,d91c430e1c1fcc7d2888997fdd0ff8003994cdcd18bcc427fb203dfc97c5783b,bb78167d482a9e1663bb947945def049c2d66392c3897613ce5cb145d3a2eb19,official_recheck,1.0098892861261677,70054,1356568,1811166,229376,1127192,375174,169,,,,,,69368,1356568,1811166,229376,1127192,375174,169,86,348,358412,944300,0.2751275800023336
case_100,4,924272d914e085bbbf492414747bb987e43055d6f6874c870b43b60503b377b7,bb78167d482a9e1663bb947945def049c2d66392c3897613ce5cb145d3a2eb19,official_recheck,1.0368712343048123,67632,1615378,2069976,229376,1386002,453508,180,,,,,,65227,1615378,2069976,229376,1386002,453508,180,93,360,458250,1024938,0.3089628556865347
case_100,5,2fc7fb701a770cacea614bc152c3a09f7341882a0fe1a6398f224d4c7cc2a511,bb78167d482a9e1663bb947945def049c2d66392c3897613ce5cb145d3a2eb19,official_recheck,1.0368712343048123,67632,1615378,2069976,229376,1386002,453508,180,,,,,,65227,1615378,2069976,229376,1386002,453508,180,93,360,458250,1024938,0.3089628556865347
