case,cores,candidate,gain_pct,relation
case_001,2,map_locality@b0,0.0,tie
case_001,2,map_locality@b1,0.0,tie
case_001,2,map_locality@b2a_w4,-27.867337508984495,worse
case_001,2,map_locality@b2a_w8,-27.867337508984495,worse
case_001,2,map_locality@b2a_w16,-27.867337508984495,worse
case_001,3,map_locality@b0,-1.3030927835051547,worse
case_001,3,map_locality@b1,0.0,tie
case_001,3,map_locality@b2a_w4,-2.6164948453608248,worse
case_001,3,map_locality@b2a_w8,-2.6164948453608248,worse
case_001,3,map_locality@b2a_w16,-2.6164948453608248,worse
case_001,4,map_locality@b0,0.0,tie
case_001,4,map_locality@b1,-24.19130611691306,worse
case_001,4,map_locality@b2a_w4,-32.28672182286722,worse
case_001,4,map_locality@b2a_w8,-32.28672182286722,worse
case_001,4,map_locality@b2a_w16,-32.28672182286722,worse
case_001,5,map_locality@b0,0.0,tie
case_001,5,map_locality@b1,0.0,tie
case_001,5,map_locality@b2a_w4,-35.58797524314766,worse
case_001,5,map_locality@b2a_w8,-35.58797524314766,worse
case_001,5,map_locality@b2a_w16,-35.58797524314766,worse
case_002,2,map_locality@b0,-27.508061081705907,worse
case_002,2,map_locality@b1,-24.870718500942996,worse
case_002,2,map_locality@b2a_w4,-22.802974995437122,worse
case_002,2,map_locality@b2a_w8,-2.981079272373304,worse
case_002,2,map_locality@b2a_w16,0.0,tie
case_002,3,map_locality@b0,-113.966544564209,worse
case_002,3,map_locality@b1,-4.846160467496198,worse
case_002,3,map_locality@b2a_w4,-30.554625706552407,worse
case_002,3,map_locality@b2a_w8,-4.608969270350144,worse
case_002,3,map_locality@b2a_w16,0.0,tie
case_002,4,map_locality@b0,-62.337646690281694,worse
case_002,4,map_locality@b1,0.0,tie
case_002,4,map_locality@b2a_w4,-38.226222318610084,worse
case_002,4,map_locality@b2a_w8,0.5686884021301718,better
case_002,4,map_locality@b2a_w16,5.925443986602087,better
case_002,5,map_locality@b0,-1.8477981914524237,worse
case_002,5,map_locality@b1,-0.018115668543651212,worse
case_002,5,map_locality@b2a_w4,-68.88935855436965,worse
case_002,5,map_locality@b2a_w8,-11.05810600685376,worse
case_002,5,map_locality@b2a_w16,-3.413293881432949,worse
case_003,2,map_locality@b0,-51.510059342141155,worse
case_003,2,map_locality@b1,-54.20130007153996,worse
case_003,2,map_locality@b2a_w4,-36.69819914872592,worse
case_003,2,map_locality@b2a_w8,-14.5933802374715,worse
case_003,2,map_locality@b2a_w16,0.0,tie
case_003,3,map_locality@b0,-94.49678385643028,worse
case_003,3,map_locality@b1,-100.7388437930435,worse
case_003,3,map_locality@b2a_w4,-77.71834338517498,worse
case_003,3,map_locality@b2a_w8,-34.85236496877466,worse
case_003,3,map_locality@b2a_w16,0.4713890263309218,better
case_003,4,map_locality@b0,-102.1179248248451,worse
case_003,4,map_locality@b1,-115.85405039152272,worse
case_003,4,map_locality@b2a_w4,-85.79865743683597,worse
case_003,4,map_locality@b2a_w8,-33.35417263322599,worse
case_003,4,map_locality@b2a_w16,-1.0917930413037251,worse
case_003,5,map_locality@b0,-122.3277252458809,worse
case_003,5,map_locality@b1,-139.18084500806427,worse
case_003,5,map_locality@b2a_w4,-110.47207551943329,worse
case_003,5,map_locality@b2a_w8,-50.0541570475317,worse
case_003,5,map_locality@b2a_w16,-0.29687549413364533,worse
case_004,2,map_locality@b0,-59.003941305997074,worse
case_004,2,map_locality@b1,-13.189497252188072,worse
case_004,2,map_locality@b2a_w4,0.0,tie
case_004,2,map_locality@b2a_w8,-20.081694206465222,worse
case_004,2,map_locality@b2a_w16,-20.081694206465222,worse
case_004,3,map_locality@b0,-172.48149228440073,worse
case_004,3,map_locality@b1,-16.133311110185147,worse
case_004,3,map_locality@b2a_w4,1.206300262510938,better
case_004,3,map_locality@b2a_w8,0.0,tie
case_004,3,map_locality@b2a_w16,0.0,tie
case_004,4,map_locality@b0,-223.24173510212677,worse
case_004,4,map_locality@b1,-13.508106969888397,worse
case_004,4,map_locality@b2a_w4,0.0,tie
case_004,4,map_locality@b2a_w8,-23.547062539481995,worse
case_004,4,map_locality@b2a_w16,-23.547062539481995,worse
case_004,5,map_locality@b0,-46.38903212108344,worse
case_004,5,map_locality@b1,-4.578037954846472,worse
case_004,5,map_locality@b2a_w4,-1.714742131497265,worse
case_004,5,map_locality@b2a_w8,-21.697149847836858,worse
case_004,5,map_locality@b2a_w16,-21.697149847836858,worse
case_005,2,map_locality@b0,-66.86329316102803,worse
case_005,2,map_locality@b1,-77.12901118048497,worse
case_005,2,map_locality@b2a_w4,-51.611732249165094,worse
case_005,2,map_locality@b2a_w8,-15.349571656744592,worse
case_005,2,map_locality@b2a_w16,-2.118121097720343,worse
case_005,3,map_locality@b0,-105.01890148988214,worse
case_005,3,map_locality@b1,-111.85234600845008,worse
case_005,3,map_locality@b2a_w4,-77.88748054258394,worse
case_005,3,map_locality@b2a_w8,-21.029575272403825,worse
case_005,3,map_locality@b2a_w16,1.4298421169668667,better
case_005,4,map_locality@b0,-110.42218197018252,worse
case_005,4,map_locality@b1,-133.8442246063815,worse
case_005,4,map_locality@b2a_w4,-83.3728112953416,worse
case_005,4,map_locality@b2a_w8,-15.310482560029724,worse
case_005,4,map_locality@b2a_w16,-1.593051878686545,worse
case_005,5,map_locality@b0,-110.16673633365845,worse
case_005,5,map_locality@b1,-140.0770981375691,worse
case_005,5,map_locality@b2a_w4,-84.43174957038688,worse
case_005,5,map_locality@b2a_w8,-18.756676420045515,worse
case_005,5,map_locality@b2a_w16,-3.989596395894292,worse
case_006,2,map_locality@b0,-70.49086883125425,worse
case_006,2,map_locality@b1,-71.82382215596431,worse
case_006,2,map_locality@b2a_w4,0.0,tie
case_006,2,map_locality@b2a_w8,-27.57766426238134,worse
case_006,2,map_locality@b2a_w16,-27.682897419595292,worse
case_006,3,map_locality@b0,-67.88307956833556,worse
case_006,3,map_locality@b1,-26.334245831542272,worse
case_006,3,map_locality@b2a_w4,0.0,tie
case_006,3,map_locality@b2a_w8,-36.42904006696681,worse
case_006,3,map_locality@b2a_w16,-49.04413927286713,worse
case_006,4,map_locality@b0,-60.9420601343861,worse
case_006,4,map_locality@b1,-15.897830365828828,worse
case_006,4,map_locality@b2a_w4,-5.251012420533472,worse
case_006,4,map_locality@b2a_w8,-22.19859279201828,worse
case_006,4,map_locality@b2a_w16,-43.19585529739146,worse
case_006,5,map_locality@b0,-29.691954277490243,worse
case_006,5,map_locality@b1,0.24079045694832693,better
case_006,5,map_locality@b2a_w4,-30.55824638122388,worse
case_006,5,map_locality@b2a_w8,-75.94863136918435,worse
case_006,5,map_locality@b2a_w16,-58.92723699869918,worse
case_007,2,map_locality@b0,-2.332472686027461,worse
case_007,2,map_locality@b1,0.0,tie
case_007,2,map_locality@b2a_w4,-15.919982420820986,worse
case_007,2,map_locality@b2a_w8,-33.37588097861738,worse
case_007,2,map_locality@b2a_w16,-33.37588097861738,worse
case_007,3,map_locality@b0,-137.88605661928815,worse
case_007,3,map_locality@b1,-0.1447198402443322,worse
case_007,3,map_locality@b2a_w4,-4.366028427111477,worse
case_007,3,map_locality@b2a_w8,-26.014800892752262,worse
case_007,3,map_locality@b2a_w16,-26.014800892752262,worse
case_007,4,map_locality@b0,-210.47041436447148,worse
case_007,4,map_locality@b1,0.0,tie
case_007,4,map_locality@b2a_w4,-11.641084448914263,worse
case_007,4,map_locality@b2a_w8,-26.403853583452403,worse
case_007,4,map_locality@b2a_w16,-26.403853583452403,worse
case_007,5,map_locality@b0,0.0,tie
case_007,5,map_locality@b1,-31.054681750836465,worse
case_007,5,map_locality@b2a_w4,-35.49555030073491,worse
case_007,5,map_locality@b2a_w8,-65.4257876507354,worse
case_007,5,map_locality@b2a_w16,-65.4257876507354,worse
case_008,2,map_locality@b0,0.0,tie
case_008,2,map_locality@b1,-22.007959508888394,worse
case_008,2,map_locality@b2a_w4,-34.15157745246175,worse
case_008,2,map_locality@b2a_w8,-117.28963860196676,worse
case_008,2,map_locality@b2a_w16,-117.28963860196676,worse
case_008,3,map_locality@b0,0.0,tie
case_008,3,map_locality@b1,0.0,tie
case_008,3,map_locality@b2a_w4,-50.70244063687951,worse
case_008,3,map_locality@b2a_w8,-164.64290305400988,worse
case_008,3,map_locality@b2a_w16,-164.64290305400988,worse
case_008,4,map_locality@b0,0.0,tie
case_008,4,map_locality@b1,-19.217454900048757,worse
case_008,4,map_locality@b2a_w4,-60.931253047294,worse
case_008,4,map_locality@b2a_w8,-194.96505769543313,worse
case_008,4,map_locality@b2a_w16,-194.96505769543313,worse
case_008,5,map_locality@b0,-10.793996632784435,worse
case_008,5,map_locality@b1,6.3346868219427215,better
case_008,5,map_locality@b2a_w4,-90.88150822446903,worse
case_008,5,map_locality@b2a_w8,-290.17835438593335,worse
case_008,5,map_locality@b2a_w16,-290.17835438593335,worse
case_009,2,map_locality@b0,-47.25529325870041,worse
case_009,2,map_locality@b1,-30.39961061085422,worse
case_009,2,map_locality@b2a_w4,0.0,tie
case_009,2,map_locality@b2a_w8,-17.290825018252615,worse
case_009,2,map_locality@b2a_w16,1.8349963494767583,better
case_009,3,map_locality@b0,-68.80601969680204,worse
case_009,3,map_locality@b1,-55.72203164767069,worse
case_009,3,map_locality@b2a_w4,-10.090738076795397,worse
case_009,3,map_locality@b2a_w8,-20.090738076795397,worse
case_009,3,map_locality@b2a_w16,-1.617793515547195,worse
case_009,4,map_locality@b0,-72.22948749746341,worse
case_009,4,map_locality@b1,-39.24826948659557,worse
case_009,4,map_locality@b2a_w4,-9.515005298640391,worse
case_009,4,map_locality@b2a_w8,-22.727785168316384,worse
case_009,4,map_locality@b2a_w16,-1.9672611666027824,worse
case_009,5,map_locality@b0,-82.01459402192674,worse
case_009,5,map_locality@b1,-56.22388610472937,worse
case_009,5,map_locality@b2a_w4,-15.987953384836977,worse
case_009,5,map_locality@b2a_w8,-24.80031425952599,worse
case_009,5,map_locality@b2a_w16,1.6236742176247216,better
case_010,2,map_locality@b0,-63.023757296352755,worse
case_010,2,map_locality@b1,-21.554448451500168,worse
case_010,2,map_locality@b2a_w4,0.0,tie
case_010,2,map_locality@b2a_w8,-7.78153697438376,worse
case_010,2,map_locality@b2a_w16,-8.809532661635126,worse
case_010,3,map_locality@b0,-93.36782804226408,worse
case_010,3,map_locality@b1,-6.651514785173723,worse
case_010,3,map_locality@b2a_w4,0.0,tie
case_010,3,map_locality@b2a_w8,-20.728257453033198,worse
case_010,3,map_locality@b2a_w16,-15.321937184167895,worse
case_010,4,map_locality@b0,-118.98213597224007,worse
case_010,4,map_locality@b1,-5.004498136486313,worse
case_010,4,map_locality@b2a_w4,-10.805809021976609,worse
case_010,4,map_locality@b2a_w8,-35.005783318339546,worse
case_010,4,map_locality@b2a_w16,-38.43721886646961,worse
case_010,5,map_locality@b0,-125.44490213499179,worse
case_010,5,map_locality@b1,0.0,tie
case_010,5,map_locality@b2a_w4,-19.311848800581537,worse
case_010,5,map_locality@b2a_w8,-37.576393936946396,worse
case_010,5,map_locality@b2a_w16,-33.93371563955523,worse
case_011,2,map_locality@b0,0.0,tie
case_011,2,map_locality@b1,-99.35777043801136,worse
case_011,2,map_locality@b2a_w4,-11.975692420611791,worse
case_011,2,map_locality@b2a_w8,-12.198044168123825,worse
case_011,2,map_locality@b2a_w16,-11.82673833732703,worse
case_011,3,map_locality@b0,-132.95033171051637,worse
case_011,3,map_locality@b1,-132.95033171051637,worse
case_011,3,map_locality@b2a_w4,-1.9372903160709332,worse
case_011,3,map_locality@b2a_w8,0.0,tie
case_011,3,map_locality@b2a_w16,-4.078904220164972,worse
case_011,4,map_locality@b0,0.0,tie
case_011,4,map_locality@b1,-293.9782423208191,worse
case_011,4,map_locality@b2a_w4,-32.034982935153586,worse
case_011,4,map_locality@b2a_w8,-33.05674061433447,worse
case_011,4,map_locality@b2a_w16,-37.540529010238906,worse
case_011,5,map_locality@b0,-195.8383105802048,worse
case_011,5,map_locality@b1,-293.9782423208191,worse
case_011,5,map_locality@b2a_w4,-15.92363481228669,worse
case_011,5,map_locality@b2a_w8,-15.895904436860068,worse
case_011,5,map_locality@b2a_w16,-17.602389078498295,worse
case_012,2,map_locality@b0,-69.54747989121,worse
case_012,2,map_locality@b1,-30.006944042590128,worse
case_012,2,map_locality@b2a_w4,-0.21989468202071638,worse
case_012,2,map_locality@b2a_w8,4.516521034662346,better
case_012,2,map_locality@b2a_w16,-10.604131705341127,worse
case_012,3,map_locality@b0,-37.9850003826433,worse
case_012,3,map_locality@b1,-52.579015841432614,worse
case_012,3,map_locality@b2a_w4,3.681028545190174,better
case_012,3,map_locality@b2a_w8,-15.164153975663886,worse
case_012,3,map_locality@b2a_w16,-33.74148618657687,worse
case_012,4,map_locality@b0,-57.25034759139609,worse
case_012,4,map_locality@b1,3.9584526048908155,better
case_012,4,map_locality@b2a_w4,1.5130449006297537,better
case_012,4,map_locality@b2a_w8,-28.02813445653063,worse
case_012,4,map_locality@b2a_w16,-39.711294675717674,worse
case_012,5,map_locality@b0,-115.62116627136665,worse
case_012,5,map_locality@b1,0.9896131512227039,better
case_012,5,map_locality@b2a_w4,5.847714075406887,better
case_012,5,map_locality@b2a_w8,-21.836918295575366,worse
case_012,5,map_locality@b2a_w16,-43.522532101087755,worse
case_013,2,map_locality@b0,-59.90609759791597,worse
case_013,2,map_locality@b1,0.0,tie
case_013,2,map_locality@b2a_w4,-8.95465422712265,worse
case_013,2,map_locality@b2a_w8,-8.95465422712265,worse
case_013,2,map_locality@b2a_w16,-8.95465422712265,worse
case_013,3,map_locality@b0,-195.5193300267586,worse
case_013,3,map_locality@b1,-23.541990886393407,worse
case_013,3,map_locality@b2a_w4,-32.54363670969692,worse
case_013,3,map_locality@b2a_w8,-32.54363670969692,worse
case_013,3,map_locality@b2a_w16,-32.54363670969692,worse
case_013,4,map_locality@b0,-58.03922506005665,worse
case_013,4,map_locality@b1,0.0,tie
case_013,4,map_locality@b2a_w4,-39.21191332719819,worse
case_013,4,map_locality@b2a_w8,-39.21191332719819,worse
case_013,4,map_locality@b2a_w16,-39.21191332719819,worse
case_013,5,map_locality@b0,-234.8182306590258,worse
case_013,5,map_locality@b1,0.0,tie
case_013,5,map_locality@b2a_w4,-94.51408787010506,worse
case_013,5,map_locality@b2a_w8,-94.51408787010506,worse
case_013,5,map_locality@b2a_w16,-94.51408787010506,worse
case_014,2,map_locality@b0,-53.14630061105103,worse
case_014,2,map_locality@b1,-51.47159496321691,worse
case_014,2,map_locality@b2a_w4,0.0,tie
case_014,2,map_locality@b2a_w8,-6.03567665347693,worse
case_014,2,map_locality@b2a_w16,-11.782944320401429,worse
case_014,3,map_locality@b0,-107.78946810756338,worse
case_014,3,map_locality@b1,-52.845165761506614,worse
case_014,3,map_locality@b2a_w4,-1.1333356127162024,worse
case_014,3,map_locality@b2a_w8,-9.591261919645685,worse
case_014,3,map_locality@b2a_w16,-15.019830047501795,worse
case_014,4,map_locality@b0,-97.69674657944347,worse
case_014,4,map_locality@b1,-36.09968625653062,worse
case_014,4,map_locality@b2a_w4,0.0,tie
case_014,4,map_locality@b2a_w8,-10.032140743199088,worse
case_014,4,map_locality@b2a_w16,-13.2265487876227,worse
case_014,5,map_locality@b0,-172.82882026599177,worse
case_014,5,map_locality@b1,-156.7413415756946,worse
case_014,5,map_locality@b2a_w4,0.7309078416943505,better
case_014,5,map_locality@b2a_w8,-11.410303995402353,worse
case_014,5,map_locality@b2a_w16,-18.782686006497983,worse
case_015,2,map_locality@b0,-71.31025898798411,worse
case_015,2,map_locality@b1,-28.97697352673656,worse
case_015,2,map_locality@b2a_w4,0.0,tie
case_015,2,map_locality@b2a_w8,-11.125472736847144,worse
case_015,2,map_locality@b2a_w16,-20.05170185264972,worse
case_015,3,map_locality@b0,-61.218592815439315,worse
case_015,3,map_locality@b1,-41.518722427672806,worse
case_015,3,map_locality@b2a_w4,0.0,tie
case_015,3,map_locality@b2a_w8,-12.126473001415032,worse
case_015,3,map_locality@b2a_w16,-20.46803096424367,worse
case_015,4,map_locality@b0,-140.10877964691196,worse
case_015,4,map_locality@b1,-75.92878796885216,worse
case_015,4,map_locality@b2a_w4,4.030196754443321,better
case_015,4,map_locality@b2a_w8,-37.39226059561315,worse
case_015,4,map_locality@b2a_w16,-39.74618082387208,worse
case_015,5,map_locality@b0,-175.4864894060277,worse
case_015,5,map_locality@b1,-83.48790913720467,worse
case_015,5,map_locality@b2a_w4,-2.470640885171525,worse
case_015,5,map_locality@b2a_w8,-57.07627968704187,worse
case_015,5,map_locality@b2a_w16,-60.47128902331754,worse
case_016,2,map_locality@b0,0.0,tie
case_016,2,map_locality@b1,0.0,tie
case_016,2,map_locality@b2a_w4,-0.1354282788088377,worse
case_016,2,map_locality@b2a_w8,-0.2708565576176754,worse
case_016,2,map_locality@b2a_w16,-0.2708565576176754,worse
case_016,3,map_locality@b0,0.0,tie
case_016,3,map_locality@b1,0.0,tie
case_016,3,map_locality@b2a_w4,-0.1354282788088377,worse
case_016,3,map_locality@b2a_w8,-0.2708565576176754,worse
case_016,3,map_locality@b2a_w16,-0.2708565576176754,worse
case_016,4,map_locality@b0,0.0,tie
case_016,4,map_locality@b1,0.0,tie
case_016,4,map_locality@b2a_w4,-0.1354282788088377,worse
case_016,4,map_locality@b2a_w8,-0.2708565576176754,worse
case_016,4,map_locality@b2a_w16,-0.2708565576176754,worse
case_016,5,map_locality@b0,0.0,tie
case_016,5,map_locality@b1,0.0,tie
case_016,5,map_locality@b2a_w4,-0.1354282788088377,worse
case_016,5,map_locality@b2a_w8,-0.2708565576176754,worse
case_016,5,map_locality@b2a_w16,-0.2708565576176754,worse
case_017,2,map_locality@b0,-28.889852657528618,worse
case_017,2,map_locality@b1,-35.43181273468083,worse
case_017,2,map_locality@b2a_w4,0.0,tie
case_017,2,map_locality@b2a_w8,-4.639404695328639,worse
case_017,2,map_locality@b2a_w16,-6.2258186009883705,worse
case_017,3,map_locality@b0,-55.7215635564834,worse
case_017,3,map_locality@b1,-23.36766011809245,worse
case_017,3,map_locality@b2a_w4,-0.3785813326686089,worse
case_017,3,map_locality@b2a_w8,-7.900353654166731,worse
case_017,3,map_locality@b2a_w16,-28.627292130805305,worse
case_017,4,map_locality@b0,-24.811074918566774,worse
case_017,4,map_locality@b1,-65.42996742671009,worse
case_017,4,map_locality@b2a_w4,-2.014657980456026,worse
case_017,4,map_locality@b2a_w8,-17.254071661237784,worse
case_017,4,map_locality@b2a_w16,-35.97068403908795,worse
case_017,5,map_locality@b0,-3.0861855670103093,worse
case_017,5,map_locality@b1,0.0,tie
case_017,5,map_locality@b2a_w4,3.2082474226804125,better
case_017,5,map_locality@b2a_w8,-20.875876288659793,worse
case_017,5,map_locality@b2a_w16,-30.851958762886596,worse
case_018,2,map_locality@b0,-75.2826298038489,worse
case_018,2,map_locality@b1,-71.70819909489842,worse
case_018,2,map_locality@b2a_w4,0.0,tie
case_018,2,map_locality@b2a_w8,-2.7870129246309086,worse
case_018,2,map_locality@b2a_w16,-2.1903595359896246,worse
case_018,3,map_locality@b0,-138.48150427741913,worse
case_018,3,map_locality@b1,-138.33288006527061,worse
case_018,3,map_locality@b2a_w4,0.0,tie
case_018,3,map_locality@b2a_w8,-8.680083401323543,worse
case_018,3,map_locality@b2a_w16,-13.303417641193002,worse
case_018,4,map_locality@b0,-137.24836825833046,worse
case_018,4,map_locality@b1,-167.01019122867285,worse
case_018,4,map_locality@b2a_w4,0.005439138898431238,better
case_018,4,map_locality@b2a_w8,-2.0980762624527656,worse
case_018,4,map_locality@b2a_w16,-10.571968395740296,worse
case_018,5,map_locality@b0,-111.5455224453612,worse
case_018,5,map_locality@b1,-231.03155822670826,worse
case_018,5,map_locality@b2a_w4,0.0,tie
case_018,5,map_locality@b2a_w8,-14.501008662632016,worse
case_018,5,map_locality@b2a_w16,-30.9348801820479,worse
case_019,2,map_locality@b0,-86.34944840239224,worse
case_019,2,map_locality@b1,-20.212537825537897,worse
case_019,2,map_locality@b2a_w4,0.0,tie
case_019,2,map_locality@b2a_w8,-1.3081083656984918,worse
case_019,2,map_locality@b2a_w16,-2.158736210059806,worse
case_019,3,map_locality@b0,-126.07161602612702,worse
case_019,3,map_locality@b1,-21.6889251764157,worse
case_019,3,map_locality@b2a_w4,2.75850002915962,better
case_019,3,map_locality@b2a_w8,-8.357147022802822,worse
case_019,3,map_locality@b2a_w16,-16.349798798623667,worse
case_019,4,map_locality@b0,-143.72311456647856,worse
case_019,4,map_locality@b1,6.823473696673113,better
case_019,4,map_locality@b2a_w4,-26.15336043253483,worse
case_019,4,map_locality@b2a_w8,-38.46639567465172,worse
case_019,4,map_locality@b2a_w16,-58.00544615020324,worse
case_019,5,map_locality@b0,-230.72620816219523,worse
case_019,5,map_locality@b1,0.0,tie
case_019,5,map_locality@b2a_w4,-34.973346150485014,worse
case_019,5,map_locality@b2a_w8,-51.46814646508783,worse
case_019,5,map_locality@b2a_w16,-85.60255177837979,worse
case_020,2,map_locality@b0,0.0,tie
case_020,2,map_locality@b1,-24.94823317578213,worse
case_020,2,map_locality@b2a_w4,-52.72788656313302,worse
case_020,2,map_locality@b2a_w8,-149.72803661189886,worse
case_020,2,map_locality@b2a_w16,-251.85047640483157,worse
case_020,3,map_locality@b0,0.0,tie
case_020,3,map_locality@b1,-24.86428772127002,worse
case_020,3,map_locality@b2a_w4,-138.2669289126159,worse
case_020,3,map_locality@b2a_w8,-235.4678280415847,worse
case_020,3,map_locality@b2a_w16,-382.48103399831416,worse
case_020,4,map_locality@b0,0.0,tie
case_020,4,map_locality@b1,-24.74196733082032,worse
case_020,4,map_locality@b2a_w4,-203.72913301023155,worse
case_020,4,map_locality@b2a_w8,-337.9315502901933,worse
case_020,4,map_locality@b2a_w16,-495.5259378926584,worse
case_020,5,map_locality@b0,-298.863483221778,worse
case_020,5,map_locality@b1,0.0,tie
case_020,5,map_locality@b2a_w4,-204.957099860743,worse
case_020,5,map_locality@b2a_w8,-321.2913466001827,worse
case_020,5,map_locality@b2a_w16,-458.28953476184057,worse
case_021,2,map_locality@b0,-1.0340561473610093,worse
case_021,2,map_locality@b1,-22.402652737019018,worse
case_021,2,map_locality@b2a_w4,-21.70360975755397,worse
case_021,2,map_locality@b2a_w8,-34.013446555261,worse
case_021,2,map_locality@b2a_w16,-34.013446555261,worse
case_021,3,map_locality@b0,-71.73525948837344,worse
case_021,3,map_locality@b1,-30.772100578787278,worse
case_021,3,map_locality@b2a_w4,0.0,tie
case_021,3,map_locality@b2a_w8,-13.659365427379415,worse
case_021,3,map_locality@b2a_w16,-13.659365427379415,worse
case_021,4,map_locality@b0,0.022783645370671658,better
case_021,4,map_locality@b1,-50.09978859042873,worse
case_021,4,map_locality@b2a_w4,-41.44420618821431,worse
case_021,4,map_locality@b2a_w8,-57.06711545832575,worse
case_021,4,map_locality@b2a_w16,-57.06711545832575,worse
case_021,5,map_locality@b0,0.1335848735978702,better
case_021,5,map_locality@b1,-21.213797161832805,worse
case_021,5,map_locality@b2a_w4,-50.31767710223098,worse
case_021,5,map_locality@b2a_w8,-67.56444408080547,worse
case_021,5,map_locality@b2a_w16,-67.56444408080547,worse
case_022,2,map_locality@b0,-95.71890701355909,worse
case_022,2,map_locality@b1,-45.51242342900406,worse
case_022,2,map_locality@b2a_w4,0.0,tie
case_022,2,map_locality@b2a_w8,-6.41819808658545,worse
case_022,2,map_locality@b2a_w16,-40.746094018858834,worse
case_022,3,map_locality@b0,-130.03118040089086,worse
case_022,3,map_locality@b1,-91.184855233853,worse
case_022,3,map_locality@b2a_w4,0.0,tie
case_022,3,map_locality@b2a_w8,-36.5924276169265,worse
case_022,3,map_locality@b2a_w16,-89.1358574610245,worse
case_022,4,map_locality@b0,-157.32553891121665,worse
case_022,4,map_locality@b1,-48.16861527219584,worse
case_022,4,map_locality@b2a_w4,4.233649981731823,better
case_022,4,map_locality@b2a_w8,-55.55352575812934,worse
case_022,4,map_locality@b2a_w16,-117.98958713920351,worse
case_022,5,map_locality@b0,-163.1615826598776,worse
case_022,5,map_locality@b1,-63.87630214415845,worse
case_022,5,map_locality@b2a_w4,9.609006399775774,better
case_022,5,map_locality@b2a_w8,-53.87022936422665,worse
case_022,5,map_locality@b2a_w16,-130.4900266268043,worse
case_023,2,map_locality@b0,-101.93404542154931,worse
case_023,2,map_locality@b1,-34.21480175602337,worse
case_023,2,map_locality@b2a_w4,0.0,tie
case_023,2,map_locality@b2a_w8,-6.196204500674064,worse
case_023,2,map_locality@b2a_w16,-24.575685298489404,worse
case_023,3,map_locality@b0,-183.60990488006618,worse
case_023,3,map_locality@b1,-28.641956162117452,worse
case_023,3,map_locality@b2a_w4,-2.3728287841191067,worse
case_023,3,map_locality@b2a_w8,-21.849152191894127,worse
case_023,3,map_locality@b2a_w16,-43.905086848635236,worse
case_023,4,map_locality@b0,-231.27881955118352,worse
case_023,4,map_locality@b1,-110.55333538272365,worse
case_023,4,map_locality@b2a_w4,0.0,tie
case_023,4,map_locality@b2a_w8,-41.822932677528435,worse
case_023,4,map_locality@b2a_w16,-85.43498309252998,worse
case_023,5,map_locality@b0,-124.75253612050415,worse
case_023,5,map_locality@b1,-67.47924992314786,worse
case_023,5,map_locality@b2a_w4,-7.728250845373501,worse
case_023,5,map_locality@b2a_w8,-49.77866584691054,worse
case_023,5,map_locality@b2a_w16,-91.85674761758376,worse
case_024,2,map_locality@b0,0.0,tie
case_024,2,map_locality@b1,0.0,tie
case_024,2,map_locality@b2a_w4,-0.40890792351555155,worse
case_024,2,map_locality@b2a_w8,-0.8035320502961834,worse
case_024,2,map_locality@b2a_w16,-1.438202229602836,worse
case_024,3,map_locality@b0,0.0,tie
case_024,3,map_locality@b1,0.0,tie
case_024,3,map_locality@b2a_w4,-0.40890792351555155,worse
case_024,3,map_locality@b2a_w8,-0.8035320502961834,worse
case_024,3,map_locality@b2a_w16,-1.438202229602836,worse
case_024,4,map_locality@b0,0.0,tie
case_024,4,map_locality@b1,0.0,tie
case_024,4,map_locality@b2a_w4,-0.40890792351555155,worse
case_024,4,map_locality@b2a_w8,-0.8035320502961834,worse
case_024,4,map_locality@b2a_w16,-1.438202229602836,worse
case_024,5,map_locality@b0,0.0,tie
case_024,5,map_locality@b1,0.0,tie
case_024,5,map_locality@b2a_w4,-0.40890792351555155,worse
case_024,5,map_locality@b2a_w8,-0.8035320502961834,worse
case_024,5,map_locality@b2a_w16,-1.438202229602836,worse
case_025,2,map_locality@b0,-63.6064825904524,worse
case_025,2,map_locality@b1,0.0,tie
case_025,2,map_locality@b2a_w4,-17.505766399586594,worse
case_025,2,map_locality@b2a_w8,-43.02016692280157,worse
case_025,2,map_locality@b2a_w16,-43.02016692280157,worse
case_025,3,map_locality@b0,-18.62697799841853,worse
case_025,3,map_locality@b1,0.0,tie
case_025,3,map_locality@b2a_w4,-14.554809806296522,worse
case_025,3,map_locality@b2a_w8,-45.06858329483719,worse
case_025,3,map_locality@b2a_w16,-45.06858329483719,worse
case_025,4,map_locality@b0,-114.25942467119216,worse
case_025,4,map_locality@b1,0.0,tie
case_025,4,map_locality@b2a_w4,-22.59229879062281,worse
case_025,4,map_locality@b2a_w8,-64.15811994838009,worse
case_025,4,map_locality@b2a_w16,-64.15811994838009,worse
case_025,5,map_locality@b0,0.0,tie
case_025,5,map_locality@b1,-31.1640598892504,worse
case_025,5,map_locality@b2a_w4,-77.23216207738531,worse
case_025,5,map_locality@b2a_w8,-125.8144769941386,worse
case_025,5,map_locality@b2a_w16,-125.8144769941386,worse
case_026,2,map_locality@b0,-59.391074655915475,worse
case_026,2,map_locality@b1,-15.848741832336994,worse
case_026,2,map_locality@b2a_w4,0.0,tie
case_026,2,map_locality@b2a_w8,-13.33395121800516,worse
case_026,2,map_locality@b2a_w16,-34.27560745786799,worse
case_026,3,map_locality@b0,-81.37707948243992,worse
case_026,3,map_locality@b1,-31.062846580406653,worse
case_026,3,map_locality@b2a_w4,-2.78003696857671,worse
case_026,3,map_locality@b2a_w8,-32.7264325323475,worse
case_026,3,map_locality@b2a_w16,-46.51201478743069,worse
case_026,4,map_locality@b0,-96.0720887245841,worse
case_026,4,map_locality@b1,-29.74861367837338,worse
case_026,4,map_locality@b2a_w4,-4.2865064695009245,worse
case_026,4,map_locality@b2a_w8,-35.10720887245841,worse
case_026,4,map_locality@b2a_w16,-44.70055452865065,worse
case_026,5,map_locality@b0,-94.59519408502773,worse
case_026,5,map_locality@b1,-4.839186691312385,worse
case_026,5,map_locality@b2a_w4,-5.304990757855823,worse
case_026,5,map_locality@b2a_w8,-32.181146025878,worse
case_026,5,map_locality@b2a_w16,-50.011090573012936,worse
case_027,2,map_locality@b0,0.0,tie
case_027,2,map_locality@b1,-99.76493404771972,worse
case_027,2,map_locality@b2a_w4,-14.06149360995288,worse
case_027,2,map_locality@b2a_w8,-13.968626947211414,worse
case_027,2,map_locality@b2a_w16,-13.920632456764814,worse
case_027,3,map_locality@b0,0.0,tie
case_027,3,map_locality@b1,-200.92857843157006,worse
case_027,3,map_locality@b2a_w4,-19.788497929702558,worse
case_027,3,map_locality@b2a_w8,-19.958795507259808,worse
case_027,3,map_locality@b2a_w16,-25.1527373186727,worse
case_027,4,map_locality@b0,0.0,tie
case_027,4,map_locality@b1,-300.10157440325037,worse
case_027,4,map_locality@b2a_w4,-22.853704246811493,worse
case_027,4,map_locality@b2a_w8,-22.440789991344715,worse
case_027,4,map_locality@b2a_w16,-22.587071438279242,worse
case_027,5,map_locality@b0,-322.7412213249022,worse
case_027,5,map_locality@b1,-304.72964756543325,worse
case_027,5,map_locality@b2a_w4,-2.8135036731307093,worse
case_027,5,map_locality@b2a_w8,-5.5721070966172865,worse
case_027,5,map_locality@b2a_w16,-10.192490647286462,worse
case_028,2,map_locality@b0,-115.80156749892336,worse
case_028,2,map_locality@b1,-38.961353261073974,worse
case_028,2,map_locality@b2a_w4,-6.400497530562015,worse
case_028,2,map_locality@b2a_w8,-5.478197248242073,worse
case_028,2,map_locality@b2a_w16,0.0,tie
case_028,3,map_locality@b0,-22.480437008031295,worse
case_028,3,map_locality@b1,-47.15858528458113,worse
case_028,3,map_locality@b2a_w4,-17.54148584162074,worse
case_028,3,map_locality@b2a_w8,-14.775035177855308,worse
case_028,3,map_locality@b2a_w16,0.0,tie
case_028,4,map_locality@b0,-329.3826948627321,worse
case_028,4,map_locality@b1,-56.02206818946734,worse
case_028,4,map_locality@b2a_w4,-19.074571234794423,worse
case_028,4,map_locality@b2a_w8,-9.391058002853145,worse
case_028,4,map_locality@b2a_w16,0.0,tie
case_028,5,map_locality@b0,-437.3977546415427,worse
case_028,5,map_locality@b1,-65.09455450678881,worse
case_028,5,map_locality@b2a_w4,-20.321097194662705,worse
case_028,5,map_locality@b2a_w8,-12.608436288707718,worse
case_028,5,map_locality@b2a_w16,0.004192669595324021,better
case_029,2,map_locality@b0,-80.39677202420982,worse
case_029,2,map_locality@b1,-2.9781919492746662,worse
case_029,2,map_locality@b2a_w4,0.0,tie
case_029,2,map_locality@b2a_w8,-0.19214141608223653,worse
case_029,2,map_locality@b2a_w16,-7.546354116629839,worse
case_029,3,map_locality@b0,0.0,tie
case_029,3,map_locality@b1,-47.85372361296398,worse
case_029,3,map_locality@b2a_w4,-28.195872243584713,worse
case_029,3,map_locality@b2a_w8,-30.330377462136074,worse
case_029,3,map_locality@b2a_w16,-53.12720709409087,worse
case_029,4,map_locality@b0,-196.1050224710242,worse
case_029,4,map_locality@b1,2.168256721595837,better
case_029,4,map_locality@b2a_w4,-33.61192146968383,worse
case_029,4,map_locality@b2a_w8,-37.664590396593866,worse
case_029,4,map_locality@b2a_w16,-50.67413072616889,worse
case_029,5,map_locality@b0,-196.1050224710242,worse
case_029,5,map_locality@b1,-2.7911377434360958,worse
case_029,5,map_locality@b2a_w4,-63.08444374359379,worse
case_029,5,map_locality@b2a_w8,-64.2671292281006,worse
case_029,5,map_locality@b2a_w16,-63.305211700701726,worse
case_030,2,map_locality@b0,-37.52415999676825,worse
case_030,2,map_locality@b1,-35.6516189782756,worse
case_030,2,map_locality@b2a_w4,-0.22122116971174402,worse
case_030,2,map_locality@b2a_w8,-9.305091405220915,worse
case_030,2,map_locality@b2a_w16,-9.046262636658176,worse
case_030,3,map_locality@b0,-66.26119256592145,worse
case_030,3,map_locality@b1,-20.294376348644867,worse
case_030,3,map_locality@b2a_w4,-2.677989482943004,worse
case_030,3,map_locality@b2a_w8,-10.296401293433483,worse
case_030,3,map_locality@b2a_w16,-11.680957292648818,worse
case_030,4,map_locality@b0,-32.65549296151781,worse
case_030,4,map_locality@b1,-5.006225520020588,worse
case_030,4,map_locality@b2a_w4,0.0,tie
case_030,4,map_locality@b2a_w8,-17.84611883082205,worse
case_030,4,map_locality@b2a_w16,-15.712483618031248,worse
case_030,5,map_locality@b0,-112.09364907703133,worse
case_030,5,map_locality@b1,-15.425827056987682,worse
case_030,5,map_locality@b2a_w4,-1.0819165378670788,worse
case_030,5,map_locality@b2a_w8,-9.778231654798262,worse
case_030,5,map_locality@b2a_w16,-9.604036100578222,worse
case_031,2,map_locality@b0,-65.61159648664777,worse
case_031,2,map_locality@b1,-0.5986125615396092,worse
case_031,2,map_locality@b2a_w4,-0.10058462628673728,worse
case_031,2,map_locality@b2a_w8,-11.623177122184096,worse
case_031,2,map_locality@b2a_w16,-12.342537856183798,worse
case_031,3,map_locality@b0,-117.24647845540392,worse
case_031,3,map_locality@b1,-43.67749817057679,worse
case_031,3,map_locality@b2a_w4,0.038338016555329216,better
case_031,3,map_locality@b2a_w8,-12.331605587005239,worse
case_031,3,map_locality@b2a_w16,-10.670443671260637,worse
case_031,4,map_locality@b0,-133.63499302349538,worse
case_031,4,map_locality@b1,-65.31169524380309,worse
case_031,4,map_locality@b2a_w4,0.0,tie
case_031,4,map_locality@b2a_w8,-14.64447919690599,worse
case_031,4,map_locality@b2a_w16,-18.624551677638664,worse
case_031,5,map_locality@b0,-216.83826917811118,worse
case_031,5,map_locality@b1,-35.48955135497343,worse
case_031,5,map_locality@b2a_w4,0.4833068787191366,better
case_031,5,map_locality@b2a_w8,-21.20161087451608,worse
case_031,5,map_locality@b2a_w16,-28.544714234511808,worse
case_032,2,map_locality@b0,-12.93461153240807,worse
case_032,2,map_locality@b1,-52.17246148709877,worse
case_032,2,map_locality@b2a_w4,0.0,tie
case_032,2,map_locality@b2a_w8,-19.010826536939,worse
case_032,2,map_locality@b2a_w16,-21.58153288500978,worse
case_032,3,map_locality@b0,-74.57846952010377,worse
case_032,3,map_locality@b1,-45.14656290531777,worse
case_032,3,map_locality@b2a_w4,0.0,tie
case_032,3,map_locality@b2a_w8,-15.942931258106356,worse
case_032,3,map_locality@b2a_w16,-39.880674448767834,worse
case_032,4,map_locality@b0,-36.807225382675504,worse
case_032,4,map_locality@b1,-0.24631986393759897,worse
case_032,4,map_locality@b2a_w4,-9.16075303501261,worse
case_032,4,map_locality@b2a_w8,-40.03284264852501,worse
case_032,4,map_locality@b2a_w16,-48.62471409301507,worse
case_032,5,map_locality@b0,-95.80083279573046,worse
case_032,5,map_locality@b1,-10.568295114656031,worse
case_032,5,map_locality@b2a_w4,-11.307254706468829,worse
case_032,5,map_locality@b2a_w8,-43.762829159580086,worse
case_032,5,map_locality@b2a_w16,-59.1930092076711,worse
case_033,2,map_locality@b0,-43.43585992269005,worse
case_033,2,map_locality@b1,0.0,tie
case_033,2,map_locality@b2a_w4,-7.125905035362279,worse
case_033,2,map_locality@b2a_w8,-10.918799014197813,worse
case_033,2,map_locality@b2a_w16,-10.666054948803593,worse
case_033,3,map_locality@b0,-137.06248327535457,worse
case_033,3,map_locality@b1,0.019266791544019266,better
case_033,3,map_locality@b2a_w4,-13.997591651056998,worse
case_033,3,map_locality@b2a_w8,-22.029435375970028,worse
case_033,3,map_locality@b2a_w16,-25.157746855766657,worse
case_033,4,map_locality@b0,-198.0529497899751,worse
case_033,4,map_locality@b1,0.0,tie
case_033,4,map_locality@b2a_w4,-41.10128580131894,worse
case_033,4,map_locality@b2a_w8,-52.234921494508,worse
case_033,4,map_locality@b2a_w16,-51.06473184861105,worse
case_033,5,map_locality@b0,-216.67551419583086,worse
case_033,5,map_locality@b1,-103.93827868648039,worse
case_033,5,map_locality@b2a_w4,-23.14103911557961,worse
case_033,5,map_locality@b2a_w8,-35.816816955903676,worse
case_033,5,map_locality@b2a_w16,-38.90965188238605,worse
case_034,2,map_locality@b0,-14.096743251267528,worse
case_034,2,map_locality@b1,-32.07637144292696,worse
case_034,2,map_locality@b2a_w4,0.0,tie
case_034,2,map_locality@b2a_w8,-9.336500251221851,worse
case_034,2,map_locality@b2a_w16,-14.241629744667245,worse
case_034,3,map_locality@b0,-113.90409818214428,worse
case_034,3,map_locality@b1,-58.695858261058945,worse
case_034,3,map_locality@b2a_w4,1.3149028299107086,better
case_034,3,map_locality@b2a_w8,-12.141072778283094,worse
case_034,3,map_locality@b2a_w16,-23.04333901279801,worse
case_034,4,map_locality@b0,-134.77967665797087,worse
case_034,4,map_locality@b1,-81.50455198850024,worse
case_034,4,map_locality@b2a_w4,2.92788396126521,better
case_034,4,map_locality@b2a_w8,-11.686394907925015,worse
case_034,4,map_locality@b2a_w16,-28.612161114956194,worse
case_034,5,map_locality@b0,-186.72276605053045,worse
case_034,5,map_locality@b1,-122.54422782456524,worse
case_034,5,map_locality@b2a_w4,0.38588264245871157,better
case_034,5,map_locality@b2a_w8,-23.260281089357978,worse
case_034,5,map_locality@b2a_w16,-42.19689926719895,worse
case_035,2,map_locality@b0,-62.525531773401354,worse
case_035,2,map_locality@b1,-62.839038200283106,worse
case_035,2,map_locality@b2a_w4,0.0,tie
case_035,2,map_locality@b2a_w8,-2.780707004493592,worse
case_035,2,map_locality@b2a_w16,-9.860252135168771,worse
case_035,3,map_locality@b0,-62.01059163584177,worse
case_035,3,map_locality@b1,-60.94738544256463,worse
case_035,3,map_locality@b2a_w4,0.0,tie
case_035,3,map_locality@b2a_w8,-6.754189153679785,worse
case_035,3,map_locality@b2a_w16,-3.2694601095547067,worse
case_035,4,map_locality@b0,-78.41676952365013,worse
case_035,4,map_locality@b1,-61.41084914541537,worse
case_035,4,map_locality@b2a_w4,-1.6202589903976905,worse
case_035,4,map_locality@b2a_w8,-5.486286897763645,worse
case_035,4,map_locality@b2a_w16,0.0,tie
case_035,5,map_locality@b0,-83.0495177925148,worse
case_035,5,map_locality@b1,-62.67232903077341,worse
case_035,5,map_locality@b2a_w4,-1.1683855986276437,worse
case_035,5,map_locality@b2a_w8,-4.545930001464405,worse
case_035,5,map_locality@b2a_w16,-0.3995732306855505,worse
case_036,2,map_locality@b0,0.0,tie
case_036,2,map_locality@b1,0.0,tie
case_036,2,map_locality@b2a_w4,-74.6062806285778,worse
case_036,2,map_locality@b2a_w8,-74.6062806285778,worse
case_036,2,map_locality@b2a_w16,-74.6062806285778,worse
case_036,3,map_locality@b0,-0.32577319587628867,worse
case_036,3,map_locality@b1,0.0,tie
case_036,3,map_locality@b2a_w4,-42.92422680412371,worse
case_036,3,map_locality@b2a_w8,-42.92422680412371,worse
case_036,3,map_locality@b2a_w16,-42.92422680412371,worse
case_036,4,map_locality@b0,0.0,tie
case_036,4,map_locality@b1,0.0,tie
case_036,4,map_locality@b2a_w4,-115.43085142818,worse
case_036,4,map_locality@b2a_w8,-115.43085142818,worse
case_036,4,map_locality@b2a_w16,-115.43085142818,worse
case_036,5,map_locality@b0,0.0,tie
case_036,5,map_locality@b1,0.0,tie
case_036,5,map_locality@b2a_w4,-127.30604438460963,worse
case_036,5,map_locality@b2a_w8,-127.30604438460963,worse
case_036,5,map_locality@b2a_w16,-127.30604438460963,worse
case_037,2,map_locality@b0,-67.0758679947809,worse
case_037,2,map_locality@b1,-4.207905037711231,worse
case_037,2,map_locality@b2a_w4,0.0,tie
case_037,2,map_locality@b2a_w8,-2.5451102695477834,worse
case_037,2,map_locality@b2a_w16,-2.5451102695477834,worse
case_037,3,map_locality@b0,-141.02031447262712,worse
case_037,3,map_locality@b1,1.874210949156433,better
case_037,3,map_locality@b2a_w4,-30.05394238494204,worse
case_037,3,map_locality@b2a_w8,-30.542866980374153,worse
case_037,3,map_locality@b2a_w16,-30.542866980374153,worse
case_037,4,map_locality@b0,-205.44267159251234,worse
case_037,4,map_locality@b1,-0.8086919843497739,worse
case_037,4,map_locality@b2a_w4,-26.72610649717103,worse
case_037,4,map_locality@b2a_w8,-36.26896280889561,worse
case_037,4,map_locality@b2a_w16,-36.26896280889561,worse
case_037,5,map_locality@b0,1.7968036529680365,better
case_037,5,map_locality@b1,-305.51826484018267,worse
case_037,5,map_locality@b2a_w4,-71.3972602739726,worse
case_037,5,map_locality@b2a_w8,-115.26712328767124,worse
case_037,5,map_locality@b2a_w16,-115.26712328767124,worse
case_038,2,map_locality@b0,-46.810564663023676,worse
case_038,2,map_locality@b1,-46.05475195542698,worse
case_038,2,map_locality@b2a_w4,0.0,tie
case_038,2,map_locality@b2a_w8,-3.59080681452909,worse
case_038,2,map_locality@b2a_w16,-3.9249973213329046,worse
case_038,3,map_locality@b0,-96.46512026999972,worse
case_038,3,map_locality@b1,-43.59551525898807,worse
case_038,3,map_locality@b2a_w4,1.7714440980465063,better
case_038,3,map_locality@b2a_w8,-7.3221691502445445,worse
case_038,3,map_locality@b2a_w16,-7.463032348482682,worse
case_038,4,map_locality@b0,-98.51084372072916,worse
case_038,4,map_locality@b1,-9.316665465811658,worse
case_038,4,map_locality@b2a_w4,0.6390950356653937,better
case_038,4,map_locality@b2a_w8,-10.161683118380287,worse
case_038,4,map_locality@b2a_w16,-11.326032134880034,worse
case_038,5,map_locality@b0,-97.46091216946466,worse
case_038,5,map_locality@b1,-6.103321564954247,worse
case_038,5,map_locality@b2a_w4,1.1058433604726565,better
case_038,5,map_locality@b2a_w8,-8.713019670005044,worse
case_038,5,map_locality@b2a_w16,-12.687369407017796,worse
case_039,2,map_locality@b0,-64.90574626063871,worse
case_039,2,map_locality@b1,0.05383617398095401,better
case_039,2,map_locality@b2a_w4,-15.067774659798125,worse
case_039,2,map_locality@b2a_w8,-25.684822704539915,worse
case_039,2,map_locality@b2a_w16,-25.684822704539915,worse
case_039,3,map_locality@b0,-104.22751418933932,worse
case_039,3,map_locality@b1,15.606686230209226,better
case_039,3,map_locality@b2a_w4,-11.822958596272539,worse
case_039,3,map_locality@b2a_w8,-20.28736477927534,worse
case_039,3,map_locality@b2a_w16,-20.28736477927534,worse
case_039,4,map_locality@b0,-153.1047048474566,worse
case_039,4,map_locality@b1,-2.9105880118745397,worse
case_039,4,map_locality@b2a_w4,-17.918766538449823,worse
case_039,4,map_locality@b2a_w8,-32.12772475719719,worse
case_039,4,map_locality@b2a_w16,-32.12772475719719,worse
case_039,5,map_locality@b0,-160.10018573760343,worse
case_039,5,map_locality@b1,5.273822254741937,better
case_039,5,map_locality@b2a_w4,-11.018367385227293,worse
case_039,5,map_locality@b2a_w8,-40.666404007429506,worse
case_039,5,map_locality@b2a_w16,-40.666404007429506,worse
case_040,2,map_locality@b0,-77.13268265131113,worse
case_040,2,map_locality@b1,-73.0839434912282,worse
case_040,2,map_locality@b2a_w4,0.0,tie
case_040,2,map_locality@b2a_w8,-4.493012171014113,worse
case_040,2,map_locality@b2a_w16,-20.082517684821017,worse
case_040,3,map_locality@b0,-101.70269888370778,worse
case_040,3,map_locality@b1,-101.97980939820702,worse
case_040,3,map_locality@b2a_w4,0.0,tie
case_040,3,map_locality@b2a_w8,-8.40673229397265,worse
case_040,3,map_locality@b2a_w16,-24.927386054982495,worse
case_040,4,map_locality@b0,-106.8045261349614,worse
case_040,4,map_locality@b1,-105.85365066819367,worse
case_040,4,map_locality@b2a_w4,0.0,tie
case_040,4,map_locality@b2a_w8,-4.614851077900815,worse
case_040,4,map_locality@b2a_w16,-23.003282496310216,worse
case_040,5,map_locality@b0,-108.41962009231248,worse
case_040,5,map_locality@b1,-78.18933077547406,worse
case_040,5,map_locality@b2a_w4,0.0,tie
case_040,5,map_locality@b2a_w8,-4.224566926551727,worse
case_040,5,map_locality@b2a_w16,-27.16003836788903,worse
case_041,2,map_locality@b0,-62.71944204425853,worse
case_041,2,map_locality@b1,0.0,tie
case_041,2,map_locality@b2a_w4,-25.739611681323503,worse
case_041,2,map_locality@b2a_w8,-29.30845035922035,worse
case_041,2,map_locality@b2a_w16,-28.06548604437697,worse
case_041,3,map_locality@b0,-82.70339169238423,worse
case_041,3,map_locality@b1,-66.16874757526587,worse
case_041,3,map_locality@b2a_w4,0.0,tie
case_041,3,map_locality@b2a_w8,-3.9926935686820886,worse
case_041,3,map_locality@b2a_w16,-4.453249310180161,worse
case_041,4,map_locality@b0,-143.6469211577948,worse
case_041,4,map_locality@b1,-0.007681466598959368,worse
case_041,4,map_locality@b2a_w4,-33.64675556929327,worse
case_041,4,map_locality@b2a_w8,-34.78784433208958,worse
case_041,4,map_locality@b2a_w16,-36.840681783056986,worse
case_041,5,map_locality@b0,-174.11769774948237,worse
case_041,5,map_locality@b1,0.0,tie
case_041,5,map_locality@b2a_w4,-15.759542008226314,worse
case_041,5,map_locality@b2a_w8,-19.87241495395603,worse
case_041,5,map_locality@b2a_w16,-27.174914050784967,worse
case_042,2,map_locality@b0,-73.41139696653143,worse
case_042,2,map_locality@b1,-66.48598255715083,worse
case_042,2,map_locality@b2a_w4,0.0,tie
case_042,2,map_locality@b2a_w8,-2.1506976329875536,worse
case_042,2,map_locality@b2a_w16,-7.171995076484545,worse
case_042,3,map_locality@b0,-136.7394805451506,worse
case_042,3,map_locality@b1,-129.05525697828668,worse
case_042,3,map_locality@b2a_w4,0.6347376904735059,better
case_042,3,map_locality@b2a_w8,-5.388449722789449,worse
case_042,3,map_locality@b2a_w16,-13.561115078221677,worse
case_042,4,map_locality@b0,-199.64434757928595,worse
case_042,4,map_locality@b1,-185.87464215760133,worse
case_042,4,map_locality@b2a_w4,0.0,tie
case_042,4,map_locality@b2a_w8,-6.5767666114208225,worse
case_042,4,map_locality@b2a_w16,-19.28004036567376,worse
case_042,5,map_locality@b0,-254.3555381180197,worse
case_042,5,map_locality@b1,-235.20850750898182,worse
case_042,5,map_locality@b2a_w4,-1.6361384257328728,worse
case_042,5,map_locality@b2a_w8,-6.133105458519321,worse
case_042,5,map_locality@b2a_w16,-21.98937177625268,worse
case_043,2,map_locality@b0,-98.42903670666941,worse
case_043,2,map_locality@b1,-96.60162553915671,worse
case_043,2,map_locality@b2a_w4,0.0,tie
case_043,2,map_locality@b2a_w8,-21.684809718024706,worse
case_043,2,map_locality@b2a_w16,-14.803262815058243,worse
case_043,3,map_locality@b0,-154.77048368375483,worse
case_043,3,map_locality@b1,-134.18982120374605,worse
case_043,3,map_locality@b2a_w4,-26.47197825256814,worse
case_043,3,map_locality@b2a_w8,-0.004158931683875822,worse
case_043,3,map_locality@b2a_w16,-17.45465819252829,worse
case_043,4,map_locality@b0,-130.93999863459848,worse
case_043,4,map_locality@b1,-171.78598535807654,worse
case_043,4,map_locality@b2a_w4,-15.929015184068174,worse
case_043,4,map_locality@b2a_w8,-2.9974579436249806,worse
case_043,4,map_locality@b2a_w16,1.490697198115746,better
case_043,5,map_locality@b0,-165.1521208881542,worse
case_043,5,map_locality@b1,-163.59789595676918,worse
case_043,5,map_locality@b2a_w4,-10.5651359497617,worse
case_043,5,map_locality@b2a_w8,0.4051765572570176,better
case_043,5,map_locality@b2a_w16,-1.8515939789505838,worse
case_044,2,map_locality@b0,-165.71045068919827,worse
case_044,2,map_locality@b1,-98.25506358520762,worse
case_044,2,map_locality@b2a_w4,-3.080311817039803,worse
case_044,2,map_locality@b2a_w8,-1.6107105367314278,worse
case_044,2,map_locality@b2a_w16,0.0,tie
case_044,3,map_locality@b0,-165.71045068919827,worse
case_044,3,map_locality@b1,-141.92837844814235,worse
case_044,3,map_locality@b2a_w4,0.4302111476312574,better
case_044,3,map_locality@b2a_w8,-12.266180241262411,worse
case_044,3,map_locality@b2a_w16,-10.464455954982705,worse
case_044,4,map_locality@b0,-165.71045068919827,worse
case_044,4,map_locality@b1,-165.67259210820671,worse
case_044,4,map_locality@b2a_w4,-56.12534631997384,worse
case_044,4,map_locality@b2a_w8,-49.1920634647485,worse
case_044,4,map_locality@b2a_w16,-32.53945036223779,worse
case_044,5,map_locality@b0,-165.71045068919827,worse
case_044,5,map_locality@b1,-68.46896456780988,worse
case_044,5,map_locality@b2a_w4,-34.917657586343374,worse
case_044,5,map_locality@b2a_w8,-31.403692932491268,worse
case_044,5,map_locality@b2a_w16,-48.68613515513414,worse
case_045,2,map_locality@b0,-59.889515420745134,worse
case_045,2,map_locality@b1,0.0,tie
case_045,2,map_locality@b2a_w4,-8.022860634140754,worse
case_045,2,map_locality@b2a_w8,-39.35949492763769,worse
case_045,2,map_locality@b2a_w16,-82.45229942848415,worse
case_045,3,map_locality@b0,-175.04105449847825,worse
case_045,3,map_locality@b1,-14.926320860064374,worse
case_045,3,map_locality@b2a_w4,-59.25204177705765,worse
case_045,3,map_locality@b2a_w8,-116.74147708611592,worse
case_045,3,map_locality@b2a_w16,-176.7730069409472,worse
case_045,4,map_locality@b0,-59.396880766411364,worse
case_045,4,map_locality@b1,0.0,tie
case_045,4,map_locality@b2a_w4,-48.92444579257349,worse
case_045,4,map_locality@b2a_w8,-98.77910062940775,worse
case_045,4,map_locality@b2a_w16,-183.72892495134096,worse
case_045,5,map_locality@b0,-330.9671664322229,worse
case_045,5,map_locality@b1,-9.599615740899578,worse
case_045,5,map_locality@b2a_w4,-129.44385356983565,worse
case_045,5,map_locality@b2a_w8,-236.8923045253371,worse
case_045,5,map_locality@b2a_w16,-239.88746697773357,worse
case_046,2,map_locality@b0,-47.893176127989776,worse
case_046,2,map_locality@b1,-47.893176127989776,worse
case_046,2,map_locality@b2a_w4,-6.243230285704139,worse
case_046,2,map_locality@b2a_w8,-5.371379867535557,worse
case_046,2,map_locality@b2a_w16,0.0,tie
case_046,3,map_locality@b0,-196.92182113052723,worse
case_046,3,map_locality@b1,-83.68436315207235,worse
case_046,3,map_locality@b2a_w4,-0.7067137809187279,worse
case_046,3,map_locality@b2a_w8,-4.872888182413782,worse
case_046,3,map_locality@b2a_w16,3.9245169536125104,better
case_046,4,map_locality@b0,-16.620443740095087,worse
case_046,4,map_locality@b1,-16.620443740095087,worse
case_046,4,map_locality@b2a_w4,-8.884706814580031,worse
case_046,4,map_locality@b2a_w8,-1.119255150554675,worse
case_046,4,map_locality@b2a_w16,0.0,tie
case_046,5,map_locality@b0,-242.28283478605388,worse
case_046,5,map_locality@b1,-58.62717908082409,worse
case_046,5,map_locality@b2a_w4,-16.83587559429477,worse
case_046,5,map_locality@b2a_w8,-30.86494651347068,worse
case_046,5,map_locality@b2a_w16,-35.4880645800317,worse
case_047,2,map_locality@b0,-28.21809242949667,worse
case_047,2,map_locality@b1,-30.671492591513662,worse
case_047,2,map_locality@b2a_w4,-29.08923305306256,worse
case_047,2,map_locality@b2a_w8,-31.544229441600056,worse
case_047,2,map_locality@b2a_w16,0.2913113399922583,better
case_047,3,map_locality@b0,-37.669981292834414,worse
case_047,3,map_locality@b1,-42.81466884844592,worse
case_047,3,map_locality@b2a_w4,-40.41398827221313,worse
case_047,3,map_locality@b2a_w8,-43.088548697226045,worse
case_047,3,map_locality@b2a_w16,0.0,tie
case_047,4,map_locality@b0,-51.250949861642795,worse
case_047,4,map_locality@b1,-55.7491122676722,worse
case_047,4,map_locality@b2a_w4,-54.682877638703694,worse
case_047,4,map_locality@b2a_w8,-57.623027991646,worse
case_047,4,map_locality@b2a_w16,-0.015771287653949275,worse
case_047,5,map_locality@b0,-57.70643659217045,worse
case_047,5,map_locality@b1,-59.82813911696667,worse
case_047,5,map_locality@b2a_w4,-60.354841592120806,worse
case_047,5,map_locality@b2a_w8,-63.79603061923531,worse
case_047,5,map_locality@b2a_w16,-0.30182385004120293,worse
case_048,2,map_locality@b0,-34.149326060222336,worse
case_048,2,map_locality@b1,-35.788820027030646,worse
case_048,2,map_locality@b2a_w4,-34.01599922073811,worse
case_048,2,map_locality@b2a_w8,-34.76603879263111,worse
case_048,2,map_locality@b2a_w16,-1.5359982466607411,worse
case_048,3,map_locality@b0,-44.344800774892434,worse
case_048,3,map_locality@b1,-47.37386583027484,worse
case_048,3,map_locality@b2a_w4,-45.072909734256704,worse
case_048,3,map_locality@b2a_w8,-45.88470180478773,worse
case_048,3,map_locality@b2a_w16,-0.04217101665096236,worse
case_048,4,map_locality@b0,-43.626575647555725,worse
case_048,4,map_locality@b1,-46.52978657512042,worse
case_048,4,map_locality@b2a_w4,-45.0959720089877,worse
case_048,4,map_locality@b2a_w8,-45.90776407951872,worse
case_048,4,map_locality@b2a_w16,-0.10872215230326232,worse
case_048,5,map_locality@b0,-44.018634317982645,worse
case_048,5,map_locality@b1,-45.775979652484466,worse
case_048,5,map_locality@b2a_w4,-44.77968938410548,worse
case_048,5,map_locality@b2a_w8,-45.50450373279389,worse
case_048,5,map_locality@b2a_w16,0.22732813663409396,better
case_049,2,map_locality@b0,-61.79221404327007,worse
case_049,2,map_locality@b1,-64.69099328625134,worse
case_049,2,map_locality@b2a_w4,-35.416061544079206,worse
case_049,2,map_locality@b2a_w8,-3.607498817417572,worse
case_049,2,map_locality@b2a_w16,0.25892331056689266,better
case_049,3,map_locality@b0,-99.41629865881583,worse
case_049,3,map_locality@b1,-108.20453058554138,worse
case_049,3,map_locality@b2a_w4,-66.82307000327118,worse
case_049,3,map_locality@b2a_w8,-16.139188747137716,worse
case_049,3,map_locality@b2a_w16,-1.039622178606477,worse
case_049,4,map_locality@b0,-105.69132093854023,worse
case_049,4,map_locality@b1,-128.21187905218108,worse
case_049,4,map_locality@b2a_w4,-89.29818253517206,worse
case_049,4,map_locality@b2a_w8,-14.082742782913279,worse
case_049,4,map_locality@b2a_w16,-1.1795543905635648,worse
case_049,5,map_locality@b0,-128.5854512340788,worse
case_049,5,map_locality@b1,-126.38929952576369,worse
case_049,5,map_locality@b2a_w4,-93.04019773643815,worse
case_049,5,map_locality@b2a_w8,-22.075049966294927,worse
case_049,5,map_locality@b2a_w16,2.047139799188713,better
case_050,2,map_locality@b0,-80.49968861047002,worse
case_050,2,map_locality@b1,-85.09848457095407,worse
case_050,2,map_locality@b2a_w4,-31.319681039430463,worse
case_050,2,map_locality@b2a_w8,-21.28561136144387,worse
case_050,2,map_locality@b2a_w16,0.0,tie
case_050,3,map_locality@b0,-178.564453125,worse
case_050,3,map_locality@b1,-184.92525540865384,worse
case_050,3,map_locality@b2a_w4,-95.63739483173077,worse
case_050,3,map_locality@b2a_w8,-61.85960036057692,worse
case_050,3,map_locality@b2a_w16,-0.8338341346153846,worse
case_050,4,map_locality@b0,-216.42209292376145,worse
case_050,4,map_locality@b1,-200.67382561820827,worse
case_050,4,map_locality@b2a_w4,-122.86728844014718,worse
case_050,4,map_locality@b2a_w8,-59.11268931291178,worse
case_050,4,map_locality@b2a_w16,4.218362282878412,better
case_050,5,map_locality@b0,-252.71001423825345,worse
case_050,5,map_locality@b1,-261.2126245847176,worse
case_050,5,map_locality@b2a_w4,-147.2686283815852,worse
case_050,5,map_locality@b2a_w8,-71.76791646891314,worse
case_050,5,map_locality@b2a_w16,0.17323208353108685,better
case_051,2,map_locality@b0,0.0,tie
case_051,2,map_locality@b1,0.0,tie
case_051,2,map_locality@b2a_w4,0.0,tie
case_051,2,map_locality@b2a_w8,0.0,tie
case_051,2,map_locality@b2a_w16,-0.48055718301329103,worse
case_051,3,map_locality@b0,0.0,tie
case_051,3,map_locality@b1,0.0,tie
case_051,3,map_locality@b2a_w4,0.0,tie
case_051,3,map_locality@b2a_w8,0.0,tie
case_051,3,map_locality@b2a_w16,-0.48055718301329103,worse
case_051,4,map_locality@b0,0.0,tie
case_051,4,map_locality@b1,0.0,tie
case_051,4,map_locality@b2a_w4,0.0,tie
case_051,4,map_locality@b2a_w8,0.0,tie
case_051,4,map_locality@b2a_w16,-0.48055718301329103,worse
case_051,5,map_locality@b0,0.0,tie
case_051,5,map_locality@b1,0.0,tie
case_051,5,map_locality@b2a_w4,0.0,tie
case_051,5,map_locality@b2a_w8,0.0,tie
case_051,5,map_locality@b2a_w16,-0.48055718301329103,worse
case_052,2,map_locality@b0,-86.84344088249003,worse
case_052,2,map_locality@b1,-5.152001657258273,worse
case_052,2,map_locality@b2a_w4,-1.6013258066186753,worse
case_052,2,map_locality@b2a_w8,-3.2440830700709515,worse
case_052,2,map_locality@b2a_w16,-10.696566368014915,worse
case_052,3,map_locality@b0,-115.89300897836833,worse
case_052,3,map_locality@b1,-94.93579674011731,worse
case_052,3,map_locality@b2a_w4,1.0938333165199094,better
case_052,3,map_locality@b2a_w8,-5.387020997564456,worse
case_052,3,map_locality@b2a_w16,-21.621582671605008,worse
case_052,4,map_locality@b0,-189.13350676044578,worse
case_052,4,map_locality@b1,-20.960593506118123,worse
case_052,4,map_locality@b2a_w4,5.506310819924848,better
case_052,4,map_locality@b2a_w8,-3.375405466165655,worse
case_052,4,map_locality@b2a_w16,-20.404984423676012,worse
case_052,5,map_locality@b0,-60.66355624675998,worse
case_052,5,map_locality@b1,-56.734059097978225,worse
case_052,5,map_locality@b2a_w4,0.7153965785381027,better
case_052,5,map_locality@b2a_w8,-39.13945049248315,worse
case_052,5,map_locality@b2a_w16,-70.65837221358217,worse
case_053,2,map_locality@b0,-93.11268275397846,worse
case_053,2,map_locality@b1,-68.20308002776794,worse
case_053,2,map_locality@b2a_w4,-0.15082678104034913,worse
case_053,2,map_locality@b2a_w8,0.0,tie
case_053,2,map_locality@b2a_w16,-7.594688262778453,worse
case_053,3,map_locality@b0,-150.92244043516408,worse
case_053,3,map_locality@b1,-82.86913437512293,worse
case_053,3,map_locality@b2a_w4,-1.9757174204163168,worse
case_053,3,map_locality@b2a_w8,-6.731497744993578,worse
case_053,3,map_locality@b2a_w16,-4.509670787875471,worse
case_053,4,map_locality@b0,-196.21895475249053,worse
case_053,4,map_locality@b1,-67.01754528404524,worse
case_053,4,map_locality@b2a_w4,0.09479000056833405,better
case_053,4,map_locality@b2a_w8,-10.494694195685533,worse
case_053,4,map_locality@b2a_w16,0.9639351449657781,better
case_053,5,map_locality@b0,-77.1536850418033,worse
case_053,5,map_locality@b1,-35.63966763377912,worse
case_053,5,map_locality@b2a_w4,-5.724561795052275,worse
case_053,5,map_locality@b2a_w8,-14.502824082816872,worse
case_053,5,map_locality@b2a_w16,-0.0010729797936445261,worse
case_054,2,map_locality@b0,-66.55599198363772,worse
case_054,2,map_locality@b1,-67.59634773546004,worse
case_054,2,map_locality@b2a_w4,-26.62742246764722,worse
case_054,2,map_locality@b2a_w8,-35.4058746835782,worse
case_054,2,map_locality@b2a_w16,0.0,tie
case_054,3,map_locality@b0,-108.15329677007294,worse
case_054,3,map_locality@b1,-68.43923491248349,worse
case_054,3,map_locality@b2a_w4,-45.28982977656073,worse
case_054,3,map_locality@b2a_w8,-56.52876577016862,worse
case_054,3,map_locality@b2a_w16,0.0612835411026383,better
case_054,4,map_locality@b0,-141.76789040963536,worse
case_054,4,map_locality@b1,-131.92903317360967,worse
case_054,4,map_locality@b2a_w4,-62.15696398216168,worse
case_054,4,map_locality@b2a_w8,-68.33093294927188,worse
case_054,4,map_locality@b2a_w16,-0.2693261110456918,worse
case_054,5,map_locality@b0,-191.63713262647104,worse
case_054,5,map_locality@b1,-131.73623506041804,worse
case_054,5,map_locality@b2a_w4,-97.49091988609084,worse
case_054,5,map_locality@b2a_w8,-97.00786882121614,worse
case_054,5,map_locality@b2a_w16,0.35074345150614444,better
case_055,2,map_locality@b0,-87.92538052221259,worse
case_055,2,map_locality@b1,-63.83492142061626,worse
case_055,2,map_locality@b2a_w4,0.0,tie
case_055,2,map_locality@b2a_w8,-4.668357876500433,worse
case_055,2,map_locality@b2a_w16,-13.183702512065338,worse
case_055,3,map_locality@b0,-135.37414965986395,worse
case_055,3,map_locality@b1,-59.665214400366885,worse
case_055,3,map_locality@b2a_w4,3.9994649545211343,better
case_055,3,map_locality@b2a_w8,-20.53045937476114,worse
case_055,3,map_locality@b2a_w16,-25.229305205228158,worse
case_055,4,map_locality@b0,-173.65255224554812,worse
case_055,4,map_locality@b1,-131.4352963552935,worse
case_055,4,map_locality@b2a_w4,3.461639048049262,better
case_055,4,map_locality@b2a_w8,-42.89484320391812,worse
case_055,4,map_locality@b2a_w16,-56.33722450726326,worse
case_055,5,map_locality@b0,-198.96085478862562,worse
case_055,5,map_locality@b1,-6.564952688329788,worse
case_055,5,map_locality@b2a_w4,6.848578204846084,better
case_055,5,map_locality@b2a_w8,-37.9764786425096,worse
case_055,5,map_locality@b2a_w16,-61.75212107875498,worse
case_056,2,map_locality@b0,-46.02017223824877,worse
case_056,2,map_locality@b1,-48.96010096724928,worse
case_056,2,map_locality@b2a_w4,-41.43634396741897,worse
case_056,2,map_locality@b2a_w8,-26.06111063974207,worse
case_056,2,map_locality@b2a_w16,0.09916426268454098,better
case_056,3,map_locality@b0,-83.30491768341415,worse
case_056,3,map_locality@b1,-91.59917949810858,worse
case_056,3,map_locality@b2a_w4,-77.64198945068996,worse
case_056,3,map_locality@b2a_w8,-48.88646171879162,worse
case_056,3,map_locality@b2a_w16,-0.8757792104001278,worse
case_056,4,map_locality@b0,-103.18592451741308,worse
case_056,4,map_locality@b1,-112.79253016861871,worse
case_056,4,map_locality@b2a_w4,-97.36380653610246,worse
case_056,4,map_locality@b2a_w8,-59.08462010846645,worse
case_056,4,map_locality@b2a_w16,-0.8915557462802518,worse
case_056,5,map_locality@b0,-103.61579496437476,worse
case_056,5,map_locality@b1,-111.03827400726563,worse
case_056,5,map_locality@b2a_w4,-97.37712438127511,worse
case_056,5,map_locality@b2a_w8,-55.97046397892821,worse
case_056,5,map_locality@b2a_w16,1.0676472546741937,better
case_057,2,map_locality@b0,-88.80925598585891,worse
case_057,2,map_locality@b1,-67.32444158765868,worse
case_057,2,map_locality@b2a_w4,1.976538646954845,better
case_057,2,map_locality@b2a_w8,-8.645347902940705,worse
case_057,2,map_locality@b2a_w16,-11.120038566607745,worse
case_057,3,map_locality@b0,-173.36875466070097,worse
case_057,3,map_locality@b1,-103.11800894854586,worse
case_057,3,map_locality@b2a_w4,2.759134973900075,better
case_057,3,map_locality@b2a_w8,-35.83612975391499,worse
case_057,3,map_locality@b2a_w16,-43.57755406413125,worse
case_057,4,map_locality@b0,-243.06368531959728,worse
case_057,4,map_locality@b1,-74.99414656988995,worse
case_057,4,map_locality@b2a_w4,-1.4516506672910325,worse
case_057,4,map_locality@b2a_w8,-61.44930929524701,worse
case_057,4,map_locality@b2a_w16,-101.12971201123858,worse
case_057,5,map_locality@b0,-162.2219620697729,worse
case_057,5,map_locality@b1,-76.053617419808,worse
case_057,5,map_locality@b2a_w4,-6.965581830952939,worse
case_057,5,map_locality@b2a_w8,-55.279793959260125,worse
case_057,5,map_locality@b2a_w16,-93.69585577148209,worse
case_058,2,map_locality@b0,-24.79191685867742,worse
case_058,2,map_locality@b1,-24.945507113458333,worse
case_058,2,map_locality@b2a_w4,-0.6653100444998862,worse
case_058,2,map_locality@b2a_w8,-4.844313706168631,worse
case_058,2,map_locality@b2a_w16,-4.844313706168631,worse
case_058,3,map_locality@b0,0.0,tie
case_058,3,map_locality@b1,-30.8964569790246,worse
case_058,3,map_locality@b2a_w4,-84.8459447890016,worse
case_058,3,map_locality@b2a_w8,-95.02145324586117,worse
case_058,3,map_locality@b2a_w16,-95.02145324586117,worse
case_058,4,map_locality@b0,-200.7505483602287,worse
case_058,4,map_locality@b1,-88.65297508237848,worse
case_058,4,map_locality@b2a_w4,-59.364134420430524,worse
case_058,4,map_locality@b2a_w8,-66.90804471832037,worse
case_058,4,map_locality@b2a_w16,-66.90804471832037,worse
case_058,5,map_locality@b0,0.0,tie
case_058,5,map_locality@b1,-40.327343251766884,worse
case_058,5,map_locality@b2a_w4,-178.17209326705515,worse
case_058,5,map_locality@b2a_w8,-191.98415263787817,worse
case_058,5,map_locality@b2a_w16,-191.98415263787817,worse
case_059,2,map_locality@b0,0.0,tie
case_059,2,map_locality@b1,-75.08291067471971,worse
case_059,2,map_locality@b2a_w4,-8.897892953897395,worse
case_059,2,map_locality@b2a_w8,-8.865155691776305,worse
case_059,2,map_locality@b2a_w16,-8.766943905413035,worse
case_059,3,map_locality@b0,-135.7562493782597,worse
case_059,3,map_locality@b1,-109.76906788693563,worse
case_059,3,map_locality@b2a_w4,2.6435687182912444,better
case_059,3,map_locality@b2a_w8,-0.9339605212670712,worse
case_059,3,map_locality@b2a_w16,-3.6835448434635554,worse
case_059,4,map_locality@b0,0.0,tie
case_059,4,map_locality@b1,-298.4758336212854,worse
case_059,4,map_locality@b2a_w4,-44.573902902557016,worse
case_059,4,map_locality@b2a_w8,-40.05863424326192,worse
case_059,4,map_locality@b2a_w16,-42.11245248790601,worse
case_059,5,map_locality@b0,-347.84089927436077,worse
case_059,5,map_locality@b1,-298.4758336212854,worse
case_059,5,map_locality@b2a_w4,-22.436506565307532,worse
case_059,5,map_locality@b2a_w8,-29.79710176226676,worse
case_059,5,map_locality@b2a_w16,-38.912404975812024,worse
case_060,2,map_locality@b0,-70.50436173860044,worse
case_060,2,map_locality@b1,0.0,tie
case_060,2,map_locality@b2a_w4,-9.355262656660699,worse
case_060,2,map_locality@b2a_w8,-25.66187954744581,worse
case_060,2,map_locality@b2a_w16,-36.15938440440364,worse
case_060,3,map_locality@b0,-110.28537622238954,worse
case_060,3,map_locality@b1,0.0,tie
case_060,3,map_locality@b2a_w4,0.08558480612469192,better
case_060,3,map_locality@b2a_w8,-17.481982761442875,worse
case_060,3,map_locality@b2a_w16,-37.56752079991395,worse
case_060,4,map_locality@b0,-157.20249983523553,worse
case_060,4,map_locality@b1,-10.602808732803604,worse
case_060,4,map_locality@b2a_w4,0.0,tie
case_060,4,map_locality@b2a_w8,-50.94947318350751,worse
case_060,4,map_locality@b2a_w16,-69.80225397798746,worse
case_060,5,map_locality@b0,-192.683204925643,worse
case_060,5,map_locality@b1,0.16842311012656166,better
case_060,5,map_locality@b2a_w4,-19.615591354063167,worse
case_060,5,map_locality@b2a_w8,-39.78727216457902,worse
case_060,5,map_locality@b2a_w16,-72.40727770266969,worse
case_061,2,map_locality@b0,-84.78127964583113,worse
case_061,2,map_locality@b1,-10.528091071993254,worse
case_061,2,map_locality@b2a_w4,0.0,tie
case_061,2,map_locality@b2a_w8,-4.882470749446611,worse
case_061,2,map_locality@b2a_w16,-10.5576051438811,worse
case_061,3,map_locality@b0,-137.73345910254682,worse
case_061,3,map_locality@b1,-97.49629429995957,worse
case_061,3,map_locality@b2a_w4,0.0,tie
case_061,3,map_locality@b2a_w8,-6.354938687508422,worse
case_061,3,map_locality@b2a_w16,-16.747069128149846,worse
case_061,4,map_locality@b0,-163.49030304846977,worse
case_061,4,map_locality@b1,-55.34306525583766,worse
case_061,4,map_locality@b2a_w4,1.3398878930487694,better
case_061,4,map_locality@b2a_w8,-1.6366415874823896,worse
case_061,4,map_locality@b2a_w16,-18.467671832379125,worse
case_061,5,map_locality@b0,-158.4338264329759,worse
case_061,5,map_locality@b1,-77.23945202150603,worse
case_061,5,map_locality@b2a_w4,0.8900094164818809,better
case_061,5,map_locality@b2a_w8,-0.3432459524315786,worse
case_061,5,map_locality@b2a_w16,-19.674371981410044,worse
case_062,2,map_locality@b0,-2.2719326947643017,worse
case_062,2,map_locality@b1,0.0,tie
case_062,2,map_locality@b2a_w4,-13.38877110572247,worse
case_062,2,map_locality@b2a_w8,-19.80699497541494,worse
case_062,2,map_locality@b2a_w16,-17.684096583192517,worse
case_062,3,map_locality@b0,-146.0357744620595,worse
case_062,3,map_locality@b1,-0.07159934619376362,worse
case_062,3,map_locality@b2a_w4,-59.026433772705694,worse
case_062,3,map_locality@b2a_w8,-54.27642221764689,worse
case_062,3,map_locality@b2a_w16,-59.349219088116776,worse
case_062,4,map_locality@b0,-2.4973621780009005,worse
case_062,4,map_locality@b1,0.0,tie
case_062,4,map_locality@b2a_w4,-86.08730910793453,worse
case_062,4,map_locality@b2a_w8,-117.04570656666465,worse
case_062,4,map_locality@b2a_w16,-115.6552215434451,worse
case_062,5,map_locality@b0,-2.470292054164145,worse
case_062,5,map_locality@b1,0.005032283496486488,better
case_062,5,map_locality@b2a_w4,-125.10829893441397,worse
case_062,5,map_locality@b2a_w8,-111.53161741785146,worse
case_062,5,map_locality@b2a_w16,-116.33563094351122,worse
case_063,2,map_locality@b0,-65.30787662918333,worse
case_063,2,map_locality@b1,-1.0219576891119357,worse
case_063,2,map_locality@b2a_w4,-11.07822040326387,worse
case_063,2,map_locality@b2a_w8,-4.508406231574376,worse
case_063,2,map_locality@b2a_w16,0.0,tie
case_063,3,map_locality@b0,-104.88143049454918,worse
case_063,3,map_locality@b1,0.0,tie
case_063,3,map_locality@b2a_w4,-38.537833158247224,worse
case_063,3,map_locality@b2a_w8,-24.11708444675404,worse
case_063,3,map_locality@b2a_w16,-17.633672082016453,worse
case_063,4,map_locality@b0,-104.58036187718577,worse
case_063,4,map_locality@b1,-0.18737302424231592,worse
case_063,4,map_locality@b2a_w4,-63.249268679213806,worse
case_063,4,map_locality@b2a_w8,-46.73303663455409,worse
case_063,4,map_locality@b2a_w16,-49.35893998701198,worse
case_063,5,map_locality@b0,-105.98250868755179,worse
case_063,5,map_locality@b1,-0.9724060113734766,worse
case_063,5,map_locality@b2a_w4,-98.6609736805605,worse
case_063,5,map_locality@b2a_w8,-98.55676054595686,worse
case_063,5,map_locality@b2a_w16,-97.50525751515401,worse
case_064,2,map_locality@b0,-28.362716864507973,worse
case_064,2,map_locality@b1,-34.97927934255812,worse
case_064,2,map_locality@b2a_w4,-17.897028868441385,worse
case_064,2,map_locality@b2a_w8,-1.6646765470253564,worse
case_064,2,map_locality@b2a_w16,1.0395448479314462,better
case_064,3,map_locality@b0,-47.73780975219824,worse
case_064,3,map_locality@b1,-58.073541167066345,worse
case_064,3,map_locality@b2a_w4,-26.842525979216628,worse
case_064,3,map_locality@b2a_w8,4.548361310951239,better
case_064,3,map_locality@b2a_w16,2.629896083133493,better
case_064,4,map_locality@b0,-54.30166652567465,worse
case_064,4,map_locality@b1,-62.77810675915743,worse
case_064,4,map_locality@b2a_w4,-32.90753743338127,worse
case_064,4,map_locality@b2a_w8,1.725742322984519,better
case_064,4,map_locality@b2a_w16,4.821927078927333,better
case_064,5,map_locality@b0,-51.85686490144658,worse
case_064,5,map_locality@b1,-60.96776922426191,worse
case_064,5,map_locality@b2a_w4,-32.98367312410117,worse
case_064,5,map_locality@b2a_w8,2.072582691819643,better
case_064,5,map_locality@b2a_w16,7.3936215210219105,better
case_065,2,map_locality@b0,-48.05243191979407,worse
case_065,2,map_locality@b1,-8.379623357268663,worse
case_065,2,map_locality@b2a_w4,-1.527570789865872,worse
case_065,2,map_locality@b2a_w8,-1.2295081967213115,worse
case_065,2,map_locality@b2a_w16,-9.466874407261889,worse
case_065,3,map_locality@b0,-148.910900610665,worse
case_065,3,map_locality@b1,-8.20310621724287,worse
case_065,3,map_locality@b2a_w4,0.0,tie
case_065,3,map_locality@b2a_w8,-16.819733615425303,worse
case_065,3,map_locality@b2a_w16,-34.95696494686734,worse
case_065,4,map_locality@b0,-180.12907965158988,worse
case_065,4,map_locality@b1,-20.778675621786128,worse
case_065,4,map_locality@b2a_w4,2.8754328890754537,better
case_065,4,map_locality@b2a_w8,-23.192360163710777,worse
case_065,4,map_locality@b2a_w16,-43.965788645188375,worse
case_065,5,map_locality@b0,-12.955189421765137,worse
case_065,5,map_locality@b1,-38.32511281351663,worse
case_065,5,map_locality@b2a_w4,6.905236646027915,better
case_065,5,map_locality@b2a_w8,-31.472347570574037,worse
case_065,5,map_locality@b2a_w16,-46.17483471508028,worse
case_066,2,map_locality@b0,-90.32942646615246,worse
case_066,2,map_locality@b1,-94.08098849485069,worse
case_066,2,map_locality@b2a_w4,-13.812104106519584,worse
case_066,2,map_locality@b2a_w8,-3.376136510535614,worse
case_066,2,map_locality@b2a_w16,-4.5401172060154265,worse
case_066,3,map_locality@b0,-161.68446653272707,worse
case_066,3,map_locality@b1,-171.80622063777398,worse
case_066,3,map_locality@b2a_w4,-35.77546488617653,worse
case_066,3,map_locality@b2a_w8,0.0,tie
case_066,3,map_locality@b2a_w16,-3.5144035408389853,worse
case_066,4,map_locality@b0,-240.23624343768228,worse
case_066,4,map_locality@b1,-249.1522457709508,worse
case_066,4,map_locality@b2a_w4,-59.339879447793116,worse
case_066,4,map_locality@b2a_w8,-15.060276103441572,worse
case_066,4,map_locality@b2a_w16,-0.014582928251993,worse
case_066,5,map_locality@b0,-268.80210992002725,worse
case_066,5,map_locality@b1,-279.23685553854006,worse
case_066,5,map_locality@b2a_w4,-64.53547728432873,worse
case_066,5,map_locality@b2a_w8,-9.53292496171516,worse
case_066,5,map_locality@b2a_w16,0.6986983154670751,better
case_067,2,map_locality@b0,-100.15844023319593,worse
case_067,2,map_locality@b1,-28.464206491929424,worse
case_067,2,map_locality@b2a_w4,0.0,tie
case_067,2,map_locality@b2a_w8,-0.02281439019856672,worse
case_067,2,map_locality@b2a_w16,-0.5985547792447496,worse
case_067,3,map_locality@b0,-193.6502651438552,worse
case_067,3,map_locality@b1,-30.37238087755173,worse
case_067,3,map_locality@b2a_w4,0.5611455642433101,better
case_067,3,map_locality@b2a_w8,-0.14496475083617055,worse
case_067,3,map_locality@b2a_w16,-0.3647418566638888,worse
case_067,4,map_locality@b0,-283.2979416543779,worse
case_067,4,map_locality@b1,-26.964598453606296,worse
case_067,4,map_locality@b2a_w4,-3.1206784298139625,worse
case_067,4,map_locality@b2a_w8,-0.111245859353698,worse
case_067,4,map_locality@b2a_w16,-1.5471742909239843,worse
case_067,5,map_locality@b0,-371.1305072908254,worse
case_067,5,map_locality@b1,-32.50087144794092,worse
case_067,5,map_locality@b2a_w4,-7.068201143248181,worse
case_067,5,map_locality@b2a_w8,-0.5877725392085149,worse
case_067,5,map_locality@b2a_w16,0.0,tie
case_068,2,map_locality@b0,-74.8648529433387,worse
case_068,2,map_locality@b1,-76.55131177188451,worse
case_068,2,map_locality@b2a_w4,-48.87593916789602,worse
case_068,2,map_locality@b2a_w8,-33.36404671701701,worse
case_068,2,map_locality@b2a_w16,-0.7047741341031284,worse
case_068,3,map_locality@b0,-112.82814352423121,worse
case_068,3,map_locality@b1,-115.71701628317727,worse
case_068,3,map_locality@b2a_w4,-84.20737460985701,worse
case_068,3,map_locality@b2a_w8,-47.4607437516634,worse
case_068,3,map_locality@b2a_w16,1.1057075802666279,better
case_068,4,map_locality@b0,-155.85624138681368,worse
case_068,4,map_locality@b1,-161.28236744759556,worse
case_068,4,map_locality@b2a_w4,-120.55269456734605,worse
case_068,4,map_locality@b2a_w8,-62.89765721331689,worse
case_068,4,map_locality@b2a_w16,0.456952201349097,better
case_068,5,map_locality@b0,-141.84666715021396,worse
case_068,5,map_locality@b1,-160.02466091245375,worse
case_068,5,map_locality@b2a_w4,-121.00239355914992,worse
case_068,5,map_locality@b2a_w8,-62.756944948139555,worse
case_068,5,map_locality@b2a_w16,0.4156089069413215,better
case_069,2,map_locality@b0,-24.957128858402744,worse
case_069,2,map_locality@b1,-36.336354728074475,worse
case_069,2,map_locality@b2a_w4,-2.1741793238608524,worse
case_069,2,map_locality@b2a_w8,0.0,tie
case_069,2,map_locality@b2a_w16,-5.977462028417443,worse
case_069,3,map_locality@b0,-68.78902279657325,worse
case_069,3,map_locality@b1,-54.552054595614926,worse
case_069,3,map_locality@b2a_w4,0.0,tie
case_069,3,map_locality@b2a_w8,-8.218382459706694,worse
case_069,3,map_locality@b2a_w16,-31.022215768839843,worse
case_069,4,map_locality@b0,-69.87077101785974,worse
case_069,4,map_locality@b1,-43.95963409321911,worse
case_069,4,map_locality@b2a_w4,-0.7114854072890954,worse
case_069,4,map_locality@b2a_w8,-12.153332365325976,worse
case_069,4,map_locality@b2a_w16,-33.99883839117177,worse
case_069,5,map_locality@b0,-70.78553797008857,worse
case_069,5,map_locality@b1,-32.75010890082765,worse
case_069,5,map_locality@b2a_w4,-6.519529548424568,worse
case_069,5,map_locality@b2a_w8,-11.587048061565268,worse
case_069,5,map_locality@b2a_w16,-33.04777116306084,worse
case_070,2,map_locality@b0,-64.1711853536237,worse
case_070,2,map_locality@b1,-50.51163197481196,worse
case_070,2,map_locality@b2a_w4,-0.3148504460381319,worse
case_070,2,map_locality@b2a_w8,-5.066759955687715,worse
case_070,2,map_locality@b2a_w16,-17.809457174508776,worse
case_070,3,map_locality@b0,-74.30252173536918,worse
case_070,3,map_locality@b1,-52.3941346944072,worse
case_070,3,map_locality@b2a_w4,0.0,tie
case_070,3,map_locality@b2a_w8,-16.129590380206757,worse
case_070,3,map_locality@b2a_w16,-50.27899130585233,worse
case_070,4,map_locality@b0,-111.61372531173205,worse
case_070,4,map_locality@b1,-36.12678620187494,worse
case_070,4,map_locality@b2a_w4,1.2514790206607809,better
case_070,4,map_locality@b2a_w8,-9.21543642486575,worse
case_070,4,map_locality@b2a_w16,-47.31955947938473,worse
case_070,5,map_locality@b0,-166.05465838509318,worse
case_070,5,map_locality@b1,-1.5751552795031056,worse
case_070,5,map_locality@b2a_w4,-1.306832298136646,worse
case_070,5,map_locality@b2a_w8,-15.232298136645962,worse
case_070,5,map_locality@b2a_w16,-44.06211180124224,worse
case_071,2,map_locality@b0,-35.24527726995734,worse
case_071,2,map_locality@b1,-42.62644728823888,worse
case_071,2,map_locality@b2a_w4,2.536563071297989,better
case_071,2,map_locality@b2a_w8,0.0,tie
case_071,2,map_locality@b2a_w16,-8.668494820231565,worse
case_071,3,map_locality@b0,-68.32038834951456,worse
case_071,3,map_locality@b1,-46.44660194174757,worse
case_071,3,map_locality@b2a_w4,-0.1262135922330097,worse
case_071,3,map_locality@b2a_w8,-15.058252427184467,worse
case_071,3,map_locality@b2a_w16,-33.359223300970875,worse
case_071,4,map_locality@b0,-52.33980582524272,worse
case_071,4,map_locality@b1,-54.601941747572816,worse
case_071,4,map_locality@b2a_w4,-7.58252427184466,worse
case_071,4,map_locality@b2a_w8,-11.504854368932039,worse
case_071,4,map_locality@b2a_w16,-34.89320388349515,worse
case_071,5,map_locality@b0,-69.36893203883496,worse
case_071,5,map_locality@b1,-16.02912621359223,worse
case_071,5,map_locality@b2a_w4,-7.776699029126213,worse
case_071,5,map_locality@b2a_w8,-0.32038834951456313,worse
case_071,5,map_locality@b2a_w16,-33.90291262135922,worse
case_072,2,map_locality@b0,-66.63261512119179,worse
case_072,2,map_locality@b1,-62.79048271572719,worse
case_072,2,map_locality@b2a_w4,-0.20693432061055556,worse
case_072,2,map_locality@b2a_w8,-5.390591134366472,worse
case_072,2,map_locality@b2a_w16,-11.488882644948124,worse
case_072,3,map_locality@b0,-132.21714063017177,worse
case_072,3,map_locality@b1,-106.8183275430526,worse
case_072,3,map_locality@b2a_w4,0.0,tie
case_072,3,map_locality@b2a_w8,-4.625998825833888,worse
case_072,3,map_locality@b2a_w16,-16.45157296475788,worse
case_072,4,map_locality@b0,-216.13276425865624,worse
case_072,4,map_locality@b1,-93.23133901828827,worse
case_072,4,map_locality@b2a_w4,-0.950506878205751,worse
case_072,4,map_locality@b2a_w8,-17.736998831364502,worse
case_072,4,map_locality@b2a_w16,-29.7996918214207,worse
case_072,5,map_locality@b0,-234.2501560370147,worse
case_072,5,map_locality@b1,-61.40307370304886,worse
case_072,5,map_locality@b2a_w4,0.0,tie
case_072,5,map_locality@b2a_w8,-16.44743553079374,worse
case_072,5,map_locality@b2a_w16,-26.708610529523874,worse
case_073,2,map_locality@b0,-88.66426657554355,worse
case_073,2,map_locality@b1,-29.671672325058022,worse
case_073,2,map_locality@b2a_w4,0.0,tie
case_073,2,map_locality@b2a_w8,-0.9199268070766135,worse
case_073,2,map_locality@b2a_w16,-4.821840205431232,worse
case_073,3,map_locality@b0,-4.361610633578342,worse
case_073,3,map_locality@b1,-12.713563623058803,worse
case_073,3,map_locality@b2a_w4,0.0,tie
case_073,3,map_locality@b2a_w8,-5.241093247900565,worse
case_073,3,map_locality@b2a_w16,-5.096658493047879,worse
case_073,4,map_locality@b0,-191.65126680051145,worse
case_073,4,map_locality@b1,-17.184804179660606,worse
case_073,4,map_locality@b2a_w4,-1.165086179463888,worse
case_073,4,map_locality@b2a_w8,-1.1138818655727651,worse
case_073,4,map_locality@b2a_w16,-1.50627469812598,worse
case_073,5,map_locality@b0,-216.364119049203,worse
case_073,5,map_locality@b1,-22.035004060606592,worse
case_073,5,map_locality@b2a_w4,-2.9480192147652944,worse
case_073,5,map_locality@b2a_w8,0.6038818645903808,better
case_073,5,map_locality@b2a_w16,-5.328683196117884,worse
case_074,2,map_locality@b0,-85.24721255070791,worse
case_074,2,map_locality@b1,-77.1670135444425,worse
case_074,2,map_locality@b2a_w4,0.0,tie
case_074,2,map_locality@b2a_w8,-2.820191960648283,worse
case_074,2,map_locality@b2a_w16,-6.701765078377088,worse
case_074,3,map_locality@b0,-154.98959345497295,worse
case_074,3,map_locality@b1,-145.18794760139633,worse
case_074,3,map_locality@b2a_w4,0.06822734852029126,better
case_074,3,map_locality@b2a_w8,-3.4265123978839025,worse
case_074,3,map_locality@b2a_w16,-9.888766929379447,worse
case_074,4,map_locality@b0,-147.40604939161034,worse
case_074,4,map_locality@b1,-210.2827144530939,worse
case_074,4,map_locality@b2a_w4,-0.7699191215224719,worse
case_074,4,map_locality@b2a_w8,-9.766464818051864,worse
case_074,4,map_locality@b2a_w16,-17.543956106457767,worse
case_074,5,map_locality@b0,-282.0792136589663,worse
case_074,5,map_locality@b1,-258.37423063994527,worse
case_074,5,map_locality@b2a_w4,0.0,tie
case_074,5,map_locality@b2a_w8,-11.080871187973063,worse
case_074,5,map_locality@b2a_w16,-25.544028838686494,worse
case_075,2,map_locality@b0,-43.988844281233696,worse
case_075,2,map_locality@b1,-45.65817330644788,worse
case_075,2,map_locality@b2a_w4,-44.24074435919078,worse
case_075,2,map_locality@b2a_w8,-44.291809269036534,worse
case_075,2,map_locality@b2a_w16,0.0,tie
case_075,3,map_locality@b0,-52.612096915809,worse
case_075,3,map_locality@b1,-54.25955431062913,worse
case_075,3,map_locality@b2a_w4,-53.34963016262565,worse
case_075,3,map_locality@b2a_w8,-53.40391723523542,worse
case_075,3,map_locality@b2a_w16,0.0072811063855303,better
case_075,4,map_locality@b0,-77.47435027570876,worse
case_075,4,map_locality@b1,-78.4389873310167,worse
case_075,4,map_locality@b2a_w4,-78.96241539120906,worse
case_075,4,map_locality@b2a_w8,-79.02576655533356,worse
case_075,4,map_locality@b2a_w16,0.008496803077841963,better
case_075,5,map_locality@b0,-88.41062378336231,worse
case_075,5,map_locality@b1,-90.9320492469653,worse
case_075,5,map_locality@b2a_w4,-90.43055834605134,worse
case_075,5,map_locality@b2a_w8,-90.68097115462658,worse
case_075,5,map_locality@b2a_w16,-0.038320344776657585,worse
case_076,2,map_locality@b0,-35.60806635459035,worse
case_076,2,map_locality@b1,0.0,tie
case_076,2,map_locality@b2a_w4,-6.164774292845674,worse
case_076,2,map_locality@b2a_w8,-17.6582688063157,worse
case_076,2,map_locality@b2a_w16,-18.584652353499944,worse
case_076,3,map_locality@b0,-72.79885323950411,worse
case_076,3,map_locality@b1,1.108435311970325,better
case_076,3,map_locality@b2a_w4,-2.2114352143548057,worse
case_076,3,map_locality@b2a_w8,-16.62561453406338,worse
case_076,3,map_locality@b2a_w16,-15.889088803499961,worse
case_076,4,map_locality@b0,-62.531634198798486,worse
case_076,4,map_locality@b1,-0.07845539804158783,worse
case_076,4,map_locality@b2a_w4,0.4051697842024175,better
case_076,4,map_locality@b2a_w8,-14.620234513137078,worse
case_076,4,map_locality@b2a_w16,-14.835211351345762,worse
case_076,5,map_locality@b0,-183.06427700424584,worse
case_076,5,map_locality@b1,1.382488686926404,better
case_076,5,map_locality@b2a_w4,-53.288294337289564,worse
case_076,5,map_locality@b2a_w8,-75.85243480055554,worse
case_076,5,map_locality@b2a_w16,-73.94978356226855,worse
case_077,2,map_locality@b0,-67.29520750318505,worse
case_077,2,map_locality@b1,-6.854652896370388,worse
case_077,2,map_locality@b2a_w4,-1.3739801035482908,worse
case_077,2,map_locality@b2a_w8,0.0,tie
case_077,2,map_locality@b2a_w16,-5.595877043181264,worse
case_077,3,map_locality@b0,-126.6515745866481,worse
case_077,3,map_locality@b1,-26.176815632217618,worse
case_077,3,map_locality@b2a_w4,-10.802140997910328,worse
case_077,3,map_locality@b2a_w8,0.17688895406386332,better
case_077,3,map_locality@b2a_w16,0.32353264655204017,better
case_077,4,map_locality@b0,-208.72972229859775,worse
case_077,4,map_locality@b1,-101.19666558352289,worse
case_077,4,map_locality@b2a_w4,-19.002299597570424,worse
case_077,4,map_locality@b2a_w8,1.2347839128152573,better
case_077,4,map_locality@b2a_w16,-4.90914090034244,worse
case_077,5,map_locality@b0,-251.00700214467312,worse
case_077,5,map_locality@b1,-88.25613930433053,worse
case_077,5,map_locality@b2a_w4,-25.686366412430583,worse
case_077,5,map_locality@b2a_w8,1.5019813370829604,better
case_077,5,map_locality@b2a_w16,-12.681977644268326,worse
case_078,2,map_locality@b0,-17.887200899429626,worse
case_078,2,map_locality@b1,-17.887200899429626,worse
case_078,2,map_locality@b2a_w4,-12.006300497043368,worse
case_078,2,map_locality@b2a_w8,-9.308946967698729,worse
case_078,2,map_locality@b2a_w16,0.0,tie
case_078,3,map_locality@b0,-32.62934952956202,worse
case_078,3,map_locality@b1,-28.090752421905066,worse
case_078,3,map_locality@b2a_w4,-15.856018650202731,worse
case_078,3,map_locality@b2a_w8,-8.023240249636087,worse
case_078,3,map_locality@b2a_w16,0.0,tie
case_078,4,map_locality@b0,-17.756690596033778,worse
case_078,4,map_locality@b1,-23.659634549972036,worse
case_078,4,map_locality@b2a_w4,-16.76944375681895,worse
case_078,4,map_locality@b2a_w8,-13.24440043641298,worse
case_078,4,map_locality@b2a_w16,0.0,tie
case_078,5,map_locality@b0,-383.8406038359259,worse
case_078,5,map_locality@b1,-46.06587914009853,worse
case_078,5,map_locality@b2a_w4,-12.273529919968983,worse
case_078,5,map_locality@b2a_w8,-7.828205139011223,worse
case_078,5,map_locality@b2a_w16,0.1818503643328852,better
case_079,2,map_locality@b0,-0.1435282073641479,worse
case_079,2,map_locality@b1,-27.685253916894748,worse
case_079,2,map_locality@b2a_w4,-23.149700425160404,worse
case_079,2,map_locality@b2a_w8,-40.08320674664132,worse
case_079,2,map_locality@b2a_w16,-40.08320674664132,worse
case_079,3,map_locality@b0,-0.24517050874802115,worse
case_079,3,map_locality@b1,-49.186249708483615,worse
case_079,3,map_locality@b2a_w4,-34.62441160391366,worse
case_079,3,map_locality@b2a_w8,-53.2040046494735,worse
case_079,3,map_locality@b2a_w16,-53.2040046494735,worse
case_079,4,map_locality@b0,-0.63100156800872,worse
case_079,4,map_locality@b1,-24.940560698066296,worse
case_079,4,map_locality@b2a_w4,-45.73554307016237,worse
case_079,4,map_locality@b2a_w8,-69.59384606980012,worse
case_079,4,map_locality@b2a_w16,-69.59384606980012,worse
case_079,5,map_locality@b0,-287.5391238011497,worse
case_079,5,map_locality@b1,-21.144015520099583,worse
case_079,5,map_locality@b2a_w4,-27.007353577186546,worse
case_079,5,map_locality@b2a_w8,-48.953141187771486,worse
case_079,5,map_locality@b2a_w16,-48.953141187771486,worse
case_080,2,map_locality@b0,-54.09565262992291,worse
case_080,2,map_locality@b1,-15.333263411820232,worse
case_080,2,map_locality@b2a_w4,-2.1348785987728776,worse
case_080,2,map_locality@b2a_w8,-9.76401489328229,worse
case_080,2,map_locality@b2a_w16,-9.76401489328229,worse
case_080,3,map_locality@b0,0.0,tie
case_080,3,map_locality@b1,-80.78628026818862,worse
case_080,3,map_locality@b2a_w4,-25.536100182855876,worse
case_080,3,map_locality@b2a_w8,-38.92983136624739,worse
case_080,3,map_locality@b2a_w16,-38.92983136624739,worse
case_080,4,map_locality@b0,-171.21128165346042,worse
case_080,4,map_locality@b1,-71.36643209397684,worse
case_080,4,map_locality@b2a_w4,-10.746938549343382,worse
case_080,4,map_locality@b2a_w8,-42.81505698084631,worse
case_080,4,map_locality@b2a_w16,-42.81505698084631,worse
case_080,5,map_locality@b0,-188.55075171335582,worse
case_080,5,map_locality@b1,-2.150421333123568,worse
case_080,5,map_locality@b2a_w4,-31.475600043264077,worse
case_080,5,map_locality@b2a_w8,-51.034896412031344,worse
case_080,5,map_locality@b2a_w16,-51.034896412031344,worse
case_081,2,map_locality@b0,-81.07695427596656,worse
case_081,2,map_locality@b1,0.0,tie
case_081,2,map_locality@b2a_w4,-35.992317694353986,worse
case_081,2,map_locality@b2a_w8,-53.84771379832755,worse
case_081,2,map_locality@b2a_w16,-70.12251130277112,worse
case_081,3,map_locality@b0,-138.61135563380282,worse
case_081,3,map_locality@b1,0.0,tie
case_081,3,map_locality@b2a_w4,-46.57318913480885,worse
case_081,3,map_locality@b2a_w8,-63.81885060362173,worse
case_081,3,map_locality@b2a_w16,-77.44278169014085,worse
case_081,4,map_locality@b0,-197.5905740276035,worse
case_081,4,map_locality@b1,0.0,tie
case_081,4,map_locality@b2a_w4,-60.46698557089084,worse
case_081,4,map_locality@b2a_w8,-81.5146643663739,worse
case_081,4,map_locality@b2a_w16,-92.92267879548307,worse
case_081,5,map_locality@b0,-223.96755949204993,worse
case_081,5,map_locality@b1,2.4373065841425676,better
case_081,5,map_locality@b2a_w4,-44.671859993597266,worse
case_081,5,map_locality@b2a_w8,-65.1392594173514,worse
case_081,5,map_locality@b2a_w16,-109.05773129868744,worse
case_082,2,map_locality@b0,-64.43907343942105,worse
case_082,2,map_locality@b1,-75.16348255758342,worse
case_082,2,map_locality@b2a_w4,-54.24774693856602,worse
case_082,2,map_locality@b2a_w8,-12.91273075945026,worse
case_082,2,map_locality@b2a_w16,0.4521287143727006,better
case_082,3,map_locality@b0,-107.48789337282489,worse
case_082,3,map_locality@b1,-126.27885968159941,worse
case_082,3,map_locality@b2a_w4,-87.6034061458719,worse
case_082,3,map_locality@b2a_w8,-23.657015920029618,worse
case_082,3,map_locality@b2a_w16,0.0,tie
case_082,4,map_locality@b0,-160.0334291836025,worse
case_082,4,map_locality@b1,-185.27433244463057,worse
case_082,4,map_locality@b2a_w4,-134.73942811416777,worse
case_082,4,map_locality@b2a_w8,-32.63084683525844,worse
case_082,4,map_locality@b2a_w16,0.09198634414110556,better
case_082,5,map_locality@b0,-194.70847875179635,worse
case_082,5,map_locality@b1,-209.9355026346404,worse
case_082,5,map_locality@b2a_w4,-167.0622904263327,worse
case_082,5,map_locality@b2a_w8,-47.91495586121946,worse
case_082,5,map_locality@b2a_w16,-3.563180045165264,worse
case_083,2,map_locality@b0,-141.3123555936711,worse
case_083,2,map_locality@b1,-63.61587745447993,worse
case_083,2,map_locality@b2a_w4,-1.5881560010309443,worse
case_083,2,map_locality@b2a_w8,-0.7725239660335786,worse
case_083,2,map_locality@b2a_w16,0.0,tie
case_083,3,map_locality@b0,-254.5552949061662,worse
case_083,3,map_locality@b1,-81.0593163538874,worse
case_083,3,map_locality@b2a_w4,-2.059651474530831,worse
case_083,3,map_locality@b2a_w8,-0.3344504021447721,worse
case_083,3,map_locality@b2a_w16,0.3140080428954424,better
case_083,4,map_locality@b0,-367.9004046613449,worse
case_083,4,map_locality@b1,-103.91880237932025,worse
case_083,4,map_locality@b2a_w4,-5.102270968312585,worse
case_083,4,map_locality@b2a_w8,-3.6698140326824844,worse
case_083,4,map_locality@b2a_w16,0.8738916038299096,better
case_083,5,map_locality@b0,-425.54889922110954,worse
case_083,5,map_locality@b1,-89.11192576696868,worse
case_083,5,map_locality@b2a_w4,-10.641690510252742,worse
case_083,5,map_locality@b2a_w8,0.4624662215863933,better
case_083,5,map_locality@b2a_w16,-0.6944444444444444,worse
case_084,2,map_locality@b0,-22.75891135763802,worse
case_084,2,map_locality@b1,-22.499449662315932,worse
case_084,2,map_locality@b2a_w4,0.0,tie
case_084,2,map_locality@b2a_w8,-41.43020425557917,worse
case_084,2,map_locality@b2a_w16,-41.43020425557917,worse
case_084,3,map_locality@b0,0.0,tie
case_084,3,map_locality@b1,-24.55956566453804,worse
case_084,3,map_locality@b2a_w4,-34.16660687378919,worse
case_084,3,map_locality@b2a_w8,-99.392623950635,worse
case_084,3,map_locality@b2a_w16,-99.392623950635,worse
case_084,4,map_locality@b0,-0.15016166340783907,worse
case_084,4,map_locality@b1,-23.597745658091476,worse
case_084,4,map_locality@b2a_w4,-19.080116039821593,worse
case_084,4,map_locality@b2a_w8,-110.96771204743831,worse
case_084,4,map_locality@b2a_w16,-110.96771204743831,worse
case_084,5,map_locality@b0,-75.21666959283674,worse
case_084,5,map_locality@b1,0.0,tie
case_084,5,map_locality@b2a_w4,-41.701315180438286,worse
case_084,5,map_locality@b2a_w8,-146.87584792428135,worse
case_084,5,map_locality@b2a_w16,-146.87584792428135,worse
case_085,2,map_locality@b0,-32.27400650953026,worse
case_085,2,map_locality@b1,-34.81057970322772,worse
case_085,2,map_locality@b2a_w4,-35.598103913003065,worse
case_085,2,map_locality@b2a_w8,-35.37809116859214,worse
case_085,2,map_locality@b2a_w16,0.0,tie
case_085,3,map_locality@b0,-46.170369501160394,worse
case_085,3,map_locality@b1,-52.18249311771959,worse
case_085,3,map_locality@b2a_w4,-50.815396564633836,worse
case_085,3,map_locality@b2a_w8,-50.57069843504953,worse
case_085,3,map_locality@b2a_w16,0.05247855224386555,better
case_085,4,map_locality@b0,-54.78245439038146,worse
case_085,4,map_locality@b1,-62.74718957556573,worse
case_085,4,map_locality@b2a_w4,-60.09624866479198,worse
case_085,4,map_locality@b2a_w8,-59.836497877260214,worse
case_085,4,map_locality@b2a_w16,0.0034106192844323025,better
case_085,5,map_locality@b0,-66.92905855734324,worse
case_085,5,map_locality@b1,-79.8939497957799,worse
case_085,5,map_locality@b2a_w4,-72.74205224508549,worse
case_085,5,map_locality@b2a_w8,-72.69402245486188,worse
case_085,5,map_locality@b2a_w16,-0.46768941447999335,worse
case_086,2,map_locality@b0,-57.63905219039188,worse
case_086,2,map_locality@b1,-68.4118794350767,worse
case_086,2,map_locality@b2a_w4,-44.98084185190821,worse
case_086,2,map_locality@b2a_w8,-14.564342329132835,worse
case_086,2,map_locality@b2a_w16,-1.688960203615841,worse
case_086,3,map_locality@b0,-91.95180480273866,worse
case_086,3,map_locality@b1,-101.008541558289,worse
case_086,3,map_locality@b2a_w4,-69.5591616183652,worse
case_086,3,map_locality@b2a_w8,-17.799667735060662,worse
case_086,3,map_locality@b2a_w16,2.6631538319544896,better
case_086,4,map_locality@b0,-124.68244975848292,worse
case_086,4,map_locality@b1,-147.4267994513686,worse
case_086,4,map_locality@b2a_w4,-92.76442642177032,worse
case_086,4,map_locality@b2a_w8,-22.66086230544457,worse
case_086,4,map_locality@b2a_w16,4.675293696702248,better
case_086,5,map_locality@b0,-122.95306816148846,worse
case_086,5,map_locality@b1,-144.42125350348857,worse
case_086,5,map_locality@b2a_w4,-93.92132307631145,worse
case_086,5,map_locality@b2a_w8,-27.028047786590335,worse
case_086,5,map_locality@b2a_w16,-7.3329755302443,worse
case_087,2,map_locality@b0,-74.81692879226111,worse
case_087,2,map_locality@b1,-72.44225929955402,worse
case_087,2,map_locality@b2a_w4,0.0,tie
case_087,2,map_locality@b2a_w8,-7.098350315656593,worse
case_087,2,map_locality@b2a_w16,-7.904375044530243,worse
case_087,3,map_locality@b0,-152.96811409382786,worse
case_087,3,map_locality@b1,-150.27251367322063,worse
case_087,3,map_locality@b2a_w4,0.0,tie
case_087,3,map_locality@b2a_w8,-0.9724798902719686,worse
case_087,3,map_locality@b2a_w16,-7.464637238950663,worse
case_087,4,map_locality@b0,-195.55297814470885,worse
case_087,4,map_locality@b1,-175.77797870054027,worse
case_087,4,map_locality@b2a_w4,-2.0478311458279292,worse
case_087,4,map_locality@b2a_w8,0.0,tie
case_087,4,map_locality@b2a_w16,-7.324598133888671,worse
case_087,5,map_locality@b0,-169.34969365124678,worse
case_087,5,map_locality@b1,-241.87817889875618,worse
case_087,5,map_locality@b2a_w4,-11.379010888304224,worse
case_087,5,map_locality@b2a_w8,0.0,tie
case_087,5,map_locality@b2a_w16,-9.56809412240748,worse
case_088,2,map_locality@b0,-77.81404989266414,worse
case_088,2,map_locality@b1,-79.27455770227256,worse
case_088,2,map_locality@b2a_w4,-47.97246280257606,worse
case_088,2,map_locality@b2a_w8,-15.927899918572804,worse
case_088,2,map_locality@b2a_w16,0.0,tie
case_088,3,map_locality@b0,-130.1054362545947,worse
case_088,3,map_locality@b1,-114.27645579415747,worse
case_088,3,map_locality@b2a_w4,-93.64383826658928,worse
case_088,3,map_locality@b2a_w8,-34.54536660862836,worse
case_088,3,map_locality@b2a_w16,-0.5300831882375702,worse
case_088,4,map_locality@b0,-145.97571086065113,worse
case_088,4,map_locality@b1,-138.04813013959534,worse
case_088,4,map_locality@b2a_w4,-125.51592014161196,worse
case_088,4,map_locality@b2a_w8,-35.959801922516746,worse
case_088,4,map_locality@b2a_w16,1.2043738376392032,better
case_088,5,map_locality@b0,-191.87974699001148,worse
case_088,5,map_locality@b1,-164.45038708574498,worse
case_088,5,map_locality@b2a_w4,-146.0253498424793,worse
case_088,5,map_locality@b2a_w8,-46.53088138325152,worse
case_088,5,map_locality@b2a_w16,-1.0940972476616113,worse
case_089,2,map_locality@b0,-2.179209568842341,worse
case_089,2,map_locality@b1,-2.179209568842341,worse
case_089,2,map_locality@b2a_w4,-2.660008543609233,worse
case_089,2,map_locality@b2a_w8,-0.6884970612930311,worse
case_089,2,map_locality@b2a_w16,0.0,tie
case_089,3,map_locality@b0,-205.5341509217707,worse
case_089,3,map_locality@b1,-32.850480061363214,worse
case_089,3,map_locality@b2a_w4,-4.011532052581928,worse
case_089,3,map_locality@b2a_w8,-0.9662943142043501,worse
case_089,3,map_locality@b2a_w16,-0.13048499863343413,worse
case_089,4,map_locality@b0,-4.78614293187255,worse
case_089,4,map_locality@b1,-37.238225665199224,worse
case_089,4,map_locality@b2a_w4,-2.6372864221186454,worse
case_089,4,map_locality@b2a_w8,-0.7023751447363007,worse
case_089,4,map_locality@b2a_w16,0.0,tie
case_089,5,map_locality@b0,-7.357567284166375,worse
case_089,5,map_locality@b1,-7.357567284166375,worse
case_089,5,map_locality@b2a_w4,-1.9020156122567866,worse
case_089,5,map_locality@b2a_w8,0.0,tie
case_089,5,map_locality@b2a_w16,0.49516486077129207,better
case_090,2,map_locality@b0,-157.3732859807532,worse
case_090,2,map_locality@b1,-79.32496363374264,worse
case_090,2,map_locality@b2a_w4,-34.17882151484573,worse
case_090,2,map_locality@b2a_w8,-29.04954110806785,worse
case_090,2,map_locality@b2a_w16,0.0,tie
case_090,3,map_locality@b0,-247.60483192967448,worse
case_090,3,map_locality@b1,-87.96442425404504,worse
case_090,3,map_locality@b2a_w4,-56.06690364164663,worse
case_090,3,map_locality@b2a_w8,-34.109352645319255,worse
case_090,3,map_locality@b2a_w16,0.0,tie
case_090,4,map_locality@b0,-255.92671014199456,worse
case_090,4,map_locality@b1,-88.12422787998877,worse
case_090,4,map_locality@b2a_w4,-45.53642896193845,worse
case_090,4,map_locality@b2a_w8,-32.52131730847648,worse
case_090,4,map_locality@b2a_w16,2.372617188561901,better
case_090,5,map_locality@b0,-255.92671014199456,worse
case_090,5,map_locality@b1,-47.633876925958035,worse
case_090,5,map_locality@b2a_w4,-26.1525543013692,worse
case_090,5,map_locality@b2a_w8,-18.08052097901042,worse
case_090,5,map_locality@b2a_w16,-2.8133108204029975,worse
case_091,2,map_locality@b0,-61.54797492361776,worse
case_091,2,map_locality@b1,0.0,tie
case_091,2,map_locality@b2a_w4,-7.619672531289366,worse
case_091,2,map_locality@b2a_w8,-18.220602304513356,worse
case_091,2,map_locality@b2a_w16,-20.37314024313261,worse
case_091,3,map_locality@b0,-97.76953719283722,worse
case_091,3,map_locality@b1,-64.49195503636764,worse
case_091,3,map_locality@b2a_w4,-0.8526317487111393,worse
case_091,3,map_locality@b2a_w8,-7.349414300843471,worse
case_091,3,map_locality@b2a_w16,-10.378965363380766,worse
case_091,4,map_locality@b0,-127.99669582471266,worse
case_091,4,map_locality@b1,-85.28336932411817,worse
case_091,4,map_locality@b2a_w4,0.0,tie
case_091,4,map_locality@b2a_w8,-4.1990022345193845,worse
case_091,4,map_locality@b2a_w16,-5.493228702773126,worse
case_091,5,map_locality@b0,-193.69860279249565,worse
case_091,5,map_locality@b1,-0.0140754012848922,worse
case_091,5,map_locality@b2a_w4,-7.724740172890713,worse
case_091,5,map_locality@b2a_w8,-20.769918052373928,worse
case_091,5,map_locality@b2a_w16,-22.383566841041695,worse
case_092,2,map_locality@b0,-40.34304564910815,worse
case_092,2,map_locality@b1,-65.48047331288252,worse
case_092,2,map_locality@b2a_w4,-0.13675776904212994,worse
case_092,2,map_locality@b2a_w8,0.0,tie
case_092,2,map_locality@b2a_w16,-1.0367985581880488,worse
case_092,3,map_locality@b0,-260.94060118365906,worse
case_092,3,map_locality@b1,-81.2635290308267,worse
case_092,3,map_locality@b2a_w4,-1.9480305328864131,worse
case_092,3,map_locality@b2a_w8,-0.9761139526656313,worse
case_092,3,map_locality@b2a_w16,0.0,tie
case_092,4,map_locality@b0,-177.5587993412982,worse
case_092,4,map_locality@b1,-104.46694420073526,worse
case_092,4,map_locality@b2a_w4,-3.711870960397419,worse
case_092,4,map_locality@b2a_w8,-0.4761652407225307,worse
case_092,4,map_locality@b2a_w16,-1.6607882046058093,worse
case_092,5,map_locality@b0,-478.39142806010733,worse
case_092,5,map_locality@b1,-112.24283159395468,worse
case_092,5,map_locality@b2a_w4,-1.9952508897074985,worse
case_092,5,map_locality@b2a_w8,1.0842240417402835,better
case_092,5,map_locality@b2a_w16,-1.5318703255074306,worse
case_093,2,map_locality@b0,-1.5827495621716288,worse
case_093,2,map_locality@b1,-2.3314360770577935,worse
case_093,2,map_locality@b2a_w4,8.480735551663749,better
case_093,2,map_locality@b2a_w8,8.480735551663749,better
case_093,2,map_locality@b2a_w16,8.480735551663749,better
case_093,3,map_locality@b0,-133.79017013232513,worse
case_093,3,map_locality@b1,0.0,tie
case_093,3,map_locality@b2a_w4,-18.4593572778828,worse
case_093,3,map_locality@b2a_w8,-18.4593572778828,worse
case_093,3,map_locality@b2a_w16,-18.4593572778828,worse
case_093,4,map_locality@b0,-155.3383267741526,worse
case_093,4,map_locality@b1,-2.001608057212983,worse
case_093,4,map_locality@b2a_w4,-16.613770047818544,worse
case_093,4,map_locality@b2a_w8,-16.613770047818544,worse
case_093,4,map_locality@b2a_w16,-16.613770047818544,worse
case_093,5,map_locality@b0,-103.51962774120094,worse
case_093,5,map_locality@b1,-3.1731102420672244,worse
case_093,5,map_locality@b2a_w4,-58.24959160437602,worse
case_093,5,map_locality@b2a_w8,-58.24959160437602,worse
case_093,5,map_locality@b2a_w16,-58.24959160437602,worse
case_094,2,map_locality@b0,-78.02797417768214,worse
case_094,2,map_locality@b1,-1.813710421149708,worse
case_094,2,map_locality@b2a_w4,0.0,tie
case_094,2,map_locality@b2a_w8,-7.366277282508454,worse
case_094,2,map_locality@b2a_w16,-15.02651398708884,worse
case_094,3,map_locality@b0,-144.7603742774941,worse
case_094,3,map_locality@b1,-109.5435577097535,worse
case_094,3,map_locality@b2a_w4,0.8994064435862212,better
case_094,3,map_locality@b2a_w8,-24.659806640574377,worse
case_094,3,map_locality@b2a_w16,-31.54402426064643,worse
case_094,4,map_locality@b0,-185.64676535267665,worse
case_094,4,map_locality@b1,0.0,tie
case_094,4,map_locality@b2a_w4,-15.994354547543244,worse
case_094,4,map_locality@b2a_w8,-38.01818360849444,worse
case_094,4,map_locality@b2a_w16,-62.077001345718315,worse
case_094,5,map_locality@b0,-74.94058115464233,worse
case_094,5,map_locality@b1,-1.9704055815379897,worse
case_094,5,map_locality@b2a_w4,-26.742313884842446,worse
case_094,5,map_locality@b2a_w8,-72.29165069385877,worse
case_094,5,map_locality@b2a_w16,-74.46139691788699,worse
case_095,2,map_locality@b0,-0.24405224775099943,worse
case_095,2,map_locality@b1,0.0,tie
case_095,2,map_locality@b2a_w4,-45.395352145573945,worse
case_095,2,map_locality@b2a_w8,-133.31664024930046,worse
case_095,2,map_locality@b2a_w16,-133.31664024930046,worse
case_095,3,map_locality@b0,0.0,tie
case_095,3,map_locality@b1,-23.363676331740507,worse
case_095,3,map_locality@b2a_w4,-82.39702480053623,worse
case_095,3,map_locality@b2a_w8,-209.44669073925922,worse
case_095,3,map_locality@b2a_w16,-209.44669073925922,worse
case_095,4,map_locality@b0,-74.74440056233792,worse
case_095,4,map_locality@b1,0.0,tie
case_095,4,map_locality@b2a_w4,-97.24672767598916,worse
case_095,4,map_locality@b2a_w8,-283.0222215412196,worse
case_095,4,map_locality@b2a_w16,-283.0222215412196,worse
case_095,5,map_locality@b0,-74.88821371245128,worse
case_095,5,map_locality@b1,0.0,tie
case_095,5,map_locality@b2a_w4,-134.78201673927998,worse
case_095,5,map_locality@b2a_w8,-382.7213750668807,worse
case_095,5,map_locality@b2a_w16,-382.7213750668807,worse
case_096,2,map_locality@b0,-87.51664742963686,worse
case_096,2,map_locality@b1,-42.595223297522864,worse
case_096,2,map_locality@b2a_w4,-0.22418538577643612,worse
case_096,2,map_locality@b2a_w8,1.96439669714996,better
case_096,2,map_locality@b2a_w16,-14.904998668205629,worse
case_096,3,map_locality@b0,-133.46259313630446,worse
case_096,3,map_locality@b1,-73.21829210868903,worse
case_096,3,map_locality@b2a_w4,0.0,tie
case_096,3,map_locality@b2a_w8,-13.818796221920616,worse
case_096,3,map_locality@b2a_w16,-28.089078469933245,worse
case_096,4,map_locality@b0,-137.1881255109808,worse
case_096,4,map_locality@b1,-78.16244255870993,worse
case_096,4,map_locality@b2a_w4,0.0,tie
case_096,4,map_locality@b2a_w8,-20.53790420343379,worse
case_096,4,map_locality@b2a_w16,-28.913760536776522,worse
case_096,5,map_locality@b0,-140.41893377688817,worse
case_096,5,map_locality@b1,-33.556990217360664,worse
case_096,5,map_locality@b2a_w4,-0.045107270728200505,worse
case_096,5,map_locality@b2a_w8,-24.05627132023343,worse
case_096,5,map_locality@b2a_w16,-31.264977023483972,worse
case_097,2,map_locality@b0,0.0,tie
case_097,2,map_locality@b1,-87.37940906973373,worse
case_097,2,map_locality@b2a_w4,-1.9875586050582117,worse
case_097,2,map_locality@b2a_w8,-1.9836850236716959,worse
case_097,2,map_locality@b2a_w16,-1.9696304363400894,worse
case_097,3,map_locality@b0,-170.161765445746,worse
case_097,3,map_locality@b1,-158.3543784203654,worse
case_097,3,map_locality@b2a_w4,0.572178731915762,better
case_097,3,map_locality@b2a_w8,-2.342998792072346,worse
case_097,3,map_locality@b2a_w16,-4.067058087261371,worse
case_097,4,map_locality@b0,0.0,tie
case_097,4,map_locality@b1,-286.8075426886125,worse
case_097,4,map_locality@b2a_w4,-13.544949356273424,worse
case_097,4,map_locality@b2a_w8,-13.516376454256177,worse
case_097,4,map_locality@b2a_w16,-13.459230650221684,worse
case_097,5,map_locality@b0,-309.0537078572494,worse
case_097,5,map_locality@b1,-298.13881865566793,worse
case_097,5,map_locality@b2a_w4,0.8580100815472659,better
case_097,5,map_locality@b2a_w8,-0.8019105176359445,worse
case_097,5,map_locality@b2a_w16,-1.721893531143623,worse
case_098,2,map_locality@b0,-65.66996307457238,worse
case_098,2,map_locality@b1,-41.31509698230126,worse
case_098,2,map_locality@b2a_w4,0.0,tie
case_098,2,map_locality@b2a_w8,-11.303637366835025,worse
case_098,2,map_locality@b2a_w16,-25.900853104706933,worse
case_098,3,map_locality@b0,-85.14151211580229,worse
case_098,3,map_locality@b1,-68.43068805931115,worse
case_098,3,map_locality@b2a_w4,0.009096801337229796,better
case_098,3,map_locality@b2a_w8,-3.330566389593259,worse
case_098,3,map_locality@b2a_w16,-34.2858442400191,worse
case_098,4,map_locality@b0,-78.13583798596818,worse
case_098,4,map_locality@b1,-62.21302434531458,worse
case_098,4,map_locality@b2a_w4,-0.7857362155032237,worse
case_098,4,map_locality@b2a_w8,-4.560908770453589,worse
case_098,4,map_locality@b2a_w16,-38.41465494695428,worse
case_098,5,map_locality@b0,-61.23966660223099,worse
case_098,5,map_locality@b1,-20.266536279180833,worse
case_098,5,map_locality@b2a_w4,-3.0485655481391354,worse
case_098,5,map_locality@b2a_w8,-5.898138567026369,worse
case_098,5,map_locality@b2a_w16,-41.84983455192568,worse
case_099,2,map_locality@b0,-3.497314566608814,worse
case_099,2,map_locality@b1,-3.044730722550524,worse
case_099,2,map_locality@b2a_w4,0.0,tie
case_099,2,map_locality@b2a_w8,-5.037407571017964,worse
case_099,2,map_locality@b2a_w16,-4.954443483440201,worse
case_099,3,map_locality@b0,-44.08023145119688,worse
case_099,3,map_locality@b1,-114.34763416670656,worse
case_099,3,map_locality@b2a_w4,0.6657146959809819,better
case_099,3,map_locality@b2a_w8,-8.81078120097218,worse
case_099,3,map_locality@b2a_w16,-7.8128074625992525,worse
case_099,4,map_locality@b0,-162.17872249011737,worse
case_099,4,map_locality@b1,-102.2282943913446,worse
case_099,4,map_locality@b2a_w4,-0.5573990863537311,worse
case_099,4,map_locality@b2a_w8,-13.203441715584878,worse
case_099,4,map_locality@b2a_w16,-15.466726122569211,worse
case_099,5,map_locality@b0,-221.255347803062,worse
case_099,5,map_locality@b1,-122.76612076266564,worse
case_099,5,map_locality@b2a_w4,0.01110716630403091,better
case_099,5,map_locality@b2a_w8,-15.326302761519223,worse
case_099,5,map_locality@b2a_w16,-14.25465955543567,worse
case_100,2,map_locality@b0,-84.17251060566707,worse
case_100,2,map_locality@b1,-20.470483470001113,worse
case_100,2,map_locality@b2a_w4,0.0,tie
case_100,2,map_locality@b2a_w8,-11.606248376683611,worse
case_100,2,map_locality@b2a_w16,-22.50380319839709,worse
case_100,3,map_locality@b0,-111.34838838610214,worse
case_100,3,map_locality@b1,-30.278071202215433,worse
case_100,3,map_locality@b2a_w4,2.2354183915265367,better
case_100,3,map_locality@b2a_w8,-19.35078653610072,worse
case_100,3,map_locality@b2a_w16,-23.246352813543837,worse
case_100,4,map_locality@b0,-98.86887863733143,worse
case_100,4,map_locality@b1,-39.48574639224036,worse
case_100,4,map_locality@b2a_w4,-2.512124438135794,worse
case_100,4,map_locality@b2a_w8,-30.24603737875562,worse
case_100,4,map_locality@b2a_w16,-28.866512893304943,worse
case_100,5,map_locality@b0,-126.0808493021055,worse
case_100,5,map_locality@b1,-18.303465814998816,worse
case_100,5,map_locality@b2a_w4,3.1863614856872484,better
case_100,5,map_locality@b2a_w8,-27.27259285545304,worse
case_100,5,map_locality@b2a_w16,-35.67246273953158,worse
