case,cores,t_i_1,old_winner,old_makespan,old_added_copy_bytes,old_speedup,projected_fallback_source_cores,projected_fallback_makespan,projected_fallback_added_copy_bytes,pre_reevaluation_projected_winner,pre_reevaluation_projected_makespan,pre_reevaluation_projected_added_copy_bytes,pre_reevaluation_projected_speedup,measured_fallback_best_source_cores,measured_fallback_makespan,measured_fallback_added_copy_bytes,final_winner,final_makespan,final_added_copy_bytes,final_speedup,reported_value_kind,officially_measured,makespan_improvement,added_copy_bytes_change,projection_makespan_error,projection_added_copy_bytes_error,fallback_group_status
case_001,1,233110,single_core_baseline,233110,0,1.0,,,,single_core_baseline,233110,0,1.0,,,,single_core_baseline,233110,0,1.0,officially_measured_original,True,0,0,0,0,not_applicable
case_001,2,233110,b0,118572,8064,1.965978477212158,,,,b0,118572,8064,1.965978477212158,,,,b0,118572,8064,1.965978477212158,officially_measured_original,True,0,0,0,0,not_applicable
case_001,3,233110,b1,99499,147840,2.342837616458457,2,118572,8064,b1,99499,147840,2.342837616458457,2,118572,8064,b1,99499,147840,2.342837616458457,officially_measured_after_fallback,True,0,0,0,0,success
case_001,4,233110,b0,61884,115584,3.766886432680499,3,99499,147840,b0,61884,115584,3.766886432680499,3,99499,147840,b0,61884,115584,3.766886432680499,officially_measured_after_fallback,True,0,0,0,0,success
case_001,5,233110,b0,50628,21888,4.604369123805009,4,61884,115584,b0,50628,21888,4.604369123805009,4,61884,115584,b0,50628,21888,4.604369123805009,officially_measured_after_fallback,True,0,0,0,0,success
case_002,1,261945,single_core_baseline,261945,0,1.0,,,,single_core_baseline,261945,0,1.0,,,,single_core_baseline,261945,0,1.0,officially_measured_original,True,0,0,0,0,not_applicable
case_002,2,261945,b2a_w4,153541,4584960,1.7060264033710866,,,,b2a_w4,153541,4584960,1.7060264033710866,,,,b2a_w4,153541,4584960,1.7060264033710866,officially_measured_original,True,0,0,0,0,not_applicable
case_002,3,261945,b1,112113,205824,2.3364373444649593,2,153541,4584960,b1,112113,205824,2.3364373444649593,2,153541,4584960,b1,112113,205824,2.3364373444649593,officially_measured_after_fallback,True,0,0,0,0,success
case_002,4,261945,b1,85390,281088,3.067630870125307,3,112113,205824,b1,85390,281088,3.067630870125307,3,112113,205824,b1,85390,281088,3.067630870125307,officially_measured_after_fallback,True,0,0,0,0,success
case_002,5,261945,b1,69680,264192,3.759256601607348,4,85390,281088,b1,69680,264192,3.759256601607348,4,85390,281088,b1,69680,264192,3.759256601607348,officially_measured_after_fallback,True,0,0,0,0,success
case_003,1,602212,single_core_baseline,602212,0,1.0,,,,single_core_baseline,602212,0,1.0,,,,single_core_baseline,602212,0,1.0,officially_measured_original,True,0,0,0,0,not_applicable
case_003,2,602212,b2a_w16,407386,4211938,1.4782344017712932,,,,b2a_w16,407386,4211938,1.4782344017712932,,,,b2a_w16,407386,4211938,1.4782344017712932,officially_measured_original,True,0,0,0,0,not_applicable
case_003,3,602212,b2a_w16,330665,5083146,1.8212148246714954,2,407386,4211938,b2a_w16,330665,5083146,1.8212148246714954,2,407386,4211938,b2a_w16,330665,5083146,1.8212148246714954,officially_measured_after_fallback,True,0,0,0,0,success
case_003,4,602212,b2a_w16,309465,5901106,1.9459777357697963,3,330665,5083146,b2a_w16,309465,5901106,1.9459777357697963,3,330665,5083146,b2a_w16,309465,5901106,1.9459777357697963,officially_measured_after_fallback,True,0,0,0,0,success
case_003,5,602212,b2a_w16,293180,6110028,2.054069172522,4,309465,5901106,b2a_w16,293180,6110028,2.054069172522,4,309465,5901106,b2a_w16,293180,6110028,2.054069172522,officially_measured_after_fallback,True,0,0,0,0,success
case_004,1,392357,single_core_baseline,392357,0,1.0,,,,single_core_baseline,392357,0,1.0,,,,single_core_baseline,392357,0,1.0,officially_measured_original,True,0,0,0,0,not_applicable
case_004,2,392357,b1,249175,2165760,1.5746242600581921,,,,b1,249175,2165760,1.5746242600581921,,,,b1,249175,2165760,1.5746242600581921,officially_measured_original,True,0,0,0,0,not_applicable
case_004,3,392357,b1,173560,2439168,2.2606418529615118,2,249175,2165760,b1,173560,2439168,2.2606418529615118,2,249175,2165760,b1,173560,2439168,2.2606418529615118,officially_measured_after_fallback,True,0,0,0,0,success
case_004,4,392357,b1,139406,2715648,2.814491485301924,3,173560,2439168,b1,139406,2715648,2.814491485301924,3,173560,2439168,b1,139406,2715648,2.814491485301924,officially_measured_after_fallback,True,0,0,0,0,success
case_004,5,392357,b1,116154,3072000,3.3779034729755324,4,139406,2715648,b1,116154,3072000,3.3779034729755324,4,139406,2715648,b1,116154,3072000,3.3779034729755324,officially_measured_after_fallback,True,0,0,0,0,success
case_005,1,95618,single_core_baseline,95618,0,1.0,,,,single_core_baseline,95618,0,1.0,,,,single_core_baseline,95618,0,1.0,officially_measured_original,True,0,0,0,0,not_applicable
case_005,2,95618,b2a_w16,72314,2360386,1.3222612495505712,,,,b2a_w16,72314,2360386,1.3222612495505712,,,,b2a_w16,72314,2360386,1.3222612495505712,officially_measured_original,True,0,0,0,0,not_applicable
case_005,3,95618,b2a_w16,65628,2496356,1.456969586152252,2,72314,2360386,b2a_w16,65628,2496356,1.456969586152252,2,72314,2360386,b2a_w16,65628,2496356,1.456969586152252,officially_measured_after_fallback,True,0,0,0,0,success
case_005,4,95618,b2a_w8,62536,1758192,1.5290072917999233,3,65628,2496356,b2a_w8,62536,1758192,1.5290072917999233,3,65628,2496356,b2a_w8,62536,1758192,1.5290072917999233,officially_measured_after_fallback,True,0,0,0,0,success
case_005,5,95618,b2a_w8,61582,1802168,1.5526939690169206,4,62536,1758192,b2a_w8,61582,1802168,1.5526939690169206,4,62536,1758192,b2a_w8,61582,1802168,1.5526939690169206,officially_measured_after_fallback,True,0,0,0,0,success
case_006,1,82837,single_core_baseline,82837,16400,1.0,,,,single_core_baseline,82837,16400,1.0,,,,single_core_baseline,82837,16400,1.0,officially_measured_original,True,0,0,0,0,not_applicable
case_006,2,82837,b2a_w4,54493,2033768,1.52014020149377,,,,b2a_w4,54493,2033768,1.52014020149377,,,,b2a_w4,54493,2033768,1.52014020149377,officially_measured_original,True,0,0,0,0,not_applicable
case_006,3,82837,b2a_w4,53096,2066536,1.5601363567877053,2,54493,2033768,b2a_w4,53096,2066536,1.5601363567877053,2,54493,2033768,b2a_w4,53096,2066536,1.5601363567877053,officially_measured_after_fallback,True,0,0,0,0,success
case_006,4,82837,b2a_w4,54589,2082920,1.517466888933668,3,53096,2066536,inherit_k3,53096,2066536,1.5601363567877053,3,53096,2066536,inherit_k3,53096,2066536,1.5601363567877053,officially_measured_after_fallback,True,1493,-16384,0,0,success
case_006,5,82837,b1,41337,849150,2.0039431985872223,3,53096,2066536,b1,41337,849150,2.0039431985872223,3,53096,2066536,b1,41337,849150,2.0039431985872223,officially_measured_after_fallback,True,0,0,0,0,success
case_007,1,1012562,single_core_baseline,1012562,0,1.0,,,,single_core_baseline,1012562,0,1.0,,,,single_core_baseline,1012562,0,1.0,officially_measured_original,True,0,0,0,0,not_applicable
case_007,2,1012562,b1,620166,4403712,1.6327273665437962,,,,b1,620166,4403712,1.6327273665437962,,,,b1,620166,4403712,1.6327273665437962,officially_measured_original,True,0,0,0,0,not_applicable
case_007,3,1012562,b1,429420,4486656,2.357975874435285,2,620166,4403712,b1,429420,4486656,2.357975874435285,2,620166,4403712,b1,429420,4486656,2.357975874435285,officially_measured_after_fallback,True,0,0,0,0,success
case_007,4,1012562,b1,328001,4580352,3.08706985649434,3,429420,4486656,b1,328001,4580352,3.08706985649434,3,429420,4486656,b1,328001,4580352,3.08706985649434,officially_measured_after_fallback,True,0,0,0,0,success
case_007,5,1012562,b0,208922,671232,4.846603038454543,4,328001,4580352,b0,208922,671232,4.846603038454543,4,328001,4580352,b0,208922,671232,4.846603038454543,officially_measured_after_fallback,True,0,0,0,0,success
case_008,1,487605,single_core_baseline,487605,0,1.0,,,,single_core_baseline,487605,0,1.0,,,,single_core_baseline,487605,0,1.0,officially_measured_original,True,0,0,0,0,not_applicable
case_008,2,487605,b0,244924,147456,1.9908420571279255,,,,b0,244924,147456,1.9908420571279255,,,,b0,244924,147456,1.9908420571279255,officially_measured_original,True,0,0,0,0,not_applicable
case_008,3,487605,b0,166440,0,2.929614275414564,2,244924,147456,b0,166440,0,2.929614275414564,2,244924,147456,b0,166440,0,2.929614275414564,officially_measured_after_fallback,True,0,0,0,0,success
case_008,4,487605,b0,126466,442368,3.8556212737020226,3,166440,0,b0,126466,442368,3.8556212737020226,3,166440,0,b0,126466,442368,3.8556212737020226,officially_measured_after_fallback,True,0,0,0,0,success
case_008,5,487605,b1,122980,667008,3.9649129939827614,4,126466,442368,b1,122980,667008,3.9649129939827614,4,126466,442368,b1,122980,667008,3.9649129939827614,officially_measured_after_fallback,True,0,0,0,0,success
case_009,1,153261,single_core_baseline,153261,0,1.0,,,,single_core_baseline,153261,0,1.0,,,,single_core_baseline,153261,0,1.0,officially_measured_original,True,0,0,0,0,not_applicable
case_009,2,153261,b2a_w4,103393,456306,1.4823150503418994,,,,b2a_w4,103393,456306,1.4823150503418994,,,,b2a_w4,103393,456306,1.4823150503418994,officially_measured_original,True,0,0,0,0,not_applicable
case_009,3,153261,b2a_w4,100723,505458,1.5216087686030002,2,103393,456306,b2a_w4,100723,505458,1.5216087686030002,2,103393,456306,b2a_w4,100723,505458,1.5216087686030002,officially_measured_after_fallback,True,0,0,0,0,success
case_009,4,153261,b2a_w4,98845,554610,1.5505184885426677,3,100723,505458,b2a_w4,98845,554610,1.5505184885426677,3,100723,505458,b2a_w4,98845,554610,1.5505184885426677,officially_measured_after_fallback,True,0,0,0,0,success
case_009,5,153261,b2a_w16,96659,2157712,1.585584373933105,4,98845,554610,b2a_w16,96659,2157712,1.585584373933105,4,98845,554610,b2a_w16,96659,2157712,1.585584373933105,officially_measured_after_fallback,True,0,0,0,0,success
case_010,1,86969,single_core_baseline,86969,0,1.0,,,,single_core_baseline,86969,0,1.0,,,,single_core_baseline,86969,0,1.0,officially_measured_original,True,0,0,0,0,not_applicable
case_010,2,86969,b1,66374,582646,1.3102871606351885,,,,b1,66374,582646,1.3102871606351885,,,,b1,66374,582646,1.3102871606351885,officially_measured_original,True,0,0,0,0,not_applicable
case_010,3,86969,b1,47147,592314,1.8446348654209175,2,66374,582646,b1,47147,592314,1.8446348654209175,2,66374,582646,b1,47147,592314,1.8446348654209175,officially_measured_after_fallback,True,0,0,0,0,success
case_010,4,86969,b1,44496,680338,1.9545352391226178,3,47147,592314,b1,44496,680338,1.9545352391226178,3,47147,592314,b1,44496,680338,1.9545352391226178,officially_measured_after_fallback,True,0,0,0,0,success
case_010,5,86969,b1,40860,713736,2.1284630445423396,4,44496,680338,b1,40860,713736,2.1284630445423396,4,44496,680338,b1,40860,713736,2.1284630445423396,officially_measured_after_fallback,True,0,0,0,0,success
case_011,1,184697,single_core_baseline,184697,0,1.0,,,,single_core_baseline,184697,0,1.0,,,,single_core_baseline,184697,0,1.0,officially_measured_original,True,0,0,0,0,not_applicable
case_011,2,184697,b0,94212,1261568,1.9604402836156753,,,,b0,94212,1261568,1.9604402836156753,,,,b0,94212,1261568,1.9604402836156753,officially_measured_original,True,0,0,0,0,not_applicable
case_011,3,184697,b2a_w4,98432,3145728,1.876391823797139,2,94212,1261568,inherit_k2,94212,1261568,1.9604402836156753,2,94212,1261568,inherit_k2,94212,1261568,1.9604402836156753,officially_measured_after_fallback,True,4220,-1884160,0,0,success
case_011,4,184697,b0,49484,1622016,3.7324589766389136,2,94212,1261568,b0,49484,1622016,3.7324589766389136,2,94212,1261568,b0,49484,1622016,3.7324589766389136,officially_measured_after_fallback,True,0,0,0,0,success
case_011,5,184697,b2a_w4,69119,3145728,2.6721596087906363,4,49484,1622016,inherit_k4,49484,1622016,3.7324589766389136,4,49484,1622016,inherit_k4,49484,1622016,3.7324589766389136,officially_measured_after_fallback,True,19635,-1523712,0,0,success
case_012,1,59088,single_core_baseline,59088,0,1.0,,,,single_core_baseline,59088,0,1.0,,,,single_core_baseline,59088,0,1.0,officially_measured_original,True,0,0,0,0,not_applicable
case_012,2,59088,b2a_w4,40550,1124538,1.4571639950678175,,,,b2a_w4,40550,1124538,1.4571639950678175,,,,b2a_w4,40550,1124538,1.4571639950678175,officially_measured_original,True,0,0,0,0,not_applicable
case_012,3,59088,b2a_w4,32790,1129212,1.8020128087831655,2,40550,1124538,b2a_w4,32790,1129212,1.8020128087831655,2,40550,1124538,b2a_w4,32790,1129212,1.8020128087831655,officially_measured_after_fallback,True,0,0,0,0,success
case_012,4,59088,b1,23464,317640,2.5182407091714967,3,32790,1129212,b1,23464,317640,2.5182407091714967,3,32790,1129212,b1,23464,317640,2.5182407091714967,officially_measured_after_fallback,True,0,0,0,0,success
case_012,5,59088,b1,25884,421498,2.2828001854427447,4,23464,317640,inherit_k4,23464,317640,2.5182407091714967,4,23464,317640,inherit_k4,23464,317640,2.5182407091714967,officially_measured_after_fallback,True,2420,-103858,0,0,success
case_013,1,263949,single_core_baseline,263949,0,1.0,,,,single_core_baseline,263949,0,1.0,,,,single_core_baseline,263949,0,1.0,officially_measured_original,True,0,0,0,0,not_applicable
case_013,2,263949,b1,166316,131072,1.587033117679598,,,,b1,166316,131072,1.587033117679598,,,,b1,166316,131072,1.587033117679598,officially_measured_original,True,0,0,0,0,not_applicable
case_013,3,263949,b1,112530,167936,2.3455878432418023,2,166316,131072,b1,112530,167936,2.3455878432418023,2,166316,131072,b1,112530,167936,2.3455878432418023,officially_measured_after_fallback,True,0,0,0,0,success
case_013,4,263949,b1,86044,290816,3.067604946306541,3,112530,167936,b1,86044,290816,3.067604946306541,3,112530,167936,b1,86044,290816,3.067604946306541,officially_measured_after_fallback,True,0,0,0,0,success
case_013,5,263949,b1,70094,360448,3.765643279025309,4,86044,290816,b1,70094,360448,3.765643279025309,4,86044,290816,b1,70094,360448,3.765643279025309,officially_measured_after_fallback,True,0,0,0,0,success
case_014,1,17698626,single_core_baseline,17698626,71010720,1.0,,,,single_core_baseline,17698626,71010720,1.0,,,,single_core_baseline,17698626,71010720,1.0,officially_measured_original,True,0,0,0,0,not_applicable
case_014,2,17698626,b2a_w4,11873679,265001472,1.4905764253859313,,,,b2a_w4,11873679,265001472,1.4905764253859313,,,,b2a_w4,11873679,265001472,1.4905764253859313,officially_measured_original,True,0,0,0,0,not_applicable
case_014,3,17698626,b2a_w4,8687186,262318608,2.0373255505292507,2,11873679,265001472,b2a_w4,8687186,262318608,2.0373255505292507,2,11873679,265001472,b2a_w4,8687186,262318608,2.0373255505292507,officially_measured_after_fallback,True,0,0,0,0,success
case_014,4,17698626,b2a_w4,8237041,266032656,2.1486630939435654,3,8687186,262318608,b2a_w4,8237041,266032656,2.1486630939435654,3,8687186,262318608,b2a_w4,8237041,266032656,2.1486630939435654,officially_measured_after_fallback,True,0,0,0,0,success
case_014,5,17698626,b2a_w4,6890740,262318608,2.5684652156372176,4,8237041,266032656,b2a_w4,6890740,262318608,2.5684652156372176,4,8237041,266032656,b2a_w4,6890740,262318608,2.5684652156372176,officially_measured_after_fallback,True,0,0,0,0,success
case_015,1,177362,single_core_baseline,177362,180256,1.0,,,,single_core_baseline,177362,180256,1.0,,,,single_core_baseline,177362,180256,1.0,officially_measured_original,True,0,0,0,0,not_applicable
case_015,2,177362,b2a_w4,113380,3050540,1.5643146939495503,,,,b2a_w4,113380,3050540,1.5643146939495503,,,,b2a_w4,113380,3050540,1.5643146939495503,officially_measured_original,True,0,0,0,0,not_applicable
case_015,3,177362,b2a_w4,97318,3214384,1.8224994348424752,2,113380,3050540,b2a_w4,97318,3214384,1.8224994348424752,2,113380,3050540,b2a_w4,97318,3214384,1.8224994348424752,officially_measured_after_fallback,True,0,0,0,0,success
case_015,4,177362,b2a_w4,85038,3345456,2.0856793433523837,3,97318,3214384,b2a_w4,85038,3345456,2.0856793433523837,3,97318,3214384,b2a_w4,85038,3345456,2.0856793433523837,officially_measured_after_fallback,True,0,0,0,0,success
case_015,5,177362,b2a_w4,78844,3443760,2.2495307188879305,4,85038,3345456,b2a_w4,78844,3443760,2.2495307188879305,4,85038,3345456,b2a_w4,78844,3443760,2.2495307188879305,officially_measured_after_fallback,True,0,0,0,0,success
case_016,1,7715523,single_core_baseline,7715523,0,1.0,,,,single_core_baseline,7715523,0,1.0,,,,single_core_baseline,7715523,0,1.0,officially_measured_original,True,0,0,0,0,not_applicable
case_016,2,7715523,single,7715523,0,1.0,,,,single,7715523,0,1.0,,,,single,7715523,0,1.0,officially_measured_original,True,0,0,0,0,not_applicable
case_016,3,7715523,single,7715523,0,1.0,2,7715523,0,single,7715523,0,1.0,2,7715523,0,single,7715523,0,1.0,officially_measured_after_fallback,True,0,0,0,0,success
case_016,4,7715523,single,7715523,0,1.0,2,7715523,0,single,7715523,0,1.0,2,7715523,0,single,7715523,0,1.0,officially_measured_after_fallback,True,0,0,0,0,success
case_016,5,7715523,single,7715523,0,1.0,2,7715523,0,single,7715523,0,1.0,2,7715523,0,single,7715523,0,1.0,officially_measured_after_fallback,True,0,0,0,0,success
case_017,1,162810,single_core_baseline,162810,22528,1.0,,,,single_core_baseline,162810,22528,1.0,,,,single_core_baseline,162810,22528,1.0,officially_measured_original,True,0,0,0,0,not_applicable
case_017,2,162810,b2a_w4,95785,2032660,1.6997442188234066,,,,b2a_w4,95785,2032660,1.6997442188234066,,,,b2a_w4,95785,2032660,1.6997442188234066,officially_measured_original,True,0,0,0,0,not_applicable
case_017,3,162810,b2a_w4,79783,2091028,2.0406602910394445,2,95785,2032660,b2a_w4,79783,2091028,2.0406602910394445,2,95785,2032660,b2a_w4,79783,2091028,2.0406602910394445,officially_measured_after_fallback,True,0,0,0,0,success
case_017,4,162810,b2a_w4,79737,2149396,2.0418375409157608,3,79783,2091028,b2a_w4,79737,2149396,2.0418375409157608,3,79783,2091028,b2a_w4,79737,2149396,2.0418375409157608,officially_measured_after_fallback,True,0,0,0,0,success
case_017,5,162810,b1,62170,936404,2.618787196396976,4,79737,2149396,b1,62170,936404,2.618787196396976,4,79737,2149396,b1,62170,936404,2.618787196396976,officially_measured_after_fallback,True,0,0,0,0,success
case_018,1,1004367,single_core_baseline,1004367,1970176,1.0,,,,single_core_baseline,1004367,1970176,1.0,,,,single_core_baseline,1004367,1970176,1.0,officially_measured_original,True,0,0,0,0,not_applicable
case_018,2,1004367,b2a_w4,613121,9836456,1.6381220020191773,,,,b2a_w4,613121,9836456,1.6381220020191773,,,,b2a_w4,613121,9836456,1.6381220020191773,officially_measured_original,True,0,0,0,0,not_applicable
case_018,3,1004367,b2a_w4,467483,9836456,2.148456735325135,2,613121,9836456,b2a_w4,467483,9836456,2.148456735325135,2,613121,9836456,b2a_w4,467483,9836456,2.148456735325135,officially_measured_after_fallback,True,0,0,0,0,success
case_018,4,1004367,b2a_w4,393004,9836456,2.5556152100233076,3,467483,9836456,b2a_w4,393004,9836456,2.5556152100233076,3,467483,9836456,b2a_w4,393004,9836456,2.5556152100233076,officially_measured_after_fallback,True,0,0,0,0,success
case_018,5,1004367,b2a_w4,323742,9836456,3.102368552736438,4,393004,9836456,b2a_w4,323742,9836456,3.102368552736438,4,393004,9836456,b2a_w4,323742,9836456,3.102368552736438,officially_measured_after_fallback,True,0,0,0,0,success
case_019,1,81144,single_core_baseline,81144,0,1.0,,,,single_core_baseline,81144,0,1.0,,,,single_core_baseline,81144,0,1.0,officially_measured_original,True,0,0,0,0,not_applicable
case_019,2,81144,b2a_w4,46216,1040000,1.7557555824822573,,,,b2a_w4,46216,1040000,1.7557555824822573,,,,b2a_w4,46216,1040000,1.7557555824822573,officially_measured_original,True,0,0,0,0,not_applicable
case_019,3,81144,b2a_w4,39913,1042592,2.033021822463859,2,46216,1040000,b2a_w4,39913,1042592,2.033021822463859,2,46216,1040000,b2a_w4,39913,1042592,2.033021822463859,officially_measured_after_fallback,True,0,0,0,0,success
case_019,4,81144,b1,27047,266552,3.0001109180315746,3,39913,1042592,b1,27047,266552,3.0001109180315746,3,39913,1042592,b1,27047,266552,3.0001109180315746,officially_measured_after_fallback,True,0,0,0,0,success
case_019,5,81144,b1,24792,378136,3.2729912875121006,4,27047,266552,b1,24792,378136,3.2729912875121006,4,27047,266552,b1,24792,378136,3.2729912875121006,officially_measured_after_fallback,True,0,0,0,0,success
case_020,1,532746,single_core_baseline,532746,0,1.0,,,,single_core_baseline,532746,0,1.0,,,,single_core_baseline,532746,0,1.0,officially_measured_original,True,0,0,0,0,not_applicable
case_020,2,532746,b0,267708,0,1.9900264467255369,,,,b0,267708,0,1.9900264467255369,,,,b0,267708,0,1.9900264467255369,officially_measured_original,True,0,0,0,0,not_applicable
case_020,3,532746,b0,179492,0,2.96807657165779,2,267708,0,b0,179492,0,2.96807657165779,2,267708,0,b0,179492,0,2.96807657165779,officially_measured_after_fallback,True,0,0,0,0,success
case_020,4,532746,b0,135660,0,3.9270676691729323,3,179492,0,b0,135660,0,3.9270676691729323,3,179492,0,b0,135660,0,3.9270676691729323,officially_measured_after_fallback,True,0,0,0,0,success
case_020,5,532746,b1,139208,598016,3.8269783345784725,4,135660,0,inherit_k4,135660,0,3.9270676691729323,4,135660,0,inherit_k4,135660,0,3.9270676691729323,officially_measured_after_fallback,True,3548,-598016,0,0,success
case_021,1,6567937,single_core_baseline,6567937,4501504,1.0,,,,single_core_baseline,6567937,4501504,1.0,,,,single_core_baseline,6567937,4501504,1.0,officially_measured_original,True,0,0,0,0,not_applicable
case_021,2,6567937,b0,3102580,6656000,2.1169275248341703,,,,b0,3102580,6656000,2.1169275248341703,,,,b0,3102580,6656000,2.1169275248341703,officially_measured_original,True,0,0,0,0,not_applicable
case_021,3,6567937,b2a_w4,2822635,72744960,2.3268814423402246,2,3102580,6656000,b2a_w4,2822635,72744960,2.3268814423402246,2,3102580,6656000,b2a_w4,2822635,72744960,2.3268814423402246,officially_measured_after_fallback,True,0,0,0,0,success
case_021,4,6567937,b0,1557596,9523200,4.216714090174859,3,2822635,72744960,b0,1557596,9523200,4.216714090174859,3,2822635,72744960,b0,1557596,9523200,4.216714090174859,officially_measured_after_fallback,True,0,0,0,0,success
case_021,5,6567937,b0,1249504,8908800,5.256435353548288,4,1557596,9523200,b0,1249504,8908800,5.256435353548288,4,1557596,9523200,b0,1249504,8908800,5.256435353548288,officially_measured_after_fallback,True,0,0,0,0,success
case_022,1,56780,single_core_baseline,56780,0,1.0,,,,single_core_baseline,56780,0,1.0,,,,single_core_baseline,56780,0,1.0,officially_measured_original,True,0,0,0,0,not_applicable
case_022,2,56780,b2a_w4,34100,1346040,1.6651026392961876,,,,b2a_w4,34100,1346040,1.6651026392961876,,,,b2a_w4,34100,1346040,1.6651026392961876,officially_measured_original,True,0,0,0,0,not_applicable
case_022,3,56780,b2a_w4,29789,1346040,1.9060727114035383,2,34100,1346040,b2a_w4,29789,1346040,1.9060727114035383,2,34100,1346040,b2a_w4,29789,1346040,1.9060727114035383,officially_measured_after_fallback,True,0,0,0,0,success
case_022,4,56780,b2a_w4,28322,1346040,2.0048019207683074,3,29789,1346040,b2a_w4,28322,1346040,2.0048019207683074,3,29789,1346040,b2a_w4,28322,1346040,2.0048019207683074,officially_measured_after_fallback,True,0,0,0,0,success
case_022,5,56780,b2a_w4,28919,1346040,1.9634150558456378,4,28322,1346040,inherit_k4,28322,1346040,2.0048019207683074,4,28322,1346040,inherit_k4,28322,1346040,2.0048019207683074,officially_measured_after_fallback,True,597,0,0,0,success
case_023,1,122614,single_core_baseline,122614,0,1.0,,,,single_core_baseline,122614,0,1.0,,,,single_core_baseline,122614,0,1.0,officially_measured_original,True,0,0,0,0,not_applicable
case_023,2,122614,b2a_w4,72315,1782584,1.6955541727165873,,,,b2a_w4,72315,1782584,1.6955541727165873,,,,b2a_w4,72315,1782584,1.6955541727165873,officially_measured_original,True,0,0,0,0,not_applicable
case_023,3,122614,b2a_w4,52621,1791800,2.330134357005758,2,72315,1782584,b2a_w4,52621,1791800,2.330134357005758,2,72315,1782584,b2a_w4,52621,1791800,2.330134357005758,officially_measured_after_fallback,True,0,0,0,0,success
case_023,4,122614,b2a_w4,43979,1840952,2.788012460492508,3,52621,1791800,b2a_w4,43979,1840952,2.788012460492508,3,52621,1791800,b2a_w4,43979,1840952,2.788012460492508,officially_measured_after_fallback,True,0,0,0,0,success
case_023,5,122614,b2a_w4,43602,1890104,2.8121187101509104,4,43979,1840952,b2a_w4,43602,1890104,2.8121187101509104,4,43979,1840952,b2a_w4,43602,1890104,2.8121187101509104,officially_measured_after_fallback,True,0,0,0,0,success
case_024,1,2555343,single_core_baseline,2555343,0,1.0,,,,single_core_baseline,2555343,0,1.0,,,,single_core_baseline,2555343,0,1.0,officially_measured_original,True,0,0,0,0,not_applicable
case_024,2,2555343,single,2555343,0,1.0,,,,single,2555343,0,1.0,,,,single,2555343,0,1.0,officially_measured_original,True,0,0,0,0,not_applicable
case_024,3,2555343,single,2555343,0,1.0,2,2555343,0,single,2555343,0,1.0,2,2555343,0,single,2555343,0,1.0,officially_measured_after_fallback,True,0,0,0,0,success
case_024,4,2555343,single,2555343,0,1.0,2,2555343,0,single,2555343,0,1.0,2,2555343,0,single,2555343,0,1.0,officially_measured_after_fallback,True,0,0,0,0,success
case_024,5,2555343,single,2555343,0,1.0,2,2555343,0,single,2555343,0,1.0,2,2555343,0,single,2555343,0,1.0,officially_measured_after_fallback,True,0,0,0,0,success
case_025,1,4863026,single_core_baseline,4863026,0,1.0,,,,single_core_baseline,4863026,0,1.0,,,,single_core_baseline,4863026,0,1.0,officially_measured_original,True,0,0,0,0,not_applicable
case_025,2,4863026,b1,2969082,20616192,1.637888748104633,,,,b1,2969082,20616192,1.637888748104633,,,,b1,2969082,20616192,1.637888748104633,officially_measured_original,True,0,0,0,0,not_applicable
case_025,3,4863026,b1,2051388,20699136,2.3706027333688215,2,2969082,20616192,b1,2051388,20699136,2.3706027333688215,2,2969082,20616192,b1,2051388,20699136,2.3706027333688215,officially_measured_after_fallback,True,0,0,0,0,success
case_025,4,4863026,b1,1562605,20795904,3.112127505031662,3,2051388,20699136,b1,1562605,20795904,3.112127505031662,3,2051388,20699136,b1,1562605,20795904,3.112127505031662,officially_measured_after_fallback,True,0,0,0,0,success
case_025,5,4863026,b0,979918,694272,4.962686673782908,4,1562605,20795904,b0,979918,694272,4.962686673782908,4,1562605,20795904,b0,979918,694272,4.962686673782908,officially_measured_after_fallback,True,0,0,0,0,success
case_026,1,99203,single_core_baseline,99203,0,1.0,,,,single_core_baseline,99203,0,1.0,,,,single_core_baseline,99203,0,1.0,officially_measured_original,True,0,0,0,0,not_applicable
case_026,2,99203,b2a_w4,71676,2249880,1.3840476589095374,,,,b2a_w4,71676,2249880,1.3840476589095374,,,,b2a_w4,71676,2249880,1.3840476589095374,officially_measured_original,True,0,0,0,0,not_applicable
case_026,3,99203,b2a_w4,66096,2323608,1.50089264100702,2,71676,2249880,b2a_w4,66096,2323608,1.50089264100702,2,71676,2249880,b2a_w4,66096,2323608,1.50089264100702,officially_measured_after_fallback,True,0,0,0,0,success
case_026,4,99203,b2a_w4,65030,2324760,1.5254959249577118,3,66096,2323608,b2a_w4,65030,2324760,1.5254959249577118,3,66096,2323608,b2a_w4,65030,2324760,1.5254959249577118,officially_measured_after_fallback,True,0,0,0,0,success
case_026,5,99203,b1,64735,1166722,1.5324476712751989,4,65030,2324760,b1,64735,1166722,1.5324476712751989,4,65030,2324760,b1,64735,1166722,1.5324476712751989,officially_measured_after_fallback,True,0,0,0,0,success
case_027,1,2363952,single_core_baseline,2363952,1400832,1.0,,,,single_core_baseline,2363952,1400832,1.0,,,,single_core_baseline,2363952,1400832,1.0,officially_measured_original,True,0,0,0,0,not_applicable
case_027,2,2363952,b0,1119508,3317760,2.1115990238569085,,,,b0,1119508,3317760,2.1115990238569085,,,,b0,1119508,3317760,2.1115990238569085,officially_measured_original,True,0,0,0,0,not_applicable
case_027,3,2363952,b0,750886,4620288,3.1482169064278733,2,1119508,3317760,b0,750886,4620288,3.1482169064278733,2,1119508,3317760,b0,750886,4620288,3.1482169064278733,officially_measured_after_fallback,True,0,0,0,0,success
case_027,4,2363952,b0,565244,5529600,4.182179731231114,3,750886,4620288,b0,565244,5529600,4.182179731231114,3,750886,4620288,b0,565244,5529600,4.182179731231114,officially_measured_after_fallback,True,0,0,0,0,success
case_027,5,2363952,b2a_w4,616065,18481152,3.8371795183949744,4,565244,5529600,inherit_k4,565244,5529600,4.182179731231114,4,565244,5529600,inherit_k4,565244,5529600,4.182179731231114,officially_measured_after_fallback,True,50821,-12951552,0,0,success
case_028,1,43836040,single_core_baseline,43836040,277412256,1.0,,,,single_core_baseline,43836040,277412256,1.0,,,,single_core_baseline,43836040,277412256,1.0,officially_measured_original,True,0,0,0,0,not_applicable
case_028,2,43836040,b2a_w16,20389484,48190464,2.149933759971562,,,,b2a_w16,20389484,48190464,2.149933759971562,,,,b2a_w16,20389484,48190464,2.149933759971562,officially_measured_original,True,0,0,0,0,not_applicable
case_028,3,43836040,b2a_w16,13744872,52442112,3.189265058270459,2,20389484,48190464,b2a_w16,13744872,52442112,3.189265058270459,2,20389484,48190464,b2a_w16,13744872,52442112,3.189265058270459,officially_measured_after_fallback,True,0,0,0,0,success
case_028,4,43836040,b2a_w16,10285826,56736768,4.261790934437351,3,13744872,52442112,b2a_w16,10285826,56736768,4.261790934437351,3,13744872,52442112,b2a_w16,10285826,56736768,4.261790934437351,officially_measured_after_fallback,True,0,0,0,0,success
case_028,5,43836040,b2a_w16,8251690,61025280,5.312371162755751,4,10285826,56736768,b2a_w16,8251690,61025280,5.312371162755751,4,10285826,56736768,b2a_w16,8251690,61025280,5.312371162755751,officially_measured_after_fallback,True,0,0,0,0,success
case_029,1,37555,single_core_baseline,37555,0,1.0,,,,single_core_baseline,37555,0,1.0,,,,single_core_baseline,37555,0,1.0,officially_measured_original,True,0,0,0,0,not_applicable
case_029,2,37555,b1,25272,270490,1.4860319721430832,,,,b1,25272,270490,1.4860319721430832,,,,b1,25272,270490,1.4860319721430832,officially_measured_original,True,0,0,0,0,not_applicable
case_029,3,37555,b0,13976,122958,2.6871064682312538,2,25272,270490,b0,13976,122958,2.6871064682312538,2,25272,270490,b0,13976,122958,2.6871064682312538,officially_measured_after_fallback,True,0,0,0,0,success
case_029,4,37555,b1,15575,409772,2.41123595505618,3,13976,122958,inherit_k3,13976,122958,2.6871064682312538,3,13976,122958,inherit_k3,13976,122958,2.6871064682312538,officially_measured_after_fallback,True,1599,-286814,0,0,success
case_029,5,37555,b1,15605,397516,2.4066004485741748,3,13976,122958,inherit_k3,13976,122958,2.6871064682312538,3,13976,122958,inherit_k3,13976,122958,2.6871064682312538,officially_measured_after_fallback,True,1629,-274558,0,0,success
case_030,1,2808034,single_core_baseline,2808034,5519360,1.0,,,,single_core_baseline,2808034,5519360,1.0,,,,single_core_baseline,2808034,5519360,1.0,officially_measured_original,True,0,0,0,0,not_applicable
case_030,2,2808034,b2a_w4,2200787,66977792,1.2759226585762276,,,,b2a_w4,2200787,66977792,1.2759226585762276,,,,b2a_w4,2200787,66977792,1.2759226585762276,officially_measured_original,True,0,0,0,0,not_applicable
case_030,3,2808034,b2a_w4,1723596,66977792,1.6291718012805785,2,2200787,66977792,b2a_w4,1723596,66977792,1.6291718012805785,2,2200787,66977792,b2a_w4,1723596,66977792,1.6291718012805785,officially_measured_after_fallback,True,0,0,0,0,success
case_030,4,2808034,b1,1386306,19053060,2.0255513573482333,3,1723596,66977792,b1,1386306,19053060,2.0255513573482333,3,1723596,66977792,b1,1386306,19053060,2.0255513573482333,officially_measured_after_fallback,True,0,0,0,0,success
case_030,5,2808034,b1,1519378,20673540,1.848147070709198,4,1386306,19053060,inherit_k4,1386306,19053060,2.0255513573482333,4,1386306,19053060,inherit_k4,1386306,19053060,2.0255513573482333,officially_measured_after_fallback,True,133072,-1620480,0,0,success
case_031,1,1414369,single_core_baseline,1414369,3491328,1.0,,,,single_core_baseline,1414369,3491328,1.0,,,,single_core_baseline,1414369,3491328,1.0,officially_measured_original,True,0,0,0,0,not_applicable
case_031,2,1414369,b1,866386,5059588,1.6324929073184469,,,,b1,866386,5059588,1.6324929073184469,,,,b1,866386,5059588,1.6324929073184469,officially_measured_original,True,0,0,0,0,not_applicable
case_031,3,1414369,b2a_w4,697002,17801292,2.029217993635599,2,866386,5059588,b2a_w4,697002,17801292,2.029217993635599,2,866386,5059588,b2a_w4,697002,17801292,2.029217993635599,officially_measured_after_fallback,True,0,0,0,0,success
case_031,4,1414369,b2a_w4,583325,17828940,2.424667209531565,3,697002,17801292,b2a_w4,583325,17828940,2.424667209531565,3,697002,17801292,b2a_w4,583325,17828940,2.424667209531565,officially_measured_after_fallback,True,0,0,0,0,success
case_031,5,1414369,b2a_w4,481753,17856588,2.935880004898776,4,583325,17828940,b2a_w4,481753,17856588,2.935880004898776,4,583325,17828940,b2a_w4,481753,17856588,2.935880004898776,officially_measured_after_fallback,True,0,0,0,0,success
case_032,1,41443,single_core_baseline,41443,0,1.0,,,,single_core_baseline,41443,0,1.0,,,,single_core_baseline,41443,0,1.0,officially_measured_original,True,0,0,0,0,not_applicable
case_032,2,41443,b0,27012,266406,1.5342440396860655,,,,b0,27012,266406,1.5342440396860655,,,,b0,27012,266406,1.5342440396860655,officially_measured_original,True,0,0,0,0,not_applicable
case_032,3,41443,b2a_w4,25171,1045676,1.646458225735966,2,27012,266406,b2a_w4,25171,1045676,1.646458225735966,2,27012,266406,b2a_w4,25171,1045676,1.646458225735966,officially_measured_after_fallback,True,0,0,0,0,success
case_032,4,41443,b1,21007,399580,1.97281858428143,3,25171,1045676,b1,21007,399580,1.97281858428143,3,25171,1045676,b1,21007,399580,1.97281858428143,officially_measured_after_fallback,True,0,0,0,0,success
case_032,5,41443,b1,25085,434434,1.6521028503089497,4,21007,399580,inherit_k4,21007,399580,1.97281858428143,4,21007,399580,inherit_k4,21007,399580,1.97281858428143,officially_measured_after_fallback,True,4078,-34854,0,0,success
case_033,1,1774196,single_core_baseline,1774196,4592640,1.0,,,,single_core_baseline,1774196,4592640,1.0,,,,single_core_baseline,1774196,4592640,1.0,officially_measured_original,True,0,0,0,0,not_applicable
case_033,2,1774196,b1,1086331,6924292,1.6332001940476706,,,,b1,1086331,6924292,1.6332001940476706,,,,b1,1086331,6924292,1.6332001940476706,officially_measured_original,True,0,0,0,0,not_applicable
case_033,3,1774196,b1,724891,9530372,2.44753487075988,2,1086331,6924292,b1,724891,9530372,2.44753487075988,2,1086331,6924292,b1,724891,9530372,2.44753487075988,officially_measured_after_fallback,True,0,0,0,0,success
case_033,4,1774196,b1,538947,10082308,3.291967484743398,3,724891,9530372,b1,538947,10082308,3.291967484743398,3,724891,9530372,b1,538947,10082308,3.291967484743398,officially_measured_after_fallback,True,0,0,0,0,success
case_033,5,1774196,b2a_w4,821139,29562660,2.1606524595714003,4,538947,10082308,inherit_k4,538947,10082308,3.291967484743398,4,538947,10082308,inherit_k4,538947,10082308,3.291967484743398,officially_measured_after_fallback,True,282192,-19480352,0,0,success
case_034,1,842996,single_core_baseline,842996,1079832,1.0,,,,single_core_baseline,842996,1079832,1.0,,,,single_core_baseline,842996,1079832,1.0,officially_measured_original,True,0,0,0,0,not_applicable
case_034,2,842996,b2a_w4,596520,15055988,1.413189834372695,,,,b2a_w4,596520,15055988,1.413189834372695,,,,b2a_w4,596520,15055988,1.413189834372695,officially_measured_original,True,0,0,0,0,not_applicable
case_034,3,842996,b2a_w4,438919,15055988,1.920618610723163,2,596520,15055988,b2a_w4,438919,15055988,1.920618610723163,2,596520,15055988,b2a_w4,438919,15055988,1.920618610723163,officially_measured_after_fallback,True,0,0,0,0,success
case_034,4,842996,b2a_w4,381731,15060596,2.208350906790384,3,438919,15055988,b2a_w4,381731,15060596,2.208350906790384,3,438919,15055988,b2a_w4,381731,15060596,2.208350906790384,officially_measured_after_fallback,True,0,0,0,0,success
case_034,5,842996,b2a_w4,363718,15069812,2.3177186721581005,4,381731,15060596,b2a_w4,363718,15069812,2.3177186721581005,4,381731,15060596,b2a_w4,363718,15069812,2.3177186721581005,officially_measured_after_fallback,True,0,0,0,0,success
case_035,1,169571,single_core_baseline,169571,0,1.0,,,,single_core_baseline,169571,0,1.0,,,,single_core_baseline,169571,0,1.0,officially_measured_original,True,0,0,0,0,not_applicable
case_035,2,169571,b2a_w4,106131,525204,1.5977518349963724,,,,b2a_w4,106131,525204,1.5977518349963724,,,,b2a_w4,106131,525204,1.5977518349963724,officially_measured_original,True,0,0,0,0,not_applicable
case_035,3,169571,b2a_w4,99355,529812,1.706718333249459,2,106131,525204,b2a_w4,99355,529812,1.706718333249459,2,106131,525204,b2a_w4,99355,529812,1.706718333249459,officially_measured_after_fallback,True,0,0,0,0,success
case_035,4,169571,b2a_w4,98103,534420,1.7284996381354292,3,99355,529812,b2a_w4,98103,534420,1.7284996381354292,3,99355,529812,b2a_w4,98103,534420,1.7284996381354292,officially_measured_after_fallback,True,0,0,0,0,success
case_035,5,169571,b2a_w4,97043,534420,1.7473800274105293,4,98103,534420,b2a_w4,97043,534420,1.7473800274105293,4,98103,534420,b2a_w4,97043,534420,1.7473800274105293,officially_measured_after_fallback,True,0,0,0,0,success
case_036,1,931510,single_core_baseline,931510,0,1.0,,,,single_core_baseline,931510,0,1.0,,,,single_core_baseline,931510,0,1.0,officially_measured_original,True,0,0,0,0,not_applicable
case_036,2,931510,b0,467772,8064,1.9913761405128994,,,,b0,467772,8064,1.9913761405128994,,,,b0,467772,8064,1.9913761405128994,officially_measured_original,True,0,0,0,0,not_applicable
case_036,3,931510,b1,390499,147840,2.3854350459284146,2,467772,8064,b1,390499,147840,2.3854350459284146,2,467772,8064,b1,390499,147840,2.3854350459284146,officially_measured_after_fallback,True,0,0,0,0,success
case_036,4,931510,b0,236236,17280,3.9431331380483923,3,390499,147840,b0,236236,17280,3.9431331380483923,3,390499,147840,b0,236236,17280,3.9431331380483923,officially_measured_after_fallback,True,0,0,0,0,success
case_036,5,931510,b0,190308,21888,4.894749563864893,4,236236,17280,b0,190308,21888,4.894749563864893,4,236236,17280,b0,190308,21888,4.894749563864893,officially_measured_after_fallback,True,0,0,0,0,success
case_037,1,210001,single_core_baseline,210001,0,1.0,,,,single_core_baseline,210001,0,1.0,,,,single_core_baseline,210001,0,1.0,officially_measured_original,True,0,0,0,0,not_applicable
case_037,2,210001,b1,133437,1595392,1.5737838830309434,,,,b1,133437,1595392,1.5737838830309434,,,,b1,133437,1595392,1.5737838830309434,officially_measured_original,True,0,0,0,0,not_applicable
case_037,3,210001,b1,91873,1978368,2.2857749284338165,2,133437,1595392,b1,91873,1978368,2.2857749284338165,2,133437,1595392,b1,91873,1978368,2.2857749284338165,officially_measured_after_fallback,True,0,0,0,0,success
case_037,4,210001,b1,70758,2191360,2.9678764238672657,3,91873,1978368,b1,70758,2191360,2.9678764238672657,3,91873,1978368,b1,70758,2191360,2.9678764238672657,officially_measured_after_fallback,True,0,0,0,0,success
case_037,5,210001,b0,46592,1925120,4.507233001373627,4,70758,2191360,b0,46592,1925120,4.507233001373627,4,70758,2191360,b0,46592,1925120,4.507233001373627,officially_measured_after_fallback,True,0,0,0,0,success
case_038,1,1364555,single_core_baseline,1364555,5627904,1.0,,,,single_core_baseline,1364555,5627904,1.0,,,,single_core_baseline,1364555,5627904,1.0,officially_measured_original,True,0,0,0,0,not_applicable
case_038,2,1364555,b2a_w4,1008722,22607872,1.3527562599011422,,,,b2a_w4,1008722,22607872,1.3527562599011422,,,,b2a_w4,1008722,22607872,1.3527562599011422,officially_measured_original,True,0,0,0,0,not_applicable
case_038,3,1364555,b2a_w4,795870,22706176,1.7145450890220764,2,1008722,22607872,b2a_w4,795870,22706176,1.7145450890220764,2,1008722,22607872,b2a_w4,795870,22706176,1.7145450890220764,officially_measured_after_fallback,True,0,0,0,0,success
case_038,4,1364555,b1,754961,10424836,1.8074509809115968,3,795870,22706176,b1,754961,10424836,1.8074509809115968,3,795870,22706176,b1,754961,10424836,1.8074509809115968,officially_measured_after_fallback,True,0,0,0,0,success
case_038,5,1364555,b1,737342,11362820,1.8506405440080722,4,754961,10424836,b1,737342,11362820,1.8506405440080722,4,754961,10424836,b1,737342,11362820,1.8506405440080722,officially_measured_after_fallback,True,0,0,0,0,success
case_039,1,1435262,single_core_baseline,1435262,7929856,1.0,,,,single_core_baseline,1435262,7929856,1.0,,,,single_core_baseline,1435262,7929856,1.0,officially_measured_original,True,0,0,0,0,not_applicable
case_039,2,1435262,b1,870099,13533184,1.6495387306501903,,,,b1,870099,13533184,1.6495387306501903,,,,b1,870099,13533184,1.6495387306501903,officially_measured_original,True,0,0,0,0,not_applicable
case_039,3,1435262,b1,702273,15388672,2.043737976541886,2,870099,13533184,b1,702273,15388672,2.043737976541886,2,870099,13533184,b1,702273,15388672,2.043737976541886,officially_measured_after_fallback,True,0,0,0,0,success
case_039,4,1435262,b1,565084,16969728,2.5399091108578546,3,702273,15388672,b1,565084,16969728,2.5399091108578546,3,702273,15388672,b1,565084,16969728,2.5399091108578546,officially_measured_after_fallback,True,0,0,0,0,success
case_039,5,1435262,b1,537968,18665472,2.667931921601285,4,565084,16969728,b1,537968,18665472,2.667931921601285,4,565084,16969728,b1,537968,18665472,2.667931921601285,officially_measured_after_fallback,True,0,0,0,0,success
case_040,1,253454,single_core_baseline,253454,0,1.0,,,,single_core_baseline,253454,0,1.0,,,,single_core_baseline,253454,0,1.0,officially_measured_original,True,0,0,0,0,not_applicable
case_040,2,253454,b2a_w4,147941,847184,1.7132099958767346,,,,b2a_w4,147941,847184,1.7132099958767346,,,,b2a_w4,147941,847184,1.7132099958767346,officially_measured_original,True,0,0,0,0,not_applicable
case_040,3,253454,b2a_w4,133644,871760,1.8964861871838616,2,147941,847184,b2a_w4,133644,871760,1.8964861871838616,2,147941,847184,b2a_w4,133644,871760,1.8964861871838616,officially_measured_after_fallback,True,0,0,0,0,success
case_040,4,253454,b2a_w4,127075,896336,1.9945229195357073,3,133644,871760,b2a_w4,127075,896336,1.9945229195357073,3,133644,871760,b2a_w4,127075,896336,1.9945229195357073,officially_measured_after_fallback,True,0,0,0,0,success
case_040,5,253454,b2a_w4,119987,920912,2.112345504096277,4,127075,896336,b2a_w4,119987,920912,2.112345504096277,4,127075,896336,b2a_w4,119987,920912,2.112345504096277,officially_measured_after_fallback,True,0,0,0,0,success
case_041,1,6003957,single_core_baseline,6003957,30898176,1.0,,,,single_core_baseline,6003957,30898176,1.0,,,,single_core_baseline,6003957,30898176,1.0,officially_measured_original,True,0,0,0,0,not_applicable
case_041,2,6003957,b1,3673618,21554184,1.6343443983560622,,,,b1,3673618,21554184,1.6343443983560622,,,,b1,3673618,21554184,1.6343443983560622,officially_measured_original,True,0,0,0,0,not_applicable
case_041,3,6003957,b2a_w4,3425567,106948624,1.7526899926347959,2,3673618,21554184,b2a_w4,3425567,106948624,1.7526899926347959,2,3673618,21554184,b2a_w4,3425567,106948624,1.7526899926347959,officially_measured_after_fallback,True,0,0,0,0,success
case_041,4,6003957,b1,2164802,28938252,2.7734439454509006,3,3425567,106948624,b1,2164802,28938252,2.7734439454509006,3,3425567,106948624,b1,2164802,28938252,2.7734439454509006,officially_measured_after_fallback,True,0,0,0,0,success
case_041,5,6003957,b1,2012046,31777808,2.984005832868632,4,2164802,28938252,b1,2012046,31777808,2.984005832868632,4,2164802,28938252,b1,2012046,31777808,2.984005832868632,officially_measured_after_fallback,True,0,0,0,0,success
case_042,1,1686740,single_core_baseline,1686740,6629376,1.0,,,,single_core_baseline,1686740,6629376,1.0,,,,single_core_baseline,1686740,6629376,1.0,officially_measured_original,True,0,0,0,0,not_applicable
case_042,2,1686740,b2a_w4,1007984,19385376,1.6733797361862888,,,,b2a_w4,1007984,19385376,1.6733797361862888,,,,b2a_w4,1007984,19385376,1.6733797361862888,officially_measured_original,True,0,0,0,0,not_applicable
case_042,3,1686740,b2a_w4,756202,19459104,2.2305415748702067,2,1007984,19385376,b2a_w4,756202,19459104,2.2305415748702067,2,1007984,19385376,b2a_w4,756202,19459104,2.2305415748702067,officially_measured_after_fallback,True,0,0,0,0,success
case_042,4,1686740,b2a_w4,623840,19532832,2.7038022569889715,3,756202,19459104,b2a_w4,623840,19532832,2.7038022569889715,3,756202,19459104,b2a_w4,623840,19532832,2.7038022569889715,officially_measured_after_fallback,True,0,0,0,0,success
case_042,5,1686740,b2a_w4,565621,19606560,2.9821028568599823,4,623840,19532832,b2a_w4,565621,19606560,2.9821028568599823,4,623840,19532832,b2a_w4,565621,19606560,2.9821028568599823,officially_measured_after_fallback,True,0,0,0,0,success
case_043,1,677656,single_core_baseline,677656,49160,1.0,,,,single_core_baseline,677656,49160,1.0,,,,single_core_baseline,677656,49160,1.0,officially_measured_original,True,0,0,0,0,not_applicable
case_043,2,677656,b2a_w4,349722,2549426,1.9376990867031527,,,,b2a_w4,349722,2549426,1.9376990867031527,,,,b2a_w4,349722,2549426,1.9376990867031527,officially_measured_original,True,0,0,0,0,not_applicable
case_043,3,677656,b2a_w8,286671,5522026,2.3638805459917465,2,349722,2549426,b2a_w8,286671,5522026,2.3638805459917465,2,349722,2549426,b2a_w8,286671,5522026,2.3638805459917465,officially_measured_after_fallback,True,0,0,0,0,success
case_043,4,677656,b2a_w16,287497,8415762,2.357088943536802,3,286671,5522026,inherit_k3,286671,5522026,2.3638805459917465,3,286671,5522026,inherit_k3,286671,5522026,2.3638805459917465,officially_measured_after_fallback,True,826,-2893736,0,0,success
case_043,5,677656,b2a_w8,237206,5690482,2.8568248695226934,3,286671,5522026,b2a_w8,237206,5690482,2.8568248695226934,3,286671,5522026,b2a_w8,237206,5690482,2.8568248695226934,officially_measured_after_fallback,True,0,0,0,0,success
case_044,1,154407,single_core_baseline,154407,4438112,1.0,,,,single_core_baseline,154407,4438112,1.0,,,,single_core_baseline,154407,4438112,1.0,officially_measured_original,True,0,0,0,0,not_applicable
case_044,2,154407,b2a_w4,87589,2915104,1.762858349792782,,,,b2a_w4,87589,2915104,1.762858349792782,,,,b2a_w4,87589,2915104,1.762858349792782,officially_measured_original,True,0,0,0,0,not_applicable
case_044,3,154407,b2a_w4,105381,4775904,1.4652261792922823,2,87589,2915104,inherit_k2,87589,2915104,1.762858349792782,2,87589,2915104,inherit_k2,87589,2915104,1.762858349792782,officially_measured_after_fallback,True,17792,-1860800,0,0,success
case_044,4,154407,b2a_w4,133879,6636704,1.15333248679778,2,87589,2915104,inherit_k2,87589,2915104,1.762858349792782,2,87589,2915104,inherit_k2,87589,2915104,1.762858349792782,officially_measured_after_fallback,True,46290,-3721600,0,0,success
case_044,5,154407,single,154407,4438112,1.0,2,87589,2915104,inherit_k2,87589,2915104,1.762858349792782,2,87589,2915104,inherit_k2,87589,2915104,1.762858349792782,officially_measured_after_fallback,True,66818,-1523008,0,0,success
case_045,1,125614,single_core_baseline,125614,0,1.0,,,,single_core_baseline,125614,0,1.0,,,,single_core_baseline,125614,0,1.0,officially_measured_original,True,0,0,0,0,not_applicable
case_045,2,125614,b1,80336,217088,1.5636078470424217,,,,b1,80336,217088,1.5636078470424217,,,,b1,80336,217088,1.5636078470424217,officially_measured_original,True,0,0,0,0,not_applicable
case_045,3,125614,b1,55620,323584,2.2584322186263934,2,80336,217088,b1,55620,323584,2.2584322186263934,2,80336,217088,b1,55620,323584,2.2584322186263934,officially_measured_after_fallback,True,0,0,0,0,success
case_045,4,125614,b1,44141,466944,2.845744319340296,3,55620,323584,b1,44141,466944,2.845744319340296,3,55620,323584,b1,44141,466944,2.845744319340296,officially_measured_after_fallback,True,0,0,0,0,success
case_045,5,125614,b1,36900,450560,3.404173441734417,4,44141,466944,b1,36900,450560,3.404173441734417,4,44141,466944,b1,36900,450560,3.404173441734417,officially_measured_after_fallback,True,0,0,0,0,success
case_046,1,276455,single_core_baseline,276455,3176288,1.0,,,,single_core_baseline,276455,3176288,1.0,,,,single_core_baseline,276455,3176288,1.0,officially_measured_original,True,0,0,0,0,not_applicable
case_046,2,276455,b2a_w4,154820,3151648,1.785654308228911,,,,b2a_w4,154820,3151648,1.785654308228911,,,,b2a_w4,154820,3151648,1.785654308228911,officially_measured_original,True,0,0,0,0,not_applicable
case_046,3,276455,b2a_w4,133612,5012448,2.0690881058587554,2,154820,3151648,b2a_w4,133612,5012448,2.0690881058587554,2,154820,3151648,b2a_w4,133612,5012448,2.0690881058587554,officially_measured_after_fallback,True,0,0,0,0,success
case_046,4,276455,b0,144472,6774944,1.9135541835096075,3,133612,5012448,inherit_k3,133612,5012448,2.0690881058587554,3,133612,5012448,inherit_k3,133612,5012448,2.0690881058587554,officially_measured_after_fallback,True,10860,-1762496,0,0,success
case_046,5,276455,b2a_w4,147428,6873248,1.8751865317307432,3,133612,5012448,inherit_k3,133612,5012448,2.0690881058587554,3,133612,5012448,inherit_k3,133612,5012448,2.0690881058587554,officially_measured_after_fallback,True,13816,-1860800,0,0,success
case_047,1,326508,single_core_baseline,326508,0,1.0,,,,single_core_baseline,326508,0,1.0,,,,single_core_baseline,326508,0,1.0,officially_measured_original,True,0,0,0,0,not_applicable
case_047,2,326508,b2a_w16,253283,1518112,1.2891034929308323,,,,b2a_w16,253283,1518112,1.2891034929308323,,,,b2a_w16,253283,1518112,1.2891034929308323,officially_measured_original,True,0,0,0,0,not_applicable
case_047,3,326508,b2a_w16,233731,1747908,1.3969392164496792,2,253283,1518112,b2a_w16,233731,1747908,1.3969392164496792,2,253283,1518112,b2a_w16,233731,1747908,1.3969392164496792,officially_measured_after_fallback,True,0,0,0,0,success
case_047,4,326508,b2a_w16,217701,1801306,1.4998001846569378,3,233731,1747908,b2a_w16,217701,1801306,1.4998001846569378,3,233731,1747908,b2a_w16,217701,1801306,1.4998001846569378,officially_measured_after_fallback,True,0,0,0,0,success
case_047,5,326508,b2a_w16,213351,1828066,1.530379515446377,4,217701,1801306,b2a_w16,213351,1828066,1.530379515446377,4,217701,1801306,b2a_w16,213351,1828066,1.530379515446377,officially_measured_after_fallback,True,0,0,0,0,success
case_048,1,222220,single_core_baseline,222220,0,1.0,,,,single_core_baseline,222220,0,1.0,,,,single_core_baseline,222220,0,1.0,officially_measured_original,True,0,0,0,0,not_applicable
case_048,2,222220,b2a_w16,176165,650944,1.2614310447591746,,,,b2a_w16,176165,650944,1.2614310447591746,,,,b2a_w16,176165,650944,1.2614310447591746,officially_measured_original,True,0,0,0,0,not_applicable
case_048,3,222220,b2a_w16,163641,651072,1.3579726352197798,2,176165,650944,b2a_w16,163641,651072,1.3579726352197798,2,176165,650944,b2a_w16,163641,651072,1.3579726352197798,officially_measured_after_fallback,True,0,0,0,0,success
case_048,4,222220,b2a_w16,163676,651200,1.357682250299372,3,163641,651072,inherit_k3,163641,651072,1.3579726352197798,3,163641,651072,inherit_k3,163641,651072,1.3579726352197798,officially_measured_after_fallback,True,35,-128,0,0,success
case_048,5,222220,b2a_w16,163676,651328,1.357682250299372,3,163641,651072,inherit_k3,163641,651072,1.3579726352197798,3,163641,651072,inherit_k3,163641,651072,1.3579726352197798,officially_measured_after_fallback,True,35,-256,0,0,success
case_049,1,196276,single_core_baseline,196276,0,1.0,,,,single_core_baseline,196276,0,1.0,,,,single_core_baseline,196276,0,1.0,officially_measured_original,True,0,0,0,0,not_applicable
case_049,2,196276,b2a_w8,139420,1434798,1.4078037584277723,,,,b2a_w8,139420,1434798,1.4078037584277723,,,,b2a_w8,139420,1434798,1.4078037584277723,officially_measured_original,True,0,0,0,0,not_applicable
case_049,3,196276,b2a_w16,119670,2958270,1.6401437285869473,2,139420,1434798,b2a_w16,119670,2958270,1.6401437285869473,2,139420,1434798,b2a_w16,119670,2958270,1.6401437285869473,officially_measured_after_fallback,True,0,0,0,0,success
case_049,4,196276,b2a_w8,112197,1570092,1.7493872385179638,3,119670,2958270,b2a_w8,112197,1570092,1.7493872385179638,3,119670,2958270,b2a_w8,112197,1570092,1.7493872385179638,officially_measured_after_fallback,True,0,0,0,0,success
case_049,5,196276,b2a_w16,106993,3030208,1.8344751525800753,4,112197,1570092,b2a_w16,106993,3030208,1.8344751525800753,4,112197,1570092,b2a_w16,106993,3030208,1.8344751525800753,officially_measured_after_fallback,True,0,0,0,0,success
case_050,1,149690,single_core_baseline,149690,0,1.0,,,,single_core_baseline,149690,0,1.0,,,,single_core_baseline,149690,0,1.0,officially_measured_original,True,0,0,0,0,not_applicable
case_050,2,149690,b2a_w16,98315,2499756,1.5225550526369322,,,,b2a_w16,98315,2499756,1.5225550526369322,,,,b2a_w16,98315,2499756,1.5225550526369322,officially_measured_original,True,0,0,0,0,not_applicable
case_050,3,149690,b2a_w16,75193,2598792,1.990743819238493,2,98315,2499756,b2a_w16,75193,2598792,1.990743819238493,2,98315,2499756,b2a_w16,75193,2598792,1.990743819238493,officially_measured_after_fallback,True,0,0,0,0,success
case_050,4,149690,b2a_w16,67066,2694180,2.231980437181284,3,75193,2598792,b2a_w16,67066,2694180,2.231980437181284,3,75193,2598792,b2a_w16,67066,2694180,2.231980437181284,officially_measured_after_fallback,True,0,0,0,0,success
case_050,5,149690,b2a_w16,64330,2744404,2.32690812995492,4,67066,2694180,b2a_w16,64330,2744404,2.32690812995492,4,67066,2694180,b2a_w16,64330,2744404,2.32690812995492,officially_measured_after_fallback,True,0,0,0,0,success
case_051,1,607628,single_core_baseline,607628,0,1.0,,,,single_core_baseline,607628,0,1.0,,,,single_core_baseline,607628,0,1.0,officially_measured_original,True,0,0,0,0,not_applicable
case_051,2,607628,single,607628,0,1.0,,,,single,607628,0,1.0,,,,single,607628,0,1.0,officially_measured_original,True,0,0,0,0,not_applicable
case_051,3,607628,single,607628,0,1.0,2,607628,0,single,607628,0,1.0,2,607628,0,single,607628,0,1.0,officially_measured_after_fallback,True,0,0,0,0,success
case_051,4,607628,single,607628,0,1.0,2,607628,0,single,607628,0,1.0,2,607628,0,single,607628,0,1.0,officially_measured_after_fallback,True,0,0,0,0,success
case_051,5,607628,single,607628,0,1.0,2,607628,0,single,607628,0,1.0,2,607628,0,single,607628,0,1.0,officially_measured_after_fallback,True,0,0,0,0,success
case_052,1,180301,single_core_baseline,180301,0,1.0,,,,single_core_baseline,180301,0,1.0,,,,single_core_baseline,180301,0,1.0,officially_measured_original,True,0,0,0,0,not_applicable
case_052,2,180301,b1,108708,726294,1.6585807852227987,,,,b1,108708,726294,1.6585807852227987,,,,b1,108708,726294,1.6585807852227987,officially_measured_original,True,0,0,0,0,not_applicable
case_052,3,180301,b2a_w4,88831,2746432,2.029708097398431,2,108708,726294,b2a_w4,88831,2746432,2.029708097398431,2,108708,726294,b2a_w4,88831,2746432,2.029708097398431,officially_measured_after_fallback,True,0,0,0,0,success
case_052,4,180301,b2a_w4,82250,2801728,2.1921094224924014,3,88831,2746432,b2a_w4,82250,2801728,2.1921094224924014,3,88831,2746432,b2a_w4,82250,2801728,2.1921094224924014,officially_measured_after_fallback,True,0,0,0,0,success
case_052,5,180301,b2a_w4,72062,2857024,2.502026033138131,4,82250,2801728,b2a_w4,72062,2857024,2.502026033138131,4,82250,2801728,b2a_w4,72062,2857024,2.502026033138131,officially_measured_after_fallback,True,0,0,0,0,success
case_053,1,1472686,single_core_baseline,1472686,5405536,1.0,,,,single_core_baseline,1472686,5405536,1.0,,,,single_core_baseline,1472686,5405536,1.0,officially_measured_original,True,0,0,0,0,not_applicable
case_053,2,1472686,b2a_w4,765799,3596396,1.9230711975335564,,,,b2a_w4,765799,3596396,1.9230711975335564,,,,b2a_w4,765799,3596396,1.9230711975335564,officially_measured_original,True,0,0,0,0,not_applicable
case_053,3,1472686,b2a_w4,588970,5521516,2.500443146510009,2,765799,3596396,b2a_w4,588970,5521516,2.500443146510009,2,765799,3596396,b2a_w4,588970,5521516,2.500443146510009,officially_measured_after_fallback,True,0,0,0,0,success
case_053,4,1472686,b2a_w4,494780,7431276,2.9764460972553457,3,588970,5521516,b2a_w4,494780,7431276,2.9764460972553457,3,588970,5521516,b2a_w4,494780,7431276,2.9764460972553457,officially_measured_after_fallback,True,0,0,0,0,success
case_053,5,1472686,b2a_w16,505895,14981424,2.9110507121042906,4,494780,7431276,inherit_k4,494780,7431276,2.9764460972553457,4,494780,7431276,inherit_k4,494780,7431276,2.9764460972553457,officially_measured_after_fallback,True,11115,-7550148,0,0,success
case_054,1,815051,single_core_baseline,815051,0,1.0,,,,single_core_baseline,815051,0,1.0,,,,single_core_baseline,815051,0,1.0,officially_measured_original,True,0,0,0,0,not_applicable
case_054,2,815051,b2a_w16,517697,6563522,1.5743784491700743,,,,b2a_w16,517697,6563522,1.5743784491700743,,,,b2a_w16,517697,6563522,1.5743784491700743,officially_measured_original,True,0,0,0,0,not_applicable
case_054,3,815051,b2a_w16,440388,6895214,1.850756605538752,2,517697,6563522,b2a_w16,440388,6895214,1.850756605538752,2,517697,6563522,b2a_w16,440388,6895214,1.850756605538752,officially_measured_after_fallback,True,0,0,0,0,success
case_054,4,815051,b2a_w16,365690,7141466,2.2288030845798352,3,440388,6895214,b2a_w16,365690,7141466,2.2288030845798352,3,440388,6895214,b2a_w16,365690,7141466,2.2288030845798352,officially_measured_after_fallback,True,0,0,0,0,success
case_054,5,815051,b2a_w16,309877,7332666,2.6302403857014234,4,365690,7141466,b2a_w16,309877,7332666,2.6302403857014234,4,365690,7141466,b2a_w16,309877,7332666,2.6302403857014234,officially_measured_after_fallback,True,0,0,0,0,success
case_055,1,118835,single_core_baseline,118835,69632,1.0,,,,single_core_baseline,118835,69632,1.0,,,,single_core_baseline,118835,69632,1.0,officially_measured_original,True,0,0,0,0,not_applicable
case_055,2,118835,b2a_w4,71645,1977060,1.6586642473305884,,,,b2a_w4,71645,1977060,1.6586642473305884,,,,b2a_w4,71645,1977060,1.6586642473305884,officially_measured_original,True,0,0,0,0,not_applicable
case_055,3,118835,b2a_w4,60780,2001636,1.955166173083251,2,71645,1977060,b2a_w4,60780,2001636,1.955166173083251,2,71645,1977060,b2a_w4,60780,2001636,1.955166173083251,officially_measured_after_fallback,True,0,0,0,0,success
case_055,4,118835,b2a_w4,52781,2018020,2.2514730679600614,3,60780,2001636,b2a_w4,52781,2018020,2.2514730679600614,3,60780,2001636,b2a_w4,52781,2018020,2.2514730679600614,officially_measured_after_fallback,True,0,0,0,0,success
case_055,5,118835,b1,46207,894358,2.5717964810526546,4,52781,2018020,b1,46207,894358,2.5717964810526546,4,52781,2018020,b1,46207,894358,2.5717964810526546,officially_measured_after_fallback,True,0,0,0,0,success
case_056,1,277285,single_core_baseline,277285,0,1.0,,,,single_core_baseline,277285,0,1.0,,,,single_core_baseline,277285,0,1.0,officially_measured_original,True,0,0,0,0,not_applicable
case_056,2,277285,b2a_w16,210518,2913858,1.3171557776532172,,,,b2a_w16,210518,2913858,1.3171557776532172,,,,b2a_w16,210518,2913858,1.3171557776532172,officially_measured_original,True,0,0,0,0,not_applicable
case_056,3,277285,b2a_w16,182132,3059426,1.5224397689587772,2,210518,2913858,b2a_w16,182132,3059426,1.5224397689587772,2,210518,2913858,b2a_w16,182132,3059426,1.5224397689587772,officially_measured_after_fallback,True,0,0,0,0,success
case_056,4,277285,b2a_w16,164272,3187008,1.6879626473166456,3,182132,3059426,b2a_w16,164272,3187008,1.6879626473166456,3,182132,3059426,b2a_w16,164272,3187008,1.6879626473166456,officially_measured_after_fallback,True,0,0,0,0,success
case_056,5,277285,b2a_w16,160648,3267474,1.726040784821473,4,164272,3187008,b2a_w16,160648,3267474,1.726040784821473,4,164272,3187008,b2a_w16,160648,3267474,1.726040784821473,officially_measured_after_fallback,True,0,0,0,0,success
case_057,1,59726,single_core_baseline,59726,94216,1.0,,,,single_core_baseline,59726,94216,1.0,,,,single_core_baseline,59726,94216,1.0,officially_measured_original,True,0,0,0,0,not_applicable
case_057,2,59726,b2a_w4,35529,1124990,1.6810492836837514,,,,b2a_w4,35529,1124990,1.6810492836837514,,,,b2a_w4,35529,1124990,1.6810492836837514,officially_measured_original,True,0,0,0,0,not_applicable
case_057,3,59726,b2a_w4,28308,1137280,2.1098629362724317,2,35529,1124990,b2a_w4,28308,1137280,2.1098629362724317,2,35529,1124990,b2a_w4,28308,1137280,2.1098629362724317,officially_measured_after_fallback,True,0,0,0,0,success
case_057,4,59726,b2a_w4,26544,1153668,2.250075346594334,3,28308,1137280,b2a_w4,26544,1153668,2.250075346594334,3,28308,1137280,b2a_w4,26544,1153668,2.250075346594334,officially_measured_after_fallback,True,0,0,0,0,success
case_057,5,59726,b2a_w4,26476,1165960,2.255854358664451,4,26544,1153668,b2a_w4,26476,1165960,2.255854358664451,4,26544,1153668,b2a_w4,26476,1165960,2.255854358664451,officially_measured_after_fallback,True,0,0,0,0,success
case_058,1,4539717,single_core_baseline,4539717,28696576,1.0,,,,single_core_baseline,4539717,28696576,1.0,,,,single_core_baseline,4539717,28696576,1.0,officially_measured_original,True,0,0,0,0,not_applicable
case_058,2,4539717,b2a_w4,3875932,122425344,1.1712581644879219,,,,b2a_w4,3875932,122425344,1.1712581644879219,,,,b2a_w4,3875932,122425344,1.1712581644879219,officially_measured_original,True,0,0,0,0,not_applicable
case_058,3,4539717,b0,1529236,34037760,2.968617662676003,2,3875932,122425344,b0,1529236,34037760,2.968617662676003,2,3875932,122425344,b0,1529236,34037760,2.968617662676003,officially_measured_after_fallback,True,0,0,0,0,success
case_058,4,4539717,b2a_w4,2527859,119070720,1.795874295203965,3,1529236,34037760,inherit_k3,1529236,34037760,2.968617662676003,3,1529236,34037760,inherit_k3,1529236,34037760,2.968617662676003,officially_measured_after_fallback,True,998623,-85032960,0,0,success
case_058,5,4539717,b0,972688,39665664,4.667187217278305,3,1529236,34037760,b0,972688,39665664,4.667187217278305,3,1529236,34037760,b0,972688,39665664,4.667187217278305,officially_measured_after_fallback,True,0,0,0,0,success
case_059,1,829473,single_core_baseline,829473,1691648,1.0,,,,single_core_baseline,829473,1691648,1.0,,,,single_core_baseline,829473,1691648,1.0,officially_measured_original,True,0,0,0,0,not_applicable
case_059,2,829473,b0,370884,5046272,2.2364755556993563,,,,b0,370884,5046272,2.2364755556993563,,,,b0,370884,5046272,2.2364755556993563,officially_measured_original,True,0,0,0,0,not_applicable
case_059,3,829473,b2a_w4,389072,12582912,2.131926738495703,2,370884,5046272,inherit_k2,370884,5046272,2.2364755556993563,2,370884,5046272,inherit_k2,370884,5046272,2.2364755556993563,officially_measured_after_fallback,True,18188,-7536640,0,0,success
case_059,4,829473,b0,187820,5406720,4.416318815887552,2,370884,5046272,b0,187820,5406720,4.416318815887552,2,370884,5046272,b0,187820,5406720,4.416318815887552,officially_measured_after_fallback,True,0,0,0,0,success
case_059,5,829473,b2a_w4,267515,12582912,3.1006597760873222,4,187820,5406720,inherit_k4,187820,5406720,4.416318815887552,4,187820,5406720,inherit_k4,187820,5406720,4.416318815887552,officially_measured_after_fallback,True,79695,-7176192,0,0,success
case_060,1,888789,single_core_baseline,888789,2068520,1.0,,,,single_core_baseline,888789,2068520,1.0,,,,single_core_baseline,888789,2068520,1.0,officially_measured_original,True,0,0,0,0,not_applicable
case_060,2,888789,b1,552794,5445690,1.6078123134476858,,,,b1,552794,5445690,1.6078123134476858,,,,b1,552794,5445690,1.6078123134476858,officially_measured_original,True,0,0,0,0,not_applicable
case_060,3,888789,b1,427246,6721662,2.080274595900254,2,552794,5445690,b1,427246,6721662,2.080274595900254,2,552794,5445690,b1,427246,6721662,2.080274595900254,officially_measured_after_fallback,True,0,0,0,0,success
case_060,4,888789,b1,388078,7163986,2.2902328913259704,3,427246,6721662,b1,388078,7163986,2.2902328913259704,3,427246,6721662,b1,388078,7163986,2.2902328913259704,officially_measured_after_fallback,True,0,0,0,0,success
case_060,5,888789,b1,331141,8007770,2.6840197982128458,4,388078,7163986,b1,331141,8007770,2.6840197982128458,4,388078,7163986,b1,331141,8007770,2.6840197982128458,officially_measured_after_fallback,True,0,0,0,0,success
case_061,1,77191,single_core_baseline,77191,0,1.0,,,,single_core_baseline,77191,0,1.0,,,,single_core_baseline,77191,0,1.0,officially_measured_original,True,0,0,0,0,not_applicable
case_061,2,77191,b1,55008,221910,1.4032686154741127,,,,b1,55008,221910,1.4032686154741127,,,,b1,55008,221910,1.4032686154741127,officially_measured_original,True,0,0,0,0,not_applicable
case_061,3,77191,b2a_w4,42307,1338952,1.8245444016356631,2,55008,221910,b2a_w4,42307,1338952,1.8245444016356631,2,55008,221910,b2a_w4,42307,1338952,1.8245444016356631,officially_measured_after_fallback,True,0,0,0,0,success
case_061,4,77191,b2a_w4,41145,1338952,1.8760724267833273,3,42307,1338952,b2a_w4,41145,1338952,1.8760724267833273,3,42307,1338952,b2a_w4,41145,1338952,1.8760724267833273,officially_measured_after_fallback,True,0,0,0,0,success
case_061,5,77191,b2a_w4,40974,1338952,1.883901986625665,4,41145,1338952,b2a_w4,40974,1338952,1.883901986625665,4,41145,1338952,b2a_w4,40974,1338952,1.883901986625665,officially_measured_after_fallback,True,0,0,0,0,success
case_062,1,2854809,single_core_baseline,2854809,0,1.0,,,,single_core_baseline,2854809,0,1.0,,,,single_core_baseline,2854809,0,1.0,officially_measured_original,True,0,0,0,0,not_applicable
case_062,2,2854809,b2a_w4,1640007,50250240,1.7407297651778315,,,,b2a_w4,1640007,50250240,1.7407297651778315,,,,b2a_w4,1640007,50250240,1.7407297651778315,officially_measured_original,True,0,0,0,0,not_applicable
case_062,3,2854809,b1,1192564,247296,2.3938413368171436,2,1640007,50250240,b1,1192564,247296,2.3938413368171436,2,1640007,50250240,b1,1192564,247296,2.3938413368171436,officially_measured_after_fallback,True,0,0,0,0,success
case_062,4,2854809,b1,895100,431616,3.1893743715785945,3,1192564,247296,b1,895100,431616,3.1893743715785945,3,1192564,247296,b1,895100,431616,3.1893743715785945,officially_measured_after_fallback,True,0,0,0,0,success
case_062,5,2854809,b1,718658,529920,3.9724166432433785,4,895100,431616,b1,718658,529920,3.9724166432433785,4,895100,431616,b1,718658,529920,3.9724166432433785,officially_measured_after_fallback,True,0,0,0,0,success
case_063,1,1070397,single_core_baseline,1070397,0,1.0,,,,single_core_baseline,1070397,0,1.0,,,,single_core_baseline,1070397,0,1.0,officially_measured_original,True,0,0,0,0,not_applicable
case_063,2,1070397,b2a_w4,617043,18823680,1.7347202707104692,,,,b2a_w4,617043,18823680,1.7347202707104692,,,,b2a_w4,617043,18823680,1.7347202707104692,officially_measured_original,True,0,0,0,0,not_applicable
case_063,3,1070397,b1,448490,287232,2.3866685990769025,2,617043,18823680,b1,448490,287232,2.3866685990769025,2,617043,18823680,b1,448490,287232,2.3866685990769025,officially_measured_after_fallback,True,0,0,0,0,success
case_063,4,1070397,b1,338258,370176,3.1644395697958365,3,448490,287232,b1,338258,370176,3.1644395697958365,3,448490,287232,b1,338258,370176,3.1644395697958365,officially_measured_after_fallback,True,0,0,0,0,success
case_063,5,1070397,b1,271928,364032,3.936325056632638,4,338258,370176,b1,271928,364032,3.936325056632638,4,338258,370176,b1,271928,364032,3.936325056632638,officially_measured_after_fallback,True,0,0,0,0,success
case_064,1,19116,single_core_baseline,19116,0,1.0,,,,single_core_baseline,19116,0,1.0,,,,single_core_baseline,19116,0,1.0,officially_measured_original,True,0,0,0,0,not_applicable
case_064,2,19116,b2a_w4,17926,57174,1.0663840232065156,,,,b2a_w4,17926,57174,1.0663840232065156,,,,b2a_w4,17926,57174,1.0663840232065156,officially_measured_original,True,0,0,0,0,not_applicable
case_064,3,19116,b2a_w4,16935,57242,1.128786536758193,2,17926,57174,b2a_w4,16935,57242,1.128786536758193,2,17926,57174,b2a_w4,16935,57242,1.128786536758193,officially_measured_after_fallback,True,0,0,0,0,success
case_064,4,19116,b2a_w8,16072,121864,1.1893977103036337,3,16935,57242,b2a_w8,16072,121864,1.1893977103036337,3,16935,57242,b2a_w8,16072,121864,1.1893977103036337,officially_measured_after_fallback,True,0,0,0,0,success
case_064,5,19116,b2a_w8,16081,121928,1.1887320440271127,4,16072,121864,inherit_k4,16072,121864,1.1893977103036337,4,16072,121864,inherit_k4,16072,121864,1.1893977103036337,officially_measured_after_fallback,True,9,-64,0,0,success
case_065,1,53068,single_core_baseline,53068,0,1.0,,,,single_core_baseline,53068,0,1.0,,,,single_core_baseline,53068,0,1.0,officially_measured_original,True,0,0,0,0,not_applicable
case_065,2,53068,b2a_w4,33464,855724,1.5858235715993305,,,,b2a_w4,33464,855724,1.5858235715993305,,,,b2a_w4,33464,855724,1.5858235715993305,officially_measured_original,True,0,0,0,0,not_applicable
case_065,3,53068,b1,24538,300856,2.162686445513082,2,33464,855724,b1,24538,300856,2.162686445513082,2,33464,855724,b1,24538,300856,2.162686445513082,officially_measured_after_fallback,True,0,0,0,0,success
case_065,4,53068,b2a_w4,23966,890544,2.2143035967620794,3,24538,300856,b2a_w4,23966,890544,2.2143035967620794,3,24538,300856,b2a_w4,23966,890544,2.2143035967620794,officially_measured_after_fallback,True,0,0,0,0,success
case_065,5,53068,b2a_w4,22977,916148,2.309613961787875,4,23966,890544,b2a_w4,22977,916148,2.309613961787875,4,23966,890544,b2a_w4,22977,916148,2.309613961787875,officially_measured_after_fallback,True,0,0,0,0,success
case_066,1,359070,single_core_baseline,359070,0,1.0,,,,single_core_baseline,359070,0,1.0,,,,single_core_baseline,359070,0,1.0,officially_measured_original,True,0,0,0,0,not_applicable
case_066,2,359070,b2a_w8,196267,2021184,1.82949757218483,,,,b2a_w8,196267,2021184,1.82949757218483,,,,b2a_w8,196267,2021184,1.82949757218483,officially_measured_original,True,0,0,0,0,not_applicable
case_066,3,359070,b2a_w8,144846,2295066,2.478977672838739,2,196267,2021184,b2a_w8,144846,2295066,2.478977672838739,2,196267,2021184,b2a_w8,144846,2295066,2.478977672838739,officially_measured_after_fallback,True,0,0,0,0,success
case_066,4,359070,b2a_w8,128719,2372426,2.7895648661036834,3,144846,2295066,b2a_w8,128719,2372426,2.7895648661036834,3,144846,2295066,b2a_w8,128719,2372426,2.7895648661036834,officially_measured_after_fallback,True,0,0,0,0,success
case_066,5,359070,b2a_w8,115064,2445690,3.120611138149204,4,128719,2372426,b2a_w8,115064,2445690,3.120611138149204,4,128719,2372426,b2a_w8,115064,2445690,3.120611138149204,officially_measured_after_fallback,True,0,0,0,0,success
case_067,1,63834834,single_core_baseline,63834834,264449408,1.0,,,,single_core_baseline,63834834,264449408,1.0,,,,single_core_baseline,63834834,264449408,1.0,officially_measured_original,True,0,0,0,0,not_applicable
case_067,2,63834834,b2a_w8,32108755,219499648,1.9880818798486581,,,,b2a_w8,32108755,219499648,1.9880818798486581,,,,b2a_w8,32108755,219499648,1.9880818798486581,officially_measured_original,True,0,0,0,0,not_applicable
case_067,3,63834834,b2a_w8,21639488,220745600,2.949923491720322,2,32108755,219499648,b2a_w8,21639488,220745600,2.949923491720322,2,32108755,219499648,b2a_w8,21639488,220745600,2.949923491720322,officially_measured_after_fallback,True,0,0,0,0,success
case_067,4,63834834,b2a_w8,16587795,221991552,3.8483013565094093,3,21639488,220745600,b2a_w8,16587795,221991552,3.8483013565094093,3,21639488,220745600,b2a_w8,16587795,221991552,3.8483013565094093,officially_measured_after_fallback,True,0,0,0,0,success
case_067,5,63834834,b2a_w16,13419797,221533568,4.756765992808982,4,16587795,221991552,b2a_w16,13419797,221533568,4.756765992808982,4,16587795,221991552,b2a_w16,13419797,221533568,4.756765992808982,officially_measured_after_fallback,True,0,0,0,0,success
case_068,1,362095,single_core_baseline,362095,0,1.0,,,,single_core_baseline,362095,0,1.0,,,,single_core_baseline,362095,0,1.0,officially_measured_original,True,0,0,0,0,not_applicable
case_068,2,362095,b2a_w16,228701,3252326,1.583268109890206,,,,b2a_w16,228701,3252326,1.583268109890206,,,,b2a_w16,228701,3252326,1.583268109890206,officially_measured_original,True,0,0,0,0,not_applicable
case_068,3,362095,b2a_w16,187358,3255914,1.9326369837423543,2,228701,3252326,b2a_w16,187358,3255914,1.9326369837423543,2,228701,3252326,b2a_w16,187358,3255914,1.9326369837423543,officially_measured_after_fallback,True,0,0,0,0,success
case_068,4,362095,b2a_w16,171172,3259502,2.115386862337298,3,187358,3255914,b2a_w16,171172,3259502,2.115386862337298,3,187358,3255914,b2a_w16,171172,3259502,2.115386862337298,officially_measured_after_fallback,True,0,0,0,0,success
case_068,5,362095,b2a_w16,170197,3266674,2.127505185167776,4,171172,3259502,b2a_w16,170197,3266674,2.127505185167776,4,171172,3259502,b2a_w16,170197,3266674,2.127505185167776,officially_measured_after_fallback,True,0,0,0,0,success
case_069,1,25144,single_core_baseline,25144,0,1.0,,,,single_core_baseline,25144,0,1.0,,,,single_core_baseline,25144,0,1.0,officially_measured_original,True,0,0,0,0,not_applicable
case_069,2,25144,b2a_w4,21908,456078,1.1477085995983203,,,,b2a_w4,21908,456078,1.1477085995983203,,,,b2a_w4,21908,456078,1.1477085995983203,officially_measured_original,True,0,0,0,0,not_applicable
case_069,3,25144,b2a_w4,18665,503702,1.3471202785963032,2,21908,456078,b2a_w4,18665,503702,1.3471202785963032,2,21908,456078,b2a_w4,18665,503702,1.3471202785963032,officially_measured_after_fallback,True,0,0,0,0,success
case_069,4,25144,b2a_w4,18008,503706,1.396268325188805,3,18665,503702,b2a_w4,18008,503706,1.396268325188805,3,18665,503702,b2a_w4,18008,503706,1.396268325188805,officially_measured_after_fallback,True,0,0,0,0,success
case_069,5,25144,b2a_w4,18204,503710,1.3812348934300154,4,18008,503706,inherit_k4,18008,503706,1.396268325188805,4,18008,503706,inherit_k4,18008,503706,1.396268325188805,officially_measured_after_fallback,True,196,-4,0,0,success
case_070,1,117300,single_core_baseline,117300,0,1.0,,,,single_core_baseline,117300,0,1.0,,,,single_core_baseline,117300,0,1.0,officially_measured_original,True,0,0,0,0,not_applicable
case_070,2,117300,b2a_w4,75454,1886666,1.554589551249768,,,,b2a_w4,75454,1886666,1.554589551249768,,,,b2a_w4,75454,1886666,1.554589551249768,officially_measured_original,True,0,0,0,0,not_applicable
case_070,3,117300,b2a_w4,55893,1984970,2.0986527829960817,2,75454,1886666,b2a_w4,55893,1984970,2.0986527829960817,2,75454,1886666,b2a_w4,55893,1984970,2.0986527829960817,officially_measured_after_fallback,True,0,0,0,0,success
case_070,4,117300,b2a_w4,50978,2083274,2.3009925850366826,3,55893,1984970,b2a_w4,50978,2083274,2.3009925850366826,3,55893,1984970,b2a_w4,50978,2083274,2.3009925850366826,officially_measured_after_fallback,True,0,0,0,0,success
case_070,5,117300,b1,46898,954568,2.5011727579001235,4,50978,2083274,b1,46898,954568,2.5011727579001235,4,50978,2083274,b1,46898,954568,2.5011727579001235,officially_measured_after_fallback,True,0,0,0,0,success
case_071,1,18919,single_core_baseline,18919,0,1.0,,,,single_core_baseline,18919,0,1.0,,,,single_core_baseline,18919,0,1.0,officially_measured_original,True,0,0,0,0,not_applicable
case_071,2,18919,b2a_w4,16356,321038,1.1567009048667156,,,,b2a_w4,16356,321038,1.1567009048667156,,,,b2a_w4,16356,321038,1.1567009048667156,officially_measured_original,True,0,0,0,0,not_applicable
case_071,3,18919,b2a_w4,14761,354068,1.2816882325045729,2,16356,321038,b2a_w4,14761,354068,1.2816882325045729,2,16356,321038,b2a_w4,14761,354068,1.2816882325045729,officially_measured_after_fallback,True,0,0,0,0,success
case_071,4,18919,b2a_w4,14363,354072,1.3172039267562488,3,14761,354068,b2a_w4,14363,354072,1.3172039267562488,3,14761,354068,b2a_w4,14363,354072,1.3172039267562488,officially_measured_after_fallback,True,0,0,0,0,success
case_071,5,18919,b2a_w4,15116,354076,1.251587721619476,4,14363,354072,inherit_k4,14363,354072,1.3172039267562488,4,14363,354072,inherit_k4,14363,354072,1.3172039267562488,officially_measured_after_fallback,True,753,-4,0,0,success
case_072,1,23897828,single_core_baseline,23897828,108613680,1.0,,,,single_core_baseline,23897828,108613680,1.0,,,,single_core_baseline,23897828,108613680,1.0,officially_measured_original,True,0,0,0,0,not_applicable
case_072,2,23897828,b2a_w4,15845126,261688546,1.5082131880806755,,,,b2a_w4,15845126,261688546,1.5082131880806755,,,,b2a_w4,15845126,261688546,1.5082131880806755,officially_measured_original,True,0,0,0,0,not_applicable
case_072,3,23897828,b2a_w4,11493060,233614562,2.0793268285382656,2,15845126,261688546,b2a_w4,11493060,233614562,2.0793268285382656,2,15845126,261688546,b2a_w4,11493060,233614562,2.0793268285382656,officially_measured_after_fallback,True,0,0,0,0,success
case_072,4,23897828,b2a_w4,7571188,232385762,3.1564171963501635,3,11493060,233614562,b2a_w4,7571188,232385762,3.1564171963501635,3,11493060,233614562,b2a_w4,7571188,232385762,3.1564171963501635,officially_measured_after_fallback,True,0,0,0,0,success
case_072,5,23897828,b2a_w4,7359577,232385762,3.2471741242737187,4,7571188,232385762,b2a_w4,7359577,232385762,3.2471741242737187,4,7571188,232385762,b2a_w4,7359577,232385762,3.2471741242737187,officially_measured_after_fallback,True,0,0,0,0,success
case_073,1,10081626,single_core_baseline,10081626,141570432,1.0,,,,single_core_baseline,10081626,141570432,1.0,,,,single_core_baseline,10081626,141570432,1.0,officially_measured_original,True,0,0,0,0,not_applicable
case_073,2,10081626,b2a_w4,5287173,137754240,1.9068084210597989,,,,b2a_w4,5287173,137754240,1.9068084210597989,,,,b2a_w4,5287173,137754240,1.9068084210597989,officially_measured_original,True,0,0,0,0,not_applicable
case_073,3,10081626,b2a_w4,4360653,137655680,2.3119532785571337,2,5287173,137754240,b2a_w4,4360653,137655680,2.3119532785571337,2,5287173,137754240,b2a_w4,4360653,137655680,2.3119532785571337,officially_measured_after_fallback,True,0,0,0,0,success
case_073,4,10081626,b2a_w16,3484122,111917696,2.8935915562084222,3,4360653,137655680,b2a_w16,3484122,111917696,2.8935915562084222,3,4360653,137655680,b2a_w16,3484122,111917696,2.8935915562084222,officially_measured_after_fallback,True,0,0,0,0,success
case_073,5,10081626,b2a_w16,3143181,114050432,3.2074595767790655,4,3484122,111917696,b2a_w16,3143181,114050432,3.2074595767790655,4,3484122,111917696,b2a_w16,3143181,114050432,3.2074595767790655,officially_measured_after_fallback,True,0,0,0,0,success
case_074,1,1682239,single_core_baseline,1682239,6070280,1.0,,,,single_core_baseline,1682239,6070280,1.0,,,,single_core_baseline,1682239,6070280,1.0,officially_measured_original,True,0,0,0,0,not_applicable
case_074,2,1682239,b2a_w4,1056450,18104624,1.5923507974821336,,,,b2a_w4,1056450,18104624,1.5923507974821336,,,,b2a_w4,1056450,18104624,1.5923507974821336,officially_measured_original,True,0,0,0,0,not_applicable
case_074,3,1682239,b2a_w4,693574,14942512,2.4254643340148276,2,1056450,18104624,b2a_w4,693574,14942512,2.4254643340148276,2,1056450,18104624,b2a_w4,693574,14942512,2.4254643340148276,officially_measured_after_fallback,True,0,0,0,0,success
case_074,4,1682239,b2a_w4,568390,14958896,2.9596562219602736,3,693574,14942512,b2a_w4,568390,14958896,2.9596562219602736,3,693574,14942512,b2a_w4,568390,14958896,2.9596562219602736,officially_measured_after_fallback,True,0,0,0,0,success
case_074,5,1682239,b2a_w4,491359,14975280,3.423645440502769,4,568390,14958896,b2a_w4,491359,14975280,3.423645440502769,4,568390,14958896,b2a_w4,491359,14975280,3.423645440502769,officially_measured_after_fallback,True,0,0,0,0,success
case_075,1,1441809,single_core_baseline,1441809,0,1.0,,,,single_core_baseline,1441809,0,1.0,,,,single_core_baseline,1441809,0,1.0,officially_measured_original,True,0,0,0,0,not_applicable
case_075,2,1441809,b2a_w16,1011157,3980862,1.4259002311213789,,,,b2a_w16,1011157,3980862,1.4259002311213789,,,,b2a_w16,1011157,3980862,1.4259002311213789,officially_measured_original,True,0,0,0,0,not_applicable
case_075,3,1441809,b2a_w16,952515,4172632,1.5136863986393916,2,1011157,3980862,b2a_w16,952515,4172632,1.5136863986393916,2,1011157,3980862,b2a_w16,952515,4172632,1.5136863986393916,officially_measured_after_fallback,True,0,0,0,0,success
case_075,4,1441809,b2a_w16,818188,4172888,1.7621976856174864,3,952515,4172632,b2a_w16,818188,4172888,1.7621976856174864,3,952515,4172632,b2a_w16,818188,4172888,1.7621976856174864,officially_measured_after_fallback,True,0,0,0,0,success
case_075,5,1441809,b2a_w16,773824,4173144,1.8632260048796625,4,818188,4172888,b2a_w16,773824,4173144,1.8632260048796625,4,818188,4172888,b2a_w16,773824,4173144,1.8632260048796625,officially_measured_after_fallback,True,0,0,0,0,success
case_076,1,6185113,single_core_baseline,6185113,28280832,1.0,,,,single_core_baseline,6185113,28280832,1.0,,,,single_core_baseline,6185113,28280832,1.0,officially_measured_original,True,0,0,0,0,not_applicable
case_076,2,6185113,b1,4643593,47734784,1.3319670780794097,,,,b1,4643593,47734784,1.3319670780794097,,,,b1,4643593,47734784,1.3319670780794097,officially_measured_original,True,0,0,0,0,not_applicable
case_076,3,6185113,b1,3515382,49615880,1.7594426437866497,2,4643593,47734784,b1,3515382,49615880,1.7594426437866497,2,4643593,47734784,b1,3515382,49615880,1.7594426437866497,officially_measured_after_fallback,True,0,0,0,0,success
case_076,4,6185113,b1,3048404,52178944,2.028967617153107,3,3515382,49615880,b1,3048404,52178944,2.028967617153107,3,3515382,49615880,b1,3048404,52178944,2.028967617153107,officially_measured_after_fallback,True,0,0,0,0,success
case_076,5,6185113,b1,2141370,54043652,2.888390609749833,4,3048404,52178944,b1,2141370,54043652,2.888390609749833,4,3048404,52178944,b1,2141370,54043652,2.888390609749833,officially_measured_after_fallback,True,0,0,0,0,success
case_077,1,495320,single_core_baseline,495320,0,1.0,,,,single_core_baseline,495320,0,1.0,,,,single_core_baseline,495320,0,1.0,officially_measured_original,True,0,0,0,0,not_applicable
case_077,2,495320,b2a_w4,302526,3259766,1.6372807626451942,,,,b2a_w4,302526,3259766,1.6372807626451942,,,,b2a_w4,302526,3259766,1.6372807626451942,officially_measured_original,True,0,0,0,0,not_applicable
case_077,3,495320,b2a_w8,244792,4638158,2.023432138305173,2,302526,3259766,b2a_w8,244792,4638158,2.023432138305173,2,302526,3259766,b2a_w8,244792,4638158,2.023432138305173,officially_measured_after_fallback,True,0,0,0,0,success
case_077,4,495320,b2a_w8,188985,4667094,2.6209487525464983,3,244792,4638158,b2a_w8,188985,4667094,2.6209487525464983,3,244792,4638158,b2a_w8,188985,4667094,2.6209487525464983,officially_measured_after_fallback,True,0,0,0,0,success
case_077,5,495320,b2a_w8,166614,4697690,2.9728594235778507,4,188985,4667094,b2a_w8,166614,4697690,2.9728594235778507,4,188985,4667094,b2a_w8,166614,4697690,2.9728594235778507,officially_measured_after_fallback,True,0,0,0,0,success
case_078,1,2296143,single_core_baseline,2296143,12644568,1.0,,,,single_core_baseline,2296143,12644568,1.0,,,,single_core_baseline,2296143,12644568,1.0,officially_measured_original,True,0,0,0,0,not_applicable
case_078,2,2296143,b0,1080972,15039360,2.1241466013920807,,,,b0,1080972,15039360,2.1241466013920807,,,,b0,1080972,15039360,2.1241466013920807,officially_measured_original,True,0,0,0,0,not_applicable
case_078,3,2296143,b1,765122,14693376,3.0010155243216117,2,1080972,15039360,b1,765122,14693376,3.0010155243216117,2,1080972,15039360,b1,765122,14693376,3.0010155243216117,officially_measured_after_fallback,True,0,0,0,0,success
case_078,4,2296143,b1,632100,15432576,3.632562885619364,3,765122,14693376,b1,632100,15432576,3.632562885619364,3,765122,14693376,b1,632100,15432576,3.632562885619364,officially_measured_after_fallback,True,0,0,0,0,success
case_078,5,2296143,b2a_w4,561557,15580032,4.088886791545649,4,632100,15432576,b2a_w4,561557,15580032,4.088886791545649,4,632100,15432576,b2a_w4,561557,15580032,4.088886791545649,officially_measured_after_fallback,True,0,0,0,0,success
case_079,1,31052251,single_core_baseline,31052251,32448512,1.0,,,,single_core_baseline,31052251,32448512,1.0,,,,single_core_baseline,31052251,32448512,1.0,officially_measured_original,True,0,0,0,0,not_applicable
case_079,2,31052251,b0,15450384,34050048,2.0098044812349,,,,b0,15450384,34050048,2.0098044812349,,,,b0,15450384,34050048,2.0098044812349,officially_measured_original,True,0,0,0,0,not_applicable
case_079,3,31052251,b0,10180207,35033088,3.050257327773394,2,15450384,34050048,b0,10180207,35033088,3.050257327773394,2,15450384,34050048,b0,10180207,35033088,3.050257327773394,officially_measured_after_fallback,True,0,0,0,0,success
case_079,4,31052251,b0,7723180,35672064,4.020656128693103,3,10180207,35033088,b0,7723180,35672064,4.020656128693103,3,10180207,35033088,b0,7723180,35672064,4.020656128693103,officially_measured_after_fallback,True,0,0,0,0,success
case_079,5,31052251,b1,9147564,143568896,3.394592374538183,4,7723180,35672064,inherit_k4,7723180,35672064,4.020656128693103,4,7723180,35672064,inherit_k4,7723180,35672064,4.020656128693103,officially_measured_after_fallback,True,1424384,-107896832,0,0,success
case_080,1,292138,single_core_baseline,292138,548864,1.0,,,,single_core_baseline,292138,548864,1.0,,,,single_core_baseline,292138,548864,1.0,officially_measured_original,True,0,0,0,0,not_applicable
case_080,2,292138,b2a_w4,222646,6930432,1.3121187894684836,,,,b2a_w4,222646,6930432,1.3121187894684836,,,,b2a_w4,222646,6930432,1.3121187894684836,officially_measured_original,True,0,0,0,0,not_applicable
case_080,3,292138,b0,119704,4263936,2.4405032413286105,2,222646,6930432,b0,119704,4263936,2.4405032413286105,2,222646,6930432,b0,119704,4263936,2.4405032413286105,officially_measured_after_fallback,True,0,0,0,0,success
case_080,4,292138,b2a_w4,157534,6930432,1.854444119999492,3,119704,4263936,inherit_k3,119704,4263936,2.4405032413286105,3,119704,4263936,inherit_k3,119704,4263936,2.4405032413286105,officially_measured_after_fallback,True,37830,-2666496,0,0,success
case_080,5,292138,b1,137953,5681152,2.1176632621255065,3,119704,4263936,inherit_k3,119704,4263936,2.4405032413286105,3,119704,4263936,inherit_k3,119704,4263936,2.4405032413286105,officially_measured_after_fallback,True,18249,-1417216,0,0,success
case_081,1,151795,single_core_baseline,151795,0,1.0,,,,single_core_baseline,151795,0,1.0,,,,single_core_baseline,151795,0,1.0,officially_measured_original,True,0,0,0,0,not_applicable
case_081,2,151795,b1,96614,811530,1.571149108824808,,,,b1,96614,811530,1.571149108824808,,,,b1,96614,811530,1.571149108824808,officially_measured_original,True,0,0,0,0,not_applicable
case_081,3,151795,b1,66182,807488,2.2935994681333294,2,96614,811530,b1,66182,807488,2.2935994681333294,2,96614,811530,b1,66182,807488,2.2935994681333294,officially_measured_after_fallback,True,0,0,0,0,success
case_081,4,151795,b1,52379,944662,2.8980125622864126,3,66182,807488,b1,52379,944662,2.8980125622864126,3,66182,807488,b1,52379,944662,2.8980125622864126,officially_measured_after_fallback,True,0,0,0,0,success
case_081,5,151795,b1,53692,1000040,2.8271437085599342,4,52379,944662,inherit_k4,52379,944662,2.8980125622864126,4,52379,944662,inherit_k4,52379,944662,2.8980125622864126,officially_measured_after_fallback,True,1313,-55378,0,0,success
case_082,1,721041,single_core_baseline,721041,0,1.0,,,,single_core_baseline,721041,0,1.0,,,,single_core_baseline,721041,0,1.0,officially_measured_original,True,0,0,0,0,not_applicable
case_082,2,721041,b2a_w16,457211,3894114,1.5770421096605287,,,,b2a_w16,457211,3894114,1.5770421096605287,,,,b2a_w16,457211,3894114,1.5770421096605287,officially_measured_original,True,0,0,0,0,not_applicable
case_082,3,721041,b2a_w16,375126,4377220,1.922130164264807,2,457211,3894114,b2a_w16,375126,4377220,1.922130164264807,2,457211,3894114,b2a_w16,375126,4377220,1.922130164264807,officially_measured_after_fallback,True,0,0,0,0,success
case_082,4,721041,b2a_w16,294915,4443548,2.444911245613143,3,375126,4377220,b2a_w16,294915,4443548,2.444911245613143,3,375126,4377220,b2a_w16,294915,4443548,2.444911245613143,officially_measured_after_fallback,True,0,0,0,0,success
case_082,5,721041,b2a_w16,264804,4552362,2.722923369737617,4,294915,4443548,b2a_w16,264804,4552362,2.722923369737617,4,294915,4443548,b2a_w16,264804,4552362,2.722923369737617,officially_measured_after_fallback,True,0,0,0,0,success
case_083,1,1057993,single_core_baseline,1057993,13934688,1.0,,,,single_core_baseline,1057993,13934688,1.0,,,,single_core_baseline,1057993,13934688,1.0,officially_measured_original,True,0,0,0,0,not_applicable
case_083,2,1057993,b2a_w4,472408,4187936,2.2395746896750266,,,,b2a_w4,472408,4187936,2.2395746896750266,,,,b2a_w4,472408,4187936,2.2395746896750266,officially_measured_original,True,0,0,0,0,not_applicable
case_083,3,1057993,b2a_w8,341275,7032800,3.100118672624716,2,472408,4187936,b2a_w8,341275,7032800,3.100118672624716,2,472408,4187936,b2a_w8,341275,7032800,3.100118672624716,officially_measured_after_fallback,True,0,0,0,0,success
case_083,4,1057993,b2a_w8,287302,8893600,3.6825117820272744,3,341275,7032800,b2a_w8,287302,8893600,3.6825117820272744,3,341275,7032800,b2a_w8,287302,8893600,3.6825117820272744,officially_measured_after_fallback,True,0,0,0,0,success
case_083,5,1057993,b2a_w8,277053,10754400,3.8187386528931286,4,287302,8893600,b2a_w8,277053,10754400,3.8187386528931286,4,287302,8893600,b2a_w8,277053,10754400,3.8187386528931286,officially_measured_after_fallback,True,0,0,0,0,success
case_084,1,2507412,single_core_baseline,2507412,0,1.0,,,,single_core_baseline,2507412,0,1.0,,,,single_core_baseline,2507412,0,1.0,officially_measured_original,True,0,0,0,0,not_applicable
case_084,2,2507412,b2a_w4,1257025,29776896,1.9947192776595533,,,,b2a_w4,1257025,29776896,1.9947192776595533,,,,b2a_w4,1257025,29776896,1.9947192776595533,officially_measured_original,True,0,0,0,0,not_applicable
case_084,3,2507412,b0,836541,82944,2.9973569735374594,2,1257025,29776896,b0,836541,82944,2.9973569735374594,2,1257025,29776896,b0,836541,82944,2.9973569735374594,officially_measured_after_fallback,True,0,0,0,0,success
case_084,4,2507412,b0,630754,101376,3.9752613538717156,3,836541,82944,b0,630754,101376,3.9752613538717156,3,836541,82944,b0,630754,101376,3.9752613538717156,officially_measured_after_fallback,True,0,0,0,0,success
case_084,5,2507412,b1,505173,92160,4.963471919520639,4,630754,101376,b1,505173,92160,4.963471919520639,4,630754,101376,b1,505173,92160,4.963471919520639,officially_measured_after_fallback,True,0,0,0,0,success
case_085,1,3187899,single_core_baseline,3187899,0,1.0,,,,single_core_baseline,3187899,0,1.0,,,,single_core_baseline,3187899,0,1.0,officially_measured_original,True,0,0,0,0,not_applicable
case_085,2,3187899,b2a_w16,2379485,9492140,1.3397432637734636,,,,b2a_w16,2379485,9492140,1.3397432637734636,,,,b2a_w16,2379485,9492140,1.3397432637734636,officially_measured_original,True,0,0,0,0,not_applicable
case_085,3,3187899,b2a_w16,2140299,10641880,1.4894643225082103,2,2379485,9492140,b2a_w16,2140299,10641880,1.4894643225082103,2,2379485,9492140,b2a_w16,2140299,10641880,1.4894643225082103,officially_measured_after_fallback,True,0,0,0,0,success
case_085,4,3187899,b2a_w16,2011650,11791620,1.5847185146521512,3,2140299,10641880,b2a_w16,2011650,11791620,1.5847185146521512,3,2140299,10641880,b2a_w16,2011650,11791620,1.5847185146521512,officially_measured_after_fallback,True,0,0,0,0,success
case_085,5,3187899,b2a_w16,1881266,12096030,1.6945498403734507,4,2011650,11791620,b2a_w16,1881266,12096030,1.6945498403734507,4,2011650,11791620,b2a_w16,1881266,12096030,1.6945498403734507,officially_measured_after_fallback,True,0,0,0,0,success
case_086,1,118403,single_core_baseline,118403,0,1.0,,,,single_core_baseline,118403,0,1.0,,,,single_core_baseline,118403,0,1.0,officially_measured_original,True,0,0,0,0,not_applicable
case_086,2,118403,b2a_w16,91416,2978098,1.2952109039992998,,,,b2a_w16,91416,2978098,1.2952109039992998,,,,b2a_w16,91416,2978098,1.2952109039992998,officially_measured_original,True,0,0,0,0,not_applicable
case_086,3,118403,b2a_w16,83924,3269108,1.4108359944711881,2,91416,2978098,b2a_w16,83924,3269108,1.4108359944711881,2,91416,2978098,b2a_w16,83924,3269108,1.4108359944711881,officially_measured_after_fallback,True,0,0,0,0,success
case_086,4,118403,b2a_w8,75245,2084406,1.573566349923583,3,83924,3269108,b2a_w8,75245,2084406,1.573566349923583,3,83924,3269108,b2a_w8,75245,2084406,1.573566349923583,officially_measured_after_fallback,True,0,0,0,0,success
case_086,5,118403,b2a_w16,75300,3458802,1.5724169986719787,4,75245,2084406,inherit_k4,75245,2084406,1.573566349923583,4,75245,2084406,inherit_k4,75245,2084406,1.573566349923583,officially_measured_after_fallback,True,55,-1374396,0,0,success
case_087,1,3974071,single_core_baseline,3974071,7902720,1.0,,,,single_core_baseline,3974071,7902720,1.0,,,,single_core_baseline,3974071,7902720,1.0,officially_measured_original,True,0,0,0,0,not_applicable
case_087,2,3974071,b2a_w4,2242785,28326240,1.7719357851956385,,,,b2a_w4,2242785,28326240,1.7719357851956385,,,,b2a_w4,2242785,28326240,1.7719357851956385,officially_measured_original,True,0,0,0,0,not_applicable
case_087,3,3974071,b2a_w4,1591733,28326240,2.496694483308444,2,2242785,28326240,b2a_w4,1591733,28326240,2.496694483308444,2,2242785,28326240,b2a_w4,1591733,28326240,2.496694483308444,officially_measured_after_fallback,True,0,0,0,0,success
case_087,4,3974071,b2a_w8,1387347,35818216,2.864511185737959,3,1591733,28326240,b2a_w8,1387347,35818216,2.864511185737959,3,1591733,28326240,b2a_w8,1387347,35818216,2.864511185737959,officially_measured_after_fallback,True,0,0,0,0,success
case_087,5,3974071,b2a_w8,1221168,37435656,3.2543196349724197,4,1387347,35818216,b2a_w8,1221168,37435656,3.2543196349724197,4,1387347,35818216,b2a_w8,1221168,37435656,3.2543196349724197,officially_measured_after_fallback,True,0,0,0,0,success
case_088,1,243623,single_core_baseline,243623,0,1.0,,,,single_core_baseline,243623,0,1.0,,,,single_core_baseline,243623,0,1.0,officially_measured_original,True,0,0,0,0,not_applicable
case_088,2,243623,b2a_w16,158945,2658980,1.5327503224385794,,,,b2a_w16,158945,2658980,1.5327503224385794,,,,b2a_w16,158945,2658980,1.5327503224385794,officially_measured_original,True,0,0,0,0,not_applicable
case_088,3,243623,b2a_w16,123889,2809516,1.966461913487073,2,158945,2658980,b2a_w16,123889,2809516,1.966461913487073,2,158945,2658980,b2a_w16,123889,2809516,1.966461913487073,officially_measured_after_fallback,True,0,0,0,0,success
case_088,4,243623,b2a_w16,112669,2964660,2.1622895383823413,3,123889,2809516,b2a_w16,112669,2964660,2.1622895383823413,3,123889,2809516,b2a_w16,112669,2964660,2.1622895383823413,officially_measured_after_fallback,True,0,0,0,0,success
case_088,5,243623,b2a_w16,107912,3010236,2.257608051004522,4,112669,2964660,b2a_w16,107912,3010236,2.257608051004522,4,112669,2964660,b2a_w16,107912,3010236,2.257608051004522,officially_measured_after_fallback,True,0,0,0,0,success
case_089,1,693092,single_core_baseline,693092,0,1.0,,,,single_core_baseline,693092,0,1.0,,,,single_core_baseline,693092,0,1.0,officially_measured_original,True,0,0,0,0,not_applicable
case_089,2,693092,b0,348428,1671040,1.989197194255341,,,,b0,348428,1671040,1.989197194255341,,,,b0,348428,1671040,1.989197194255341,officially_measured_original,True,0,0,0,0,not_applicable
case_089,3,693092,b2a_w8,239513,2832000,2.8937552450180157,2,348428,1671040,b2a_w8,239513,2832000,2.8937552450180157,2,348428,1671040,b2a_w8,239513,2832000,2.8937552450180157,officially_measured_after_fallback,True,0,0,0,0,success
case_089,4,693092,b0,193916,3711872,3.5741867612780793,3,239513,2832000,b0,193916,3711872,3.5741867612780793,3,239513,2832000,b0,193916,3711872,3.5741867612780793,officially_measured_after_fallback,True,0,0,0,0,success
case_089,5,693092,b2a_w4,168448,3029120,4.114575417933131,4,193916,3711872,b2a_w4,168448,3029120,4.114575417933131,4,193916,3711872,b2a_w4,168448,3029120,4.114575417933131,officially_measured_after_fallback,True,0,0,0,0,success
case_090,1,1178363,single_core_baseline,1178363,21233592,1.0,,,,single_core_baseline,1178363,21233592,1.0,,,,single_core_baseline,1178363,21233592,1.0,officially_measured_original,True,0,0,0,0,not_applicable
case_090,2,1178363,b2a_w16,533220,7339008,2.20990022879862,,,,b2a_w16,533220,7339008,2.20990022879862,,,,b2a_w16,533220,7339008,2.20990022879862,officially_measured_original,True,0,0,0,0,not_applicable
case_090,3,1178363,b2a_w16,432618,11635968,2.723795588717991,2,533220,7339008,b2a_w16,432618,11635968,2.723795588717991,2,533220,7339008,b2a_w16,432618,11635968,2.723795588717991,officially_measured_after_fallback,True,0,0,0,0,success
case_090,4,1178363,b2a_w16,400988,15932928,2.938649036878909,3,432618,11635968,b2a_w16,400988,15932928,2.938649036878909,3,432618,11635968,b2a_w16,400988,15932928,2.938649036878909,officially_measured_after_fallback,True,0,0,0,0,success
case_090,5,1178363,b2a_w16,472199,20229888,2.495479660058577,4,400988,15932928,inherit_k4,400988,15932928,2.938649036878909,4,400988,15932928,inherit_k4,400988,15932928,2.938649036878909,officially_measured_after_fallback,True,71211,-4296960,0,0,success
case_091,1,9186769,single_core_baseline,9186769,53947008,1.0,,,,single_core_baseline,9186769,53947008,1.0,,,,single_core_baseline,9186769,53947008,1.0,officially_measured_original,True,0,0,0,0,not_applicable
case_091,2,9186769,b1,5650577,38405256,1.6258107800318444,,,,b1,5650577,38405256,1.6258107800318444,,,,b1,5650577,38405256,1.6258107800318444,officially_measured_original,True,0,0,0,0,not_applicable
case_091,3,9186769,b2a_w4,4742807,145184784,1.9369898458866237,2,5650577,38405256,b2a_w4,4742807,145184784,1.9369898458866237,2,5650577,38405256,b2a_w4,4742807,145184784,1.9369898458866237,officially_measured_after_fallback,True,0,0,0,0,success
case_091,4,9186769,b2a_w4,4138533,145184784,2.219812914382947,3,4742807,145184784,b2a_w4,4138533,145184784,2.219812914382947,3,4742807,145184784,b2a_w4,4138533,145184784,2.219812914382947,officially_measured_after_fallback,True,0,0,0,0,success
case_091,5,9186769,b1,3077910,48851592,2.9847425688210505,4,4138533,145184784,b1,3077910,48851592,2.9847425688210505,4,4138533,145184784,b1,3077910,48851592,2.9847425688210505,officially_measured_after_fallback,True,0,0,0,0,success
case_092,1,4815554,single_core_baseline,4815554,66000096,1.0,,,,single_core_baseline,4815554,66000096,1.0,,,,single_core_baseline,4815554,66000096,1.0,officially_measured_original,True,0,0,0,0,not_applicable
case_092,2,4815554,b2a_w4,2091382,9549600,2.3025702621520123,,,,b2a_w4,2091382,9549600,2.3025702621520123,,,,b2a_w4,2091382,9549600,2.3025702621520123,officially_measured_original,True,0,0,0,0,not_applicable
case_092,3,4815554,b2a_w8,1425631,15557600,3.377840408913667,2,2091382,9549600,b2a_w8,1425631,15557600,3.377840408913667,2,2091382,9549600,b2a_w8,1425631,15557600,3.377840408913667,officially_measured_after_fallback,True,0,0,0,0,success
case_092,4,4815554,b2a_w8,1116964,17418400,4.311288456924306,3,1425631,15557600,b2a_w8,1116964,17418400,4.311288456924306,3,1425631,15557600,b2a_w8,1116964,17418400,4.311288456924306,officially_measured_after_fallback,True,0,0,0,0,success
case_092,5,4815554,b2a_w8,897210,19279200,5.367254043089132,4,1116964,17418400,b2a_w8,897210,19279200,5.367254043089132,4,1116964,17418400,b2a_w8,897210,19279200,5.367254043089132,officially_measured_after_fallback,True,0,0,0,0,success
case_093,1,74205,single_core_baseline,74205,0,1.0,,,,single_core_baseline,74205,0,1.0,,,,single_core_baseline,74205,0,1.0,officially_measured_original,True,0,0,0,0,not_applicable
case_093,2,74205,b0,47547,114688,1.560666288093886,,,,b0,47547,114688,1.560666288093886,,,,b0,47547,114688,1.560666288093886,officially_measured_original,True,0,0,0,0,not_applicable
case_093,3,74205,b1,33714,200704,2.2010144153764015,2,47547,114688,b1,33714,200704,2.2010144153764015,2,47547,114688,b1,33714,200704,2.2010144153764015,officially_measured_after_fallback,True,0,0,0,0,success
case_093,4,74205,b1,26594,286720,2.790291043092427,3,33714,200704,b1,26594,286720,2.790291043092427,3,33714,200704,b1,26594,286720,2.790291043092427,officially_measured_after_fallback,True,0,0,0,0,success
case_093,5,74205,b1,23720,286720,3.128372681281619,4,26594,286720,b1,23720,286720,3.128372681281619,4,26594,286720,b1,23720,286720,3.128372681281619,officially_measured_after_fallback,True,0,0,0,0,success
case_094,1,94892,single_core_baseline,94892,0,1.0,,,,single_core_baseline,94892,0,1.0,,,,single_core_baseline,94892,0,1.0,officially_measured_original,True,0,0,0,0,not_applicable
case_094,2,94892,b1,55265,418824,1.7170360987967068,,,,b1,55265,418824,1.7170360987967068,,,,b1,55265,418824,1.7170360987967068,officially_measured_original,True,0,0,0,0,not_applicable
case_094,3,94892,b2a_w4,50213,1612308,1.889789496743871,2,55265,418824,b2a_w4,50213,1612308,1.889789496743871,2,55265,418824,b2a_w4,50213,1612308,1.889789496743871,officially_measured_after_fallback,True,0,0,0,0,success
case_094,4,94892,b1,34140,759080,2.7794961921499706,3,50213,1612308,b1,34140,759080,2.7794961921499706,3,50213,1612308,b1,34140,759080,2.7794961921499706,officially_measured_after_fallback,True,0,0,0,0,success
case_094,5,94892,b1,29604,831012,3.2053776516686936,4,34140,759080,b1,29604,831012,3.2053776516686936,4,34140,759080,b1,29604,831012,3.2053776516686936,officially_measured_after_fallback,True,0,0,0,0,success
case_095,1,2084853,single_core_baseline,2084853,0,1.0,,,,single_core_baseline,2084853,0,1.0,,,,single_core_baseline,2084853,0,1.0,officially_measured_original,True,0,0,0,0,not_applicable
case_095,2,2084853,b0,1043006,221184,1.9988887887509756,,,,b0,1043006,221184,1.9988887887509756,,,,b0,1043006,221184,1.9988887887509756,officially_measured_original,True,0,0,0,0,not_applicable
case_095,3,2084853,b0,697770,221184,2.987879960445419,2,1043006,221184,b0,697770,221184,2.987879960445419,2,1043006,221184,b0,697770,221184,2.987879960445419,officially_measured_after_fallback,True,0,0,0,0,success
case_095,4,2084853,b1,527479,221184,3.9524853122114814,3,697770,221184,b1,527479,221184,3.9524853122114814,3,697770,221184,b1,527479,221184,3.9524853122114814,officially_measured_after_fallback,True,0,0,0,0,success
case_095,5,2084853,b1,424998,294912,4.90555955557438,4,527479,221184,b1,424998,294912,4.90555955557438,4,527479,221184,b1,424998,294912,4.90555955557438,officially_measured_after_fallback,True,0,0,0,0,success
case_096,1,84194,single_core_baseline,84194,0,1.0,,,,single_core_baseline,84194,0,1.0,,,,single_core_baseline,84194,0,1.0,officially_measured_original,True,0,0,0,0,not_applicable
case_096,2,84194,b2a_w4,48294,1193744,1.7433635648320702,,,,b2a_w4,48294,1193744,1.7433635648320702,,,,b2a_w4,48294,1193744,1.7433635648320702,officially_measured_original,True,0,0,0,0,not_applicable
case_096,3,84194,b2a_w4,42878,1267472,1.9635710620831195,2,48294,1193744,b2a_w4,42878,1267472,1.9635710620831195,2,48294,1193744,b2a_w4,42878,1267472,1.9635710620831195,officially_measured_after_fallback,True,0,0,0,0,success
case_096,4,84194,b2a_w4,41415,1341200,2.0329349269588315,3,42878,1267472,b2a_w4,41415,1341200,2.0329349269588315,3,42878,1267472,b2a_w4,41415,1341200,2.0329349269588315,officially_measured_after_fallback,True,0,0,0,0,success
case_096,5,84194,b2a_w4,41212,1414928,2.0429486557313403,4,41415,1341200,b2a_w4,41212,1414928,2.0429486557313403,4,41415,1341200,b2a_w4,41212,1414928,2.0429486557313403,officially_measured_after_fallback,True,0,0,0,0,success
case_097,1,11491509,single_core_baseline,11491509,10584064,1.0,,,,single_core_baseline,11491509,10584064,1.0,,,,single_core_baseline,11491509,10584064,1.0,officially_measured_original,True,0,0,0,0,not_applicable
case_097,2,11491509,b0,5156692,11927552,2.2284652641654765,,,,b0,5156692,11927552,2.2284652641654765,,,,b0,5156692,11927552,2.2284652641654765,officially_measured_original,True,0,0,0,0,not_applicable
case_097,3,11491509,b2a_w4,4316892,84934656,2.661986679305389,2,5156692,11927552,b2a_w4,4316892,84934656,2.661986679305389,2,5156692,11927552,b2a_w4,4316892,84934656,2.661986679305389,officially_measured_after_fallback,True,0,0,0,0,success
case_097,4,11491509,b0,2583836,14483456,4.447460674748707,3,4316892,84934656,b0,2583836,14483456,4.447460674748707,3,4316892,84934656,b0,2583836,14483456,4.447460674748707,officially_measured_after_fallback,True,0,0,0,0,success
case_097,5,11491509,b2a_w8,2917550,91226112,3.9387530633579546,4,2583836,14483456,inherit_k4,2583836,14483456,4.447460674748707,4,2583836,14483456,inherit_k4,2583836,14483456,4.447460674748707,officially_measured_after_fallback,True,333714,-76742656,0,0,success
case_098,1,177430,single_core_baseline,177430,0,1.0,,,,single_core_baseline,177430,0,1.0,,,,single_core_baseline,177430,0,1.0,officially_measured_original,True,0,0,0,0,not_applicable
case_098,2,177430,b2a_w4,94609,2386102,1.8754029743470495,,,,b2a_w4,94609,2386102,1.8754029743470495,,,,b2a_w4,94609,2386102,1.8754029743470495,officially_measured_original,True,0,0,0,0,not_applicable
case_098,3,177430,b2a_w4,94026,2386102,1.8870312466764512,2,94609,2386102,b2a_w4,94026,2386102,1.8870312466764512,2,94609,2386102,b2a_w4,94026,2386102,1.8870312466764512,officially_measured_after_fallback,True,0,0,0,0,success
case_098,4,177430,b2a_w4,95784,2386102,1.8523970600517832,3,94026,2386102,inherit_k3,94026,2386102,1.8870312466764512,3,94026,2386102,inherit_k3,94026,2386102,1.8870312466764512,officially_measured_after_fallback,True,1758,0,0,0,success
case_098,5,177430,b2a_w4,96893,2386102,1.8311952359819594,3,94026,2386102,inherit_k3,94026,2386102,1.8870312466764512,3,94026,2386102,inherit_k3,94026,2386102,1.8870312466764512,officially_measured_after_fallback,True,2867,0,0,0,success
case_099,1,1622999,single_core_baseline,1622999,5484544,1.0,,,,single_core_baseline,1622999,5484544,1.0,,,,single_core_baseline,1622999,5484544,1.0,officially_measured_original,True,0,0,0,0,not_applicable
case_099,2,1622999,b1,1599503,10176000,1.01468956294549,,,,b1,1599503,10176000,1.01468956294549,,,,b1,1599503,10176000,1.01468956294549,officially_measured_original,True,0,0,0,0,not_applicable
case_099,3,1622999,b2a_w4,789639,16063104,2.0553683392031044,2,1599503,10176000,b2a_w4,789639,16063104,2.0553683392031044,2,1599503,10176000,b2a_w4,789639,16063104,2.0553683392031044,officially_measured_after_fallback,True,0,0,0,0,success
case_099,4,1622999,b2a_w4,658914,16128640,2.4631423827692234,3,789639,16063104,b2a_w4,658914,16128640,2.4631423827692234,3,789639,16063104,b2a_w4,658914,16128640,2.4631423827692234,officially_measured_after_fallback,True,0,0,0,0,success
case_099,5,1622999,b2a_w4,551115,16194176,2.9449370820972027,4,658914,16128640,b2a_w4,551115,16194176,2.9449370820972027,4,658914,16128640,b2a_w4,551115,16194176,2.9449370820972027,officially_measured_after_fallback,True,0,0,0,0,success
case_100,1,151223,single_core_baseline,151223,0,1.0,,,,single_core_baseline,151223,0,1.0,,,,single_core_baseline,151223,0,1.0,officially_measured_original,True,0,0,0,0,not_applicable
case_100,2,151223,b2a_w4,88870,2442608,1.7016203443231688,,,,b2a_w4,88870,2442608,1.7016203443231688,,,,b2a_w4,88870,2442608,1.7016203443231688,officially_measured_original,True,0,0,0,0,not_applicable
case_100,3,151223,b2a_w4,82961,2516336,1.822820361374622,2,88870,2442608,b2a_w4,82961,2516336,1.822820361374622,2,88870,2442608,b2a_w4,82961,2516336,1.822820361374622,officially_measured_after_fallback,True,0,0,0,0,success
case_100,4,151223,b2a_w4,76975,2590064,1.9645729132835337,3,82961,2516336,b2a_w4,76975,2590064,1.9645729132835337,3,82961,2516336,b2a_w4,76975,2590064,1.9645729132835337,officially_measured_after_fallback,True,0,0,0,0,success
case_100,5,151223,b2a_w4,75870,2663792,1.9931857124027943,4,76975,2590064,b2a_w4,75870,2663792,1.9931857124027943,4,76975,2590064,b2a_w4,75870,2663792,1.9931857124027943,officially_measured_after_fallback,True,0,0,0,0,success
