case,cores,status,winner,winner_family,makespan_cycles,added_copy_bytes,partition_added_copy_bytes,spill_added_copy_bytes,cross_task_traffic_bytes,cross_core_transfer_count,used_core_count,per_core_utilization,stage1_winner,stage1_makespan_cycles,stage1_added_copy_bytes,makespan_delta_vs_stage1,added_copy_delta_vs_stage1,spill_delta_vs_stage1,improved_vs_stage1,candidate_failures,group_wall_seconds,final_plan_hash,final_plan_file_sha256,final_official_result_json_sha256
case_001,1,success,stage1_actual_winner,verified_stage1_global_fallback,233110,0,0,0,0,0,1,"[{""active_any_pipe_cycles"":233110,""active_any_pipe_fraction"":1.0,""core_id"":0,""op_count"":1001,""pipe_busy_cycles"":{""PIPE_M"":232800,""PIPE_MTE2"":23204,""PIPE_MTE3"":23184,""PIPE_V"":30400},""pipe_utilization"":{""PIPE_M"":0.9986701557204753,""PIPE_MTE2"":0.09954098923255116,""PIPE_MTE3"":0.09945519282742053,""PIPE_V"":0.13041053579855005},""task_end"":233110,""task_span_cycles"":233110,""task_start"":0}]",single,233110,0,0,0,0,False,0,0.07256280072033405,64d6f2b297b709b570b8b55d1d194fec38860aedf63c11aaf60cc64933d51970,d5753ab9908d0b6f0e08f468483eb9df898272d3f675fa9253ec80f9a325a92e,0aeae19c09ff5834240863a0b70bb3a6fbded1fdd2c7e46182cf95cffb4ba184
case_001,2,success,stage1_actual_winner,verified_stage1_global_fallback,116868,1152,1152,0,0,0,2,"[{""active_any_pipe_cycles"":116868,""active_any_pipe_fraction"":1.0,""core_id"":0,""op_count"":501,""pipe_busy_cycles"":{""PIPE_M"":116400,""PIPE_MTE2"":18808,""PIPE_MTE3"":18768,""PIPE_V"":15200},""pipe_utilization"":{""PIPE_M"":0.9959954820823493,""PIPE_MTE2"":0.16093370298114112,""PIPE_MTE3"":0.16059143649245303,""PIPE_V"":0.13006126570147516},""task_end"":116868,""task_span_cycles"":116868,""task_start"":0},{""active_any_pipe_cycles"":116868,""active_any_pipe_fraction"":1.0,""core_id"":1,""op_count"":501,""pipe_busy_cycles"":{""PIPE_M"":116400,""PIPE_MTE2"":18808,""PIPE_MTE3"":18768,""PIPE_V"":15200},""pipe_utilization"":{""PIPE_M"":0.9959954820823493,""PIPE_MTE2"":0.16093370298114112,""PIPE_MTE3"":0.16059143649245303,""PIPE_V"":0.13006126570147516},""task_end"":116868,""task_span_cycles"":116868,""task_start"":0}]",b0,116868,1152,0,0,0,False,0,2.000513531267643,754591e148a3d3a2ea32cc0d28d6bab087e4638e1e482e9ff96726698eecdf89,5d187370156683aa1cb7e2eab372f293b6089ee4283bade0e99a6e0115066503,578cc4fdf197bf9134ec932e5091c983ddd2c00e1244b3cf21b1e0bd5fccdcf7
case_001,3,success,stage1_actual_winner,verified_stage1_global_fallback,97000,88320,88320,0,28672,7,3,"[{""active_any_pipe_cycles"":97000,""active_any_pipe_fraction"":1.0,""core_id"":0,""op_count"":446,""pipe_busy_cycles"":{""PIPE_M"":95448,""PIPE_MTE2"":19035,""PIPE_MTE3"":16767,""PIPE_V"":13528},""pipe_utilization"":{""PIPE_M"":0.984,""PIPE_MTE2"":0.19623711340206185,""PIPE_MTE3"":0.17285567010309277,""PIPE_V"":0.1394639175257732},""task_end"":97000,""task_span_cycles"":97000,""task_start"":0},{""active_any_pipe_cycles"":78324,""active_any_pipe_fraction"":0.8074639175257732,""core_id"":1,""op_count"":328,""pipe_busy_cycles"":{""PIPE_M"":77988,""PIPE_MTE2"":15309,""PIPE_MTE3"":15387,""PIPE_V"":9576},""pipe_utilization"":{""PIPE_M"":0.804,""PIPE_MTE2"":0.15782474226804125,""PIPE_MTE3"":0.15862886597938144,""PIPE_V"":0.09872164948453609},""task_end"":78324,""task_span_cycles"":78324,""task_start"":0},{""active_any_pipe_cycles"":59769,""active_any_pipe_fraction"":0.6161752577319588,""core_id"":2,""op_count"":250,""pipe_busy_cycles"":{""PIPE_M"":59364,""PIPE_MTE2"":12687,""PIPE_MTE3"":13248,""PIPE_V"":7296},""pipe_utilization"":{""PIPE_M"":0.612,""PIPE_MTE2"":0.13079381443298968,""PIPE_MTE3"":0.13657731958762886,""PIPE_V"":0.07521649484536082},""task_end"":59769,""task_span_cycles"":59769,""task_start"":0}]",b1,97000,88320,0,0,0,False,0,3.499099349603057,03cba02486de6e45a1a1d6880a6baba2a294c55fa139e849d8697e210d864306,adb1211004434e31feb212811dd0c5a9b82a036f846bef0bbe0fb5c4ad60bebb,d5600e5b353708ab81096cc836e78c49a10c731856c7e844da2f6c788c38ff9f
case_001,4,success,stage1_actual_winner,verified_stage1_global_fallback,58984,3456,3456,0,0,0,4,"[{""active_any_pipe_cycles"":58984,""active_any_pipe_fraction"":1.0,""core_id"":0,""op_count"":251,""pipe_busy_cycles"":{""PIPE_M"":58200,""PIPE_MTE2"":17468,""PIPE_MTE3"":17388,""PIPE_V"":7600},""pipe_utilization"":{""PIPE_M"":0.9867082598670825,""PIPE_MTE2"":0.29614810796148106,""PIPE_MTE3"":0.2947918079479181,""PIPE_V"":0.12884850128848502},""task_end"":58984,""task_span_cycles"":58984,""task_start"":0},{""active_any_pipe_cycles"":58984,""active_any_pipe_fraction"":1.0,""core_id"":1,""op_count"":251,""pipe_busy_cycles"":{""PIPE_M"":58200,""PIPE_MTE2"":17468,""PIPE_MTE3"":17388,""PIPE_V"":7600},""pipe_utilization"":{""PIPE_M"":0.9867082598670825,""PIPE_MTE2"":0.29614810796148106,""PIPE_MTE3"":0.2947918079479181,""PIPE_V"":0.12884850128848502},""task_end"":58984,""task_span_cycles"":58984,""task_start"":0},{""active_any_pipe_cycles"":58984,""active_any_pipe_fraction"":1.0,""core_id"":2,""op_count"":251,""pipe_busy_cycles"":{""PIPE_M"":58200,""PIPE_MTE2"":17468,""PIPE_MTE3"":17388,""PIPE_V"":7600},""pipe_utilization"":{""PIPE_M"":0.9867082598670825,""PIPE_MTE2"":0.29614810796148106,""PIPE_MTE3"":0.2947918079479181,""PIPE_V"":0.12884850128848502},""task_end"":58984,""task_span_cycles"":58984,""task_start"":0},{""active_any_pipe_cycles"":58984,""active_any_pipe_fraction"":1.0,""core_id"":3,""op_count"":251,""pipe_busy_cycles"":{""PIPE_M"":58200,""PIPE_MTE2"":17468,""PIPE_MTE3"":17388,""PIPE_V"":7600},""pipe_utilization"":{""PIPE_M"":0.9867082598670825,""PIPE_MTE2"":0.29614810796148106,""PIPE_MTE3"":0.2947918079479181,""PIPE_V"":0.12884850128848502},""task_end"":58984,""task_span_cycles"":58984,""task_start"":0}]",b0,58984,3456,0,0,0,False,0,3.7582812048494816,69ed6fec22c5127b347e92f1bbae3160474503ff610e717d7d0a958480da9800,d9f98b3190d6e10f73f1f960040c24d726f91097a241257a4b774b675a5afa70,5c4b75ffd9d1fb328cf5598c81813d52847eafd16806ace7ecc33b078758fab6
case_001,5,success,stage1_actual_winner,verified_stage1_global_fallback,47502,4608,4608,0,0,0,5,"[{""active_any_pipe_cycles"":47502,""active_any_pipe_fraction"":1.0,""core_id"":0,""op_count"":201,""pipe_busy_cycles"":{""PIPE_M"":46560,""PIPE_MTE2"":19075,""PIPE_MTE3"":18975,""PIPE_V"":6080},""pipe_utilization"":{""PIPE_M"":0.980169256031325,""PIPE_MTE2"":0.40156203949307395,""PIPE_MTE3"":0.3994568649741064,""PIPE_V"":0.12799461075323143},""task_end"":47502,""task_span_cycles"":47502,""task_start"":0},{""active_any_pipe_cycles"":47502,""active_any_pipe_fraction"":1.0,""core_id"":1,""op_count"":201,""pipe_busy_cycles"":{""PIPE_M"":46560,""PIPE_MTE2"":19075,""PIPE_MTE3"":18975,""PIPE_V"":6080},""pipe_utilization"":{""PIPE_M"":0.980169256031325,""PIPE_MTE2"":0.40156203949307395,""PIPE_MTE3"":0.3994568649741064,""PIPE_V"":0.12799461075323143},""task_end"":47502,""task_span_cycles"":47502,""task_start"":0},{""active_any_pipe_cycles"":47502,""active_any_pipe_fraction"":1.0,""core_id"":2,""op_count"":201,""pipe_busy_cycles"":{""PIPE_M"":46560,""PIPE_MTE2"":19075,""PIPE_MTE3"":18975,""PIPE_V"":6080},""pipe_utilization"":{""PIPE_M"":0.980169256031325,""PIPE_MTE2"":0.40156203949307395,""PIPE_MTE3"":0.3994568649741064,""PIPE_V"":0.12799461075323143},""task_end"":47502,""task_span_cycles"":47502,""task_start"":0},{""active_any_pipe_cycles"":47502,""active_any_pipe_fraction"":1.0,""core_id"":3,""op_count"":201,""pipe_busy_cycles"":{""PIPE_M"":46560,""PIPE_MTE2"":19075,""PIPE_MTE3"":18975,""PIPE_V"":6080},""pipe_utilization"":{""PIPE_M"":0.980169256031325,""PIPE_MTE2"":0.40156203949307395,""PIPE_MTE3"":0.3994568649741064,""PIPE_V"":0.12799461075323143},""task_end"":47502,""task_span_cycles"":47502,""task_start"":0},{""active_any_pipe_cycles"":47502,""active_any_pipe_fraction"":1.0,""core_id"":4,""op_count"":201,""pipe_busy_cycles"":{""PIPE_M"":46560,""PIPE_MTE2"":19075,""PIPE_MTE3"":18975,""PIPE_V"":6080},""pipe_utilization"":{""PIPE_M"":0.980169256031325,""PIPE_MTE2"":0.40156203949307395,""PIPE_MTE3"":0.3994568649741064,""PIPE_V"":0.12799461075323143},""task_end"":47502,""task_span_cycles"":47502,""task_start"":0}]",b0,47502,4608,0,0,0,False,0,4.532685227692127,a85f9a0ee4fab31f537220d8959e5c180b6d0d5fda043370d555c4aacfd9d3e4,ff881c15d5e1cdc1f561963490b38b8ce2bd4027e200286536c9ee4b98fb4a65,aa934828a818ad7d2563321bb9f193f5e519396a3e7401a1f3f38065bf282912
case_002,1,success,stage1_actual_winner,verified_stage1_global_fallback,261945,0,0,0,0,0,1,"[{""active_any_pipe_cycles"":261945,""active_any_pipe_fraction"":1.0,""core_id"":0,""op_count"":2197,""pipe_busy_cycles"":{""PIPE_M"":240000,""PIPE_MTE2"":20497,""PIPE_MTE3"":26,""PIPE_V"":35928},""pipe_utilization"":{""PIPE_M"":0.9162228712134227,""PIPE_MTE2"":0.07824925079692302,""PIPE_MTE3"":9.925747771478746e-05,""PIPE_V"":0.13715856382064937},""task_end"":261945,""task_span_cycles"":261945,""task_start"":0}]",single,261945,0,0,0,0,False,0,0.17099315114319324,9ea2961cb0761ffab25876943b4d07b7bce76d5ae992463dcafc6a35067694e6,dddf63d4ee08a357e8b9541eeccd32b08633fec4729541de8e48c5ce1f422907,4c72f4183bfc89cab9c6374c3db57791e77ccb36f34dc9043d81b0f5c197238e
case_002,2,success,stage1_actual_winner,verified_stage1_global_fallback,131496,3472896,2836992,635904,960000,625,2,"[{""active_any_pipe_cycles"":129198,""active_any_pipe_fraction"":0.9825241832451177,""core_id"":0,""op_count"":1891,""pipe_busy_cycles"":{""PIPE_M"":120000,""PIPE_MTE2"":65448,""PIPE_MTE3"":22833,""PIPE_V"":17928},""pipe_utilization"":{""PIPE_M"":0.9125752874612155,""PIPE_MTE2"":0.49771856178134694,""PIPE_MTE3"":0.1736402628216828,""PIPE_V"":0.1363387479467056},""task_end"":130666,""task_span_cycles"":130666,""task_start"":0},{""active_any_pipe_cycles"":129670,""active_any_pipe_fraction"":0.9861136460424652,""core_id"":1,""op_count"":1893,""pipe_busy_cycles"":{""PIPE_M"":120000,""PIPE_MTE2"":64988,""PIPE_MTE3"":23205,""PIPE_V"":18000},""pipe_utilization"":{""PIPE_M"":0.9125752874612155,""PIPE_MTE2"":0.49422035651274565,""PIPE_MTE3"":0.17646924621281257,""PIPE_V"":0.13688629311918232},""task_end"":131496,""task_span_cycles"":131496,""task_start"":0}]",b2a_w16,131496,3472896,0,0,0,False,0,5.933463281020522,f16eea639343bc13a240776360245932e2d151c7143d8e4c8409a26c15e645ba,90bb1313339eccc690fcd5714d3353e14de5a7696e1534128aac92a51697ba86,534eaf500c119aa620c3dbbe46a8823f9e776fe8ff42a88925152c715da0f81e
case_002,3,success,stage1_actual_winner,verified_stage1_global_fallback,104557,4414464,4414464,0,1290240,840,3,"[{""active_any_pipe_cycles"":102382,""active_any_pipe_fraction"":0.979197949443844,""core_id"":0,""op_count"":1406,""pipe_busy_cycles"":{""PIPE_M"":80700,""PIPE_MTE2"":87251,""PIPE_MTE3"":35966,""PIPE_V"":11664},""pipe_utilization"":{""PIPE_M"":0.7718278068422009,""PIPE_MTE2"":0.8344826267012252,""PIPE_MTE3"":0.3439846208288302,""PIPE_V"":0.11155637594804747},""task_end"":103367,""task_span_cycles"":103367,""task_start"":0},{""active_any_pipe_cycles"":102452,""active_any_pipe_fraction"":0.9798674407261111,""core_id"":1,""op_count"":1423,""pipe_busy_cycles"":{""PIPE_M"":79500,""PIPE_MTE2"":88957,""PIPE_MTE3"":36466,""PIPE_V"":12024},""pipe_utilization"":{""PIPE_M"":0.7603508134319079,""PIPE_MTE2"":0.8507990856661917,""PIPE_MTE3"":0.3487667014164523,""PIPE_V"":0.11499947397113536},""task_end"":103933,""task_span_cycles"":103933,""task_start"":0},{""active_any_pipe_cycles"":103041,""active_any_pipe_fraction"":0.9855007316583299,""core_id"":2,""op_count"":1446,""pipe_busy_cycles"":{""PIPE_M"":79800,""PIPE_MTE2"":89480,""PIPE_MTE3"":36212,""PIPE_V"":12240},""pipe_utilization"":{""PIPE_M"":0.7632200617844812,""PIPE_MTE2"":0.8558011419608443,""PIPE_MTE3"":0.34633740447794026,""PIPE_V"":0.1170653327849881},""task_end"":104557,""task_span_cycles"":104557,""task_start"":0}]",b2a_w16,104557,4414464,0,0,0,False,0,9.26692640595138,f21a01460f402dc868de68b822267a859e72b6d056f4e743ee36f7edb1f10d43,31e52e15421b5388021f7d7d7e025635964ee51826a35cb702d3c31d157d2866,3fd2d9da7319da45837dc0948a11e37ba8bcd1564d785b3a05fe79811635a8cc
case_002,4,success,map_locality@b2a_w16,scene_b_fixed_partition_mapping,78080,3105792,3105792,0,866304,564,4,"[{""active_any_pipe_cycles"":76508,""active_any_pipe_fraction"":0.9798668032786885,""core_id"":0,""op_count"":977,""pipe_busy_cycles"":{""PIPE_M"":60300,""PIPE_MTE2"":60664,""PIPE_MTE3"":18084,""PIPE_V"":8892},""pipe_utilization"":{""PIPE_M"":0.7722848360655737,""PIPE_MTE2"":0.7769467213114755,""PIPE_MTE3"":0.23160860655737706,""PIPE_V"":0.11388319672131147},""task_end"":76900,""task_span_cycles"":76900,""task_start"":0},{""active_any_pipe_cycles"":74245,""active_any_pipe_fraction"":0.9508837090163934,""core_id"":1,""op_count"":994,""pipe_busy_cycles"":{""PIPE_M"":59700,""PIPE_MTE2"":59226,""PIPE_MTE3"":17953,""PIPE_V"":9288},""pipe_utilization"":{""PIPE_M"":0.7646004098360656,""PIPE_MTE2"":0.7585297131147541,""PIPE_MTE3"":0.22993084016393442,""PIPE_V"":0.11895491803278689},""task_end"":78080,""task_span_cycles"":78080,""task_start"":0},{""active_any_pipe_cycles"":75709,""active_any_pipe_fraction"":0.9696337090163935,""core_id"":2,""op_count"":832,""pipe_busy_cycles"":{""PIPE_M"":60000,""PIPE_MTE2"":46680,""PIPE_MTE3"":13888,""PIPE_V"":8856},""pipe_utilization"":{""PIPE_M"":0.7684426229508197,""PIPE_MTE2"":0.5978483606557377,""PIPE_MTE3"":0.1778688524590164,""PIPE_V"":0.11342213114754099},""task_end"":77261,""task_span_cycles"":77261,""task_start"":0},{""active_any_pipe_cycles"":75228,""active_any_pipe_fraction"":0.9634733606557377,""core_id"":3,""op_count"":820,""pipe_busy_cycles"":{""PIPE_M"":60000,""PIPE_MTE2"":45059,""PIPE_MTE3"":12888,""PIPE_V"":8892},""pipe_utilization"":{""PIPE_M"":0.7684426229508197,""PIPE_MTE2"":0.5770876024590164,""PIPE_MTE3"":0.16506147540983607,""PIPE_V"":0.11388319672131147},""task_end"":77472,""task_span_cycles"":77472,""task_start"":0}]",b1,82998,219648,-4918,2886144,0,True,0,11.665089344605803,80e38620f732c78e4b36d0630e5775a28e5a85011f8d4bf4d793afbd239115bd,2cda0a27c81a092b840fcdb360ead6cc2ec3134908254126d421c50b974d26e6,cac5424f605e488c880d9d3c240a20aecd1715c7200f797c8a433a60179b0a03
case_002,5,success,stage1_actual_winner,verified_stage1_global_fallback,66241,228864,228864,0,98304,64,5,"[{""active_any_pipe_cycles"":66241,""active_any_pipe_fraction"":1.0,""core_id"":0,""op_count"":643,""pipe_busy_cycles"":{""PIPE_M"":57900,""PIPE_MTE2"":18031,""PIPE_MTE3"":136,""PIPE_V"":10728},""pipe_utilization"":{""PIPE_M"":0.874081007231171,""PIPE_MTE2"":0.2722030162588125,""PIPE_MTE3"":0.002053109101613804,""PIPE_V"":0.16195407678024185},""task_end"":66241,""task_span_cycles"":66241,""task_start"":0},{""active_any_pipe_cycles"":53487,""active_any_pipe_fraction"":0.8074606361618937,""core_id"":1,""op_count"":447,""pipe_busy_cycles"":{""PIPE_M"":48600,""PIPE_MTE2"":17978,""PIPE_MTE3"":1279,""PIPE_V"":6696},""pipe_utilization"":{""PIPE_M"":0.7336845760178742,""PIPE_MTE2"":0.27140290756480123,""PIPE_MTE3"":0.019308283389441586,""PIPE_V"":0.10108543047357377},""task_end"":53487,""task_span_cycles"":53487,""task_start"":0},{""active_any_pipe_cycles"":53487,""active_any_pipe_fraction"":0.8074606361618937,""core_id"":2,""op_count"":451,""pipe_busy_cycles"":{""PIPE_M"":48600,""PIPE_MTE2"":16676,""PIPE_MTE3"":1647,""PIPE_V"":6696},""pipe_utilization"":{""PIPE_M"":0.7336845760178742,""PIPE_MTE2"":0.2517474071949397,""PIPE_MTE3"":0.02486375507616129,""PIPE_V"":0.10108543047357377},""task_end"":53487,""task_span_cycles"":53487,""task_start"":0},{""active_any_pipe_cycles"":40433,""active_any_pipe_fraction"":0.6103923551878746,""core_id"":3,""op_count"":338,""pipe_busy_cycles"":{""PIPE_M"":36600,""PIPE_MTE2"":15096,""PIPE_MTE3"":1361,""PIPE_V"":5004},""pipe_utilization"":{""PIPE_M"":0.552527890581362,""PIPE_MTE2"":0.22789511027913226,""PIPE_MTE3"":0.020546187406591084,""PIPE_V"":0.07554233782702556},""task_end"":40433,""task_span_cycles"":40433,""task_start"":0},{""active_any_pipe_cycles"":53161,""active_any_pipe_fraction"":0.8025392128742018,""core_id"":4,""op_count"":453,""pipe_busy_cycles"":{""PIPE_M"":48300,""PIPE_MTE2"":16507,""PIPE_MTE3"":1525,""PIPE_V"":6804},""pipe_utilization"":{""PIPE_M"":0.7291556588819613,""PIPE_MTE2"":0.24919611720837548,""PIPE_MTE3"":0.023021995440890085,""PIPE_V"":0.10271584064250237},""task_end"":53161,""task_span_cycles"":53161,""task_start"":0}]",b1,66241,228864,0,0,0,False,0,15.406295517459512,0176ffc5dfa9c8192433f1f848091ec40cef73481cb1a2951cb6fec0b1621e87,7134457e6510824eaa147916e5426ab4f2ee9af2af0f95cf80aae2d3c4fef6cc,81d459c783300482982370c6506e266ea1560b58f6abf4d04902cd5032c1d844
case_003,1,success,stage1_actual_winner,verified_stage1_global_fallback,602212,0,0,0,0,0,1,"[{""active_any_pipe_cycles"":602212,""active_any_pipe_fraction"":1.0,""core_id"":0,""op_count"":13670,""pipe_busy_cycles"":{""PIPE_M"":438792,""PIPE_MTE2"":21548,""PIPE_MTE3"":17,""PIPE_V"":325189},""pipe_utilization"":{""PIPE_M"":0.7286337701673165,""PIPE_MTE2"":0.035781419168000636,""PIPE_MTE3"":2.822926145609852e-05,""PIPE_V"":0.5399909002145424},""task_end"":602212,""task_span_cycles"":602212,""task_start"":0}]",single,602212,0,0,0,0,False,0,1.1616170797497034,9884e679c683a418ad5bce02eb776685aa89eae405a0ea2ac9d39fa0029c5abe,59e61548feaac7f30e65f6e04ca4e46b9086de91c1484308305fc0f77f4d4eae,5d7901c6982357a6a02b9e427a676f1b46777b27c7c7b33e50b3a2fcd7a9f834
case_003,2,success,stage1_actual_winner,verified_stage1_global_fallback,388594,1862376,1862376,0,724338,949,2,"[{""active_any_pipe_cycles"":388594,""active_any_pipe_fraction"":1.0,""core_id"":0,""op_count"":9259,""pipe_busy_cycles"":{""PIPE_M"":281604,""PIPE_MTE2"":30349,""PIPE_MTE3"":7981,""PIPE_V"":196224},""pipe_utilization"":{""PIPE_M"":0.7246740814320345,""PIPE_MTE2"":0.07809950745508165,""PIPE_MTE3"":0.020538145210682614,""PIPE_V"":0.5049589031225392},""task_end"":388594,""task_span_cycles"":388594,""task_start"":0},{""active_any_pipe_cycles"":230697,""active_any_pipe_fraction"":0.5936710294034391,""core_id"":1,""op_count"":6366,""pipe_busy_cycles"":{""PIPE_M"":157188,""PIPE_MTE2"":17687,""PIPE_MTE3"":6523,""PIPE_V"":128965},""pipe_utilization"":{""PIPE_M"":0.40450444422713683,""PIPE_MTE2"":0.04551537079831392,""PIPE_MTE3"":0.01678615727468772,""PIPE_V"":0.33187594250039887},""task_end"":382813,""task_span_cycles"":382813,""task_start"":0}]",b2a_w16,388594,1862376,0,0,0,False,0,23.412005934864283,0aead8074c97d7a76d36c0ad8d8d456578fcf634d11e8cd8106c0bebd79bffcb,81907cb408bdace2ff248a3afd459d42d3160ad692c5ce8e1b9ff30cb4402e03,d95a3a1aa349c7aaf512099a863f2fce8c284f1610868a8d22ef74b00b3c7c7b
case_003,3,success,map_locality@b2a_w16,scene_b_fixed_partition_mapping,297706,2720064,2720064,0,1014940,1188,3,"[{""active_any_pipe_cycles"":207038,""active_any_pipe_fraction"":0.6954444989351911,""core_id"":0,""op_count"":4935,""pipe_busy_cycles"":{""PIPE_M"":148800,""PIPE_MTE2"":20668,""PIPE_MTE3"":7471,""PIPE_V"":97691},""pipe_utilization"":{""PIPE_M"":0.49982197201265677,""PIPE_MTE2"":0.0694241970265967,""PIPE_MTE3"":0.025095228178135476,""PIPE_V"":0.32814588889709984},""task_end"":293481,""task_span_cycles"":293481,""task_start"":0},{""active_any_pipe_cycles"":180504,""active_any_pipe_fraction"":0.6063162986301922,""core_id"":1,""op_count"":4643,""pipe_busy_cycles"":{""PIPE_M"":128072,""PIPE_MTE2"":24462,""PIPE_MTE3"":4756,""PIPE_V"":98334},""pipe_utilization"":{""PIPE_M"":0.430196233868313,""PIPE_MTE2"":0.08216831370546782,""PIPE_MTE3"":0.01597549260008196,""PIPE_V"":0.3303057378756223},""task_end"":297706,""task_span_cycles"":297706,""task_start"":0},{""active_any_pipe_cycles"":231667,""active_any_pipe_fraction"":0.7781737687517215,""core_id"":2,""op_count"":6568,""pipe_busy_cycles"":{""PIPE_M"":161920,""PIPE_MTE2"":29637,""PIPE_MTE3"":10902,""PIPE_V"":129164},""pipe_utilization"":{""PIPE_M"":0.543892296426676,""PIPE_MTE2"":0.09955123511114992,""PIPE_MTE3"":0.03662002109463699,""PIPE_V"":0.4338642822113091},""task_end"":290088,""task_span_cycles"":290088,""task_start"":0}]",b2a_w16,299116,2730816,-1410,-10752,0,True,0,53.0145659763366,b3a4271d5f7013830a478c8202535ba23a193771fb1be385eafbdfde6a0957b3,519400a6d6100234701057b5ace83cfc38eaa95b1efd2ede04d407f60e853e41,d8bf3f2cbe8fe491354a58456d5469a099b08022c698b0451d8363aaca7a1935
case_003,4,success,stage1_actual_winner,verified_stage1_global_fallback,286318,3410168,3410168,0,1181814,1417,4,"[{""active_any_pipe_cycles"":206472,""active_any_pipe_fraction"":0.7211282559950823,""core_id"":0,""op_count"":5963,""pipe_busy_cycles"":{""PIPE_M"":140984,""PIPE_MTE2"":38013,""PIPE_MTE3"":12512,""PIPE_V"":113111},""pipe_utilization"":{""PIPE_M"":0.4924035512961113,""PIPE_MTE2"":0.13276496762341172,""PIPE_MTE3"":0.04369966261289895,""PIPE_V"":0.39505375142324267},""task_end"":274315,""task_span_cycles"":274315,""task_start"":0},{""active_any_pipe_cycles"":200811,""active_any_pipe_fraction"":0.7013565336444093,""core_id"":1,""op_count"":5654,""pipe_busy_cycles"":{""PIPE_M"":144936,""PIPE_MTE2"":24833,""PIPE_MTE3"":9795,""PIPE_V"":105021},""pipe_utilization"":{""PIPE_M"":0.5062063859065794,""PIPE_MTE2"":0.08673223478789319,""PIPE_MTE3"":0.03421021381820214,""PIPE_V"":0.3667984548648705},""task_end"":286318,""task_span_cycles"":286318,""task_start"":0},{""active_any_pipe_cycles"":119224,""active_any_pipe_fraction"":0.41640413805628707,""core_id"":2,""op_count"":2506,""pipe_busy_cycles"":{""PIPE_M"":80264,""PIPE_MTE2"":26207,""PIPE_MTE3"":5846,""PIPE_V"":51934},""pipe_utilization"":{""PIPE_M"":0.28033165920410175,""PIPE_MTE2"":0.09153109479669458,""PIPE_MTE3"":0.020417857068015285,""PIPE_V"":0.18138573194839305},""task_end"":277865,""task_span_cycles"":277865,""task_start"":0},{""active_any_pipe_cycles"":112315,""active_any_pipe_fraction"":0.39227362582862413,""core_id"":3,""op_count"":2531,""pipe_busy_cycles"":{""PIPE_M"":72608,""PIPE_MTE2"":30012,""PIPE_MTE3"":6193,""PIPE_V"":55123},""pipe_utilization"":{""PIPE_M"":0.2535921597664136,""PIPE_MTE2"":0.1048205142533826,""PIPE_MTE3"":0.02162979624054373,""PIPE_V"":0.19252369742733605},""task_end"":276755,""task_span_cycles"":276755,""task_start"":0}]",b2a_w16,286318,3410168,0,0,0,False,0,63.016873398795724,53c8239d08f2a5353ffe4032c431d3bda85c051319c84ad72f47cbc60c8f02b8,536b41d356209ffde30f91036674e0c0fae901ef79171ad41e19d7b8453631f4,66d6d3a8c21a550ebefd3f9a6c8b5c6ab861835e4fd9890354ef7bac391498e5
case_003,5,success,stage1_actual_winner,verified_stage1_global_fallback,252968,4152832,4152832,0,1354488,1674,5,"[{""active_any_pipe_cycles"":252968,""active_any_pipe_fraction"":1.0,""core_id"":0,""op_count"":7184,""pipe_busy_cycles"":{""PIPE_M"":180528,""PIPE_MTE2"":37073,""PIPE_MTE3"":17669,""PIPE_V"":134377},""pipe_utilization"":{""PIPE_M"":0.7136396698396635,""PIPE_MTE2"":0.1465521330761203,""PIPE_MTE3"":0.06984677903924608,""PIPE_V"":0.5312015749027545},""task_end"":252968,""task_span_cycles"":252968,""task_start"":0},{""active_any_pipe_cycles"":116619,""active_any_pipe_fraction"":0.4610029727080105,""core_id"":1,""op_count"":3698,""pipe_busy_cycles"":{""PIPE_M"":77984,""PIPE_MTE2"":23670,""PIPE_MTE3"":7171,""PIPE_V"":64839},""pipe_utilization"":{""PIPE_M"":0.3082761455994434,""PIPE_MTE2"":0.09356914708579742,""PIPE_MTE3"":0.028347458967142088,""PIPE_V"":0.2563130514531482},""task_end"":241959,""task_span_cycles"":241959,""task_start"":0},{""active_any_pipe_cycles"":112332,""active_any_pipe_fraction"":0.44405616520666646,""core_id"":2,""op_count"":2290,""pipe_busy_cycles"":{""PIPE_M"":70544,""PIPE_MTE2"":32506,""PIPE_MTE3"":7335,""PIPE_V"":46820},""pipe_utilization"":{""PIPE_M"":0.27886531102748174,""PIPE_MTE2"":0.1284984662091648,""PIPE_MTE3"":0.028995762309857374,""PIPE_V"":0.18508269820688783},""task_end"":243746,""task_span_cycles"":243746,""task_start"":0},{""active_any_pipe_cycles"":102242,""active_any_pipe_fraction"":0.4041696973530249,""core_id"":3,""op_count"":2249,""pipe_busy_cycles"":{""PIPE_M"":66608,""PIPE_MTE2"":35672,""PIPE_MTE3"":6511,""PIPE_V"":43995},""pipe_utilization"":{""PIPE_M"":0.2633060308023149,""PIPE_MTE2"":0.1410138831789001,""PIPE_MTE3"":0.02573843331962936,""PIPE_V"":0.17391527782170077},""task_end"":245534,""task_span_cycles"":245534,""task_start"":0},{""active_any_pipe_cycles"":73176,""active_any_pipe_fraction"":0.28926978906422945,""core_id"":4,""op_count"":1788,""pipe_busy_cycles"":{""PIPE_M"":43128,""PIPE_MTE2"":25116,""PIPE_MTE3"":7581,""PIPE_V"":35158},""pipe_utilization"":{""PIPE_M"":0.17048796685746814,""PIPE_MTE2"":0.09928528509534802,""PIPE_MTE3"":0.0299682173239303,""PIPE_V"":0.13898200562917049},""task_end"":242507,""task_span_cycles"":242507,""task_start"":0}]",b2a_w16,252968,4152832,0,0,0,False,0,74.63693236745894,c4600840ef944fcaaf6dbcc6a16aa7f36be0c61688cb3f0fb8ea29c0cf87d936,5c8a7079fcd12825c100e6acab78efff8c62fe40878207af48059e9128c2dac1,a5742899b3feacd521a4a8840694357dde6f4e156a24a172466cab73e6bc64ef
case_004,1,success,stage1_actual_winner,verified_stage1_global_fallback,392357,0,0,0,0,0,1,"[{""active_any_pipe_cycles"":392357,""active_any_pipe_fraction"":1.0,""core_id"":0,""op_count"":1002,""pipe_busy_cycles"":{""PIPE_M"":385614,""PIPE_MTE2"":12193,""PIPE_MTE3"":10348,""PIPE_V"":47952},""pipe_utilization"":{""PIPE_M"":0.9828141208134429,""PIPE_MTE2"":0.031076290215288627,""PIPE_MTE3"":0.026373940059690536,""PIPE_V"":0.12221522745866648},""task_end"":392357,""task_span_cycles"":392357,""task_start"":0}]",single,392357,0,0,0,0,False,0,0.07410089485347271,2c384cb279beb8e7c1d475033d20417f9be21aae85ba7cd3f27346a871c476f2,2be095fa21b5a684c0942382e4142aacda3287bbe85f3ede09ab7a5f720f5245,9102b4353980940fe17669c5e430f12b1a7f84442937b6fd30cc6493d17b02ee
case_004,2,success,stage1_actual_winner,verified_stage1_global_fallback,216172,2909184,1913856,995328,768000,139,2,"[{""active_any_pipe_cycles"":216172,""active_any_pipe_fraction"":1.0,""core_id"":0,""op_count"":867,""pipe_busy_cycles"":{""PIPE_M"":193386,""PIPE_MTE2"":36305,""PIPE_MTE3"":21021,""PIPE_V"":25032},""pipe_utilization"":{""PIPE_M"":0.894593194308236,""PIPE_MTE2"":0.16794496974631312,""PIPE_MTE3"":0.09724201099124771,""PIPE_V"":0.11579668042114613},""task_end"":216172,""task_span_cycles"":216172,""task_start"":0},{""active_any_pipe_cycles"":209370,""active_any_pipe_fraction"":0.9685343152674722,""core_id"":1,""op_count"":707,""pipe_busy_cycles"":{""PIPE_M"":192228,""PIPE_MTE2"":30033,""PIPE_MTE3"":22749,""PIPE_V"":22920},""pipe_utilization"":{""PIPE_M"":0.8892363488333365,""PIPE_MTE2"":0.13893103639694318,""PIPE_MTE3"":0.10523564568954351,""PIPE_V"":0.10602668245656237},""task_end"":209370,""task_span_cycles"":209370,""task_start"":0}]",b2a_w4,216172,2909184,0,0,0,False,0,2.0086271185427904,39c1602ac033f77072dc7517d291be3a2f3385ea8e1cfac1c066495c7f86cdd4,153efedc0481ace780237a398af087e89467a9caa35bb18429ab91d7799f258b,5f532df276ae437f3d13a9aca9ceedfc278101ef69d5a926051377a7420fd135
case_004,3,success,map_locality@b2a_w4,scene_b_fixed_partition_mapping,142257,2110464,1400832,709632,513024,93,3,"[{""active_any_pipe_cycles"":141582,""active_any_pipe_fraction"":0.9952550665345115,""core_id"":0,""op_count"":537,""pipe_busy_cycles"":{""PIPE_M"":128538,""PIPE_MTE2"":28425,""PIPE_MTE3"":15318,""PIPE_V"":16554},""pipe_utilization"":{""PIPE_M"":0.9035618633880934,""PIPE_MTE2"":0.19981442038001646,""PIPE_MTE3"":0.10767835677681942,""PIPE_V"":0.1163668571669584},""task_end"":141582,""task_span_cycles"":141582,""task_start"":0},{""active_any_pipe_cycles"":141448,""active_any_pipe_fraction"":0.9943131093724737,""core_id"":1,""op_count"":461,""pipe_busy_cycles"":{""PIPE_M"":128538,""PIPE_MTE2"":27433,""PIPE_MTE3"":16597,""PIPE_V"":15414},""pipe_utilization"":{""PIPE_M"":0.9035618633880934,""PIPE_MTE2"":0.19284112556851332,""PIPE_MTE3"":0.11666912700253766,""PIPE_V"":0.10835319175857779},""task_end"":142257,""task_span_cycles"":142257,""task_start"":0},{""active_any_pipe_cycles"":132590,""active_any_pipe_fraction"":0.9320455232431445,""core_id"":2,""op_count"":397,""pipe_busy_cycles"":{""PIPE_M"":128538,""PIPE_MTE2"":17401,""PIPE_MTE3"":9685,""PIPE_V"":15984},""pipe_utilization"":{""PIPE_M"":0.9035618633880934,""PIPE_MTE2"":0.12232086997476398,""PIPE_MTE3"":0.06808100831593525,""PIPE_V"":0.11236002446276809},""task_end"":132590,""task_span_cycles"":132590,""task_start"":0}]",b2a_w8,143994,2350080,-1737,-239616,-1419264,True,0,3.861736299470067,270e8e12d291aae11cdb3787b9fc07a6d4395c73cae23443aec7b49d5de8d927,75897d1c90884f254ab8995794d7088bec56cf12d87009ce7a1d9ede9b7b8a3e,9e142b9c1b8506b8397b7d57ff9d74380ea248b5acecbf0c5dae6a1dd33d8981
case_004,4,success,stage1_actual_winner,verified_stage1_global_fallback,113976,3446784,3250176,196608,1277952,222,4,"[{""active_any_pipe_cycles"":113976,""active_any_pipe_fraction"":1.0,""core_id"":0,""op_count"":385,""pipe_busy_cycles"":{""PIPE_M"":96114,""PIPE_MTE2"":38722,""PIPE_MTE3"":32098,""PIPE_V"":11244},""pipe_utilization"":{""PIPE_M"":0.8432827963781849,""PIPE_MTE2"":0.3397381904962448,""PIPE_MTE3"":0.28162069207552465,""PIPE_V"":0.09865234786270793},""task_end"":113976,""task_span_cycles"":113976,""task_start"":0},{""active_any_pipe_cycles"":112132,""active_any_pipe_fraction"":0.9838211553309468,""core_id"":1,""op_count"":380,""pipe_busy_cycles"":{""PIPE_M"":97272,""PIPE_MTE2"":38596,""PIPE_MTE3"":31797,""PIPE_V"":11676},""pipe_utilization"":{""PIPE_M"":0.8534428300694883,""PIPE_MTE2"":0.33863269460237244,""PIPE_MTE3"":0.27897978521794065,""PIPE_V"":0.10244261949884186},""task_end"":112132,""task_span_cycles"":112132,""task_start"":0},{""active_any_pipe_cycles"":98888,""active_any_pipe_fraction"":0.8676212535972485,""core_id"":2,""op_count"":491,""pipe_busy_cycles"":{""PIPE_M"":96114,""PIPE_MTE2"":39710,""PIPE_MTE3"":35235,""PIPE_V"":12516},""pipe_utilization"":{""PIPE_M"":0.8432827963781849,""PIPE_MTE2"":0.34840668210851405,""PIPE_MTE3"":0.3091440303221731,""PIPE_V"":0.10981259212465783},""task_end"":98888,""task_span_cycles"":98888,""task_start"":0},{""active_any_pipe_cycles"":101561,""active_any_pipe_fraction"":0.8910735593458272,""core_id"":3,""op_count"":393,""pipe_busy_cycles"":{""PIPE_M"":96114,""PIPE_MTE2"":31826,""PIPE_MTE3"":18783,""PIPE_V"":12516},""pipe_utilization"":{""PIPE_M"":0.8432827963781849,""PIPE_MTE2"":0.27923422474907,""PIPE_MTE3"":0.16479785217940618,""PIPE_V"":0.10981259212465783},""task_end"":101561,""task_span_cycles"":101561,""task_start"":0}]",b2a_w4,113976,3446784,0,0,0,False,0,4.800708973780274,6db301e6666cbc1e4111f663091345c60d58514297fa766c70d5f4b8c2238045,69c434d6e8615b7209d08951fc7c987b18e03aef48b0a325161c03c2d3e3f20f,34089adb097a2e47e06380788cfb63b0b337d13d4c581fa2c1e312ec69112e5c
case_004,5,success,stage1_actual_winner,verified_stage1_global_fallback,98907,4343808,4270080,73728,1643520,290,5,"[{""active_any_pipe_cycles"":97338,""active_any_pipe_fraction"":0.9841366131820801,""core_id"":0,""op_count"":317,""pipe_busy_cycles"":{""PIPE_M"":77586,""PIPE_MTE2"":54860,""PIPE_MTE3"":41052,""PIPE_V"":9174},""pipe_utilization"":{""PIPE_M"":0.7844338621128939,""PIPE_MTE2"":0.5546624606954007,""PIPE_MTE3"":0.4150565682914253,""PIPE_V"":0.09275379902332494},""task_end"":97338,""task_span_cycles"":97338,""task_start"":0},{""active_any_pipe_cycles"":97865,""active_any_pipe_fraction"":0.9894648508194567,""core_id"":1,""op_count"":317,""pipe_busy_cycles"":{""PIPE_M"":77586,""PIPE_MTE2"":54623,""PIPE_MTE3"":41501,""PIPE_V"":9174},""pipe_utilization"":{""PIPE_M"":0.7844338621128939,""PIPE_MTE2"":0.552266270334759,""PIPE_MTE3"":0.4195961863164387,""PIPE_V"":0.09275379902332494},""task_end"":97865,""task_span_cycles"":97865,""task_start"":0},{""active_any_pipe_cycles"":89725,""active_any_pipe_fraction"":0.9071653169138686,""core_id"":2,""op_count"":442,""pipe_busy_cycles"":{""PIPE_M"":76428,""PIPE_MTE2"":64089,""PIPE_MTE3"":47195,""PIPE_V"":10596},""pipe_utilization"":{""PIPE_M"":0.7727258940216567,""PIPE_MTE2"":0.6479723376505202,""PIPE_MTE3"":0.4771654180189471,""PIPE_V"":0.10713094118717584},""task_end"":89725,""task_span_cycles"":89725,""task_start"":0},{""active_any_pipe_cycles"":90153,""active_any_pipe_fraction"":0.911492614274015,""core_id"":3,""op_count"":413,""pipe_busy_cycles"":{""PIPE_M"":77586,""PIPE_MTE2"":64915,""PIPE_MTE3"":48272,""PIPE_V"":9834},""pipe_utilization"":{""PIPE_M"":0.7844338621128939,""PIPE_MTE2"":0.6563236171352888,""PIPE_MTE3"":0.48805443497426876,""PIPE_V"":0.0994267342048591},""task_end"":90153,""task_span_cycles"":90153,""task_start"":0},{""active_any_pipe_cycles"":98407,""active_any_pipe_fraction"":0.9949447460745954,""core_id"":4,""op_count"":315,""pipe_busy_cycles"":{""PIPE_M"":76428,""PIPE_MTE2"":54867,""PIPE_MTE3"":40106,""PIPE_V"":9174},""pipe_utilization"":{""PIPE_M"":0.7727258940216567,""PIPE_MTE2"":0.5547332342503564,""PIPE_MTE3"":0.4054920278645596,""PIPE_V"":0.09275379902332494},""task_end"":98907,""task_span_cycles"":98907,""task_start"":0}]",b2a_w4,98907,4343808,0,0,0,False,0,7.516089376062155,586cd826266f80f61afe03499c9be8852dd91b22962582a913c05499530834cc,c1a364a4a28a8184781c5258eabee020929416cb0071c1e5fa284f4c30261158,7e6585f95dc6569493a7016491718743c4dd8f44e161b8041cb050e871b7ad36
case_005,1,success,stage1_actual_winner,verified_stage1_global_fallback,95618,0,0,0,0,0,1,"[{""active_any_pipe_cycles"":95618,""active_any_pipe_fraction"":1.0,""core_id"":0,""op_count"":4209,""pipe_busy_cycles"":{""PIPE_M"":63882,""PIPE_MTE2"":5358,""PIPE_MTE3"":247,""PIPE_V"":60930},""pipe_utilization"":{""PIPE_M"":0.6680959651948378,""PIPE_MTE2"":0.056035474492250416,""PIPE_MTE3"":0.002583195632621473,""PIPE_V"":0.6372231169863415},""task_end"":95618,""task_span_cycles"":95618,""task_start"":0}]",single,95618,0,0,0,0,False,0,0.345870453864336,f5ef7fed6dfc1dcefef4ff6e9f93c69f9c8700ae9023887c297987bd655cab19,211f957dba459390e4ce523f4c2fef4afd01dd3b8380d80aabdd3d6e313d3a13,b2ff394bb817cae05eadff278fd1a9f9f9b964356564032fc3b0bdef2a91a12c
case_005,2,success,stage1_actual_winner,verified_stage1_global_fallback,55096,900134,900134,0,396640,450,2,"[{""active_any_pipe_cycles"":51457,""active_any_pipe_fraction"":0.9339516480325251,""core_id"":0,""op_count"":2629,""pipe_busy_cycles"":{""PIPE_M"":33906,""PIPE_MTE2"":9938,""PIPE_MTE3"":4804,""PIPE_V"":31176},""pipe_utilization"":{""PIPE_M"":0.6153985770291854,""PIPE_MTE2"":0.18037607085813853,""PIPE_MTE3"":0.08719326266879629,""PIPE_V"":0.5658487004501235},""task_end"":53985,""task_span_cycles"":53985,""task_start"":0},{""active_any_pipe_cycles"":47269,""active_any_pipe_fraction"":0.8579388703354145,""core_id"":1,""op_count"":2513,""pipe_busy_cycles"":{""PIPE_M"":29976,""PIPE_MTE2"":10567,""PIPE_MTE3"":5234,""PIPE_V"":29754},""pipe_utilization"":{""PIPE_M"":0.5440685349208654,""PIPE_MTE2"":0.19179250762305794,""PIPE_MTE3"":0.09499782198344707,""PIPE_V"":0.5400392042979527},""task_end"":55096,""task_span_cycles"":55096,""task_start"":0}]",b2a_w16,55096,900134,0,0,0,False,0,9.785972125828266,c7ac8fc945f003f7ba3ca4f2617ae7c45023de2a954e5fcc49eadda080fd3463,0bc1229d27f960c7b32b1aef068c522fe1efba4c1a8bef9db01419446685db0d,d607b53b1f5283192d179e4ad695e2e5ed89a394bf5bcec51d157e858abd7139
case_005,3,success,map_locality@b2a_w16,scene_b_fixed_partition_mapping,44327,1490314,1490314,0,644880,671,3,"[{""active_any_pipe_cycles"":37160,""active_any_pipe_fraction"":0.8383152480429535,""core_id"":0,""op_count"":1910,""pipe_busy_cycles"":{""PIPE_M"":23475,""PIPE_MTE2"":13448,""PIPE_MTE3"":8937,""PIPE_V"":21177},""pipe_utilization"":{""PIPE_M"":0.5295869334716989,""PIPE_MTE2"":0.3033816861055339,""PIPE_MTE3"":0.2016152683466059,""PIPE_V"":0.47774494100660997},""task_end"":43157,""task_span_cycles"":43157,""task_start"":0},{""active_any_pipe_cycles"":35326,""active_any_pipe_fraction"":0.7969409163715118,""core_id"":1,""op_count"":1896,""pipe_busy_cycles"":{""PIPE_M"":20733,""PIPE_MTE2"":13572,""PIPE_MTE3"":7306,""PIPE_V"":20111},""pipe_utilization"":{""PIPE_M"":0.467728472488551,""PIPE_MTE2"":0.306179078214181,""PIPE_MTE3"":0.16482053827238477,""PIPE_V"":0.4536963927177567},""task_end"":44327,""task_span_cycles"":44327,""task_start"":0},{""active_any_pipe_cycles"":31708,""active_any_pipe_fraction"":0.7153202337175988,""core_id"":2,""op_count"":1802,""pipe_busy_cycles"":{""PIPE_M"":19674,""PIPE_MTE2"":13202,""PIPE_MTE3"":7189,""PIPE_V"":19642},""pipe_utilization"":{""PIPE_M"":0.4438378414961536,""PIPE_MTE2"":0.2978320211157985,""PIPE_MTE3"":0.16218106346019356,""PIPE_V"":0.4431159338552124},""task_end"":43823,""task_span_cycles"":43823,""task_start"":0}]",b2a_w16,44970,1381610,-643,108704,0,True,0,16.78211772814393,2a751c488dac5fb077501b8976065490f4ddf2912be00fbfdf81e52147ecacba,d3c61099c87914001894e655e804e3a02c44835ae19a5f93e159268559ea3b9a,ec4455f60e4090a4cb23eb74860e19fc6eff8df8b2e99a27cafafa129807727f
case_005,4,success,stage1_actual_winner,verified_stage1_global_fallback,43062,1945102,1945102,0,779632,817,4,"[{""active_any_pipe_cycles"":38110,""active_any_pipe_fraction"":0.8850030189029771,""core_id"":0,""op_count"":1731,""pipe_busy_cycles"":{""PIPE_M"":20355,""PIPE_MTE2"":25678,""PIPE_MTE3"":17347,""PIPE_V"":17971},""pipe_utilization"":{""PIPE_M"":0.47269053922251636,""PIPE_MTE2"":0.5963030049695788,""PIPE_MTE3"":0.4028377687984766,""PIPE_V"":0.41732850308856995},""task_end"":42708,""task_span_cycles"":42708,""task_start"":0},{""active_any_pipe_cycles"":32876,""active_any_pipe_fraction"":0.7634573405787005,""core_id"":1,""op_count"":1490,""pipe_busy_cycles"":{""PIPE_M"":14448,""PIPE_MTE2"":23730,""PIPE_MTE3"":12997,""PIPE_V"":14436},""pipe_utilization"":{""PIPE_M"":0.33551623240908457,""PIPE_MTE2"":0.5510659049742233,""PIPE_MTE3"":0.3018206307184989,""PIPE_V"":0.3352375644419674},""task_end"":43062,""task_span_cycles"":43062,""task_start"":0},{""active_any_pipe_cycles"":30554,""active_any_pipe_fraction"":0.7095350889415262,""core_id"":2,""op_count"":1305,""pipe_busy_cycles"":{""PIPE_M"":12141,""PIPE_MTE2"":23303,""PIPE_MTE3"":11263,""PIPE_V"":12609},""pipe_utilization"":{""PIPE_M"":0.28194231573080675,""PIPE_MTE2"":0.5411499698109702,""PIPE_MTE3"":0.26155310947006644,""PIPE_V"":0.29281036644837677},""task_end"":42013,""task_span_cycles"":42013,""task_start"":0},{""active_any_pipe_cycles"":33035,""active_any_pipe_fraction"":0.7671496911430031,""core_id"":3,""op_count"":1426,""pipe_busy_cycles"":{""PIPE_M"":16938,""PIPE_MTE2"":21341,""PIPE_MTE3"":12366,""PIPE_V"":15914},""pipe_utilization"":{""PIPE_M"":0.3933398355858994,""PIPE_MTE2"":0.4955877571873113,""PIPE_MTE3"":0.2871673401142539,""PIPE_V"":0.3695601690585667},""task_end"":42509,""task_span_cycles"":42509,""task_start"":0}]",b2a_w16,43062,1945102,0,0,0,False,0,20.72336069121957,1e31ba95c6425d163c300329bbb7211349d83a2bb890e3bd355c134166fc5e32,d67fbcb4581fb9e196d4241d4cca146a36a85b9a98b14a25f20329434c0d2049,3a3e305a04e7d3025902156edc9cddbdde0fb0bd518d1e85ec7df415c3453bb2
case_005,5,success,stage1_actual_winner,verified_stage1_global_fallback,43062,1945102,1945102,0,779632,817,4,"[{""active_any_pipe_cycles"":38110,""active_any_pipe_fraction"":0.8850030189029771,""core_id"":0,""op_count"":1731,""pipe_busy_cycles"":{""PIPE_M"":20355,""PIPE_MTE2"":25678,""PIPE_MTE3"":17347,""PIPE_V"":17971},""pipe_utilization"":{""PIPE_M"":0.47269053922251636,""PIPE_MTE2"":0.5963030049695788,""PIPE_MTE3"":0.4028377687984766,""PIPE_V"":0.41732850308856995},""task_end"":42708,""task_span_cycles"":42708,""task_start"":0},{""active_any_pipe_cycles"":32876,""active_any_pipe_fraction"":0.7634573405787005,""core_id"":1,""op_count"":1490,""pipe_busy_cycles"":{""PIPE_M"":14448,""PIPE_MTE2"":23730,""PIPE_MTE3"":12997,""PIPE_V"":14436},""pipe_utilization"":{""PIPE_M"":0.33551623240908457,""PIPE_MTE2"":0.5510659049742233,""PIPE_MTE3"":0.3018206307184989,""PIPE_V"":0.3352375644419674},""task_end"":43062,""task_span_cycles"":43062,""task_start"":0},{""active_any_pipe_cycles"":30554,""active_any_pipe_fraction"":0.7095350889415262,""core_id"":2,""op_count"":1305,""pipe_busy_cycles"":{""PIPE_M"":12141,""PIPE_MTE2"":23303,""PIPE_MTE3"":11263,""PIPE_V"":12609},""pipe_utilization"":{""PIPE_M"":0.28194231573080675,""PIPE_MTE2"":0.5411499698109702,""PIPE_MTE3"":0.26155310947006644,""PIPE_V"":0.29281036644837677},""task_end"":42013,""task_span_cycles"":42013,""task_start"":0},{""active_any_pipe_cycles"":33035,""active_any_pipe_fraction"":0.7671496911430031,""core_id"":3,""op_count"":1426,""pipe_busy_cycles"":{""PIPE_M"":16938,""PIPE_MTE2"":21341,""PIPE_MTE3"":12366,""PIPE_V"":15914},""pipe_utilization"":{""PIPE_M"":0.3933398355858994,""PIPE_MTE2"":0.4955877571873113,""PIPE_MTE3"":0.2871673401142539,""PIPE_V"":0.3695601690585667},""task_end"":42509,""task_span_cycles"":42509,""task_start"":0},{""active_any_pipe_cycles"":0,""active_any_pipe_fraction"":0.0,""core_id"":4,""op_count"":0,""pipe_busy_cycles"":{},""pipe_utilization"":{},""task_end"":0,""task_span_cycles"":0,""task_start"":0}]",inherit_k4,43062,1945102,0,0,0,False,0,21.589860271662474,5ad3b8e5cadddb37d3a7f3f68c53f0c32afddf0006c14192e0988f9dab89ae2f,3a53e350beff4e28d6500f9395f55618e923d136a1a7ed4b5d6102518772016a,3b7f71fc7df0004cfd4ffcb22bf30054fa95824907aaf6b32a0022793f0ed41d
case_006,1,success,stage1_actual_winner,verified_stage1_global_fallback,82837,16400,0,16400,0,0,1,"[{""active_any_pipe_cycles"":82837,""active_any_pipe_fraction"":1.0,""core_id"":0,""op_count"":868,""pipe_busy_cycles"":{""PIPE_M"":18660,""PIPE_MTE2"":9444,""PIPE_MTE3"":53,""PIPE_V"":69000},""pipe_utilization"":{""PIPE_M"":0.22526165843765467,""PIPE_MTE2"":0.11400702584593841,""PIPE_MTE3"":0.000639810712604271,""PIPE_V"":0.832961116409334},""task_end"":82837,""task_span_cycles"":82837,""task_start"":0}]",single,82837,16400,0,0,0,False,0,0.11866719089448452,d40408d706a30c9406558f5770a0c11a0fe555b6ef3a1bbaaefa0c8d55f32914,f88394e2c9cc3a1bd23c7d4e85f870f94e95b020d1b8db96ceeeb36638bb08b9,8747841f460bea9c5adc27bd33eec006052eb8b4afc0b49ffd8fd8c58a041fdb
case_006,2,success,stage1_actual_winner,verified_stage1_global_fallback,45613,1178898,970986,207912,347058,85,2,"[{""active_any_pipe_cycles"":45613,""active_any_pipe_fraction"":1.0,""core_id"":0,""op_count"":681,""pipe_busy_cycles"":{""PIPE_M"":11160,""PIPE_MTE2"":21257,""PIPE_MTE3"":12343,""PIPE_V"":35535},""pipe_utilization"":{""PIPE_M"":0.2446670905224388,""PIPE_MTE2"":0.4660294214368711,""PIPE_MTE3"":0.27060267906079405,""PIPE_V"":0.7790542169995396},""task_end"":45613,""task_span_cycles"":45613,""task_start"":0},{""active_any_pipe_cycles"":40542,""active_any_pipe_fraction"":0.8888255541183434,""core_id"":1,""op_count"":411,""pipe_busy_cycles"":{""PIPE_M"":7500,""PIPE_MTE2"":17664,""PIPE_MTE3"":4975,""PIPE_V"":33465},""pipe_utilization"":{""PIPE_M"":0.16442680814680025,""PIPE_MTE2"":0.387258018547344,""PIPE_MTE3"":0.1090697827373775,""PIPE_V"":0.7336724179510228},""task_end"":44004,""task_span_cycles"":44004,""task_start"":0}]",b2a_w4,45613,1178898,0,0,0,False,0,3.2543064914643764,590ec6233a288f13ea778d11f719fc9950366ec804a0df6952e2b0e5a4017460,d1ec5fab933db69826fe80efaed554d9f5705d63697974c3f185b60b51d25599,32218f481bc8c38c939f5db09780eeb208f761697d7da04221767a4fb9417eb8
case_006,3,success,stage1_actual_winner,verified_stage1_global_fallback,44201,1404444,1404444,0,578760,132,3,"[{""active_any_pipe_cycles"":42311,""active_any_pipe_fraction"":0.9572407864075474,""core_id"":0,""op_count"":332,""pipe_busy_cycles"":{""PIPE_M"":6540,""PIPE_MTE2"":29280,""PIPE_MTE3"":13349,""PIPE_V"":28003},""pipe_utilization"":{""PIPE_M"":0.1479604533834076,""PIPE_MTE2"":0.6624284518449809,""PIPE_MTE3"":0.30200674192891563,""PIPE_V"":0.6335377027669057},""task_end"":44201,""task_span_cycles"":44201,""task_start"":0},{""active_any_pipe_cycles"":34101,""active_any_pipe_fraction"":0.7714983823895387,""core_id"":1,""op_count"":406,""pipe_busy_cycles"":{""PIPE_M"":6792,""PIPE_MTE2"":28209,""PIPE_MTE3"":15217,""PIPE_V"":20001},""pipe_utilization"":{""PIPE_M"":0.1536616818624013,""PIPE_MTE2"":0.6381982308092577,""PIPE_MTE3"":0.34426822922558314,""PIPE_V"":0.45250107463632044},""task_end"":34220,""task_span_cycles"":34220,""task_start"":0},{""active_any_pipe_cycles"":33503,""active_any_pipe_fraction"":0.7579692767131966,""core_id"":2,""op_count"":414,""pipe_busy_cycles"":{""PIPE_M"":5328,""PIPE_MTE2"":24423,""PIPE_MTE3"":17153,""PIPE_V"":20996},""pipe_utilization"":{""PIPE_M"":0.12054025927015226,""PIPE_MTE2"":0.5525440600891383,""PIPE_MTE3"":0.3880681432546775,""PIPE_V"":0.4750118775593312},""task_end"":33503,""task_span_cycles"":33503,""task_start"":0}]",b2a_w4,44201,1404444,0,0,0,False,0,3.362834358587861,0c4d7ca6e8dbccc9c876e70f50ff6606524642d7a174def02567b5ddcbd3078e,55571497af5ddcbcddcc992555b09294c046a8240c7a0c6429c38c1d2b696373,59b02f2de6eab36c8dd5952ff23fc9c0a844634c4015267469de995a38a74e55
case_006,4,success,stage1_actual_winner,verified_stage1_global_fallback,44201,1404444,1404444,0,578760,132,3,"[{""active_any_pipe_cycles"":42311,""active_any_pipe_fraction"":0.9572407864075474,""core_id"":0,""op_count"":332,""pipe_busy_cycles"":{""PIPE_M"":6540,""PIPE_MTE2"":29280,""PIPE_MTE3"":13349,""PIPE_V"":28003},""pipe_utilization"":{""PIPE_M"":0.1479604533834076,""PIPE_MTE2"":0.6624284518449809,""PIPE_MTE3"":0.30200674192891563,""PIPE_V"":0.6335377027669057},""task_end"":44201,""task_span_cycles"":44201,""task_start"":0},{""active_any_pipe_cycles"":34101,""active_any_pipe_fraction"":0.7714983823895387,""core_id"":1,""op_count"":406,""pipe_busy_cycles"":{""PIPE_M"":6792,""PIPE_MTE2"":28209,""PIPE_MTE3"":15217,""PIPE_V"":20001},""pipe_utilization"":{""PIPE_M"":0.1536616818624013,""PIPE_MTE2"":0.6381982308092577,""PIPE_MTE3"":0.34426822922558314,""PIPE_V"":0.45250107463632044},""task_end"":34220,""task_span_cycles"":34220,""task_start"":0},{""active_any_pipe_cycles"":33503,""active_any_pipe_fraction"":0.7579692767131966,""core_id"":2,""op_count"":414,""pipe_busy_cycles"":{""PIPE_M"":5328,""PIPE_MTE2"":24423,""PIPE_MTE3"":17153,""PIPE_V"":20996},""pipe_utilization"":{""PIPE_M"":0.12054025927015226,""PIPE_MTE2"":0.5525440600891383,""PIPE_MTE3"":0.3880681432546775,""PIPE_V"":0.4750118775593312},""task_end"":33503,""task_span_cycles"":33503,""task_start"":0},{""active_any_pipe_cycles"":0,""active_any_pipe_fraction"":0.0,""core_id"":3,""op_count"":0,""pipe_busy_cycles"":{},""pipe_utilization"":{},""task_end"":0,""task_span_cycles"":0,""task_start"":0}]",inherit_k3,44201,1404444,0,0,0,False,0,4.693886265158653,00d3eee4e8c6f34fbcf61a89830fa742dfb56aca3f433d6f2307d9e5566b1006,71a9a99beb424ac3074da84ef28a72bb4e5ac692aa8058054010b2f7888396c6,8d83d347c11fcfddb75d6f872d4c1b5f823f8d905732a00b065ab7d84b4a573d
case_006,5,success,map_locality@b1,scene_b_fixed_partition_mapping,36044,449732,449732,0,137760,35,5,"[{""active_any_pipe_cycles"":36044,""active_any_pipe_fraction"":1.0,""core_id"":0,""op_count"":593,""pipe_busy_cycles"":{""PIPE_M"":6468,""PIPE_MTE2"":12445,""PIPE_MTE3"":50,""PIPE_V"":32523},""pipe_utilization"":{""PIPE_M"":0.17944734213738764,""PIPE_MTE2"":0.3452724447897015,""PIPE_MTE3"":0.0013871934302519143,""PIPE_V"":0.9023138386416601},""task_end"":36044,""task_span_cycles"":36044,""task_start"":0},{""active_any_pipe_cycles"":14967,""active_any_pipe_fraction"":0.415242481411608,""core_id"":1,""op_count"":87,""pipe_busy_cycles"":{""PIPE_MTE2"":6004,""PIPE_MTE3"":1139,""PIPE_V"":13183},""pipe_utilization"":{""PIPE_MTE2"":0.16657418710464988,""PIPE_MTE3"":0.031600266341138605,""PIPE_V"":0.36574741982021974},""task_end"":26346,""task_span_cycles"":26346,""task_start"":0},{""active_any_pipe_cycles"":16868,""active_any_pipe_fraction"":0.4679835756297858,""core_id"":2,""op_count"":123,""pipe_busy_cycles"":{""PIPE_M"":3696,""PIPE_MTE2"":6973,""PIPE_MTE3"":1049,""PIPE_V"":14057},""pipe_utilization"":{""PIPE_M"":0.10254133836422151,""PIPE_MTE2"":0.19345799578293196,""PIPE_MTE3"":0.029103318166685162,""PIPE_V"":0.38999556098102317},""task_end"":27655,""task_span_cycles"":27655,""task_start"":0},{""active_any_pipe_cycles"":5332,""active_any_pipe_fraction"":0.14793030740206414,""core_id"":3,""op_count"":29,""pipe_busy_cycles"":{""PIPE_M"":2352,""PIPE_MTE2"":1570,""PIPE_MTE3"":161,""PIPE_V"":2390},""pipe_utilization"":{""PIPE_M"":0.06525357895905005,""PIPE_MTE2"":0.04355787370991011,""PIPE_MTE3"":0.004466762845411164,""PIPE_V"":0.0663078459660415},""task_end"":5332,""task_span_cycles"":5332,""task_start"":0},{""active_any_pipe_cycles"":9786,""active_any_pipe_fraction"":0.2715014981689047,""core_id"":4,""op_count"":109,""pipe_busy_cycles"":{""PIPE_M"":6144,""PIPE_MTE2"":5402,""PIPE_MTE3"":650,""PIPE_V"":6847},""pipe_utilization"":{""PIPE_M"":0.17045832870935523,""PIPE_MTE2"":0.14987237820441682,""PIPE_MTE3"":0.018033514593274885,""PIPE_V"":0.18996226833869714},""task_end"":9786,""task_span_cycles"":9786,""task_start"":0}]",b1,36131,503232,-87,-53500,0,True,0,6.4339841939508915,60831ba424a25d9420198f49e12ea15c1d5bfa5e938b3b33d8bc9761a922a084,3a6274679ff9b200b42b7290bd97f3cbba536ad0949158f0dbfd42fc37f879fc,1413a8815be49195069954f38f0e377fb4684a9207c0083ec0b0572022f0ed03
case_007,1,success,stage1_actual_winner,verified_stage1_global_fallback,1012562,0,0,0,0,0,1,"[{""active_any_pipe_cycles"":1012562,""active_any_pipe_fraction"":1.0,""core_id"":0,""op_count"":4998,""pipe_busy_cycles"":{""PIPE_M"":979020,""PIPE_MTE2"":14892,""PIPE_MTE3"":14430,""PIPE_V"":253080},""pipe_utilization"":{""PIPE_M"":0.9668741272139385,""PIPE_MTE2"":0.014707247556199027,""PIPE_MTE3"":0.014250979199298413,""PIPE_V"":0.24994025057231065},""task_end"":1012562,""task_span_cycles"":1012562,""task_start"":0}]",single,1012562,0,0,0,0,False,0,0.7488680388778448,2f9f56272856e422f5cfd8c39b111f190a2382aa245cfc036013f67978bbb724,daec296d7670a2cdf14726837593f233992cb2924cc05aea99b64cd3d98ba3dc,6092a19157e7997ab83115d73e5b05397733958f3921a7b3fe98d5b6e288c9c9
case_007,2,success,stage1_actual_winner,verified_stage1_global_fallback,618914,2987520,1451520,1536000,569856,186,2,"[{""active_any_pipe_cycles"":618914,""active_any_pipe_fraction"":1.0,""core_id"":0,""op_count"":3739,""pipe_busy_cycles"":{""PIPE_M"":598584,""PIPE_MTE2"":41850,""PIPE_MTE3"":41950,""PIPE_V"":171600},""pipe_utilization"":{""PIPE_M"":0.9671521406851356,""PIPE_MTE2"":0.06761844133433724,""PIPE_MTE3"":0.06778001467085895,""PIPE_V"":0.2772598454712609},""task_end"":618914,""task_span_cycles"":618914,""task_start"":0},{""active_any_pipe_cycles"":395282,""active_any_pipe_fraction"":0.6386703160697609,""core_id"":1,""op_count"":2319,""pipe_busy_cycles"":{""PIPE_M"":380436,""PIPE_MTE2"":29536,""PIPE_MTE3"":23086,""PIPE_V"":81480},""pipe_utilization"":{""PIPE_M"":0.6146831385297473,""PIPE_MTE2"":0.0477223006750534,""PIPE_MTE3"":0.037300820469402855,""PIPE_V"":0.13164995459789244},""task_end"":395282,""task_span_cycles"":395282,""task_start"":0}]",b1,618914,2987520,0,0,0,False,0,17.330267572775483,f0a78e77640fe512cd80b37ab516b55512c240848dfd169c9af663718f501bc3,90f67faed18523511ff046a6c0e1f074c7fb4a9d6473a32e5922504dc3f9743f,b2ae9a02da0856ee4e3b0429c7df51087b460fa0dcf3d0ca8695e291246a598c
case_007,3,success,stage1_actual_winner,verified_stage1_global_fallback,425650,3151872,2408448,743424,941568,308,3,"[{""active_any_pipe_cycles"":425028,""active_any_pipe_fraction"":0.9985387055092212,""core_id"":0,""op_count"":2578,""pipe_busy_cycles"":{""PIPE_M"":408072,""PIPE_MTE2"":29766,""PIPE_MTE3"":32329,""PIPE_V"":105828},""pipe_utilization"":{""PIPE_M"":0.9587031598731353,""PIPE_MTE2"":0.06993069423235053,""PIPE_MTE3"":0.07595207329965935,""PIPE_V"":0.24862680606131798},""task_end"":425650,""task_span_cycles"":425650,""task_start"":0},{""active_any_pipe_cycles"":327712,""active_any_pipe_fraction"":0.7699095500998473,""core_id"":1,""op_count"":2062,""pipe_busy_cycles"":{""PIPE_M"":317520,""PIPE_MTE2"":28920,""PIPE_MTE3"":29537,""PIPE_V"":93084},""pipe_utilization"":{""PIPE_M"":0.7459649947139668,""PIPE_MTE2"":0.06794314577704687,""PIPE_MTE3"":0.06939269352754611,""PIPE_V"":0.2186867144367438},""task_end"":327712,""task_span_cycles"":327712,""task_start"":0},{""active_any_pipe_cycles"":263620,""active_any_pipe_fraction"":0.6193351345001762,""core_id"":2,""op_count"":1528,""pipe_busy_cycles"":{""PIPE_M"":253428,""PIPE_MTE2"":19824,""PIPE_MTE3"":16828,""PIPE_V"":54168},""pipe_utilization"":{""PIPE_M"":0.5953905791142958,""PIPE_MTE2"":0.04657347586044872,""PIPE_MTE3"":0.03953482908492893,""PIPE_V"":0.12725948549277574},""task_end"":263620,""task_span_cycles"":263620,""task_start"":0}]",b1,425650,3151872,0,0,0,False,0,29.22662967070937,4f3d319671e7019038e8af7e2e6eb7f4ce31d63c54c2c148bd482992fad52331,b507c430b3323728e254300abbf0fbde2ed7b701c82e558731a8d0e4fc09c7f4,89b1b8cef5319829f23f9768b73cb602cf22bd0a765e243c7eeaf7f6ff37ae08
case_007,4,success,map_locality@b1,scene_b_fixed_partition_mapping,326138,3087360,2749440,337920,1067520,350,4,"[{""active_any_pipe_cycles"":326138,""active_any_pipe_fraction"":1.0,""core_id"":0,""op_count"":1945,""pipe_busy_cycles"":{""PIPE_M"":311052,""PIPE_MTE2"":27652,""PIPE_MTE3"":21620,""PIPE_V"":72900},""pipe_utilization"":{""PIPE_M"":0.9537435073496495,""PIPE_MTE2"":0.08478619480097382,""PIPE_MTE3"":0.06629095658892861,""PIPE_V"":0.2235250108849628},""task_end"":326138,""task_span_cycles"":326138,""task_start"":0},{""active_any_pipe_cycles"":246766,""active_any_pipe_fraction"":0.756630628752246,""core_id"":1,""op_count"":1523,""pipe_busy_cycles"":{""PIPE_M"":238728,""PIPE_MTE2"":28590,""PIPE_MTE3"":32316,""PIPE_V"":69804},""pipe_utilization"":{""PIPE_M"":0.7319846200074815,""PIPE_MTE2"":0.0876622779314278,""PIPE_MTE3"":0.09908688959888146,""PIPE_V"":0.21403209684244093},""task_end"":246766,""task_span_cycles"":246766,""task_start"":0},{""active_any_pipe_cycles"":198516,""active_any_pipe_fraction"":0.6086871201761218,""core_id"":2,""op_count"":1173,""pipe_busy_cycles"":{""PIPE_M"":190512,""PIPE_MTE2"":24070,""PIPE_MTE3"":18217,""PIPE_V"":40608},""pipe_utilization"":{""PIPE_M"":0.5841453617793695,""PIPE_MTE2"":0.07380311401921885,""PIPE_MTE3"":0.05585672322759078,""PIPE_V"":0.12451170976703113},""task_end"":198516,""task_span_cycles"":198516,""task_start"":0},{""active_any_pipe_cycles"":246766,""active_any_pipe_fraction"":0.756630628752246,""core_id"":3,""op_count"":1522,""pipe_busy_cycles"":{""PIPE_M"":238728,""PIPE_MTE2"":27992,""PIPE_MTE3"":27050,""PIPE_V"":69768},""pipe_utilization"":{""PIPE_M"":0.7319846200074815,""PIPE_MTE2"":0.08582869828109574,""PIPE_MTE3"":0.0829403504038168,""PIPE_V"":0.21392171412101627},""task_end"":246766,""task_span_cycles"":246766,""task_start"":0}]",b1,326138,3319296,0,-231936,122880,False,0,52.955929324030876,1eb0b1f24cbdf05c5a2e19770bad59765e62eb8ce3a1218325cad61473a513c1,534c399ad8fbc620a40adb0f7baa91e72fb042ca35de7f5455a754bd4cd3be8c,ab3deee2e6f703976096717c7f82ee9ce46d00e4f14c904c65a1633519eed65b
case_007,5,success,stage1_actual_winner,verified_stage1_global_fallback,203834,110592,110592,0,0,0,5,"[{""active_any_pipe_cycles"":203834,""active_any_pipe_fraction"":1.0,""core_id"":0,""op_count"":1002,""pipe_busy_cycles"":{""PIPE_M"":195804,""PIPE_MTE2"":17390,""PIPE_MTE3"":15080,""PIPE_V"":50616},""pipe_utilization"":{""PIPE_M"":0.9606051983476751,""PIPE_MTE2"":0.08531452063934378,""PIPE_MTE3"":0.07398176947908593,""PIPE_V"":0.24831971113749424},""task_end"":203834,""task_span_cycles"":203834,""task_start"":0},{""active_any_pipe_cycles"":203834,""active_any_pipe_fraction"":1.0,""core_id"":1,""op_count"":1002,""pipe_busy_cycles"":{""PIPE_M"":195804,""PIPE_MTE2"":17390,""PIPE_MTE3"":15080,""PIPE_V"":50616},""pipe_utilization"":{""PIPE_M"":0.9606051983476751,""PIPE_MTE2"":0.08531452063934378,""PIPE_MTE3"":0.07398176947908593,""PIPE_V"":0.24831971113749424},""task_end"":203834,""task_span_cycles"":203834,""task_start"":0},{""active_any_pipe_cycles"":203834,""active_any_pipe_fraction"":1.0,""core_id"":2,""op_count"":1002,""pipe_busy_cycles"":{""PIPE_M"":195804,""PIPE_MTE2"":17390,""PIPE_MTE3"":15080,""PIPE_V"":50616},""pipe_utilization"":{""PIPE_M"":0.9606051983476751,""PIPE_MTE2"":0.08531452063934378,""PIPE_MTE3"":0.07398176947908593,""PIPE_V"":0.24831971113749424},""task_end"":203834,""task_span_cycles"":203834,""task_start"":0},{""active_any_pipe_cycles"":203834,""active_any_pipe_fraction"":1.0,""core_id"":3,""op_count"":1002,""pipe_busy_cycles"":{""PIPE_M"":195804,""PIPE_MTE2"":17390,""PIPE_MTE3"":15080,""PIPE_V"":50616},""pipe_utilization"":{""PIPE_M"":0.9606051983476751,""PIPE_MTE2"":0.08531452063934378,""PIPE_MTE3"":0.07398176947908593,""PIPE_V"":0.24831971113749424},""task_end"":203834,""task_span_cycles"":203834,""task_start"":0},{""active_any_pipe_cycles"":203834,""active_any_pipe_fraction"":1.0,""core_id"":4,""op_count"":1002,""pipe_busy_cycles"":{""PIPE_M"":195804,""PIPE_MTE2"":17390,""PIPE_MTE3"":15080,""PIPE_V"":50616},""pipe_utilization"":{""PIPE_M"":0.9606051983476751,""PIPE_MTE2"":0.08531452063934378,""PIPE_MTE3"":0.07398176947908593,""PIPE_V"":0.24831971113749424},""task_end"":203834,""task_span_cycles"":203834,""task_start"":0}]",b0,203834,110592,0,0,0,False,0,53.41952695325017,1e501f1c4c19c1afd51c4fad8ac29e21ba422f5d04aed068da7b20e64306311b,e56f9af722bd21019f1e0bbc14ffc5d17e7a81ca3500b39c0f9e11d713b066be,c884b879fb2d2eaf3249ff56463bd755fcef95a2155c479011ddf819119ed3cf
case_008,1,success,stage1_actual_winner,verified_stage1_global_fallback,487605,0,0,0,0,0,1,"[{""active_any_pipe_cycles"":487605,""active_any_pipe_fraction"":1.0,""core_id"":0,""op_count"":1404,""pipe_busy_cycles"":{""PIPE_M"":250128,""PIPE_MTE2"":33480,""PIPE_MTE3"":11124,""PIPE_V"":237168},""pipe_utilization"":{""PIPE_M"":0.5129725905189652,""PIPE_MTE2"":0.06866213430953333,""PIPE_MTE3"":0.022813547851232043,""PIPE_V"":0.4863936998185006},""task_end"":487605,""task_span_cycles"":487605,""task_start"":0}]",single,487605,0,0,0,0,False,0,0.20218916609883308,9e49010cefed73ae3d54de40191e0be23e81a73ec4cb204a97d438f8d1b73e3b,9e837531d5fc299623938b51cd3f5363fd3b18cedeafa36ff575eb419ad17f94,7b7fc94497f684445550b91faa84e2a5e895e5fab87b8ddcda9a5433bd44c478
case_008,2,success,stage1_actual_winner,verified_stage1_global_fallback,242226,0,0,0,0,0,2,"[{""active_any_pipe_cycles"":242226,""active_any_pipe_fraction"":1.0,""core_id"":0,""op_count"":702,""pipe_busy_cycles"":{""PIPE_M"":125064,""PIPE_MTE2"":33730,""PIPE_MTE3"":11374,""PIPE_V"":118584},""pipe_utilization"":{""PIPE_M"":0.5163112134948354,""PIPE_MTE2"":0.1392501217870914,""PIPE_MTE3"":0.0469561483903462,""PIPE_V"":0.48955933714795274},""task_end"":242226,""task_span_cycles"":242226,""task_start"":0},{""active_any_pipe_cycles"":242226,""active_any_pipe_fraction"":1.0,""core_id"":1,""op_count"":702,""pipe_busy_cycles"":{""PIPE_M"":125064,""PIPE_MTE2"":33730,""PIPE_MTE3"":11374,""PIPE_V"":118584},""pipe_utilization"":{""PIPE_M"":0.5163112134948354,""PIPE_MTE2"":0.1392501217870914,""PIPE_MTE3"":0.0469561483903462,""PIPE_V"":0.48955933714795274},""task_end"":242226,""task_span_cycles"":242226,""task_start"":0}]",b0,242226,0,0,0,0,False,0,3.3004180546849966,6624c3a275fc9130eb7374c366735264fc9eddf037eec98aca1b6ac8ff9a5a2c,a608a302eb416e0e9ec70cd5e40f511450ba1d12b7cb727a657235a8f99eb39b,9bb95a920bd50c7f183bb071222d129ac6f4cc954d26195a5df3de62c2ef4a51
case_008,3,success,stage1_actual_winner,verified_stage1_global_fallback,163359,0,0,0,0,0,3,"[{""active_any_pipe_cycles"":163359,""active_any_pipe_fraction"":1.0,""core_id"":0,""op_count"":468,""pipe_busy_cycles"":{""PIPE_M"":83376,""PIPE_MTE2"":33480,""PIPE_MTE3"":11124,""PIPE_V"":79056},""pipe_utilization"":{""PIPE_M"":0.5103851027491598,""PIPE_MTE2"":0.20494738581896313,""PIPE_MTE3"":0.06809542173984905,""PIPE_V"":0.48394027877251944},""task_end"":163359,""task_span_cycles"":163359,""task_start"":0},{""active_any_pipe_cycles"":163359,""active_any_pipe_fraction"":1.0,""core_id"":1,""op_count"":468,""pipe_busy_cycles"":{""PIPE_M"":83376,""PIPE_MTE2"":33480,""PIPE_MTE3"":11124,""PIPE_V"":79056},""pipe_utilization"":{""PIPE_M"":0.5103851027491598,""PIPE_MTE2"":0.20494738581896313,""PIPE_MTE3"":0.06809542173984905,""PIPE_V"":0.48394027877251944},""task_end"":163359,""task_span_cycles"":163359,""task_start"":0},{""active_any_pipe_cycles"":163359,""active_any_pipe_fraction"":1.0,""core_id"":2,""op_count"":468,""pipe_busy_cycles"":{""PIPE_M"":83376,""PIPE_MTE2"":33480,""PIPE_MTE3"":11124,""PIPE_V"":79056},""pipe_utilization"":{""PIPE_M"":0.5103851027491598,""PIPE_MTE2"":0.20494738581896313,""PIPE_MTE3"":0.06809542173984905,""PIPE_V"":0.48394027877251944},""task_end"":163359,""task_span_cycles"":163359,""task_start"":0}]",b0,163359,0,0,0,0,False,0,4.711733156815171,d7cf8fbc8a65ef1a415e2c91cf21a6d3b579988b3c75fafbd050be8ab9a85e5e,8f03e3094461ad345880e1fccac2e8878c80b44e7cddd6866fa1ded1061c5a2a,063eecb50682f7b7a506d1d1e99ec60ec606499880f44e802628061ae94c2e11
case_008,4,success,stage1_actual_winner,verified_stage1_global_fallback,123060,0,0,0,0,0,4,"[{""active_any_pipe_cycles"":123060,""active_any_pipe_fraction"":1.0,""core_id"":0,""op_count"":351,""pipe_busy_cycles"":{""PIPE_M"":62532,""PIPE_MTE2"":33480,""PIPE_MTE3"":11124,""PIPE_V"":59292},""pipe_utilization"":{""PIPE_M"":0.5081423695758167,""PIPE_MTE2"":0.2720624085811799,""PIPE_MTE3"":0.09039492930277913,""PIPE_V"":0.4818137493905412},""task_end"":123060,""task_span_cycles"":123060,""task_start"":0},{""active_any_pipe_cycles"":123060,""active_any_pipe_fraction"":1.0,""core_id"":1,""op_count"":351,""pipe_busy_cycles"":{""PIPE_M"":62532,""PIPE_MTE2"":33480,""PIPE_MTE3"":11124,""PIPE_V"":59292},""pipe_utilization"":{""PIPE_M"":0.5081423695758167,""PIPE_MTE2"":0.2720624085811799,""PIPE_MTE3"":0.09039492930277913,""PIPE_V"":0.4818137493905412},""task_end"":123060,""task_span_cycles"":123060,""task_start"":0},{""active_any_pipe_cycles"":123060,""active_any_pipe_fraction"":1.0,""core_id"":2,""op_count"":351,""pipe_busy_cycles"":{""PIPE_M"":62532,""PIPE_MTE2"":33480,""PIPE_MTE3"":11124,""PIPE_V"":59292},""pipe_utilization"":{""PIPE_M"":0.5081423695758167,""PIPE_MTE2"":0.2720624085811799,""PIPE_MTE3"":0.09039492930277913,""PIPE_V"":0.4818137493905412},""task_end"":123060,""task_span_cycles"":123060,""task_start"":0},{""active_any_pipe_cycles"":123060,""active_any_pipe_fraction"":1.0,""core_id"":3,""op_count"":351,""pipe_busy_cycles"":{""PIPE_M"":62532,""PIPE_MTE2"":33480,""PIPE_MTE3"":11124,""PIPE_V"":59292},""pipe_utilization"":{""PIPE_M"":0.5081423695758167,""PIPE_MTE2"":0.2720624085811799,""PIPE_MTE3"":0.09039492930277913,""PIPE_V"":0.4818137493905412},""task_end"":123060,""task_span_cycles"":123060,""task_start"":0}]",b0,123060,0,0,0,0,False,0,6.045703060925007,98cef6b8b58888eb1a3f3a4cecca5621948209f0ebc84d0d8e408a97e60e1259,14ad84634feab30419611c476280076f143391b339f108cb76a0ed059cdaf841,66a94a74df52bdb6b61827ba38adb2fafa6bd06f01944c7dc6f1c828af89d41f
case_008,5,success,map_locality@b1,scene_b_fixed_partition_mapping,104035,481536,481536,0,240768,19,5,"[{""active_any_pipe_cycles"":97570,""active_any_pipe_fraction"":0.9378574518190993,""core_id"":0,""op_count"":286,""pipe_busy_cycles"":{""PIPE_M"":50952,""PIPE_MTE2"":29272,""PIPE_MTE3"":13243,""PIPE_V"":46398},""pipe_utilization"":{""PIPE_M"":0.4897582544336041,""PIPE_MTE2"":0.2813668476954871,""PIPE_MTE3"":0.12729369923583408,""PIPE_V"":0.44598452443889075},""task_end"":97570,""task_span_cycles"":97570,""task_start"":0},{""active_any_pipe_cycles"":97570,""active_any_pipe_fraction"":0.9378574518190993,""core_id"":1,""op_count"":288,""pipe_busy_cycles"":{""PIPE_M"":50952,""PIPE_MTE2"":29272,""PIPE_MTE3"":13555,""PIPE_V"":46548},""pipe_utilization"":{""PIPE_M"":0.4897582544336041,""PIPE_MTE2"":0.2813668476954871,""PIPE_MTE3"":0.1302926899601096,""PIPE_V"":0.44742634690248473},""task_end"":97570,""task_span_cycles"":97570,""task_start"":0},{""active_any_pipe_cycles"":97570,""active_any_pipe_fraction"":0.9378574518190993,""core_id"":2,""op_count"":288,""pipe_busy_cycles"":{""PIPE_M"":50952,""PIPE_MTE2"":29272,""PIPE_MTE3"":13555,""PIPE_V"":46548},""pipe_utilization"":{""PIPE_M"":0.4897582544336041,""PIPE_MTE2"":0.2813668476954871,""PIPE_MTE3"":0.1302926899601096,""PIPE_V"":0.44742634690248473},""task_end"":97570,""task_span_cycles"":97570,""task_start"":0},{""active_any_pipe_cycles"":88703,""active_any_pipe_fraction"":0.8526265199211803,""core_id"":3,""op_count"":292,""pipe_busy_cycles"":{""PIPE_M"":48636,""PIPE_MTE2"":27881,""PIPE_MTE3"":11683,""PIPE_V"":49362},""pipe_utilization"":{""PIPE_M"":0.467496515595713,""PIPE_MTE2"":0.26799634738309225,""PIPE_MTE3"":0.11229874561445667,""PIPE_V"":0.4744749363195079},""task_end"":88703,""task_span_cycles"":88703,""task_start"":0},{""active_any_pipe_cycles"":88926,""active_any_pipe_fraction"":0.8547700293170568,""core_id"":4,""op_count"":288,""pipe_busy_cycles"":{""PIPE_M"":48636,""PIPE_MTE2"":26428,""PIPE_MTE3"":9880,""PIPE_V"":48312},""pipe_utilization"":{""PIPE_M"":0.467496515595713,""PIPE_MTE2"":0.2540298937857452,""PIPE_MTE3"":0.094968039602057,""PIPE_V"":0.46438217907435},""task_end"":104035,""task_span_cycles"":104035,""task_start"":0}]",b1,111071,518784,-7036,-37248,0,True,0,14.154593335464597,9e6deb0c49e4a55deb65b7d7537eeb00ea6e2a72d2a64e28c4fffcb50c608746,6ccdbd604ea43d2c27730ca96cf7c57553f76ff37f96d2c760cb24d7662eb09e,091d65e05950e3aab18380170b20a38482e73e923bbbde8ac68f1940709d6fc9
case_009,1,success,stage1_actual_winner,verified_stage1_global_fallback,153261,0,0,0,0,0,1,"[{""active_any_pipe_cycles"":153261,""active_any_pipe_fraction"":1.0,""core_id"":0,""op_count"":6058,""pipe_busy_cycles"":{""PIPE_M"":65160,""PIPE_MTE2"":8453,""PIPE_MTE3"":79,""PIPE_V"":119992},""pipe_utilization"":{""PIPE_M"":0.42515708497269367,""PIPE_MTE2"":0.05515427930132258,""PIPE_MTE3"":0.000515460554217968,""PIPE_V"":0.7829258585028155},""task_end"":153261,""task_span_cycles"":153261,""task_start"":0}]",single,153261,0,0,0,0,False,0,0.359093202278018,7aa3e2e81c9dd57a463e7c451df5a095135c5308617d1f03a02a0f2b6bb60036,3eb4d1451332199a40830977b5bfaadeb4b0199ac5531752766b9415c783fab2,53a77a72cbeda024cdda7a0e705136396be8694b9ebee80776e0ae0a52a0a733
case_009,2,success,map_locality@b2a_w16,scene_b_fixed_partition_mapping,100840,934196,903980,30216,395156,500,2,"[{""active_any_pipe_cycles"":67360,""active_any_pipe_fraction"":0.667988893296311,""core_id"":0,""op_count"":3299,""pipe_busy_cycles"":{""PIPE_M"":30368,""PIPE_MTE2"":15133,""PIPE_MTE3"":7421,""PIPE_V"":55629},""pipe_utilization"":{""PIPE_M"":0.30115033716779055,""PIPE_MTE2"":0.15006941689805633,""PIPE_MTE3"":0.0735918286394288,""PIPE_V"":0.5516560888536295},""task_end"":100840,""task_span_cycles"":100840,""task_start"":0},{""active_any_pipe_cycles"":79814,""active_any_pipe_fraction"":0.7914914716382387,""core_id"":1,""op_count"":3845,""pipe_busy_cycles"":{""PIPE_M"":34792,""PIPE_MTE2"":13908,""PIPE_MTE3"":5108,""PIPE_V"":64363},""pipe_utilization"":{""PIPE_M"":0.34502181673938914,""PIPE_MTE2"":0.13792145973819914,""PIPE_MTE3"":0.05065450218167394,""PIPE_V"":0.6382685442284808},""task_end"":100191,""task_span_cycles"":100191,""task_start"":0}]",b2a_w4,102725,100408,-1885,833788,30216,True,0,13.258148696273565,10f1e8e20d3ef237173e1b102505f4ea1e130d50051a9fbc8f489aeb08b0d644,a787a3495fcf175aafa85f9c9282ee477cef36c63ff95d1e635062d714312ee3,bd15c05cb4c78e57a864dcaf66ee193a60dbd6feafdcff3999d58aa3c3738219
case_009,3,success,stage1_actual_winner,verified_stage1_global_fallback,90370,1238032,1229840,8192,521604,670,3,"[{""active_any_pipe_cycles"":73169,""active_any_pipe_fraction"":0.8096602854929733,""core_id"":0,""op_count"":3478,""pipe_busy_cycles"":{""PIPE_M"":29908,""PIPE_MTE2"":19890,""PIPE_MTE3"":10845,""PIPE_V"":56624},""pipe_utilization"":{""PIPE_M"":0.3309505366825274,""PIPE_MTE2"":0.22009516432444395,""PIPE_MTE3"":0.12000663937147284,""PIPE_V"":0.6265796171295784},""task_end"":90108,""task_span_cycles"":90108,""task_start"":0},{""active_any_pipe_cycles"":54558,""active_any_pipe_fraction"":0.603718048024787,""core_id"":1,""op_count"":2259,""pipe_busy_cycles"":{""PIPE_M"":20616,""PIPE_MTE2"":19486,""PIPE_MTE3"":7468,""PIPE_V"":37355},""pipe_utilization"":{""PIPE_M"":0.22812880380657297,""PIPE_MTE2"":0.21562465419940247,""PIPE_MTE3"":0.08263804359853934,""PIPE_V"":0.4133562022795175},""task_end"":89758,""task_span_cycles"":89758,""task_start"":0},{""active_any_pipe_cycles"":39081,""active_any_pipe_fraction"":0.4324554608830364,""core_id"":2,""op_count"":1759,""pipe_busy_cycles"":{""PIPE_M"":14636,""PIPE_MTE2"":19193,""PIPE_MTE3"":8385,""PIPE_V"":26013},""pipe_utilization"":{""PIPE_M"":0.16195640146066173,""PIPE_MTE2"":0.21238242779683522,""PIPE_MTE3"":0.09278521633285382,""PIPE_V"":0.28784995020471393},""task_end"":90370,""task_span_cycles"":90370,""task_start"":0}]",b2a_w16,90370,1238032,0,0,0,False,0,25.514217549934983,ab6509ae6ed747fb0b14009d946b325eb3f7b9d8df554827c419a330153a1522,b48769c0bd5979fc9ef0b1fb9eeb0590765735daa66f250bd5b4a0f389ecf504,15f7f7aa56dd6f74a7689c29faf5fb36fd8c403909f5105d81d65fe9d82ca275
case_009,4,success,stage1_actual_winner,verified_stage1_global_fallback,88702,1493532,1493532,0,610056,790,4,"[{""active_any_pipe_cycles"":55638,""active_any_pipe_fraction"":0.6272462853148745,""core_id"":0,""op_count"":2538,""pipe_busy_cycles"":{""PIPE_M"":19904,""PIPE_MTE2"":26362,""PIPE_MTE3"":13638,""PIPE_V"":35187},""pipe_utilization"":{""PIPE_M"":0.2243917837252824,""PIPE_MTE2"":0.2971973574440261,""PIPE_MTE3"":0.15375076097494983,""PIPE_V"":0.3966877860702126},""task_end"":88641,""task_span_cycles"":88641,""task_start"":0},{""active_any_pipe_cycles"":72663,""active_any_pipe_fraction"":0.8191810782169512,""core_id"":1,""op_count"":3088,""pipe_busy_cycles"":{""PIPE_M"":23732,""PIPE_MTE2"":29462,""PIPE_MTE3"":18091,""PIPE_V"":49568},""pipe_utilization"":{""PIPE_M"":0.2675475186579784,""PIPE_MTE2"":0.3321458366214967,""PIPE_MTE3"":0.2039525602579423,""PIPE_V"":0.558814908344795},""task_end"":88702,""task_span_cycles"":88702,""task_start"":0},{""active_any_pipe_cycles"":37095,""active_any_pipe_fraction"":0.41819801131879775,""core_id"":2,""op_count"":1251,""pipe_busy_cycles"":{""PIPE_M"":10716,""PIPE_MTE2"":24412,""PIPE_MTE3"":12055,""PIPE_V"":20161},""pipe_utilization"":{""PIPE_M"":0.12080900092444365,""PIPE_MTE2"":0.275213636671101,""PIPE_MTE3"":0.13590448918851886,""PIPE_V"":0.22728912538612434},""task_end"":88493,""task_span_cycles"":88493,""task_start"":0},{""active_any_pipe_cycles"":32430,""active_any_pipe_fraction"":0.3656061870081847,""core_id"":3,""op_count"":907,""pipe_busy_cycles"":{""PIPE_M"":10808,""PIPE_MTE2"":21624,""PIPE_MTE3"":8079,""PIPE_V"":15076},""pipe_utilization"":{""PIPE_M"":0.12184618159680728,""PIPE_MTE2"":0.24378255281729838,""PIPE_MTE3"":0.09108024621767266,""PIPE_V"":0.169962345832112},""task_end"":88340,""task_span_cycles"":88340,""task_start"":0}]",b2a_w16,88702,1493532,0,0,0,False,0,33.33386857435107,b019bef4f23050a97514f7161573e4a05fa6256d833f8097d0d5aacdc5dd9923,157faf3b60aa3733a60ec5b0b0f981ff49baf8b21d3366188acf434d806448be,56488765ddd8b5a95ccbc18c270a9f1e9e5b156cacffdeaa2da15904647cc2d4
case_009,5,success,map_locality@b2a_w16,scene_b_fixed_partition_mapping,82643,1582692,1582692,0,629546,828,5,"[{""active_any_pipe_cycles"":34300,""active_any_pipe_fraction"":0.4150381762520722,""core_id"":0,""op_count"":1038,""pipe_busy_cycles"":{""PIPE_M"":9248,""PIPE_MTE2"":24818,""PIPE_MTE3"":8246,""PIPE_V"":15267},""pipe_utilization"":{""PIPE_M"":0.11190300448918844,""PIPE_MTE2"":0.3003037159832049,""PIPE_MTE3"":0.09977856563774307,""PIPE_V"":0.18473433926648355},""task_end"":82251,""task_span_cycles"":82251,""task_start"":0},{""active_any_pipe_cycles"":35292,""active_any_pipe_fraction"":0.4270416127197706,""core_id"":1,""op_count"":1036,""pipe_busy_cycles"":{""PIPE_M"":8472,""PIPE_MTE2"":27449,""PIPE_MTE3"":12307,""PIPE_V"":17481},""pipe_utilization"":{""PIPE_M"":0.10251321951042436,""PIPE_MTE2"":0.33213944314703,""PIPE_MTE3"":0.14891763367738345,""PIPE_V"":0.21152426702806046},""task_end"":82055,""task_span_cycles"":82055,""task_start"":0},{""active_any_pipe_cycles"":33183,""active_any_pipe_fraction"":0.40152220998753674,""core_id"":2,""op_count"":1133,""pipe_busy_cycles"":{""PIPE_M"":8348,""PIPE_MTE2"":23654,""PIPE_MTE3"":12582,""PIPE_V"":16412},""pipe_utilization"":{""PIPE_M"":0.10101278995196206,""PIPE_MTE2"":0.28621903851505875,""PIPE_MTE3"":0.15224519923042484,""PIPE_V"":0.19858911220551045},""task_end"":82020,""task_span_cycles"":82020,""task_start"":0},{""active_any_pipe_cycles"":77828,""active_any_pipe_fraction"":0.9417373522258389,""core_id"":3,""op_count"":3863,""pipe_busy_cycles"":{""PIPE_M"":29932,""PIPE_MTE2"":14864,""PIPE_MTE3"":9536,""PIPE_V"":57052},""pipe_utilization"":{""PIPE_M"":0.36218433503140013,""PIPE_MTE2"":0.17985794320148107,""PIPE_MTE3"":0.11538787314110088,""PIPE_V"":0.6903427997531552},""task_end"":82643,""task_span_cycles"":82643,""task_start"":0},{""active_any_pipe_cycles"":31169,""active_any_pipe_fraction"":0.37715232990089903,""core_id"":4,""op_count"":810,""pipe_busy_cycles"":{""PIPE_M"":9160,""PIPE_MTE2"":22642,""PIPE_MTE3"":10534,""PIPE_V"":13780},""pipe_utilization"":{""PIPE_M"":0.1108381835122152,""PIPE_MTE2"":0.2739735972798664,""PIPE_MTE3"":0.12746391103904747,""PIPE_V"":0.16674128480331063},""task_end"":81881,""task_span_cycles"":81881,""task_start"":0}]",b2a_w16,84007,1602452,-1364,-19760,0,True,0,41.3686383664608,5b90eef86d8dba5ffc03544924e2be95f35a9d5131ebf23ba15b2bb9a87d8e6e,c33c18c78fdef5d8bdcb34b2dc262f49bb2269afd1c20305950844932cfb4b97,a5d38440bd25787bdcd33e2e9ed02f896dc9cbd8de877b199dcc0c226a3544a0
case_010,1,success,stage1_actual_winner,verified_stage1_global_fallback,86969,0,0,0,0,0,1,"[{""active_any_pipe_cycles"":86969,""active_any_pipe_fraction"":1.0,""core_id"":0,""op_count"":796,""pipe_busy_cycles"":{""PIPE_M"":44610,""PIPE_MTE2"":6462,""PIPE_MTE3"":39,""PIPE_V"":55496},""pipe_utilization"":{""PIPE_M"":0.5129413929101174,""PIPE_MTE2"":0.07430233761455231,""PIPE_MTE3"":0.000448435649484299,""PIPE_V"":0.6381124308661708},""task_end"":86969,""task_span_cycles"":86969,""task_start"":0}]",single,86969,0,0,0,0,False,0,0.12937631458044052,038a6e2f7f97545195df20bd7dc3b802521223c0e618f34bd9697d1f9c73ebdb,04cf08aa1e3b9223bb51277aea1d2486a7135d2448de77afd4863cc503d17534,170f8d64a31f501d5e10d77cd6f05e4808d4c06c321783534163acd88423326d
case_010,2,success,stage1_actual_winner,verified_stage1_global_fallback,53794,923272,824584,98688,390788,90,2,"[{""active_any_pipe_cycles"":48667,""active_any_pipe_fraction"":0.9046919730824999,""core_id"":0,""op_count"":402,""pipe_busy_cycles"":{""PIPE_M"":16824,""PIPE_MTE2"":10669,""PIPE_MTE3"":8315,""PIPE_V"":32295},""pipe_utilization"":{""PIPE_M"":0.3127486336766182,""PIPE_MTE2"":0.1983306688478269,""PIPE_MTE3"":0.1545711417630219,""PIPE_V"":0.6003457634680448},""task_end"":49201,""task_span_cycles"":49201,""task_start"":0},{""active_any_pipe_cycles"":47935,""active_any_pipe_fraction"":0.8910845075658995,""core_id"":1,""op_count"":624,""pipe_busy_cycles"":{""PIPE_M"":27786,""PIPE_MTE2"":10261,""PIPE_MTE3"":3683,""PIPE_V"":23201},""pipe_utilization"":{""PIPE_M"":0.5165260066178384,""PIPE_MTE2"":0.1907461798713611,""PIPE_MTE3"":0.06846488455961632,""PIPE_V"":0.43129345280142767},""task_end"":53794,""task_span_cycles"":53794,""task_start"":0}]",b2a_w4,53794,923272,0,0,0,False,0,1.6738960351794958,41ec417e5fdd069d9dc039528e6ccc9a8529b5357cb523ce8ac1f6182688a4fd,ff76d91104368310513a26a51f51b50b402b1a2cb6a46528ba726ec247e53984,b310ce585ea77029b4aab24329826a540f4bc774c9795654a60bfe9f7d57396d
case_010,3,success,stage1_actual_winner,verified_stage1_global_fallback,41359,1418344,1418344,0,554964,125,3,"[{""active_any_pipe_cycles"":36796,""active_any_pipe_fraction"":0.8896733480016441,""core_id"":0,""op_count"":413,""pipe_busy_cycles"":{""PIPE_M"":18342,""PIPE_MTE2"":19344,""PIPE_MTE3"":10911,""PIPE_V"":17847},""pipe_utilization"":{""PIPE_M"":0.443482676080176,""PIPE_MTE2"":0.46770956744602143,""PIPE_MTE3"":0.2638119877173046,""PIPE_V"":0.43151430160303683},""task_end"":36796,""task_span_cycles"":36796,""task_start"":0},{""active_any_pipe_cycles"":36644,""active_any_pipe_fraction"":0.885998210788462,""core_id"":1,""op_count"":276,""pipe_busy_cycles"":{""PIPE_M"":9180,""PIPE_MTE2"":17832,""PIPE_MTE3"":8088,""PIPE_V"":23890},""pipe_utilization"":{""PIPE_M"":0.22195894484876327,""PIPE_MTE2"":0.43115162358857806,""PIPE_MTE3"":0.19555598539616528,""PIPE_V"":0.577625184361324},""task_end"":41359,""task_span_cycles"":41359,""task_start"":0},{""active_any_pipe_cycles"":30828,""active_any_pipe_fraction"":0.7453758553156508,""core_id"":2,""op_count"":416,""pipe_busy_cycles"":{""PIPE_M"":17088,""PIPE_MTE2"":12445,""PIPE_MTE3"":6000,""PIPE_V"":13759},""pipe_utilization"":{""PIPE_M"":0.41316279407142337,""PIPE_MTE2"":0.3009018593292875,""PIPE_MTE3"":0.1450712057835054,""PIPE_V"":0.33267245339587515},""task_end"":37550,""task_span_cycles"":37550,""task_start"":0}]",b2a_w4,41359,1418344,0,0,0,False,0,2.6599988602101803,ff487b2a277dde886918252c931fd886e5b1d3dd7346f6b5fe84cf6b8a1a07db,098328bf45e6bb5bdf37eedd97aedad14be1b7ded4c8cc84a0647123172b252f,4322470cf953d7ab95bfb79fcf7a69a438310e89be31db57f4b5c2b3a26a3624
case_010,4,success,stage1_actual_winner,verified_stage1_global_fallback,38905,489772,489772,0,95766,34,4,"[{""active_any_pipe_cycles"":38905,""active_any_pipe_fraction"":1.0,""core_id"":0,""op_count"":482,""pipe_busy_cycles"":{""PIPE_M"":19482,""PIPE_MTE2"":8818,""PIPE_MTE3"":402,""PIPE_V"":23728},""pipe_utilization"":{""PIPE_M"":0.5007582572934071,""PIPE_MTE2"":0.2266546716360365,""PIPE_MTE3"":0.010332862099987149,""PIPE_V"":0.6098959002698882},""task_end"":38905,""task_span_cycles"":38905,""task_start"":0},{""active_any_pipe_cycles"":21496,""active_any_pipe_fraction"":0.5525253823416013,""core_id"":1,""op_count"":223,""pipe_busy_cycles"":{""PIPE_M"":13224,""PIPE_MTE2"":7837,""PIPE_MTE3"":1438,""PIPE_V"":11586},""pipe_utilization"":{""PIPE_M"":0.3399048965428608,""PIPE_MTE2"":0.2014394036756201,""PIPE_MTE3"":0.036961830098959,""PIPE_V"":0.29780233903097286},""task_end"":31845,""task_span_cycles"":31845,""task_start"":0},{""active_any_pipe_cycles"":16665,""active_any_pipe_fraction"":0.42835111168230305,""core_id"":2,""op_count"":110,""pipe_busy_cycles"":{""PIPE_M"":8376,""PIPE_MTE2"":5935,""PIPE_MTE3"":1703,""PIPE_V"":10626},""pipe_utilization"":{""PIPE_M"":0.21529366405346356,""PIPE_MTE2"":0.15255108597866598,""PIPE_MTE3"":0.043773293921089834,""PIPE_V"":0.273126847448914},""task_end"":16665,""task_span_cycles"":16665,""task_start"":0},{""active_any_pipe_cycles"":12905,""active_any_pipe_fraction"":0.33170543631923916,""core_id"":3,""op_count"":82,""pipe_busy_cycles"":{""PIPE_M"":3528,""PIPE_MTE2"":7852,""PIPE_MTE3"":487,""PIPE_V"":9556},""pipe_utilization"":{""PIPE_M"":0.09068243156406632,""PIPE_MTE2"":0.20182495823158977,""PIPE_MTE3"":0.012517671250481944,""PIPE_V"":0.24562395578974425},""task_end"":12905,""task_span_cycles"":12905,""task_start"":0}]",b1,38905,489772,0,0,0,False,0,4.214921562001109,933ab763114f49b5fe004ccba2b735829a744369dffd637255d4efc5287bd0e0,bc4d5fdfe936d1ee14567fa5bb6fe7682c05e04897164b6ac44f63a4dffefb16,3f58d389e1ad4dd1d6405da16b2aa55c8361ec3bf17765883b1803be80e58a35
case_010,5,success,map_locality@b1,scene_b_fixed_partition_mapping,37143,413348,413348,0,111570,35,5,"[{""active_any_pipe_cycles"":37143,""active_any_pipe_fraction"":1.0,""core_id"":0,""op_count"":435,""pipe_busy_cycles"":{""PIPE_M"":19698,""PIPE_MTE2"":8445,""PIPE_MTE3"":159,""PIPE_V"":20194},""pipe_utilization"":{""PIPE_M"":0.5303287295048865,""PIPE_MTE2"":0.22736451013649947,""PIPE_MTE3"":0.004280752766335514,""PIPE_V"":0.5436825242979835},""task_end"":37143,""task_span_cycles"":37143,""task_start"":0},{""active_any_pipe_cycles"":17029,""active_any_pipe_fraction"":0.4584713135718709,""core_id"":1,""op_count"":97,""pipe_busy_cycles"":{""PIPE_M"":15156,""PIPE_MTE2"":3540,""PIPE_MTE3"":1051,""PIPE_V"":5402},""pipe_utilization"":{""PIPE_M"":0.408044584443906,""PIPE_MTE2"":0.09530732574105484,""PIPE_MTE3"":0.02829604501521148,""PIPE_V"":0.14543790216191477},""task_end"":17029,""task_span_cycles"":17029,""task_start"":0},{""active_any_pipe_cycles"":17985,""active_any_pipe_fraction"":0.4842096761166303,""core_id"":2,""op_count"":84,""pipe_busy_cycles"":{""PIPE_M"":888,""PIPE_MTE2"":6154,""PIPE_MTE3"":732,""PIPE_V"":14349},""pipe_utilization"":{""PIPE_M"":0.023907600355383248,""PIPE_MTE2"":0.16568397813854563,""PIPE_MTE3"":0.01970761650916727,""PIPE_V"":0.38631774493175025},""task_end"":25037,""task_span_cycles"":25037,""task_start"":0},{""active_any_pipe_cycles"":18501,""active_any_pipe_fraction"":0.49810193037719086,""core_id"":3,""op_count"":239,""pipe_busy_cycles"":{""PIPE_M"":6648,""PIPE_MTE2"":6106,""PIPE_MTE3"":1112,""PIPE_V"":12773},""pipe_utilization"":{""PIPE_M"":0.1789839269848962,""PIPE_MTE2"":0.16439167541663302,""PIPE_MTE3"":0.02993834639097542,""PIPE_V"":0.3438871388956196},""task_end"":18501,""task_span_cycles"":18501,""task_start"":0},{""active_any_pipe_cycles"":5397,""active_any_pipe_fraction"":0.14530328729504888,""core_id"":4,""op_count"":40,""pipe_busy_cycles"":{""PIPE_M"":2220,""PIPE_MTE2"":1575,""PIPE_MTE3"":192,""PIPE_V"":2778},""pipe_utilization"":{""PIPE_M"":0.05976900088845812,""PIPE_MTE2"":0.04240368306275745,""PIPE_MTE3"":0.005169210887650432,""PIPE_V"":0.07479202003069219},""task_end"":5397,""task_span_cycles"":5397,""task_start"":0}]",b1,37143,548260,0,-134912,0,False,0,5.541348440572619,4fb1aafa57e1e51771ceaa914a68ca5b511a0ed7a7dbf84b298667a8e650c22b,4e4f9a1563448485df8fb69cc3806014119bb98f3566ee3f9d6fedda4d7b84bf,1dbf3373d8bfc698e0781601b176efb0e43a67432929018a28a8eb7b0319ed98
case_011,1,success,stage1_actual_winner,verified_stage1_global_fallback,184697,0,0,0,0,0,1,"[{""active_any_pipe_cycles"":184697,""active_any_pipe_fraction"":1.0,""core_id"":0,""op_count"":880,""pipe_busy_cycles"":{""PIPE_M"":184448,""PIPE_MTE2"":9221,""PIPE_MTE3"":1173,""PIPE_V"":25536},""pipe_utilization"":{""PIPE_M"":0.9986518459964158,""PIPE_MTE2"":0.04992501231747132,""PIPE_MTE3"":0.006350942354234232,""PIPE_V"":0.13825887805432682},""task_end"":184697,""task_span_cycles"":184697,""task_start"":0}]",single,184697,0,0,0,0,False,0,0.12719185650348663,dd532f33d8dba0014f7021fab8cde4ed9ea0c35357558500c69bfc1e1ceca465,938fe72d4f151dd8a5f60e6b9fc9fd81bc6e81b270b6fed741da49cc97d4c51e,80cee75d48de0436d55e157ad145cef37d4a7220f052ec5e9b4d356695b7ede4
case_011,2,success,stage1_actual_winner,verified_stage1_global_fallback,92646,180224,180224,0,0,0,2,"[{""active_any_pipe_cycles"":92646,""active_any_pipe_fraction"":1.0,""core_id"":0,""op_count"":484,""pipe_busy_cycles"":{""PIPE_M"":92224,""PIPE_MTE2"":12232,""PIPE_MTE3"":1104,""PIPE_V"":12768},""pipe_utilization"":{""PIPE_M"":0.9954450273082486,""PIPE_MTE2"":0.13202944541588413,""PIPE_MTE3"":0.011916326662780908,""PIPE_V"":0.13781490836085747},""task_end"":92646,""task_span_cycles"":92646,""task_start"":0},{""active_any_pipe_cycles"":92646,""active_any_pipe_fraction"":1.0,""core_id"":1,""op_count"":484,""pipe_busy_cycles"":{""PIPE_M"":92224,""PIPE_MTE2"":12232,""PIPE_MTE3"":1104,""PIPE_V"":12768},""pipe_utilization"":{""PIPE_M"":0.9954450273082486,""PIPE_MTE2"":0.13202944541588413,""PIPE_MTE3"":0.011916326662780908,""PIPE_V"":0.13781490836085747},""task_end"":92646,""task_span_cycles"":92646,""task_start"":0}]",b0,92646,180224,0,0,0,False,0,2.4950090404599905,22654a4b42f380f48e0bd79f98b6d1431a4d92ca02cf8b61e37715c29cb9c9fc,5ca9f12cbb2cce513d308952f22cd742ec739de698cf143976c1f39aa474527d,8bb2b1916b19e182d2939224b2b860fb9513968da8429bda91dbc5264a39d424
case_011,3,success,stage1_actual_winner,verified_stage1_global_fallback,79286,1916928,1916928,0,958464,234,3,"[{""active_any_pipe_cycles"":78211,""active_any_pipe_fraction"":0.9864414903009359,""core_id"":0,""op_count"":488,""pipe_busy_cycles"":{""PIPE_M"":67072,""PIPE_MTE2"":24251,""PIPE_MTE3"":17079,""PIPE_V"":9576},""pipe_utilization"":{""PIPE_M"":0.8459501046843074,""PIPE_MTE2"":0.30586736624372524,""PIPE_MTE3"":0.21541003455843402,""PIPE_V"":0.12077794314254724},""task_end"":78211,""task_span_cycles"":78211,""task_start"":0},{""active_any_pipe_cycles"":70839,""active_any_pipe_fraction"":0.8934616451832607,""core_id"":1,""op_count"":430,""pipe_busy_cycles"":{""PIPE_M"":58688,""PIPE_MTE2"":20720,""PIPE_MTE3"":16869,""PIPE_V"":7980},""pipe_utilization"":{""PIPE_M"":0.740206341598769,""PIPE_MTE2"":0.2613323915949852,""PIPE_MTE3"":0.2127613954544308,""PIPE_V"":0.10064828595212269},""task_end"":75917,""task_span_cycles"":75917,""task_start"":0},{""active_any_pipe_cycles"":72043,""active_any_pipe_fraction"":0.9086471760462125,""core_id"":2,""op_count"":430,""pipe_busy_cycles"":{""PIPE_M"":58688,""PIPE_MTE2"":22134,""PIPE_MTE3"":16110,""PIPE_V"":7980},""pipe_utilization"":{""PIPE_M"":0.740206341598769,""PIPE_MTE2"":0.2791665615619403,""PIPE_MTE3"":0.2031884569785334,""PIPE_V"":0.10064828595212269},""task_end"":79286,""task_span_cycles"":79286,""task_start"":0}]",b2a_w8,79286,1916928,0,0,0,False,0,2.2325580809265375,4064f45b6d1e090c9da27abd9ef245cfad7c41c355e1713a49c46bee42444295,444caaab3114d294b120b12e893ec9e3e5e33b9eafd2bb2cf15b4f1a0ae0b4fc,30a128842f8fa7bb60f9c96159e3ac0994f4acfae4c95e052a52a75ec1cd5f0c
case_011,4,success,stage1_actual_winner,verified_stage1_global_fallback,46880,540672,540672,0,0,0,4,"[{""active_any_pipe_cycles"":46880,""active_any_pipe_fraction"":1.0,""core_id"":0,""op_count"":286,""pipe_busy_cycles"":{""PIPE_M"":46112,""PIPE_MTE2"":18808,""PIPE_MTE3"":1520,""PIPE_V"":6384},""pipe_utilization"":{""PIPE_M"":0.9836177474402731,""PIPE_MTE2"":0.4011945392491468,""PIPE_MTE3"":0.032423208191126277,""PIPE_V"":0.13617747440273037},""task_end"":46880,""task_span_cycles"":46880,""task_start"":0},{""active_any_pipe_cycles"":46880,""active_any_pipe_fraction"":1.0,""core_id"":1,""op_count"":286,""pipe_busy_cycles"":{""PIPE_M"":46112,""PIPE_MTE2"":18808,""PIPE_MTE3"":1520,""PIPE_V"":6384},""pipe_utilization"":{""PIPE_M"":0.9836177474402731,""PIPE_MTE2"":0.4011945392491468,""PIPE_MTE3"":0.032423208191126277,""PIPE_V"":0.13617747440273037},""task_end"":46880,""task_span_cycles"":46880,""task_start"":0},{""active_any_pipe_cycles"":46880,""active_any_pipe_fraction"":1.0,""core_id"":2,""op_count"":286,""pipe_busy_cycles"":{""PIPE_M"":46112,""PIPE_MTE2"":18808,""PIPE_MTE3"":1520,""PIPE_V"":6384},""pipe_utilization"":{""PIPE_M"":0.9836177474402731,""PIPE_MTE2"":0.4011945392491468,""PIPE_MTE3"":0.032423208191126277,""PIPE_V"":0.13617747440273037},""task_end"":46880,""task_span_cycles"":46880,""task_start"":0},{""active_any_pipe_cycles"":46880,""active_any_pipe_fraction"":1.0,""core_id"":3,""op_count"":286,""pipe_busy_cycles"":{""PIPE_M"":46112,""PIPE_MTE2"":18808,""PIPE_MTE3"":1520,""PIPE_V"":6384},""pipe_utilization"":{""PIPE_M"":0.9836177474402731,""PIPE_MTE2"":0.4011945392491468,""PIPE_MTE3"":0.032423208191126277,""PIPE_V"":0.13617747440273037},""task_end"":46880,""task_span_cycles"":46880,""task_start"":0}]",b0,46880,540672,0,0,0,False,0,3.9038543794304132,556d2e63bb712df44ed287118497eeeb4122998cb384a0f699cfff2189448f53,7fea61be73220783c354d517dc4fa5b77afdbc966e7685dd65ce1308bafe8c12,851fc1451628c361588e12065df780bc5948c67488ab46a667ae25cc915e54e6
case_011,5,success,stage1_actual_winner,verified_stage1_global_fallback,46880,540672,540672,0,0,0,4,"[{""active_any_pipe_cycles"":46880,""active_any_pipe_fraction"":1.0,""core_id"":0,""op_count"":286,""pipe_busy_cycles"":{""PIPE_M"":46112,""PIPE_MTE2"":18808,""PIPE_MTE3"":1520,""PIPE_V"":6384},""pipe_utilization"":{""PIPE_M"":0.9836177474402731,""PIPE_MTE2"":0.4011945392491468,""PIPE_MTE3"":0.032423208191126277,""PIPE_V"":0.13617747440273037},""task_end"":46880,""task_span_cycles"":46880,""task_start"":0},{""active_any_pipe_cycles"":46880,""active_any_pipe_fraction"":1.0,""core_id"":1,""op_count"":286,""pipe_busy_cycles"":{""PIPE_M"":46112,""PIPE_MTE2"":18808,""PIPE_MTE3"":1520,""PIPE_V"":6384},""pipe_utilization"":{""PIPE_M"":0.9836177474402731,""PIPE_MTE2"":0.4011945392491468,""PIPE_MTE3"":0.032423208191126277,""PIPE_V"":0.13617747440273037},""task_end"":46880,""task_span_cycles"":46880,""task_start"":0},{""active_any_pipe_cycles"":46880,""active_any_pipe_fraction"":1.0,""core_id"":2,""op_count"":286,""pipe_busy_cycles"":{""PIPE_M"":46112,""PIPE_MTE2"":18808,""PIPE_MTE3"":1520,""PIPE_V"":6384},""pipe_utilization"":{""PIPE_M"":0.9836177474402731,""PIPE_MTE2"":0.4011945392491468,""PIPE_MTE3"":0.032423208191126277,""PIPE_V"":0.13617747440273037},""task_end"":46880,""task_span_cycles"":46880,""task_start"":0},{""active_any_pipe_cycles"":46880,""active_any_pipe_fraction"":1.0,""core_id"":3,""op_count"":286,""pipe_busy_cycles"":{""PIPE_M"":46112,""PIPE_MTE2"":18808,""PIPE_MTE3"":1520,""PIPE_V"":6384},""pipe_utilization"":{""PIPE_M"":0.9836177474402731,""PIPE_MTE2"":0.4011945392491468,""PIPE_MTE3"":0.032423208191126277,""PIPE_V"":0.13617747440273037},""task_end"":46880,""task_span_cycles"":46880,""task_start"":0},{""active_any_pipe_cycles"":0,""active_any_pipe_fraction"":0.0,""core_id"":4,""op_count"":0,""pipe_busy_cycles"":{},""pipe_utilization"":{},""task_end"":0,""task_span_cycles"":0,""task_start"":0}]",inherit_k4,46880,540672,0,0,0,False,0,4.174937272444367,45e5a3e9c3d483da9c205cf30b5a52e12b1cda82647b5dc79674f00c756c855d,c3a4ee85259fb48f56373ec35c1c34e96516f112ac355aebabfb3bd2f4c3ae8c,eb274d7c8e5a00364b3e48cdbc765d76631bf137f906de406a4e52cac0e56ce1
case_012,1,success,stage1_actual_winner,verified_stage1_global_fallback,59088,0,0,0,0,0,1,"[{""active_any_pipe_cycles"":59088,""active_any_pipe_fraction"":1.0,""core_id"":0,""op_count"":1304,""pipe_busy_cycles"":{""PIPE_M"":35572,""PIPE_MTE2"":8293,""PIPE_MTE3"":1273,""PIPE_V"":32237},""pipe_utilization"":{""PIPE_M"":0.6020173300839426,""PIPE_MTE2"":0.1403499864608719,""PIPE_MTE3"":0.021544137557541296,""PIPE_V"":0.5455760898998104},""task_end"":59088,""task_span_cycles"":59088,""task_start"":0}]",single,59088,0,0,0,0,False,0,0.10406074486672878,2299a9bcb1fef463811628875730214b4b39170c5c34df561ec2ce3b886d9dca,b1e544818b255ab54c5868e649c86d35f523cf071e352e0a343d241a43bb9976,036d6c25a88d4a4bde4be3c8407be85ae20c74b56f710fde16412d7f9a3c7b0d
case_012,2,success,map_locality@b2a_w8,scene_b_fixed_partition_mapping,33001,822146,822146,0,327580,307,2,"[{""active_any_pipe_cycles"":30994,""active_any_pipe_fraction"":0.9391836611011788,""core_id"":0,""op_count"":930,""pipe_busy_cycles"":{""PIPE_M"":18320,""PIPE_MTE2"":15998,""PIPE_MTE3"":6062,""PIPE_V"":14350},""pipe_utilization"":{""PIPE_M"":0.5551346928880942,""PIPE_MTE2"":0.4847731886912518,""PIPE_MTE3"":0.18369140329080938,""PIPE_V"":0.43483530802096904},""task_end"":33001,""task_span_cycles"":33001,""task_start"":0},{""active_any_pipe_cycles"":31655,""active_any_pipe_fraction"":0.9592133571709949,""core_id"":1,""op_count"":1037,""pipe_busy_cycles"":{""PIPE_M"":17252,""PIPE_MTE2"":16468,""PIPE_MTE3"":9248,""PIPE_V"":17887},""pipe_utilization"":{""PIPE_M"":0.5227720372109936,""PIPE_MTE2"":0.49901518135814066,""PIPE_MTE3"":0.28023393230508165,""PIPE_V"":0.5420138783673222},""task_end"":32831,""task_span_cycles"":32831,""task_start"":0}]",b2a_w8,34562,822062,-1561,84,0,True,0,3.817092264071107,144f41f92caa42fb09c3f7f05aa6a95d1871c1d5aa3f8f3415845ef315e74cdc,cafb9a5129589298454422cf0ca68b884bc4dededf4c5f52d2f43fdaad5a392e,924e3da5f46cd9b49157ddaa82804f1d1fd1ec532ab8f4e7e8f042b30cff7603
case_012,3,success,map_locality@b2a_w4,scene_b_fixed_partition_mapping,25172,690488,690488,0,271192,226,3,"[{""active_any_pipe_cycles"":24056,""active_any_pipe_fraction"":0.9556650246305419,""core_id"":0,""op_count"":567,""pipe_busy_cycles"":{""PIPE_M"":13440,""PIPE_MTE2"":16202,""PIPE_MTE3"":6364,""PIPE_V"":9236},""pipe_utilization"":{""PIPE_M"":0.5339265850945495,""PIPE_MTE2"":0.6436516764659145,""PIPE_MTE3"":0.25282059431113935,""PIPE_V"":0.36691562053074844},""task_end"":24927,""task_span_cycles"":24927,""task_start"":0},{""active_any_pipe_cycles"":22886,""active_any_pipe_fraction"":0.9091848085174002,""core_id"":1,""op_count"":690,""pipe_busy_cycles"":{""PIPE_M"":10984,""PIPE_MTE2"":15384,""PIPE_MTE3"":7786,""PIPE_V"":13557},""pipe_utilization"":{""PIPE_M"":0.43635785793739074,""PIPE_MTE2"":0.611155251867154,""PIPE_MTE3"":0.30931193389480377,""PIPE_V"":0.5385746067058637},""task_end"":23506,""task_span_cycles"":23506,""task_start"":0},{""active_any_pipe_cycles"":22901,""active_any_pipe_fraction"":0.909780708723979,""core_id"":2,""op_count"":547,""pipe_busy_cycles"":{""PIPE_M"":11148,""PIPE_MTE2"":15502,""PIPE_MTE3"":6529,""PIPE_V"":9444},""pipe_utilization"":{""PIPE_M"":0.4428730335293183,""PIPE_MTE2"":0.6158430001589067,""PIPE_MTE3"":0.2593754965835055,""PIPE_V"":0.37517877006197364},""task_end"":25172,""task_span_cycles"":25172,""task_start"":0}]",b2a_w4,26134,713818,-962,-23330,0,True,0,7.365077460184693,f2d674ec1fede1b6c73a40b8f9115e2fe13776569671047113254beed7e322cf,628da6ed9c0d2124603de9bc68690a0ea8bf1524b2d277abc5d289ed7b49105c,46155da7f169c3478a268d7d8883e8095ba4fec10ef5e702ba49aa898dcbbfe5
case_012,4,success,map_locality@b1,scene_b_fixed_partition_mapping,23486,139052,139052,0,46484,38,4,"[{""active_any_pipe_cycles"":23486,""active_any_pipe_fraction"":1.0,""core_id"":0,""op_count"":814,""pipe_busy_cycles"":{""PIPE_M"":3400,""PIPE_MTE2"":8230,""PIPE_MTE3"":218,""PIPE_V"":20814},""pipe_utilization"":{""PIPE_M"":0.14476709529081155,""PIPE_MTE2"":0.3504215277186409,""PIPE_MTE3"":0.00928212552158733,""PIPE_V"":0.8862300945243975},""task_end"":23486,""task_span_cycles"":23486,""task_start"":0},{""active_any_pipe_cycles"":18686,""active_any_pipe_fraction"":0.7956229242953249,""core_id"":1,""op_count"":308,""pipe_busy_cycles"":{""PIPE_M"":16936,""PIPE_MTE2"":6858,""PIPE_MTE3"":1549,""PIPE_V"":5155},""pipe_utilization"":{""PIPE_M"":0.7211104487779953,""PIPE_MTE2"":0.2920037469130546,""PIPE_MTE3"":0.0659541854721962,""PIPE_V"":0.2194924635953334},""task_end"":18686,""task_span_cycles"":18686,""task_start"":0},{""active_any_pipe_cycles"":12630,""active_any_pipe_fraction"":0.5377671804479264,""core_id"":2,""op_count"":239,""pipe_busy_cycles"":{""PIPE_M"":7552,""PIPE_MTE2"":5578,""PIPE_MTE3"":699,""PIPE_V"":5128},""pipe_utilization"":{""PIPE_M"":0.32155326577535553,""PIPE_MTE2"":0.2375031933918079,""PIPE_MTE3"":0.029762411649493316,""PIPE_V"":0.2183428425444946},""task_end"":13534,""task_span_cycles"":13534,""task_start"":0},{""active_any_pipe_cycles"":9266,""active_any_pipe_fraction"":0.3945329132248999,""core_id"":3,""op_count"":44,""pipe_busy_cycles"":{""PIPE_M"":7684,""PIPE_MTE2"":2926,""PIPE_MTE3"":798,""PIPE_V"":1140},""pipe_utilization"":{""PIPE_M"":0.3271736353572341,""PIPE_MTE2"":0.12458485906497488,""PIPE_MTE3"":0.03397768883590224,""PIPE_V"":0.048539555479860344},""task_end"":12217,""task_span_cycles"":12217,""task_start"":0}]",b1,24454,163180,-968,-24128,0,True,0,9.688495518639684,5d548c12743c19034d02c533f4297738df8d56f4d053f2e3fd6419f06b7b5147,7efa1a8cf82b11962d02e0a761062a2cc58784b129fbda186aa350cecb021986,85a93f8ebd200a9eb192753d243166946204dbe01f6663eca4ca3c138461cc89
case_012,5,success,map_locality@b2a_w4,scene_b_fixed_partition_mapping,23024,719316,719316,0,279302,248,5,"[{""active_any_pipe_cycles"":16475,""active_any_pipe_fraction"":0.7155576789437109,""core_id"":0,""op_count"":275,""pipe_busy_cycles"":{""PIPE_M"":5332,""PIPE_MTE2"":12848,""PIPE_MTE3"":5069,""PIPE_V"":4507},""pipe_utilization"":{""PIPE_M"":0.23158443363446837,""PIPE_MTE2"":0.5580264072272412,""PIPE_MTE3"":0.2201615705350938,""PIPE_V"":0.19575225851285616},""task_end"":22232,""task_span_cycles"":22232,""task_start"":0},{""active_any_pipe_cycles"":22229,""active_any_pipe_fraction"":0.9654708130646282,""core_id"":1,""op_count"":461,""pipe_busy_cycles"":{""PIPE_M"":6868,""PIPE_MTE2"":18198,""PIPE_MTE3"":9486,""PIPE_V"":7769},""pipe_utilization"":{""PIPE_M"":0.29829742876997917,""PIPE_MTE2"":0.7903926337734538,""PIPE_MTE3"":0.41200486448922863,""PIPE_V"":0.33743050729673385},""task_end"":22229,""task_span_cycles"":22229,""task_start"":0},{""active_any_pipe_cycles"":21864,""active_any_pipe_fraction"":0.9496177901320362,""core_id"":2,""op_count"":486,""pipe_busy_cycles"":{""PIPE_M"":8972,""PIPE_MTE2"":19821,""PIPE_MTE3"":10783,""PIPE_V"":9089},""pipe_utilization"":{""PIPE_M"":0.38968033356497567,""PIPE_MTE2"":0.8608842946490618,""PIPE_MTE3"":0.4683373870743572,""PIPE_V"":0.3947619874913134},""task_end"":21864,""task_span_cycles"":21864,""task_start"":0},{""active_any_pipe_cycles"":20465,""active_any_pipe_fraction"":0.88885510771369,""core_id"":3,""op_count"":322,""pipe_busy_cycles"":{""PIPE_M"":7080,""PIPE_MTE2"":16882,""PIPE_MTE3"":7064,""PIPE_V"":5357},""pipe_utilization"":{""PIPE_M"":0.30750521195274494,""PIPE_MTE2"":0.7332348853370396,""PIPE_MTE3"":0.3068102849200834,""PIPE_V"":0.23267025712300207},""task_end"":23024,""task_span_cycles"":23024,""task_start"":0},{""active_any_pipe_cycles"":18598,""active_any_pipe_fraction"":0.807765809589993,""core_id"":4,""op_count"":308,""pipe_busy_cycles"":{""PIPE_M"":7320,""PIPE_MTE2"":15432,""PIPE_MTE3"":4416,""PIPE_V"":5515},""pipe_utilization"":{""PIPE_M"":0.3179291174426685,""PIPE_MTE2"":0.6702571230020847,""PIPE_MTE3"":0.19179986101459348,""PIPE_V"":0.2395326615705351},""task_end"":22557,""task_span_cycles"":22557,""task_start"":0}]",inherit_k4,24454,163180,-1430,556136,0,True,0,11.704881995916367,33a6e10afbea7b72925b3bbd7582b0b4a65febc103d0e50bb19b945bc82e6947,300504143defc73a014935d5ea6169cc4b776233f5ea7133aa12b1d06192541e,d0e8803c37bb0fe731c2abe93d71b3d9f84f02aa669afe8f62778ab27c859426
case_013,1,success,stage1_actual_winner,verified_stage1_global_fallback,263949,0,0,0,0,0,1,"[{""active_any_pipe_cycles"":263949,""active_any_pipe_fraction"":1.0,""core_id"":0,""op_count"":3202,""pipe_busy_cycles"":{""PIPE_M"":263712,""PIPE_MTE2"":34685,""PIPE_MTE3"":8715,""PIPE_V"":43296},""pipe_utilization"":{""PIPE_M"":0.999102099269177,""PIPE_MTE2"":0.13140796138647998,""PIPE_MTE3"":0.03301774206380778,""PIPE_V"":0.16403168793971562},""task_end"":263949,""task_span_cycles"":263949,""task_start"":0}]",single,263949,0,0,0,0,False,0,0.4491104446351528,b43a2d879758c1855d0c5d1f91e4d37cbfb200f27ed7c8d01111594cf43b0ffe,98a0668cad932fa3f39cf3e83cffe8c6d06e58eac83dfdc2a7e398400296a4d8,6216c860573e144b5e21a22ea2e6e10c5495a191fa1aac9de503449d99490d5c
case_013,2,success,stage1_actual_winner,verified_stage1_global_fallback,165065,40960,40960,0,16384,8,2,"[{""active_any_pipe_cycles"":99813,""active_any_pipe_fraction"":0.604689061884712,""core_id"":0,""op_count"":1207,""pipe_busy_cycles"":{""PIPE_M"":99428,""PIPE_MTE2"":23368,""PIPE_MTE3"":6243,""PIPE_V"":15972},""pipe_utilization"":{""PIPE_M"":0.6023566473813347,""PIPE_MTE2"":0.1415684730257777,""PIPE_MTE3"":0.03782146427165056,""PIPE_V"":0.09676188168297338},""task_end"":99813,""task_span_cycles"":99813,""task_start"":0},{""active_any_pipe_cycles"":165065,""active_any_pipe_fraction"":1.0,""core_id"":1,""op_count"":2015,""pipe_busy_cycles"":{""PIPE_M"":164284,""PIPE_MTE2"":34291,""PIPE_MTE3"":9943,""PIPE_V"":27324},""pipe_utilization"":{""PIPE_M"":0.9952685305788629,""PIPE_MTE2"":0.2077424045073153,""PIPE_MTE3"":0.06023687638203132,""PIPE_V"":0.16553478932541726},""task_end"":165065,""task_span_cycles"":165065,""task_start"":0}]",b1,165065,40960,0,0,0,False,0,10.633996855467558,8a2c8dfd713f556b7082cf7fef3d6dffddea4a97d8c152c27aed09625fbfce31,5dfdc691de0e0e53e38ac4466f56fd554ef95a565cdc48b85909007fa6a131d8,a279f32f2a83a12e09b81fdb2d21ee0612d1f22f7479bf6b3318177f1ae8352c
case_013,3,success,stage1_actual_winner,verified_stage1_global_fallback,89317,53248,53248,0,18432,9,3,"[{""active_any_pipe_cycles"":88817,""active_any_pipe_fraction"":0.9944019615526719,""core_id"":0,""op_count"":1092,""pipe_busy_cycles"":{""PIPE_M"":87904,""PIPE_MTE2"":29434,""PIPE_MTE3"":6596,""PIPE_V"":14828},""pipe_utilization"":{""PIPE_M"":0.9841799433478509,""PIPE_MTE2"":0.329545327317308,""PIPE_MTE3"":0.07384932319715172,""PIPE_V"":0.16601542819396084},""task_end"":89317,""task_span_cycles"":89317,""task_start"":0},{""active_any_pipe_cycles"":88571,""active_any_pipe_fraction"":0.9916477266365865,""core_id"":1,""op_count"":1068,""pipe_busy_cycles"":{""PIPE_M"":87904,""PIPE_MTE2"":25892,""PIPE_MTE3"":5547,""PIPE_V"":14212},""pipe_utilization"":{""PIPE_M"":0.9841799433478509,""PIPE_MTE2"":0.2898888229564361,""PIPE_MTE3"":0.062104638534657454,""PIPE_V"":0.15911864482685267},""task_end"":88571,""task_span_cycles"":88571,""task_start"":0},{""active_any_pipe_cycles"":88193,""active_any_pipe_fraction"":0.9874156095704065,""core_id"":2,""op_count"":1068,""pipe_busy_cycles"":{""PIPE_M"":87904,""PIPE_MTE2"":29190,""PIPE_MTE3"":6909,""PIPE_V"":14256},""pipe_utilization"":{""PIPE_M"":0.9841799433478509,""PIPE_MTE2"":0.3268134845550119,""PIPE_MTE3"":0.07735369526517909,""PIPE_V"":0.15961127221021754},""task_end"":88193,""task_span_cycles"":88193,""task_start"":0}]",b1,89317,53248,0,0,0,False,0,27.53004202619195,3416ad33721cbc21236d30e3029870e3c60c2105d22a4311255da780ef26151d,599b8f0dd860297b60ccd13cb38de35ddcc0c894b049b1476cc1803dc20bb2a6,8cf723b2ca313aca4b8e161d730d50e0e6cb58d754efb7253fff4c759b304ae1
case_013,4,success,stage1_actual_winner,verified_stage1_global_fallback,83671,143360,143360,0,59392,29,4,"[{""active_any_pipe_cycles"":83311,""active_any_pipe_fraction"":0.9956974339974424,""core_id"":0,""op_count"":1057,""pipe_busy_cycles"":{""PIPE_M"":81204,""PIPE_MTE2"":39352,""PIPE_MTE3"":10474,""PIPE_V"":14608},""pipe_utilization"":{""PIPE_M"":0.9705154713102508,""PIPE_MTE2"":0.47031827036846696,""PIPE_MTE3"":0.12518076752996857,""PIPE_V"":0.17458856712600543},""task_end"":83671,""task_span_cycles"":83671,""task_start"":0},{""active_any_pipe_cycles"":67226,""active_any_pipe_fraction"":0.8034563946887213,""core_id"":1,""op_count"":806,""pipe_busy_cycles"":{""PIPE_M"":66464,""PIPE_MTE2"":38004,""PIPE_MTE3"":13100,""PIPE_V"":10428},""pipe_utilization"":{""PIPE_M"":0.7943492966499743,""PIPE_MTE2"":0.4542075510033345,""PIPE_MTE3"":0.15656559620418067,""PIPE_V"":0.12463099520741953},""task_end"":67226,""task_span_cycles"":67226,""task_start"":0},{""active_any_pipe_cycles"":66997,""active_any_pipe_fraction"":0.8007194846482055,""core_id"":2,""op_count"":803,""pipe_busy_cycles"":{""PIPE_M"":66196,""PIPE_MTE2"":37934,""PIPE_MTE3"":13038,""PIPE_V"":10428},""pipe_utilization"":{""PIPE_M"":0.7911462752925147,""PIPE_MTE2"":0.45337094094728164,""PIPE_MTE3"":0.1558245987259624,""PIPE_V"":0.12463099520741953},""task_end"":66997,""task_span_cycles"":66997,""task_start"":0},{""active_any_pipe_cycles"":50653,""active_any_pipe_fraction"":0.6053829881320888,""core_id"":3,""op_count"":606,""pipe_busy_cycles"":{""PIPE_M"":49848,""PIPE_MTE2"":30625,""PIPE_MTE3"":11098,""PIPE_V"":7832},""pipe_utilization"":{""PIPE_M"":0.5957619724874808,""PIPE_MTE2"":0.36601689952313227,""PIPE_MTE3"":0.13263854860106847,""PIPE_V"":0.09360471370008724},""task_end"":50653,""task_span_cycles"":50653,""task_start"":0}]",b1,83671,143360,0,0,0,False,0,37.33166306652129,cf20495d07daf5e54fb87078a428c8555a2c4ce150e1b3e692417f2ff683ccba,c9d7ef4191c852f9a0f449ca02122f268a95a282617d11b77e0ae91d5ca376f5,f2f52d8225d4686cf12bb50af302a44cab22a083435b255d012587a08039c1dd
case_013,5,success,stage1_actual_winner,verified_stage1_global_fallback,67008,188416,188416,0,77824,38,5,"[{""active_any_pipe_cycles"":54060,""active_any_pipe_fraction"":0.806769340974212,""core_id"":0,""op_count"":644,""pipe_busy_cycles"":{""PIPE_M"":53064,""PIPE_MTE2"":40355,""PIPE_MTE3"":13200,""PIPE_V"":8272},""pipe_utilization"":{""PIPE_M"":0.7919054441260746,""PIPE_MTE2"":0.602241523400191,""PIPE_MTE3"":0.1969914040114613,""PIPE_V"":0.12344794651384909},""task_end"":54060,""task_span_cycles"":54060,""task_start"":0},{""active_any_pipe_cycles"":54060,""active_any_pipe_fraction"":0.806769340974212,""core_id"":1,""op_count"":647,""pipe_busy_cycles"":{""PIPE_M"":53064,""PIPE_MTE2"":40567,""PIPE_MTE3"":13930,""PIPE_V"":8360},""pipe_utilization"":{""PIPE_M"":0.7919054441260746,""PIPE_MTE2"":0.6054053247373448,""PIPE_MTE3"":0.20788562559694365,""PIPE_V"":0.12476122254059217},""task_end"":54060,""task_span_cycles"":54060,""task_start"":0},{""active_any_pipe_cycles"":54060,""active_any_pipe_fraction"":0.806769340974212,""core_id"":2,""op_count"":647,""pipe_busy_cycles"":{""PIPE_M"":53064,""PIPE_MTE2"":40567,""PIPE_MTE3"":13930,""PIPE_V"":8360},""pipe_utilization"":{""PIPE_M"":0.7919054441260746,""PIPE_MTE2"":0.6054053247373448,""PIPE_MTE3"":0.20788562559694365,""PIPE_V"":0.12476122254059217},""task_end"":54060,""task_span_cycles"":54060,""task_start"":0},{""active_any_pipe_cycles"":66486,""active_any_pipe_fraction"":0.9922098853868195,""core_id"":3,""op_count"":868,""pipe_busy_cycles"":{""PIPE_M"":64320,""PIPE_MTE2"":43624,""PIPE_MTE3"":10812,""PIPE_V"":12144},""pipe_utilization"":{""PIPE_M"":0.9598853868194842,""PIPE_MTE2"":0.6510267430754537,""PIPE_MTE3"":0.1613538681948424,""PIPE_V"":0.1812320916905444},""task_end"":67008,""task_span_cycles"":67008,""task_start"":0},{""active_any_pipe_cycles"":40944,""active_any_pipe_fraction"":0.6110315186246418,""core_id"":4,""op_count"":488,""pipe_busy_cycles"":{""PIPE_M"":40200,""PIPE_MTE2"":32410,""PIPE_MTE3"":12098,""PIPE_V"":6160},""pipe_utilization"":{""PIPE_M"":0.5999283667621776,""PIPE_MTE2"":0.4836735912129895,""PIPE_MTE3"":0.1805456064947469,""PIPE_V"":0.09192932187201529},""task_end"":40944,""task_span_cycles"":40944,""task_start"":0}]",b1,67008,188416,0,0,0,False,0,47.114754132926464,8dcd10035621c47a87419ffef52eb663ed98147bfbdcf9e45c0f28d9f24b2d7d,a27a7f9ff04b306fa25c53bab995d0eca4d3b801c03bbdf95611a51eca5d7d77,0e1cb124a1f5f0c149c0466930381db63bbf1ed287f00afd666980fa1381f1df
case_014,1,success,stage1_actual_winner,verified_stage1_global_fallback,17698626,71010720,0,71010720,0,0,1,"[{""active_any_pipe_cycles"":17698626,""active_any_pipe_fraction"":1.0,""core_id"":0,""op_count"":50845,""pipe_busy_cycles"":{""PIPE_M"":17225748,""PIPE_MTE2"":1354017,""PIPE_MTE3"":2651,""PIPE_V"":1651424},""pipe_utilization"":{""PIPE_M"":0.9732816547454023,""PIPE_MTE2"":0.0765040743840793,""PIPE_MTE3"":0.00014978563872698367,""PIPE_V"":0.09330803419429282},""task_end"":17698626,""task_span_cycles"":17698626,""task_start"":0}]",single,17698626,71010720,0,0,0,False,0,3.706938486546278,e4470d63e799b39297ce8ca9f032c36890a56cad0044a10c7428fac25edf97c2,c623ac4e30dda9460f0d4aae5e350a7afd8481b58e14bd20816733a7f1450e54,3b249ae71d2aa35ebca2f68abb5fdf44167300d59d53bbfc090cf005aa5bf19c
case_014,2,success,stage1_actual_winner,verified_stage1_global_fallback,11605741,271040064,123544272,147495792,60725760,10604,2,"[{""active_any_pipe_cycles"":11605741,""active_any_pipe_fraction"":1.0,""core_id"":0,""op_count"":42628,""pipe_busy_cycles"":{""PIPE_M"":8802780,""PIPE_MTE2"":2718386,""PIPE_MTE3"":1870569,""PIPE_V"":825624},""pipe_utilization"":{""PIPE_M"":0.7584849601589421,""PIPE_MTE2"":0.23422769817110342,""PIPE_MTE3"":0.1611761799612795,""PIPE_V"":0.07113927495021645},""task_end"":11605741,""task_span_cycles"":11605741,""task_start"":0},{""active_any_pipe_cycles"":11063313,""active_any_pipe_fraction"":0.9532620967502204,""core_id"":1,""op_count"":42295,""pipe_busy_cycles"":{""PIPE_M"":8422968,""PIPE_MTE2"":2680032,""PIPE_MTE3"":1806066,""PIPE_V"":825800},""pipe_utilization"":{""PIPE_M"":0.7257587430220958,""PIPE_MTE2"":0.2309229544240217,""PIPE_MTE3"":0.1556183271710096,""PIPE_V"":0.07115443985868718},""task_end"":11455044,""task_span_cycles"":11455044,""task_start"":0}]",b2a_w4,11605741,271040064,0,0,0,False,0,251.15104661509395,55f0f8ba067eb3875dab41f87317b727321ee89b3160eca23c46e0ded71a79aa,6fcc4879f589807dd396932441e710a410abea907287727fedfc288db370e797,85e6f19194eacd265e44923c16ccfcac02193fe583f8323d7d317ad1bbf3a129
case_014,3,success,stage1_actual_winner,verified_stage1_global_fallback,8569571,266112576,176748960,89363616,86281728,15141,3,"[{""active_any_pipe_cycles"":8569571,""active_any_pipe_fraction"":1.0,""core_id"":0,""op_count"":28015,""pipe_busy_cycles"":{""PIPE_M"":5816256,""PIPE_MTE2"":2758786,""PIPE_MTE3"":1527294,""PIPE_V"":550450},""pipe_utilization"":{""PIPE_M"":0.6787102878312111,""PIPE_MTE2"":0.32192813385874275,""PIPE_MTE3"":0.1782229238779864,""PIPE_V"":0.06423308704718124},""task_end"":8569571,""task_span_cycles"":8569571,""task_start"":0},{""active_any_pipe_cycles"":8560110,""active_any_pipe_fraction"":0.9988959774065703,""core_id"":1,""op_count"":27975,""pipe_busy_cycles"":{""PIPE_M"":5816256,""PIPE_MTE2"":2762249,""PIPE_MTE3"":1517683,""PIPE_V"":550542},""pipe_utilization"":{""PIPE_M"":0.6787102878312111,""PIPE_MTE2"":0.3223322381015339,""PIPE_MTE3"":0.17710139749119297,""PIPE_V"":0.06424382270711101},""task_end"":8560110,""task_span_cycles"":8560110,""task_start"":0},{""active_any_pipe_cycles"":8128269,""active_any_pipe_fraction"":0.9485036065399306,""core_id"":2,""op_count"":27578,""pipe_busy_cycles"":{""PIPE_M"":5593236,""PIPE_MTE2"":2581052,""PIPE_MTE3"":1353596,""PIPE_V"":550432},""pipe_utilization"":{""PIPE_M"":0.652685647857985,""PIPE_MTE2"":0.30118800579398897,""PIPE_MTE3"":0.15795376454667334,""PIPE_V"":0.0642309865919776},""task_end"":8458141,""task_span_cycles"":8458141,""task_start"":0}]",b2a_w4,8569571,266112576,0,0,0,False,0,728.6092116013169,76a502a1dbdedc2fac3b5b660c4bf8beaec0f85643bba29d97598515a00ee350,c8890b1e96c73caf327997b56e85d96db64d95ce31a678a33778aa8fc27678b7,42a74eefae4b94329078ab7961e545d653892d1fe92c1c19098c301894531339
case_014,4,success,stage1_actual_winner,verified_stage1_global_fallback,7306925,260873880,190300272,70573608,92011008,16122,4,"[{""active_any_pipe_cycles"":7244715,""active_any_pipe_fraction"":0.9914861586782402,""core_id"":0,""op_count"":22110,""pipe_busy_cycles"":{""PIPE_M"":5037840,""PIPE_MTE2"":2374401,""PIPE_MTE3"":1381079,""PIPE_V"":413001},""pipe_utilization"":{""PIPE_M"":0.6894610249865709,""PIPE_MTE2"":0.3249521515548606,""PIPE_MTE3"":0.18900960390314667,""PIPE_V"":0.05652186111120615},""task_end"":7244715,""task_span_cycles"":7244715,""task_start"":0},{""active_any_pipe_cycles"":6292821,""active_any_pipe_fraction"":0.8612133010808241,""core_id"":1,""op_count"":20474,""pipe_busy_cycles"":{""PIPE_M"":4208844,""PIPE_MTE2"":2136316,""PIPE_MTE3"":1042125,""PIPE_V"":412781},""pipe_utilization"":{""PIPE_M"":0.5760075544774307,""PIPE_MTE2"":0.2923686776585226,""PIPE_MTE3"":0.14262155421056052,""PIPE_V"":0.05649175268666368},""task_end"":7212243,""task_span_cycles"":7212243,""task_start"":0},{""active_any_pipe_cycles"":6644700,""active_any_pipe_fraction"":0.9093702207152804,""core_id"":2,""op_count"":20855,""pipe_busy_cycles"":{""PIPE_M"":4237872,""PIPE_MTE2"":2470293,""PIPE_MTE3"":1227842,""PIPE_V"":412869},""pipe_utilization"":{""PIPE_M"":0.5799802242393346,""PIPE_MTE2"":0.3380755926740729,""PIPE_MTE3"":0.16803812821398878,""PIPE_V"":0.05650379605648067},""task_end"":7294538,""task_span_cycles"":7294538,""task_start"":0},{""active_any_pipe_cycles"":6048629,""active_any_pipe_fraction"":0.827794044690482,""core_id"":3,""op_count"":19620,""pipe_busy_cycles"":{""PIPE_M"":3741192,""PIPE_MTE2"":2353754,""PIPE_MTE3"":1152627,""PIPE_V"":412773},""pipe_utilization"":{""PIPE_M"":0.5120063501404489,""PIPE_MTE2"":0.32212647591154964,""PIPE_MTE3"":0.1577444684323433,""PIPE_V"":0.05649065783486214},""task_end"":7306925,""task_span_cycles"":7306925,""task_start"":0}]",b2a_w4,7306925,260873880,0,0,0,False,0,829.3114720787853,355ebb4ea1123b64c7ed1733ccc78e8050949775eebaebfca7742418a2c19d2d,f31214d69936466e12c750db21d4f59d73f21174abfcc3b24cbb45b7bbe2ae60,26158a709d838d8e55ceae0b0f1961ea86bac2b01cc440a7a95ad85977a691de
case_014,5,success,map_locality@b2a_w4,scene_b_fixed_partition_mapping,6467022,258260256,207627648,50632608,100674048,17657,5,"[{""active_any_pipe_cycles"":6467022,""active_any_pipe_fraction"":1.0,""core_id"":0,""op_count"":18283,""pipe_busy_cycles"":{""PIPE_M"":4020048,""PIPE_MTE2"":2501874,""PIPE_MTE3"":1347995,""PIPE_V"":330189},""pipe_utilization"":{""PIPE_M"":0.6216227500076542,""PIPE_MTE2"":0.3868664742442503,""PIPE_MTE3"":0.20844138151996391,""PIPE_V"":0.05105734911679596},""task_end"":6467022,""task_span_cycles"":6467022,""task_start"":0},{""active_any_pipe_cycles"":5791521,""active_any_pipe_fraction"":0.8955468220148316,""core_id"":1,""op_count"":16343,""pipe_busy_cycles"":{""PIPE_M"":3493020,""PIPE_MTE2"":2386780,""PIPE_MTE3"":1146135,""PIPE_V"":330350},""pipe_utilization"":{""PIPE_M"":0.5401280527575134,""PIPE_MTE2"":0.36906941092824486,""PIPE_MTE3"":0.17722763274966438,""PIPE_V"":0.05108224465604107},""task_end"":6334807,""task_span_cycles"":6334807,""task_start"":0},{""active_any_pipe_cycles"":5770893,""active_any_pipe_fraction"":0.8923571003778864,""core_id"":2,""op_count"":16301,""pipe_busy_cycles"":{""PIPE_M"":3465312,""PIPE_MTE2"":2354739,""PIPE_MTE3"":1133714,""PIPE_V"":330237},""pipe_utilization"":{""PIPE_M"":0.5358435459164976,""PIPE_MTE2"":0.36411488935711056,""PIPE_MTE3"":0.17530696509150578,""PIPE_V"":0.05106477138936592},""task_end"":6230423,""task_span_cycles"":6230423,""task_start"":0},{""active_any_pipe_cycles"":5891521,""active_any_pipe_fraction"":0.9110098898689382,""core_id"":3,""op_count"":16959,""pipe_busy_cycles"":{""PIPE_M"":3520728,""PIPE_MTE2"":2465826,""PIPE_MTE3"":1146747,""PIPE_V"":330169},""pipe_utilization"":{""PIPE_M"":0.5444125595985293,""PIPE_MTE2"":0.38129234754420194,""PIPE_MTE3"":0.1773222667249315,""PIPE_V"":0.051054256503225134},""task_end"":6380717,""task_span_cycles"":6380717,""task_start"":0},{""active_any_pipe_cycles"":5066248,""active_any_pipe_fraction"":0.7833973658973172,""core_id"":4,""op_count"":14425,""pipe_busy_cycles"":{""PIPE_M"":2726640,""PIPE_MTE2"":2422981,""PIPE_MTE3"":1041668,""PIPE_V"":330479},""pipe_utilization"":{""PIPE_M"":0.42162219333721146,""PIPE_MTE2"":0.37466719612210997,""PIPE_MTE3"":0.16107382965451486,""PIPE_V"":0.05110219201357286},""task_end"":6344504,""task_span_cycles"":6344504,""task_start"":0}]",b2a_w4,6514638,258576288,-47616,-316032,4123008,True,0,958.3739346731454,10be1f5c5ebb9b85ceba679caa42490219a879baa7129c688d02712bda92e865,2b221154bc27ca81fcfb624dae5e42883c5463ff39f91fcf97c8eea143804ec0,7b7e7d59db3627ebf159a75fa68bb14954a38db4085df81177c8232917fc710f
case_015,1,success,stage1_actual_winner,verified_stage1_global_fallback,177362,180256,0,180256,0,0,1,"[{""active_any_pipe_cycles"":177362,""active_any_pipe_fraction"":1.0,""core_id"":0,""op_count"":1328,""pipe_busy_cycles"":{""PIPE_M"":94980,""PIPE_MTE2"":17914,""PIPE_MTE3"":92,""PIPE_V"":101497},""pipe_utilization"":{""PIPE_M"":0.5355149355555305,""PIPE_MTE2"":0.101002469525603,""PIPE_MTE3"":0.0005187131403570099,""PIPE_V"":0.5722589957262548},""task_end"":177362,""task_span_cycles"":177362,""task_start"":0}]",single,177362,180256,0,0,0,False,0,0.19237102381885052,be67ba9c63e4822c80a1c606810e911c4fbd51ed2473b04c77d510b1ef97f1a2,192472c06a1727349dfc6dd1658dac61ace67d2c8749562f39e0d37b55dbf02c,b6a25de9c2e21904516d1eddf67f54640c6a0f15f0b04bfff89e6166643ee74f
case_015,2,success,stage1_actual_winner,verified_stage1_global_fallback,104445,2119358,1332754,786604,480516,154,2,"[{""active_any_pipe_cycles"":92402,""active_any_pipe_fraction"":0.8846952941739672,""core_id"":0,""op_count"":847,""pipe_busy_cycles"":{""PIPE_M"":49236,""PIPE_MTE2"":24813,""PIPE_MTE3"":9714,""PIPE_V"":43093},""pipe_utilization"":{""PIPE_M"":0.47140600315955766,""PIPE_MTE2"":0.23757001292546318,""PIPE_MTE3"":0.09300588826655178,""PIPE_V"":0.41259035856192255},""task_end"":104445,""task_span_cycles"":104445,""task_start"":0},{""active_any_pipe_cycles"":99422,""active_any_pipe_fraction"":0.9519077026186031,""core_id"":1,""op_count"":916,""pipe_busy_cycles"":{""PIPE_M"":45744,""PIPE_MTE2"":32594,""PIPE_MTE3"":16200,""PIPE_V"":58404},""pipe_utilization"":{""PIPE_M"":0.4379721384460721,""PIPE_MTE2"":0.31206855282684665,""PIPE_MTE3"":0.15510555794915984,""PIPE_V"":0.5591842596581933},""task_end"":100671,""task_span_cycles"":100671,""task_start"":0}]",b2a_w4,104445,2119358,0,0,0,False,0,3.2469815723598003,a6d1553f758915f16cd783af13b0c21e06f77d15e826ac9547e09bcbea7e559f,fd24b601c215f73e33a922f63ebc8733fe9a149eb174c5f5cd4e6d94610c2b20,4d13e178689f53758af3b2b630defcb9202f443e4a173992bbdfc12ea6db0db0
case_015,3,success,stage1_actual_winner,verified_stage1_global_fallback,84097,2193056,1817458,375598,682834,200,3,"[{""active_any_pipe_cycles"":84097,""active_any_pipe_fraction"":1.0,""core_id"":0,""op_count"":727,""pipe_busy_cycles"":{""PIPE_M"":38172,""PIPE_MTE2"":33096,""PIPE_MTE3"":16283,""PIPE_V"":34688},""pipe_utilization"":{""PIPE_M"":0.4539044198960724,""PIPE_MTE2"":0.3935455485926965,""PIPE_MTE3"":0.19362165118850852,""PIPE_V"":0.4124760693009263},""task_end"":84097,""task_span_cycles"":84097,""task_start"":0},{""active_any_pipe_cycles"":61811,""active_any_pipe_fraction"":0.7349964921459743,""core_id"":1,""op_count"":515,""pipe_busy_cycles"":{""PIPE_M"":25356,""PIPE_MTE2"":21832,""PIPE_MTE3"":4664,""PIPE_V"":35166},""pipe_utilization"":{""PIPE_M"":0.3015089717825844,""PIPE_MTE2"":0.2596049799636134,""PIPE_MTE3"":0.055459766697979716,""PIPE_V"":0.4181599819256335},""task_end"":80389,""task_span_cycles"":80389,""task_start"":0},{""active_any_pipe_cycles"":66840,""active_any_pipe_fraction"":0.7947964850113559,""core_id"":2,""op_count"":574,""pipe_busy_cycles"":{""PIPE_M"":31452,""PIPE_MTE2"":28403,""PIPE_MTE3"":7492,""PIPE_V"":31643},""pipe_utilization"":{""PIPE_M"":0.3739966942934944,""PIPE_MTE2"":0.3377409420074438,""PIPE_MTE3"":0.08908760122239795,""PIPE_V"":0.3762678811372582},""task_end"":77358,""task_span_cycles"":77358,""task_start"":0}]",b2a_w4,84097,2193056,0,0,0,False,0,6.195386888459325,466f0efde66ebe398c75c08e46a0cea2b6034abd2061b278b5433874c77ed7ee,c7ce257b9d4395e05f38bec4410e56bf2431e02615e755446622b82c44947206,1054be53c89486c3b92af429cbbd6fe3e124e05fe23a755fe3d0fb014b713fde
case_015,4,success,map_locality@b2a_w4,scene_b_fixed_partition_mapping,64580,2337036,2173160,163876,766988,223,4,"[{""active_any_pipe_cycles"":64580,""active_any_pipe_fraction"":1.0,""core_id"":0,""op_count"":546,""pipe_busy_cycles"":{""PIPE_M"":20340,""PIPE_MTE2"":41215,""PIPE_MTE3"":19097,""PIPE_V"":30055},""pipe_utilization"":{""PIPE_M"":0.3149581913905234,""PIPE_MTE2"":0.6382006813254878,""PIPE_MTE3"":0.2957107463611025,""PIPE_V"":0.46539176215546607},""task_end"":64580,""task_span_cycles"":64580,""task_start"":0},{""active_any_pipe_cycles"":54942,""active_any_pipe_fraction"":0.8507587488386498,""core_id"":1,""op_count"":351,""pipe_busy_cycles"":{""PIPE_M"":19080,""PIPE_MTE2"":27009,""PIPE_MTE3"":5972,""PIPE_V"":27095},""pipe_utilization"":{""PIPE_M"":0.29544750696810157,""PIPE_MTE2"":0.41822545679777023,""PIPE_MTE3"":0.09247445029420873,""PIPE_V"":0.4195571384329514},""task_end"":62550,""task_span_cycles"":62550,""task_start"":0},{""active_any_pipe_cycles"":53019,""active_any_pipe_fraction"":0.8209817280891917,""core_id"":2,""op_count"":424,""pipe_busy_cycles"":{""PIPE_M"":30324,""PIPE_MTE2"":28028,""PIPE_MTE3"":9106,""PIPE_V"":17341},""pipe_utilization"":{""PIPE_M"":0.4695571384329514,""PIPE_MTE2"":0.4340043357076494,""PIPE_MTE3"":0.14100340662743885,""PIPE_V"":0.26851966553112416},""task_end"":59470,""task_span_cycles"":59470,""task_start"":0},{""active_any_pipe_cycles"":59140,""active_any_pipe_fraction"":0.9157633942397027,""core_id"":3,""op_count"":532,""pipe_busy_cycles"":{""PIPE_M"":25236,""PIPE_MTE2"":41312,""PIPE_MTE3"":18496,""PIPE_V"":27006},""pipe_utilization"":{""PIPE_M"":0.39077113657479096,""PIPE_MTE2"":0.6397026943326107,""PIPE_MTE3"":0.2864044595850108,""PIPE_V"":0.41817900278724063},""task_end"":59140,""task_span_cycles"":59140,""task_start"":0}]",b2a_w4,67292,2446438,-2712,-109402,147480,True,0,9.397355807945132,0d5f4f1e4679d0441e92283565de2c11d4cbb0c2ee7d9931c84dd7cafd69fd9d,869e721469bcce8b44d8e7441787da508f54a6ad37eb0b695159bfa02e35aaa6,46ea4e168e590c2a6937e59b71b36118cc696ed0610fa067ecfb919a8ed04bfc
case_015,5,success,inherit_final_k4,recursive_final_winner_inheritance,64580,2337036,2173160,163876,766988,223,4,"[{""active_any_pipe_cycles"":64580,""active_any_pipe_fraction"":1.0,""core_id"":0,""op_count"":546,""pipe_busy_cycles"":{""PIPE_M"":20340,""PIPE_MTE2"":41215,""PIPE_MTE3"":19097,""PIPE_V"":30055},""pipe_utilization"":{""PIPE_M"":0.3149581913905234,""PIPE_MTE2"":0.6382006813254878,""PIPE_MTE3"":0.2957107463611025,""PIPE_V"":0.46539176215546607},""task_end"":64580,""task_span_cycles"":64580,""task_start"":0},{""active_any_pipe_cycles"":54942,""active_any_pipe_fraction"":0.8507587488386498,""core_id"":1,""op_count"":351,""pipe_busy_cycles"":{""PIPE_M"":19080,""PIPE_MTE2"":27009,""PIPE_MTE3"":5972,""PIPE_V"":27095},""pipe_utilization"":{""PIPE_M"":0.29544750696810157,""PIPE_MTE2"":0.41822545679777023,""PIPE_MTE3"":0.09247445029420873,""PIPE_V"":0.4195571384329514},""task_end"":62550,""task_span_cycles"":62550,""task_start"":0},{""active_any_pipe_cycles"":53019,""active_any_pipe_fraction"":0.8209817280891917,""core_id"":2,""op_count"":424,""pipe_busy_cycles"":{""PIPE_M"":30324,""PIPE_MTE2"":28028,""PIPE_MTE3"":9106,""PIPE_V"":17341},""pipe_utilization"":{""PIPE_M"":0.4695571384329514,""PIPE_MTE2"":0.4340043357076494,""PIPE_MTE3"":0.14100340662743885,""PIPE_V"":0.26851966553112416},""task_end"":59470,""task_span_cycles"":59470,""task_start"":0},{""active_any_pipe_cycles"":59140,""active_any_pipe_fraction"":0.9157633942397027,""core_id"":3,""op_count"":532,""pipe_busy_cycles"":{""PIPE_M"":25236,""PIPE_MTE2"":41312,""PIPE_MTE3"":18496,""PIPE_V"":27006},""pipe_utilization"":{""PIPE_M"":0.39077113657479096,""PIPE_MTE2"":0.6397026943326107,""PIPE_MTE3"":0.2864044595850108,""PIPE_V"":0.41817900278724063},""task_end"":59140,""task_span_cycles"":59140,""task_start"":0},{""active_any_pipe_cycles"":0,""active_any_pipe_fraction"":0.0,""core_id"":4,""op_count"":0,""pipe_busy_cycles"":{},""pipe_utilization"":{},""task_end"":0,""task_span_cycles"":0,""task_start"":0}]",b2a_w4,64801,2420572,-221,-83536,81956,True,0,10.91850671544671,aecdc8598a26f69748873f789274ddcd68a9774abf1fde365c1ae593d94d20b2,39fd159f7e24ce3f14ed56e09e30583ecb4c6da12e863246b25dc7371f7c7778,011b127dd3ae61d03dd993624707996d5863fff4a3ae5a6bbf5b136fe7531ac4
case_016,1,success,stage1_actual_winner,verified_stage1_global_fallback,7715523,0,0,0,0,0,1,"[{""active_any_pipe_cycles"":7715523,""active_any_pipe_fraction"":1.0,""core_id"":0,""op_count"":18008,""pipe_busy_cycles"":{""PIPE_MTE2"":6564,""PIPE_MTE3"":1,""PIPE_V"":7714975},""pipe_utilization"":{""PIPE_MTE2"":0.0008507524376506946,""PIPE_MTE3"":1.296088418115013e-07,""PIPE_V"":0.9999289743546873},""task_end"":7715523,""task_span_cycles"":7715523,""task_start"":0}]",single,7715523,0,0,0,0,False,0,1.561241427436471,ceb691fa3f6538b83035d95def0b97b3c816ea719b0a9eb61639b5899d297c41,19d365422ae9ccef1999767d13ce89179d5ab1c75a35ee55f2d898297a4e7d23,df58a86320c2403ecf3ab48e344f410ce9d8e7a9c04bfcb91754e3148dad89c6
case_016,2,success,stage1_actual_winner,verified_stage1_global_fallback,7715523,0,0,0,0,0,1,"[{""active_any_pipe_cycles"":7715523,""active_any_pipe_fraction"":1.0,""core_id"":0,""op_count"":18008,""pipe_busy_cycles"":{""PIPE_MTE2"":6564,""PIPE_MTE3"":1,""PIPE_V"":7714975},""pipe_utilization"":{""PIPE_MTE2"":0.0008507524376506946,""PIPE_MTE3"":1.296088418115013e-07,""PIPE_V"":0.9999289743546873},""task_end"":7715523,""task_span_cycles"":7715523,""task_start"":0},{""active_any_pipe_cycles"":0,""active_any_pipe_fraction"":0.0,""core_id"":1,""op_count"":0,""pipe_busy_cycles"":{},""pipe_utilization"":{},""task_end"":0,""task_span_cycles"":0,""task_start"":0}]",single,7715523,0,0,0,0,False,0,25.561235539615154,085d99a8e31183460b528babd5e25515a3470d4bee6c75765189c6b934a35737,b55c744114415dff6852866d041da3f439fa36550d735c5787a02f3e8122947d,64b3a712460e4fc5e6707cd2ccd724d88051f4cc3ace0b8d24e1abb228552dcc
case_016,3,success,stage1_actual_winner,verified_stage1_global_fallback,7715523,0,0,0,0,0,1,"[{""active_any_pipe_cycles"":7715523,""active_any_pipe_fraction"":1.0,""core_id"":0,""op_count"":18008,""pipe_busy_cycles"":{""PIPE_MTE2"":6564,""PIPE_MTE3"":1,""PIPE_V"":7714975},""pipe_utilization"":{""PIPE_MTE2"":0.0008507524376506946,""PIPE_MTE3"":1.296088418115013e-07,""PIPE_V"":0.9999289743546873},""task_end"":7715523,""task_span_cycles"":7715523,""task_start"":0},{""active_any_pipe_cycles"":0,""active_any_pipe_fraction"":0.0,""core_id"":1,""op_count"":0,""pipe_busy_cycles"":{},""pipe_utilization"":{},""task_end"":0,""task_span_cycles"":0,""task_start"":0},{""active_any_pipe_cycles"":0,""active_any_pipe_fraction"":0.0,""core_id"":2,""op_count"":0,""pipe_busy_cycles"":{},""pipe_utilization"":{},""task_end"":0,""task_span_cycles"":0,""task_start"":0}]",single,7715523,0,0,0,0,False,0,32.1431765537709,ba050bbc6b89c33eb27749867f23eb4f55420e18960c0b82218d726e1213023f,d621805a2401ba70420001dd02676f36d610545cb2aed1f512ed1df122f12059,a04e0415819b2f20c44bfdb077baa54bb43cbfd5815b6b5a06b2b30a5f3fc4bb
case_016,4,success,stage1_actual_winner,verified_stage1_global_fallback,7715523,0,0,0,0,0,1,"[{""active_any_pipe_cycles"":7715523,""active_any_pipe_fraction"":1.0,""core_id"":0,""op_count"":18008,""pipe_busy_cycles"":{""PIPE_MTE2"":6564,""PIPE_MTE3"":1,""PIPE_V"":7714975},""pipe_utilization"":{""PIPE_MTE2"":0.0008507524376506946,""PIPE_MTE3"":1.296088418115013e-07,""PIPE_V"":0.9999289743546873},""task_end"":7715523,""task_span_cycles"":7715523,""task_start"":0},{""active_any_pipe_cycles"":0,""active_any_pipe_fraction"":0.0,""core_id"":1,""op_count"":0,""pipe_busy_cycles"":{},""pipe_utilization"":{},""task_end"":0,""task_span_cycles"":0,""task_start"":0},{""active_any_pipe_cycles"":0,""active_any_pipe_fraction"":0.0,""core_id"":2,""op_count"":0,""pipe_busy_cycles"":{},""pipe_utilization"":{},""task_end"":0,""task_span_cycles"":0,""task_start"":0},{""active_any_pipe_cycles"":0,""active_any_pipe_fraction"":0.0,""core_id"":3,""op_count"":0,""pipe_busy_cycles"":{},""pipe_utilization"":{},""task_end"":0,""task_span_cycles"":0,""task_start"":0}]",single,7715523,0,0,0,0,False,0,36.592232352122664,13c9be7c40836646b1658dea0c22db987c0e174d376ebc4573561c02d607b5df,79eea49e61dcfb92d9a1274f3c0c0e73b7d460de5a594a6954a885dd67426284,9c2cab0b543804edc0497b87df6e05cfeec8805dd2b38d7f462c2604556e63f0
case_016,5,success,stage1_actual_winner,verified_stage1_global_fallback,7715523,0,0,0,0,0,1,"[{""active_any_pipe_cycles"":7715523,""active_any_pipe_fraction"":1.0,""core_id"":0,""op_count"":18008,""pipe_busy_cycles"":{""PIPE_MTE2"":6564,""PIPE_MTE3"":1,""PIPE_V"":7714975},""pipe_utilization"":{""PIPE_MTE2"":0.0008507524376506946,""PIPE_MTE3"":1.296088418115013e-07,""PIPE_V"":0.9999289743546873},""task_end"":7715523,""task_span_cycles"":7715523,""task_start"":0},{""active_any_pipe_cycles"":0,""active_any_pipe_fraction"":0.0,""core_id"":1,""op_count"":0,""pipe_busy_cycles"":{},""pipe_utilization"":{},""task_end"":0,""task_span_cycles"":0,""task_start"":0},{""active_any_pipe_cycles"":0,""active_any_pipe_fraction"":0.0,""core_id"":2,""op_count"":0,""pipe_busy_cycles"":{},""pipe_utilization"":{},""task_end"":0,""task_span_cycles"":0,""task_start"":0},{""active_any_pipe_cycles"":0,""active_any_pipe_fraction"":0.0,""core_id"":3,""op_count"":0,""pipe_busy_cycles"":{},""pipe_utilization"":{},""task_end"":0,""task_span_cycles"":0,""task_start"":0},{""active_any_pipe_cycles"":0,""active_any_pipe_fraction"":0.0,""core_id"":4,""op_count"":0,""pipe_busy_cycles"":{},""pipe_utilization"":{},""task_end"":0,""task_span_cycles"":0,""task_start"":0}]",single,7715523,0,0,0,0,False,0,40.92503651045263,21d209bb67af2852a38e87dca51cb294aced7191073d35bbd8c3f6d0d0d9f9c8,793e41a521e93389af87b2734a3b39f43d9976d50792c51d9bf0ddcb6aae15ed,f84c2a9ac2f8e2f38650078b761011a36ad524302eb4dc193fa17a29cfc748be
case_017,1,success,stage1_actual_winner,verified_stage1_global_fallback,162810,22528,0,22528,0,0,1,"[{""active_any_pipe_cycles"":162810,""active_any_pipe_fraction"":1.0,""core_id"":0,""op_count"":1769,""pipe_busy_cycles"":{""PIPE_M"":110600,""PIPE_MTE2"":9531,""PIPE_MTE3"":1935,""PIPE_V"":67202},""pipe_utilization"":{""PIPE_M"":0.6793194521221055,""PIPE_MTE2"":0.05854063018242123,""PIPE_MTE3"":0.011885019347705915,""PIPE_V"":0.4127633437749524},""task_end"":162810,""task_span_cycles"":162810,""task_start"":0}]",single,162810,22528,0,0,0,False,0,0.26296080462634563,f7d0f847e65f31b26b41fa1e2c12d767e7cb21739e4546eb9b26197b1d4f76fc,11a9cba3896d9529e81ee2fbba62f805bc189c615225dbff3efd738ec6cdd340,24aa16dcd857e13fd02f5aca0c0668b510bbd43335fce4adcd0a7e9a4a6844ec
case_017,2,success,stage1_actual_winner,verified_stage1_global_fallback,87619,1067284,1024248,43036,383868,196,2,"[{""active_any_pipe_cycles"":80366,""active_any_pipe_fraction"":0.9172211506636688,""core_id"":0,""op_count"":1031,""pipe_busy_cycles"":{""PIPE_M"":54064,""PIPE_MTE2"":15234,""PIPE_MTE3"":6577,""PIPE_V"":33970},""pipe_utilization"":{""PIPE_M"":0.6170351179538685,""PIPE_MTE2"":0.17386639884043414,""PIPE_MTE3"":0.0750636277519716,""PIPE_V"":0.3877012976637487},""task_end"":87619,""task_span_cycles"":87619,""task_start"":0},{""active_any_pipe_cycles"":80457,""active_any_pipe_fraction"":0.9182597381846404,""core_id"":1,""op_count"":1253,""pipe_busy_cycles"":{""PIPE_M"":56536,""PIPE_MTE2"":15717,""PIPE_MTE3"":7829,""PIPE_V"":33232},""pipe_utilization"":{""PIPE_M"":0.6452481767653134,""PIPE_MTE2"":0.17937890183635968,""PIPE_MTE3"":0.08935276595259019,""PIPE_V"":0.37927846699916684},""task_end"":84859,""task_span_cycles"":84859,""task_start"":0}]",b2a_w4,87619,1067284,0,0,0,False,0,4.8546722289174795,1a2a8d596720f98732f8a353fc2140e0d49ed0f8fe4029cbb2484bd7a2589366,fa8504395264d2a9c9ad371718e771a3c339df9367e0795e0e4404f7b6e9e258,e2cbcd0b211b657cd6fd420bd7c4b4adfc2ad6bd6cacad201306c12e7f30fd65
case_017,3,success,stage1_actual_winner,verified_stage1_global_fallback,64187,1392040,1297776,94264,501176,276,3,"[{""active_any_pipe_cycles"":63689,""active_any_pipe_fraction"":0.9922414196021001,""core_id"":0,""op_count"":671,""pipe_busy_cycles"":{""PIPE_M"":48136,""PIPE_MTE2"":14922,""PIPE_MTE3"":6518,""PIPE_V"":18900},""pipe_utilization"":{""PIPE_M"":0.7499337872154798,""PIPE_MTE2"":0.23247698132020503,""PIPE_MTE3"":0.10154704223596678,""PIPE_V"":0.29445214763114025},""task_end"":63689,""task_span_cycles"":63689,""task_start"":0},{""active_any_pipe_cycles"":48312,""active_any_pipe_fraction"":0.7526757754685528,""core_id"":1,""op_count"":778,""pipe_busy_cycles"":{""PIPE_M"":28308,""PIPE_MTE2"":15296,""PIPE_MTE3"":6619,""PIPE_V"":22383},""pipe_utilization"":{""PIPE_M"":0.4410238833408634,""PIPE_MTE2"":0.23830370635798526,""PIPE_MTE3"":0.10312056958574166,""PIPE_V"":0.34871547198030756},""task_end"":64187,""task_span_cycles"":64187,""task_start"":0},{""active_any_pipe_cycles"":54641,""active_any_pipe_fraction"":0.8512782962282082,""core_id"":2,""op_count"":1033,""pipe_busy_cycles"":{""PIPE_M"":34156,""PIPE_MTE2"":19424,""PIPE_MTE3"":9162,""PIPE_V"":25919},""pipe_utilization"":{""PIPE_M"":0.5321326748406998,""PIPE_MTE2"":0.30261579447551684,""PIPE_MTE3"":0.14273918394690513,""PIPE_V"":0.4038045087011389},""task_end"":61126,""task_span_cycles"":61126,""task_start"":0}]",b2a_w4,64187,1392040,0,0,0,False,0,10.940543416887522,c9c9bdce76d96cdeae46490d29e9e02aeb513fac96899b2ae88f6932f086ff0e,3519dfe0df3d069a14090dc25ea3898e18d95e3383ba685efe7b31dc115d6085,ef6295e6a5f961156f24a14064ed9fd5c30c1278ca39c395aec64a07368caba9
case_017,4,success,stage1_actual_winner,verified_stage1_global_fallback,61400,1489064,1489064,0,590676,325,4,"[{""active_any_pipe_cycles"":57915,""active_any_pipe_fraction"":0.9432410423452768,""core_id"":0,""op_count"":467,""pipe_busy_cycles"":{""PIPE_M"":45872,""PIPE_MTE2"":13325,""PIPE_MTE3"":7715,""PIPE_V"":14043},""pipe_utilization"":{""PIPE_M"":0.7471009771986971,""PIPE_MTE2"":0.21701954397394138,""PIPE_MTE3"":0.1256514657980456,""PIPE_V"":0.22871335504885992},""task_end"":61400,""task_span_cycles"":61400,""task_start"":0},{""active_any_pipe_cycles"":35926,""active_any_pipe_fraction"":0.585114006514658,""core_id"":1,""op_count"":583,""pipe_busy_cycles"":{""PIPE_M"":20652,""PIPE_MTE2"":17400,""PIPE_MTE3"":5389,""PIPE_V"":14309},""pipe_utilization"":{""PIPE_M"":0.33635179153094463,""PIPE_MTE2"":0.28338762214983715,""PIPE_MTE3"":0.08776872964169381,""PIPE_V"":0.23304560260586318},""task_end"":60472,""task_span_cycles"":60472,""task_start"":0},{""active_any_pipe_cycles"":39536,""active_any_pipe_fraction"":0.6439087947882736,""core_id"":2,""op_count"":512,""pipe_busy_cycles"":{""PIPE_M"":22868,""PIPE_MTE2"":15896,""PIPE_MTE3"":4534,""PIPE_V"":14753},""pipe_utilization"":{""PIPE_M"":0.372442996742671,""PIPE_MTE2"":0.2588925081433225,""PIPE_MTE3"":0.07384364820846906,""PIPE_V"":0.24027687296416939},""task_end"":59670,""task_span_cycles"":59670,""task_start"":0},{""active_any_pipe_cycles"":41658,""active_any_pipe_fraction"":0.6784690553745928,""core_id"":3,""op_count"":942,""pipe_busy_cycles"":{""PIPE_M"":21208,""PIPE_MTE2"":18249,""PIPE_MTE3"":8562,""PIPE_V"":24097},""pipe_utilization"":{""PIPE_M"":0.3454071661237785,""PIPE_MTE2"":0.29721498371335503,""PIPE_MTE3"":0.13944625407166122,""PIPE_V"":0.39245928338762215},""task_end"":61070,""task_span_cycles"":61070,""task_start"":0}]",b2a_w4,61400,1489064,0,0,0,False,0,12.756745072081685,824a5ee6e16b5da7a4848b7f637c5826860bcffb8f0ac77cdad02a8fd81b18bf,89c1f05d18bdf8374fdb00b5c15ec2ede51a672119cb1078df94f400ffa74cdd,d1015c3be179744cc6bf6d7308a0d7c60756ee0b5ff42e758fb1a1f0b9b2f884
case_017,5,success,map_locality@b2a_w4,scene_b_fixed_partition_mapping,58680,1412536,1412536,0,520156,308,5,"[{""active_any_pipe_cycles"":55219,""active_any_pipe_fraction"":0.9410190865712338,""core_id"":0,""op_count"":465,""pipe_busy_cycles"":{""PIPE_M"":42536,""PIPE_MTE2"":12233,""PIPE_MTE3"":6400,""PIPE_V"":12062},""pipe_utilization"":{""PIPE_M"":0.7248807089297887,""PIPE_MTE2"":0.2084696659850034,""PIPE_MTE3"":0.10906612133605999,""PIPE_V"":0.20555555555555555},""task_end"":58358,""task_span_cycles"":58358,""task_start"":0},{""active_any_pipe_cycles"":33155,""active_any_pipe_fraction"":0.565013633265167,""core_id"":1,""op_count"":421,""pipe_busy_cycles"":{""PIPE_M"":20600,""PIPE_MTE2"":12418,""PIPE_MTE3"":3635,""PIPE_V"":12004},""pipe_utilization"":{""PIPE_M"":0.3510565780504431,""PIPE_MTE2"":0.21162235855487388,""PIPE_MTE3"":0.06194614860259032,""PIPE_V"":0.2045671438309475},""task_end"":58680,""task_span_cycles"":58680,""task_start"":0},{""active_any_pipe_cycles"":29859,""active_any_pipe_fraction"":0.5088445807770962,""core_id"":2,""op_count"":470,""pipe_busy_cycles"":{""PIPE_M"":21568,""PIPE_MTE2"":15058,""PIPE_MTE3"":5089,""PIPE_V"":10518},""pipe_utilization"":{""PIPE_M"":0.36755282890252217,""PIPE_MTE2"":0.25661213360599866,""PIPE_MTE3"":0.08672460804362644,""PIPE_V"":0.17924335378323109},""task_end"":55824,""task_span_cycles"":55824,""task_start"":0},{""active_any_pipe_cycles"":32105,""active_any_pipe_fraction"":0.5471199727334697,""core_id"":3,""op_count"":596,""pipe_busy_cycles"":{""PIPE_M"":17840,""PIPE_MTE2"":13724,""PIPE_MTE3"":7056,""PIPE_V"":17217},""pipe_utilization"":{""PIPE_M"":0.3040218132242672,""PIPE_MTE2"":0.23387866394001364,""PIPE_MTE3"":0.12024539877300613,""PIPE_V"":0.29340490797546015},""task_end"":55684,""task_span_cycles"":55684,""task_start"":0},{""active_any_pipe_cycles"":25455,""active_any_pipe_fraction"":0.43379345603271985,""core_id"":4,""op_count"":535,""pipe_busy_cycles"":{""PIPE_M"":8056,""PIPE_MTE2"":13373,""PIPE_MTE3"":4519,""PIPE_V"":15401},""pipe_utilization"":{""PIPE_M"":0.1372869802317655,""PIPE_MTE2"":0.2278970688479891,""PIPE_MTE3"":0.07701090661213361,""PIPE_V"":0.2624573960463531},""task_end"":57901,""task_span_cycles"":57901,""task_start"":0}]",b1,60625,403724,-1945,1008812,-47116,True,0,19.587205776944757,7e4d5b325d2215a727aa2219422ff63eb1fb9b8de0615a4580508af832a2c4e6,366d493243ea79e904cf1410bae8a84ab071c5c0edc07a59b2b804643b8b415a,131557b7c107c770e39f6b271dcd9967b30f0ad8a943d3583ea82550a5a8c799
case_018,1,success,stage1_actual_winner,verified_stage1_global_fallback,1004367,1970176,0,1970176,0,0,1,"[{""active_any_pipe_cycles"":1004367,""active_any_pipe_fraction"":1.0,""core_id"":0,""op_count"":3627,""pipe_busy_cycles"":{""PIPE_M"":971320,""PIPE_MTE2"":59919,""PIPE_MTE3"":153,""PIPE_V"":112731},""pipe_utilization"":{""PIPE_M"":0.9670966887601843,""PIPE_MTE2"":0.059658471455155335,""PIPE_MTE3"":0.00015233475412871987,""PIPE_V"":0.11224084423323347},""task_end"":1004367,""task_span_cycles"":1004367,""task_start"":0}]",single,1004367,1970176,0,0,0,False,0,0.500985523685813,e12c9c1403811614a67afee8d8c39c2e23f96eb99aa1f87302f2ece2d60f77af,890ceb0b49b4b6001da4358bccb39342fc92672fd85ec2418c40c0c47eea5675,71fff68230a4ca73c77f0b8208d8d9222220bf1c14db0b6a0e389f17d02fbee6
case_018,2,success,stage1_actual_winner,verified_stage1_global_fallback,582918,7888080,4906960,2981120,2428392,651,2,"[{""active_any_pipe_cycles"":582918,""active_any_pipe_fraction"":1.0,""core_id"":0,""op_count"":2586,""pipe_busy_cycles"":{""PIPE_M"":514356,""PIPE_MTE2"":88390,""PIPE_MTE3"":48056,""PIPE_V"":55971},""pipe_utilization"":{""PIPE_M"":0.8823813984128128,""PIPE_MTE2"":0.1516336774640687,""PIPE_MTE3"":0.08244041185895787,""PIPE_V"":0.0960186509937933},""task_end"":582918,""task_span_cycles"":582918,""task_start"":0},{""active_any_pipe_cycles"":529278,""active_any_pipe_fraction"":0.9079801961853983,""core_id"":1,""op_count"":2795,""pipe_busy_cycles"":{""PIPE_M"":456964,""PIPE_MTE2"":88362,""PIPE_MTE3"":44906,""PIPE_V"":56760},""pipe_utilization"":{""PIPE_M"":0.783925011751224,""PIPE_MTE2"":0.15158564326371804,""PIPE_MTE3"":0.07703656431950978,""PIPE_V"":0.09737218613938839},""task_end"":581316,""task_span_cycles"":581316,""task_start"":0}]",b2a_w4,582918,7888080,0,0,0,False,0,7.660765638574958,fa8f52a796901e6d59745193a76aade1a2f57dd5bf10990040d6f265aefbcd0b,274c31977d6b7eb3194fe976e764dbeb68d8d13ee86f56fc3f6cd3e6dc3ef1b9,cc108c26c474a8d90db3d8c17b5ac24fc2f7d359fac97ce71dca38f934efd805
case_018,3,success,stage1_actual_winner,verified_stage1_global_fallback,419178,7371192,6699448,671744,3315932,905,3,"[{""active_any_pipe_cycles"":419178,""active_any_pipe_fraction"":1.0,""core_id"":0,""op_count"":1789,""pipe_busy_cycles"":{""PIPE_M"":367424,""PIPE_MTE2"":73978,""PIPE_MTE3"":40928,""PIPE_V"":37306},""pipe_utilization"":{""PIPE_M"":0.8765345509544871,""PIPE_MTE2"":0.17648349865689517,""PIPE_MTE3"":0.09763871195530299,""PIPE_V"":0.08899799130679568},""task_end"":419178,""task_span_cycles"":419178,""task_start"":0},{""active_any_pipe_cycles"":362064,""active_any_pipe_fraction"":0.8637476203426706,""core_id"":1,""op_count"":1802,""pipe_busy_cycles"":{""PIPE_M"":303668,""PIPE_MTE2"":78155,""PIPE_MTE3"":29739,""PIPE_V"":38209},""pipe_utilization"":{""PIPE_M"":0.7244368740725897,""PIPE_MTE2"":0.18644823917285736,""PIPE_MTE3"":0.07094599430313614,""PIPE_V"":0.09115220741546551},""task_end"":416406,""task_span_cycles"":416406,""task_start"":0},{""active_any_pipe_cycles"":355129,""active_any_pipe_fraction"":0.8472033360529417,""core_id"":2,""op_count"":1680,""pipe_busy_cycles"":{""PIPE_M"":300228,""PIPE_MTE2"":71720,""PIPE_MTE3"":32758,""PIPE_V"":37216},""pipe_utilization"":{""PIPE_M"":0.7162303365157523,""PIPE_MTE2"":0.17109676557452919,""PIPE_MTE3"":0.0781481852578141,""PIPE_V"":0.08878328538234354},""task_end"":417496,""task_span_cycles"":417496,""task_start"":0}]",b2a_w4,419178,7371192,0,0,0,False,0,18.094282077625394,24758cf2f801c93bb642c42c91dc95e2f554e7aad2563525707822f664b3277e,51d4228bf793e75faf91419983d27f24cadd3b50d67785bd2a73b008da7f304d,4e2acf710dfe1453a76467d3db3e13fe2d363aa071c9ff14e58e676728bf4218
case_018,4,success,map_locality@b2a_w4,scene_b_fixed_partition_mapping,349301,7108800,7108800,0,3517536,958,4,"[{""active_any_pipe_cycles"":349301,""active_any_pipe_fraction"":1.0,""core_id"":0,""op_count"":1314,""pipe_busy_cycles"":{""PIPE_M"":291412,""PIPE_MTE2"":83321,""PIPE_MTE3"":56665,""PIPE_V"":27993},""pipe_utilization"":{""PIPE_M"":0.8342718744005886,""PIPE_MTE2"":0.2385363912499535,""PIPE_MTE3"":0.1622239844718452,""PIPE_V"":0.08014005113068672},""task_end"":349301,""task_span_cycles"":349301,""task_start"":0},{""active_any_pipe_cycles"":285419,""active_any_pipe_fraction"":0.8171147520333466,""core_id"":1,""op_count"":1316,""pipe_busy_cycles"":{""PIPE_M"":228420,""PIPE_MTE2"":81917,""PIPE_MTE3"":48656,""PIPE_V"":28019},""pipe_utilization"":{""PIPE_M"":0.6539345721884564,""PIPE_MTE2"":0.23451693525068637,""PIPE_MTE3"":0.139295335541553,""PIPE_V"":0.08021448550104351},""task_end"":345598,""task_span_cycles"":345598,""task_start"":0},{""active_any_pipe_cycles"":282188,""active_any_pipe_fraction"":0.8078648500863153,""core_id"":2,""op_count"":1340,""pipe_busy_cycles"":{""PIPE_M"":228100,""PIPE_MTE2"":76817,""PIPE_MTE3"":46988,""PIPE_V"":28722},""pipe_utilization"":{""PIPE_M"":0.6530184568609881,""PIPE_MTE2"":0.21991634721916056,""PIPE_MTE3"":0.13452008439712454,""PIPE_V"":0.0822270763610754},""task_end"":341025,""task_span_cycles"":341025,""task_start"":0},{""active_any_pipe_cycles"":278471,""active_any_pipe_fraction"":0.7972235979856914,""core_id"":3,""op_count"":1240,""pipe_busy_cycles"":{""PIPE_M"":223388,""PIPE_MTE2"":76125,""PIPE_MTE3"":46058,""PIPE_V"":27997},""pipe_utilization"":{""PIPE_M"":0.6395286586640175,""PIPE_MTE2"":0.21793524782351037,""PIPE_MTE3"":0.13185762422666983,""PIPE_V"":0.08015150257228007},""task_end"":345795,""task_span_cycles"":345795,""task_start"":0}]",b2a_w4,349320,7117472,-19,-8672,0,True,0,26.06862752325833,a82a524617ece8c27f5f0213ae75cd2153bf22f3c6cc504ca114093d85547200,c6e7f5231d6f310fd250b6a2ac9a1086e5647dbd9dd31d13c08e82cc7ebbae7f,765f48380bf3a23856df78e4b274a775ecd70772a8b49b7f211899c4fae5961b
case_018,5,success,stage1_actual_winner,verified_stage1_global_fallback,286518,7652228,7652228,0,3792322,1024,5,"[{""active_any_pipe_cycles"":284205,""active_any_pipe_fraction"":0.9919272087617532,""core_id"":0,""op_count"":1042,""pipe_busy_cycles"":{""PIPE_M"":221292,""PIPE_MTE2"":83429,""PIPE_MTE3"":40592,""PIPE_V"":22402},""pipe_utilization"":{""PIPE_M"":0.7723493811907105,""PIPE_MTE2"":0.2911824038978354,""PIPE_MTE3"":0.14167347252179618,""PIPE_V"":0.0781870598007804},""task_end"":284205,""task_span_cycles"":284205,""task_start"":0},{""active_any_pipe_cycles"":278295,""active_any_pipe_fraction"":0.9713002324461291,""core_id"":1,""op_count"":1146,""pipe_busy_cycles"":{""PIPE_M"":221052,""PIPE_MTE2"":81335,""PIPE_MTE3"":43262,""PIPE_V"":22528},""pipe_utilization"":{""PIPE_M"":0.7715117374824618,""PIPE_MTE2"":0.2838739625433655,""PIPE_MTE3"":0.15099225877606293,""PIPE_V"":0.07862682274761097},""task_end"":284535,""task_span_cycles"":284535,""task_start"":0},{""active_any_pipe_cycles"":275546,""active_any_pipe_fraction"":0.9617057218045637,""core_id"":2,""op_count"":1014,""pipe_busy_cycles"":{""PIPE_M"":220572,""PIPE_MTE2"":77450,""PIPE_MTE3"":48200,""PIPE_V"":23241},""pipe_utilization"":{""PIPE_M"":0.7698364500659645,""PIPE_MTE2"":0.2703146050160897,""PIPE_MTE3"":0.16822677807327988,""PIPE_V"":0.08111532259753314},""task_end"":279613,""task_span_cycles"":279613,""task_start"":0},{""active_any_pipe_cycles"":219272,""active_any_pipe_fraction"":0.7652992133129507,""core_id"":3,""op_count"":1051,""pipe_busy_cycles"":{""PIPE_M"":153536,""PIPE_MTE2"":83092,""PIPE_MTE3"":33427,""PIPE_V"":22190},""pipe_utilization"":{""PIPE_M"":0.5358686016236327,""PIPE_MTE2"":0.2900062125241695,""PIPE_MTE3"":0.11666631764845489,""PIPE_V"":0.07744714119182738},""task_end"":286114,""task_span_cycles"":286114,""task_start"":0},{""active_any_pipe_cycles"":207782,""active_any_pipe_fraction"":0.7251970207805444,""core_id"":4,""op_count"":1092,""pipe_busy_cycles"":{""PIPE_M"":154868,""PIPE_MTE2"":70922,""PIPE_MTE3"":25356,""PIPE_V"":22370},""pipe_utilization"":{""PIPE_M"":0.540517524204413,""PIPE_MTE2"":0.2475306961517252,""PIPE_MTE3"":0.08849705777647478,""PIPE_V"":0.07807537397301391},""task_end"":286518,""task_span_cycles"":286518,""task_start"":0}]",b2a_w4,286518,7652228,0,0,0,False,0,24.089504934847355,b125e1ecce737e294ab6ab9ab49ebcdb044d3c0d1140017b1ca42a4e4b186794,d1e976e3ef3d42a6e4955829aeda3cdf987deb1f3156597f258e7f56337df76c,29980cb7a0d83deff5d697f136fe4d5583b6dd1b3a76315d0c14cf73d2c4336b
case_019,1,success,stage1_actual_winner,verified_stage1_global_fallback,81144,0,0,0,0,0,1,"[{""active_any_pipe_cycles"":81144,""active_any_pipe_fraction"":1.0,""core_id"":0,""op_count"":766,""pipe_busy_cycles"":{""PIPE_M"":48436,""PIPE_MTE2"":3047,""PIPE_MTE3"":160,""PIPE_V"":40276},""pipe_utilization"":{""PIPE_M"":0.5969141279700286,""PIPE_MTE2"":0.037550527457359754,""PIPE_MTE3"":0.001971803214039239,""PIPE_V"":0.49635216405402743},""task_end"":81144,""task_span_cycles"":81144,""task_start"":0}]",single,81144,0,0,0,0,False,0,0.10727321356534958,ba3b5e162323e37db2b485471deb0ce1c53eb82b9640834648cf30469481679b,6edfe829f9c086542ff575000b32c8fd979560192429da428b1387bc6d93cca7,aa820991455c2eff82b9efbda6f34b23c469dd5f165bc24e31c59c9cc9c5ffc2
case_019,2,success,stage1_actual_winner,verified_stage1_global_fallback,41969,451616,451616,0,195072,67,2,"[{""active_any_pipe_cycles"":38683,""active_any_pipe_fraction"":0.921704114941981,""core_id"":0,""op_count"":360,""pipe_busy_cycles"":{""PIPE_M"":27768,""PIPE_MTE2"":4792,""PIPE_MTE3"":2931,""PIPE_V"":16886},""pipe_utilization"":{""PIPE_M"":0.6616312039838929,""PIPE_MTE2"":0.11417951345040386,""PIPE_MTE3"":0.06983726083537849,""PIPE_V"":0.40234458767185305},""task_end"":38683,""task_span_cycles"":38683,""task_start"":0},{""active_any_pipe_cycles"":41569,""active_any_pipe_fraction"":0.9904691558054755,""core_id"":1,""op_count"":569,""pipe_busy_cycles"":{""PIPE_M"":20668,""PIPE_MTE2"":5534,""PIPE_MTE3"":1969,""PIPE_V"":23390},""pipe_utilization"":{""PIPE_M"":0.49245871953108245,""PIPE_MTE2"":0.13185922943124687,""PIPE_MTE3"":0.046915580547547,""PIPE_V"":0.5573161142748219},""task_end"":41969,""task_span_cycles"":41969,""task_start"":0}]",b2a_w4,41969,451616,0,0,0,False,0,1.6008999682962894,f3d8700c96e7a019dea06396a1cfc3063e0f87b83c65d33a14ed79887a2a4eaa,09ff006bf5fd74269d93d86452d5f490b8866870205a7b64f7da9990cfd1e856,6ef775f8deae25aa86200948881d3fd922d735bf873a1025d5c439628730b08f
case_019,3,success,map_locality@b2a_w4,scene_b_fixed_partition_mapping,33348,693324,693324,0,296454,102,3,"[{""active_any_pipe_cycles"":27573,""active_any_pipe_fraction"":0.8268261964735516,""core_id"":0,""op_count"":367,""pipe_busy_cycles"":{""PIPE_M"":15560,""PIPE_MTE2"":7695,""PIPE_MTE3"":4563,""PIPE_V"":14192},""pipe_utilization"":{""PIPE_M"":0.4665946983327336,""PIPE_MTE2"":0.2307484706729039,""PIPE_MTE3"":0.1368297948902483,""PIPE_V"":0.425572747990884},""task_end"":30720,""task_span_cycles"":30720,""task_start"":0},{""active_any_pipe_cycles"":23805,""active_any_pipe_fraction"":0.7138359121986326,""core_id"":1,""op_count"":326,""pipe_busy_cycles"":{""PIPE_M"":10732,""PIPE_MTE2"":8926,""PIPE_MTE3"":2151,""PIPE_V"":13710},""pipe_utilization"":{""PIPE_M"":0.3218183999040422,""PIPE_MTE2"":0.26766222861940747,""PIPE_MTE3"":0.0645016192875135,""PIPE_V"":0.41111910759265924},""task_end"":30804,""task_span_cycles"":30804,""task_start"":0},{""active_any_pipe_cycles"":32184,""active_any_pipe_fraction"":0.9650953580424613,""core_id"":2,""op_count"":320,""pipe_busy_cycles"":{""PIPE_M"":22144,""PIPE_MTE2"":6812,""PIPE_MTE3"":4382,""PIPE_V"":12374},""pipe_utilization"":{""PIPE_M"":0.6640278277557875,""PIPE_MTE2"":0.20427012114669546,""PIPE_MTE3"":0.13140218303946263,""PIPE_V"":0.37105673503658393},""task_end"":33348,""task_span_cycles"":33348,""task_start"":0}]",b2a_w4,34294,722508,-946,-29184,0,True,0,2.9225148502737284,22328760814c3d2232fa879c00c6232d079f98dc75a83f6ee178b0c772392a9e,3bf152a198c8c652e73131ff243357f9b6a15a8dbac0cd1a381769665c5fb9c7,52e210ea4e921bb291eb29c19a1642b79297add8c7fa88b681eaeddbdaa33613
case_019,4,success,map_locality@b1,scene_b_fixed_partition_mapping,23610,159540,159540,0,58890,20,4,"[{""active_any_pipe_cycles"":17493,""active_any_pipe_fraction"":0.7409148665819568,""core_id"":0,""op_count"":96,""pipe_busy_cycles"":{""PIPE_M"":11772,""PIPE_MTE2"":1111,""PIPE_MTE3"":164,""PIPE_V"":5229},""pipe_utilization"":{""PIPE_M"":0.4986022871664549,""PIPE_MTE2"":0.0470563320626853,""PIPE_MTE3"":0.006946209233375689,""PIPE_V"":0.22147395171537484},""task_end"":17493,""task_span_cycles"":17493,""task_start"":0},{""active_any_pipe_cycles"":23610,""active_any_pipe_fraction"":1.0,""core_id"":1,""op_count"":379,""pipe_busy_cycles"":{""PIPE_M"":12676,""PIPE_MTE2"":3552,""PIPE_MTE3"":183,""PIPE_V"":14692},""pipe_utilization"":{""PIPE_M"":0.5368911478187208,""PIPE_MTE2"":0.15044472681067345,""PIPE_MTE3"":0.007750952986022872,""PIPE_V"":0.6222786954680221},""task_end"":23610,""task_span_cycles"":23610,""task_start"":0},{""active_any_pipe_cycles"":19297,""active_any_pipe_fraction"":0.8173231681490893,""core_id"":2,""op_count"":186,""pipe_busy_cycles"":{""PIPE_M"":10584,""PIPE_MTE2"":2666,""PIPE_MTE3"":411,""PIPE_V"":11687},""pipe_utilization"":{""PIPE_M"":0.448284625158831,""PIPE_MTE2"":0.11291825497670478,""PIPE_MTE3"":0.017407878017789074,""PIPE_V"":0.4950021177467175},""task_end"":19297,""task_span_cycles"":19297,""task_start"":0},{""active_any_pipe_cycles"":19072,""active_any_pipe_fraction"":0.8077933079203727,""core_id"":3,""op_count"":157,""pipe_busy_cycles"":{""PIPE_M"":13404,""PIPE_MTE2"":2984,""PIPE_MTE3"":454,""PIPE_V"":8668},""pipe_utilization"":{""PIPE_M"":0.567725540025413,""PIPE_MTE2"":0.12638712409995764,""PIPE_MTE3"":0.019229140194832697,""PIPE_V"":0.367132570944515},""task_end"":19072,""task_span_cycles"":19072,""task_start"":0}]",b1,25339,177208,-1729,-17668,0,True,0,4.042466215789318,c47a25d585243486ab935d5f67c6472907789ffc06f7f8bb46ecc8843a4fdae1,974bf5f07681438edd26f9c64e3b87de615aff0a63acc6ee7b669c459a2b3e33,e04632c11dee84d9098662300d78401f92e2bc51800ff2633dc1f6a4a9ded764
case_019,5,success,stage1_actual_winner,verified_stage1_global_fallback,22886,212240,212240,0,83976,30,5,"[{""active_any_pipe_cycles"":17305,""active_any_pipe_fraction"":0.7561391243555011,""core_id"":0,""op_count"":111,""pipe_busy_cycles"":{""PIPE_M"":9968,""PIPE_MTE2"":2535,""PIPE_MTE3"":344,""PIPE_V"":7671},""pipe_utilization"":{""PIPE_M"":0.43555011797605525,""PIPE_MTE2"":0.11076640741064406,""PIPE_MTE3"":0.015031023333042034,""PIPE_V"":0.33518308135978325},""task_end"":17305,""task_span_cycles"":17305,""task_start"":0},{""active_any_pipe_cycles"":13339,""active_any_pipe_fraction"":0.5828454076728131,""core_id"":1,""op_count"":107,""pipe_busy_cycles"":{""PIPE_M"":6580,""PIPE_MTE2"":2125,""PIPE_MTE3"":385,""PIPE_V"":7249},""pipe_utilization"":{""PIPE_M"":0.2875120160796994,""PIPE_MTE2"":0.09285152494975094,""PIPE_MTE3"":0.016822511579131345,""PIPE_V"":0.3167438608756445},""task_end"":13339,""task_span_cycles"":13339,""task_start"":0},{""active_any_pipe_cycles"":22886,""active_any_pipe_fraction"":1.0,""core_id"":2,""op_count"":325,""pipe_busy_cycles"":{""PIPE_M"":13316,""PIPE_MTE2"":3551,""PIPE_MTE3"":395,""PIPE_V"":12392},""pipe_utilization"":{""PIPE_M"":0.5818404264615923,""PIPE_MTE2"":0.15516036004544262,""PIPE_MTE3"":0.017259459931836058,""PIPE_V"":0.541466398671677},""task_end"":22886,""task_span_cycles"":22886,""task_start"":0},{""active_any_pipe_cycles"":15622,""active_any_pipe_fraction"":0.6826007165952984,""core_id"":3,""op_count"":193,""pipe_busy_cycles"":{""PIPE_M"":6872,""PIPE_MTE2"":2273,""PIPE_MTE3"":919,""PIPE_V"":10798},""pipe_utilization"":{""PIPE_M"":0.3002709079786769,""PIPE_MTE2"":0.09931836056978065,""PIPE_MTE3"":0.04015555361356288,""PIPE_V"":0.4718168312505462},""task_end"":15622,""task_span_cycles"":15622,""task_start"":0},{""active_any_pipe_cycles"":13213,""active_any_pipe_fraction"":0.5773398584287337,""core_id"":4,""op_count"":106,""pipe_busy_cycles"":{""PIPE_M"":11700,""PIPE_MTE2"":1460,""PIPE_MTE3"":185,""PIPE_V"":2166},""pipe_utilization"":{""PIPE_M"":0.5112295726645111,""PIPE_MTE2"":0.0637944594948877,""PIPE_MTE3"":0.00808354452503714,""PIPE_V"":0.09464301319584024},""task_end"":13213,""task_span_cycles"":13213,""task_start"":0}]",b1,22886,212240,0,0,0,False,0,4.522382102906704,c20f8ac826686b70d6b58fd5705d9e2b1a6b544bf804bcde8f3e7fe6c83b511e,e170df954a7375cfb83666e48472d0196d639eb2d611d907c64f14ff748d0b2b,2b83b00e154d7e457142e91d1829e7e09d15dd1b78f5cf3453f2ed71f6dd08b6
case_020,1,success,stage1_actual_winner,verified_stage1_global_fallback,532746,0,0,0,0,0,1,"[{""active_any_pipe_cycles"":532746,""active_any_pipe_fraction"":1.0,""core_id"":0,""op_count"":7584,""pipe_busy_cycles"":{""PIPE_MTE2"":26427,""PIPE_MTE3"":26427,""PIPE_V"":532608},""pipe_utilization"":{""PIPE_MTE2"":0.04960525278462907,""PIPE_MTE3"":0.04960525278462907,""PIPE_V"":0.999740964737417},""task_end"":532746,""task_span_cycles"":532746,""task_start"":0}]",single,532746,0,0,0,0,False,0,0.6184885762631893,7ddee8492be9d4e50fbf482badb38b6b5fc65bf73aa53b9d8c47733aca95ef7d,bbd6b9684fa70e119fd0e3f4f7d4a94282385196530028c52aa36ef7ca17c648,d05cba4c16cfb0a8ba6451228ede287be1a5bd1c3442fca3eea440498b7260a2
case_020,2,success,stage1_actual_winner,verified_stage1_global_fallback,266580,0,0,0,0,0,2,"[{""active_any_pipe_cycles"":266580,""active_any_pipe_fraction"":1.0,""core_id"":0,""op_count"":3792,""pipe_busy_cycles"":{""PIPE_MTE2"":26358,""PIPE_MTE3"":26358,""PIPE_V"":266304},""pipe_utilization"":{""PIPE_MTE2"":0.09887463425613324,""PIPE_MTE3"":0.09887463425613324,""PIPE_V"":0.9989646635156426},""task_end"":266580,""task_span_cycles"":266580,""task_start"":0},{""active_any_pipe_cycles"":266580,""active_any_pipe_fraction"":1.0,""core_id"":1,""op_count"":3792,""pipe_busy_cycles"":{""PIPE_MTE2"":26358,""PIPE_MTE3"":26358,""PIPE_V"":266304},""pipe_utilization"":{""PIPE_MTE2"":0.09887463425613324,""PIPE_MTE3"":0.09887463425613324,""PIPE_V"":0.9989646635156426},""task_end"":266580,""task_span_cycles"":266580,""task_start"":0}]",b0,266580,0,0,0,0,False,0,33.25113112665713,a94365f904df94f4b42a24890374831bf229de3b0a69cd37efaee5b1c88a5649,7fe90a407b60b73b158647bd676f7085a9ef2ff0ee43950aa8166eec24911a49,11ff1f070e3d01e74719dbf26756a2c9b4b99445b6b33750bb130195aa8bfe50
case_020,3,success,stage1_actual_winner,verified_stage1_global_fallback,177950,0,0,0,0,0,3,"[{""active_any_pipe_cycles"":177950,""active_any_pipe_fraction"":1.0,""core_id"":0,""op_count"":2528,""pipe_busy_cycles"":{""PIPE_MTE2"":28049,""PIPE_MTE3"":28049,""PIPE_V"":177536},""pipe_utilization"":{""PIPE_MTE2"":0.15762292778870468,""PIPE_MTE3"":0.15762292778870468,""PIPE_V"":0.9976735037932003},""task_end"":177950,""task_span_cycles"":177950,""task_start"":0},{""active_any_pipe_cycles"":177950,""active_any_pipe_fraction"":1.0,""core_id"":1,""op_count"":2528,""pipe_busy_cycles"":{""PIPE_MTE2"":28049,""PIPE_MTE3"":28049,""PIPE_V"":177536},""pipe_utilization"":{""PIPE_MTE2"":0.15762292778870468,""PIPE_MTE3"":0.15762292778870468,""PIPE_V"":0.9976735037932003},""task_end"":177950,""task_span_cycles"":177950,""task_start"":0},{""active_any_pipe_cycles"":177950,""active_any_pipe_fraction"":1.0,""core_id"":2,""op_count"":2528,""pipe_busy_cycles"":{""PIPE_MTE2"":28049,""PIPE_MTE3"":28049,""PIPE_V"":177536},""pipe_utilization"":{""PIPE_MTE2"":0.15762292778870468,""PIPE_MTE3"":0.15762292778870468,""PIPE_V"":0.9976735037932003},""task_end"":177950,""task_span_cycles"":177950,""task_start"":0}]",b0,177950,0,0,0,0,False,0,49.41090111993253,b00b0137d4e6907e994cdcb7d664b2accb6c14f01c6a90156313d685472186ef,f7e9e2943f31131516ed74de98bb1cd05f6d746a412bd2a20ecc8e5b71378ae8,f8fb4d0fa744764e9b2dd4fa4ffa7057d7e4fcf57f45a21cc97177232e67db67
case_020,4,success,stage1_actual_winner,verified_stage1_global_fallback,133704,0,0,0,0,0,4,"[{""active_any_pipe_cycles"":133704,""active_any_pipe_fraction"":1.0,""core_id"":0,""op_count"":1896,""pipe_busy_cycles"":{""PIPE_MTE2"":29196,""PIPE_MTE3"":29196,""PIPE_V"":133152},""pipe_utilization"":{""PIPE_MTE2"":0.2183629509962305,""PIPE_MTE3"":0.2183629509962305,""PIPE_V"":0.9958714772931251},""task_end"":133704,""task_span_cycles"":133704,""task_start"":0},{""active_any_pipe_cycles"":133704,""active_any_pipe_fraction"":1.0,""core_id"":1,""op_count"":1896,""pipe_busy_cycles"":{""PIPE_MTE2"":29196,""PIPE_MTE3"":29196,""PIPE_V"":133152},""pipe_utilization"":{""PIPE_MTE2"":0.2183629509962305,""PIPE_MTE3"":0.2183629509962305,""PIPE_V"":0.9958714772931251},""task_end"":133704,""task_span_cycles"":133704,""task_start"":0},{""active_any_pipe_cycles"":133704,""active_any_pipe_fraction"":1.0,""core_id"":2,""op_count"":1896,""pipe_busy_cycles"":{""PIPE_MTE2"":29196,""PIPE_MTE3"":29196,""PIPE_V"":133152},""pipe_utilization"":{""PIPE_MTE2"":0.2183629509962305,""PIPE_MTE3"":0.2183629509962305,""PIPE_V"":0.9958714772931251},""task_end"":133704,""task_span_cycles"":133704,""task_start"":0},{""active_any_pipe_cycles"":133704,""active_any_pipe_fraction"":1.0,""core_id"":3,""op_count"":1896,""pipe_busy_cycles"":{""PIPE_MTE2"":29196,""PIPE_MTE3"":29196,""PIPE_V"":133152},""pipe_utilization"":{""PIPE_MTE2"":0.2183629509962305,""PIPE_MTE3"":0.2183629509962305,""PIPE_V"":0.9958714772931251},""task_end"":133704,""task_span_cycles"":133704,""task_start"":0}]",b0,133704,0,0,0,0,False,0,54.878985710442066,c56d4afdebc9225a3d4552c163eab7ceeb5c7049ed7eac0b639ae13bc04e2156,ae42d840608e31567d96f4f5ad92cd0dceb32609e97625b84d95c9ac163ada01,ef33f062703afb975995d52096265f9302606144871ebd0e6b49b6acd927aab6
case_020,5,success,stage1_actual_winner,verified_stage1_global_fallback,133566,466944,466944,0,204800,50,5,"[{""active_any_pipe_cycles"":133566,""active_any_pipe_fraction"":1.0,""core_id"":0,""op_count"":1963,""pipe_busy_cycles"":{""PIPE_MTE2"":18171,""PIPE_MTE3"":18651,""PIPE_V"":133152},""pipe_utilization"":{""PIPE_MTE2"":0.13604510129823458,""PIPE_MTE3"":0.13963883024122906,""PIPE_V"":0.9969004087866673},""task_end"":133566,""task_span_cycles"":133566,""task_start"":0},{""active_any_pipe_cycles"":107104,""active_any_pipe_fraction"":0.8018807181468338,""core_id"":1,""op_count"":1527,""pipe_busy_cycles"":{""PIPE_MTE2"":16670,""PIPE_MTE3"":19342,""PIPE_V"":106552},""pipe_utilization"":{""PIPE_MTE2"":0.12480721141607894,""PIPE_MTE3"":0.14481230253208152,""PIPE_V"":0.7977479298623902},""task_end"":107104,""task_span_cycles"":107104,""task_start"":0},{""active_any_pipe_cycles"":81089,""active_any_pipe_fraction"":0.6071080963718312,""core_id"":2,""op_count"":1148,""pipe_busy_cycles"":{""PIPE_MTE2"":14002,""PIPE_MTE3"":16998,""PIPE_V"":79952},""pipe_utilization"":{""PIPE_MTE2"":0.10483206804126799,""PIPE_MTE3"":0.12726292619379184,""PIPE_V"":0.598595450938113},""task_end"":81089,""task_span_cycles"":81089,""task_start"":0},{""active_any_pipe_cycles"":107228,""active_any_pipe_fraction"":0.802809098123774,""core_id"":3,""op_count"":1530,""pipe_busy_cycles"":{""PIPE_MTE2"":16515,""PIPE_MTE3"":20233,""PIPE_V"":106476},""pipe_utilization"":{""PIPE_MTE2"":0.12364673644490365,""PIPE_MTE3"":0.151483161882515,""PIPE_V"":0.7971789227797493},""task_end"":107228,""task_span_cycles"":107228,""task_start"":0},{""active_any_pipe_cycles"":107228,""active_any_pipe_fraction"":0.802809098123774,""core_id"":4,""op_count"":1530,""pipe_busy_cycles"":{""PIPE_MTE2"":16515,""PIPE_MTE3"":20233,""PIPE_V"":106476},""pipe_utilization"":{""PIPE_MTE2"":0.12364673644490365,""PIPE_MTE3"":0.151483161882515,""PIPE_V"":0.7971789227797493},""task_end"":107228,""task_span_cycles"":107228,""task_start"":0}]",b1,133566,466944,0,0,0,False,0,87.14678187854588,9b5f80bc895d4a17f963272a07fd8ac2ca9d0266899064ac611260e604e1f4ea,07387acb8285e53d1eafc149cde8e60e606474d2842a892766e01417db5e2510,6adf8d317939181258a38491cc61d50933f0920ded6cb199ebe43778e14d6384
case_021,1,success,stage1_actual_winner,verified_stage1_global_fallback,6567937,4501504,0,4501504,0,0,1,"[{""active_any_pipe_cycles"":6567937,""active_any_pipe_fraction"":1.0,""core_id"":0,""op_count"":5549,""pipe_busy_cycles"":{""PIPE_M"":6192000,""PIPE_MTE2"":119448,""PIPE_MTE3"":20467,""PIPE_V"":783360},""pipe_utilization"":{""PIPE_M"":0.9427617834945737,""PIPE_MTE2"":0.01818653254438951,""PIPE_MTE3"":0.003116199196185956,""PIPE_V"":0.11927032795838328},""task_end"":6567937,""task_span_cycles"":6567937,""task_start"":0}]",single,6567937,4501504,0,0,0,False,0,0.7601146157830954,75c76d7ca84bf5240860631260ea9acadc6a6a12f28c2b338762b8ba1f477e40,f348d8199a95196945fe11a61f21e5764ab4819e1e2976958b4ced376a8e9830,7454a2be9213103004dc2ae92d0045b70227c4d37b28b1e9d4eb8a72179d938f
case_021,2,success,stage1_actual_winner,verified_stage1_global_fallback,3215396,5017600,1740800,3276800,0,0,2,"[{""active_any_pipe_cycles"":3208990,""active_any_pipe_fraction"":0.998007710403322,""core_id"":0,""op_count"":2800,""pipe_busy_cycles"":{""PIPE_M"":3096000,""PIPE_MTE2"":77151,""PIPE_MTE3"":12079,""PIPE_V"":391680},""pipe_utilization"":{""PIPE_M"":0.9628674042015354,""PIPE_MTE2"":0.023994245187840005,""PIPE_MTE3"":0.003756613493330215,""PIPE_V"":0.12181392276410122},""task_end"":3208990,""task_span_cycles"":3208990,""task_start"":0},{""active_any_pipe_cycles"":3215396,""active_any_pipe_fraction"":1.0,""core_id"":1,""op_count"":2800,""pipe_busy_cycles"":{""PIPE_M"":3096000,""PIPE_MTE2"":77710,""PIPE_MTE3"":12140,""PIPE_V"":391680},""pipe_utilization"":{""PIPE_M"":0.9628674042015354,""PIPE_MTE2"":0.024168096246931947,""PIPE_MTE3"":0.0037755847180254002,""PIPE_V"":0.12181392276410122},""task_end"":3215396,""task_span_cycles"":3215396,""task_start"":0}]",b0,3215396,5017600,0,0,0,False,0,19.740345479920506,a7f8ed26f7f611c4996aa5faadf48a2a21c166ae1857f459c711b7e4d3f54c8e,726787668fed95a619a7a74ddbfa8a8bd6531a1fb03d801558c71dd96421fd2c,59914af8e8ab3fcac34941d3a93de59bc48cacd041cf626e8410997afaa99961
case_021,3,success,stage1_actual_winner,verified_stage1_global_fallback,2784961,65814528,36691968,29122560,18345984,1493,3,"[{""active_any_pipe_cycles"":2678604,""active_any_pipe_fraction"":0.9618102371990128,""core_id"":0,""op_count"":2762,""pipe_busy_cycles"":{""PIPE_M"":2229120,""PIPE_MTE2"":433687,""PIPE_MTE3"":391855,""PIPE_V"":197472},""pipe_utilization"":{""PIPE_M"":0.8004133630596623,""PIPE_MTE2"":0.15572462235557338,""PIPE_MTE3"":0.14070394522580387,""PIPE_V"":0.0709065584760433},""task_end"":2734046,""task_span_cycles"":2734046,""task_start"":0},{""active_any_pipe_cycles"":2580173,""active_any_pipe_fraction"":0.9264664747549427,""core_id"":1,""op_count"":3230,""pipe_busy_cycles"":{""PIPE_M"":1981440,""PIPE_MTE2"":584912,""PIPE_MTE3"":453721,""PIPE_V"":262752},""pipe_utilization"":{""PIPE_M"":0.711478544941922,""PIPE_MTE2"":0.21002520322546708,""PIPE_MTE3"":0.1629182598966377,""PIPE_V"":0.09434674309622289},""task_end"":2735481,""task_span_cycles"":2735481,""task_start"":0},{""active_any_pipe_cycles"":2784961,""active_any_pipe_fraction"":1.0,""core_id"":2,""op_count"":3814,""pipe_busy_cycles"":{""PIPE_M"":1981440,""PIPE_MTE2"":667984,""PIPE_MTE3"":472933,""PIPE_V"":323136},""pipe_utilization"":{""PIPE_M"":0.711478544941922,""PIPE_MTE2"":0.23985398718330347,""PIPE_MTE3"":0.16981674070121627,""PIPE_V"":0.11602891386988902},""task_end"":2784961,""task_span_cycles"":2784961,""task_start"":0}]",b2a_w4,2784961,65814528,0,0,0,False,0,21.356900691986084,dcc940551b80686855cf44dffbb250eeff6e074c06ad5473446d7d5463fd9ac9,17b53882f27237c5f0c58553a8637d2c1fb12b54684f1982af6b489d69e57896,2dda29af2850392b45aeae0646d8880cbef87a078914d721d99095f4cd3ea980
case_021,4,success,map_locality@b0,scene_b_fixed_partition_mapping,1588497,5427200,3788800,1638400,0,0,4,"[{""active_any_pipe_cycles"":1588497,""active_any_pipe_fraction"":1.0,""core_id"":0,""op_count"":1350,""pipe_busy_cycles"":{""PIPE_M"":1548000,""PIPE_MTE2"":73810,""PIPE_MTE3"":12442,""PIPE_V"":195840},""pipe_utilization"":{""PIPE_M"":0.974506089718772,""PIPE_MTE2"":0.046465306513011985,""PIPE_MTE3"":0.007832561219819742,""PIPE_V"":0.12328635181558417},""task_end"":1588497,""task_span_cycles"":1588497,""task_start"":0},{""active_any_pipe_cycles"":1579350,""active_any_pipe_fraction"":0.9942417266132703,""core_id"":1,""op_count"":1450,""pipe_busy_cycles"":{""PIPE_M"":1548000,""PIPE_MTE2"":65510,""PIPE_MTE3"":8158,""PIPE_V"":195840},""pipe_utilization"":{""PIPE_M"":0.974506089718772,""PIPE_MTE2"":0.041240241561677486,""PIPE_MTE3"":0.005135672273853838,""PIPE_V"":0.12328635181558417},""task_end"":1579350,""task_span_cycles"":1579350,""task_start"":0},{""active_any_pipe_cycles"":1588497,""active_any_pipe_fraction"":1.0,""core_id"":2,""op_count"":1350,""pipe_busy_cycles"":{""PIPE_M"":1548000,""PIPE_MTE2"":73810,""PIPE_MTE3"":12442,""PIPE_V"":195840},""pipe_utilization"":{""PIPE_M"":0.974506089718772,""PIPE_MTE2"":0.046465306513011985,""PIPE_MTE3"":0.007832561219819742,""PIPE_V"":0.12328635181558417},""task_end"":1588497,""task_span_cycles"":1588497,""task_start"":0},{""active_any_pipe_cycles"":1584879,""active_any_pipe_fraction"":0.9977223753019363,""core_id"":3,""op_count"":1450,""pipe_busy_cycles"":{""PIPE_M"":1548000,""PIPE_MTE2"":63841,""PIPE_MTE3"":8346,""PIPE_V"":195840},""pipe_utilization"":{""PIPE_M"":0.974506089718772,""PIPE_MTE2"":0.040189562838330826,""PIPE_MTE3"":0.005254023142631053,""PIPE_V"":0.12328635181558417},""task_end"":1584879,""task_span_cycles"":1584879,""task_start"":0}]",b0,1588859,6635520,-362,-1208320,-389120,True,0,44.285335110500455,d97cd70b87c5d8cd8a993532da30ebcca8d008711730ce79147131a940219126,34d9fcc79c8b27586bdb46b236fc01da92aef6c4456bf8bf9aa1de17b1f62e4b,993ec5a17f36e0e5e4fd2bf915096115f1017cf30b75b6b6aad68c0fe8196d2a
case_021,5,success,map_locality@b0,scene_b_fixed_partition_mapping,1269404,4245504,3020800,1224704,0,0,5,"[{""active_any_pipe_cycles"":1269404,""active_any_pipe_fraction"":1.0,""core_id"":0,""op_count"":1050,""pipe_busy_cycles"":{""PIPE_M"":1238400,""PIPE_MTE2"":96107,""PIPE_MTE3"":17427,""PIPE_V"":156672},""pipe_utilization"":{""PIPE_M"":0.9755759395747926,""PIPE_MTE2"":0.07571033335329021,""PIPE_MTE3"":0.013728489905498959,""PIPE_V"":0.12342170026248539},""task_end"":1269404,""task_span_cycles"":1269404,""task_start"":0},{""active_any_pipe_cycles"":1269404,""active_any_pipe_fraction"":1.0,""core_id"":1,""op_count"":1050,""pipe_busy_cycles"":{""PIPE_M"":1238400,""PIPE_MTE2"":96107,""PIPE_MTE3"":17427,""PIPE_V"":156672},""pipe_utilization"":{""PIPE_M"":0.9755759395747926,""PIPE_MTE2"":0.07571033335329021,""PIPE_MTE3"":0.013728489905498959,""PIPE_V"":0.12342170026248539},""task_end"":1269404,""task_span_cycles"":1269404,""task_start"":0},{""active_any_pipe_cycles"":1269404,""active_any_pipe_fraction"":1.0,""core_id"":2,""op_count"":1050,""pipe_busy_cycles"":{""PIPE_M"":1238400,""PIPE_MTE2"":96107,""PIPE_MTE3"":17427,""PIPE_V"":156672},""pipe_utilization"":{""PIPE_M"":0.9755759395747926,""PIPE_MTE2"":0.07571033335329021,""PIPE_MTE3"":0.013728489905498959,""PIPE_V"":0.12342170026248539},""task_end"":1269404,""task_span_cycles"":1269404,""task_start"":0},{""active_any_pipe_cycles"":1269404,""active_any_pipe_fraction"":1.0,""core_id"":3,""op_count"":1050,""pipe_busy_cycles"":{""PIPE_M"":1238400,""PIPE_MTE2"":96107,""PIPE_MTE3"":17427,""PIPE_V"":156672},""pipe_utilization"":{""PIPE_M"":0.9755759395747926,""PIPE_MTE2"":0.07571033335329021,""PIPE_MTE3"":0.013728489905498959,""PIPE_V"":0.12342170026248539},""task_end"":1269404,""task_span_cycles"":1269404,""task_start"":0},{""active_any_pipe_cycles"":1264652,""active_any_pipe_fraction"":0.9962565109295386,""core_id"":4,""op_count"":1174,""pipe_busy_cycles"":{""PIPE_M"":1238400,""PIPE_MTE2"":71334,""PIPE_MTE3"":11180,""PIPE_V"":156672},""pipe_utilization"":{""PIPE_M"":0.9755759395747926,""PIPE_MTE2"":0.05619487570544917,""PIPE_MTE3"":0.008807282787827988,""PIPE_V"":0.12342170026248539},""task_end"":1264652,""task_span_cycles"":1264652,""task_start"":0}]",b0,1271102,6840320,-1698,-2594816,-802816,True,0,36.612238662317395,52623b3d6757e462c1c9cb850ef560418b47a46a17010f88b060c8696b02397f,8173d4794bc224de722f64a9268b989244b0d17781a4b6713e768523d0a26c5c,22c73215076b30a8df0d69152c6086c79217bcb322476fddf8009f9f8d46776c
case_022,1,success,stage1_actual_winner,verified_stage1_global_fallback,56780,0,0,0,0,0,1,"[{""active_any_pipe_cycles"":56780,""active_any_pipe_fraction"":1.0,""core_id"":0,""op_count"":1567,""pipe_busy_cycles"":{""PIPE_M"":4484,""PIPE_MTE2"":3681,""PIPE_MTE3"":76,""PIPE_V"":54087},""pipe_utilization"":{""PIPE_M"":0.07897146882705178,""PIPE_MTE2"":0.06482916519901374,""PIPE_MTE3"":0.0013384994716449455,""PIPE_V"":0.9525713279323705},""task_end"":56780,""task_span_cycles"":56780,""task_start"":0}]",single,56780,0,0,0,0,False,0,0.21596436016261578,eaf1cfb44676adb9e2de432e7d8b63d9a13928fb5cad53d4fd5288cfe6c4dcaf,bdc9c153727b9f7ea40409a9ffa15959f9bc5fe680e565eb6da09692918d3411,811e4defc28c53cd78d36d8eecd05dc585b5d337fd1de559e244ab3a4651ea2c
case_022,2,success,stage1_actual_winner,verified_stage1_global_fallback,29058,693464,685272,8192,296044,137,2,"[{""active_any_pipe_cycles"":28160,""active_any_pipe_fraction"":0.9690962901782642,""core_id"":0,""op_count"":1022,""pipe_busy_cycles"":{""PIPE_M"":2608,""PIPE_MTE2"":10672,""PIPE_MTE3"":5391,""PIPE_V"":27149},""pipe_utilization"":{""PIPE_M"":0.08975153141991879,""PIPE_MTE2"":0.36726546906187624,""PIPE_MTE3"":0.18552550072269255,""PIPE_V"":0.9343038061807419},""task_end"":28160,""task_span_cycles"":28160,""task_start"":0},{""active_any_pipe_cycles"":27872,""active_any_pipe_fraction"":0.9591850781196228,""core_id"":1,""op_count"":864,""pipe_busy_cycles"":{""PIPE_M"":1876,""PIPE_MTE2"":9501,""PIPE_MTE3"":6563,""PIPE_V"":26938},""pipe_utilization"":{""PIPE_M"":0.06456053410420538,""PIPE_MTE2"":0.3269667561428866,""PIPE_MTE3"":0.22585862757244132,""PIPE_V"":0.9270424667905568},""task_end"":29058,""task_span_cycles"":29058,""task_start"":0}]",b2a_w4,29058,693464,0,0,0,False,0,4.700741499662399,5b55a51cb410b285236703173d42367914a4dd5eded7ab33a7533fe3e808ea1f,a67eaa0b1b0f41939aa67cd5821a444128f623f08262e46c659029849df7fb08,51d0214c13451fa63be65388406a5b121bad73fbd9481aa16ca2698e834c956f
case_022,3,success,stage1_actual_winner,verified_stage1_global_fallback,22450,893256,893256,0,377124,234,3,"[{""active_any_pipe_cycles"":22423,""active_any_pipe_fraction"":0.9987973273942093,""core_id"":0,""op_count"":704,""pipe_busy_cycles"":{""PIPE_M"":1828,""PIPE_MTE2"":17151,""PIPE_MTE3"":11106,""PIPE_V"":18933},""pipe_utilization"":{""PIPE_M"":0.08142538975501114,""PIPE_MTE2"":0.7639643652561248,""PIPE_MTE3"":0.49469933184855236,""PIPE_V"":0.8433407572383074},""task_end"":22423,""task_span_cycles"":22423,""task_start"":0},{""active_any_pipe_cycles"":21180,""active_any_pipe_fraction"":0.9434298440979956,""core_id"":1,""op_count"":704,""pipe_busy_cycles"":{""PIPE_M"":1584,""PIPE_MTE2"":18113,""PIPE_MTE3"":10074,""PIPE_V"":16991},""pipe_utilization"":{""PIPE_M"":0.07055679287305122,""PIPE_MTE2"":0.806815144766147,""PIPE_MTE3"":0.4487305122494432,""PIPE_V"":0.7568374164810691},""task_end"":21180,""task_span_cycles"":21180,""task_start"":0},{""active_any_pipe_cycles"":21996,""active_any_pipe_fraction"":0.9797772828507795,""core_id"":2,""op_count"":706,""pipe_busy_cycles"":{""PIPE_M"":1072,""PIPE_MTE2"":16561,""PIPE_MTE3"":11833,""PIPE_V"":18163},""pipe_utilization"":{""PIPE_M"":0.04775055679287305,""PIPE_MTE2"":0.7376837416481069,""PIPE_MTE3"":0.5270824053452116,""PIPE_V"":0.8090423162583519},""task_end"":22450,""task_span_cycles"":22450,""task_start"":0}]",b2a_w4,22450,893256,0,0,0,False,0,6.6748973950743675,74dc674e8af2142bd8d3c27fbf76b9d611e61953259273674fd539473771ce0c,1701b6521e7c2600f2fb303a6adf693af36e481524413c995f64e9fe4e1abbf1,95ff0b888e7f161d00fbbb19153b59ed4a714a1f235288a4852229212c31d6e7
case_022,4,success,map_locality@b2a_w4,scene_b_fixed_partition_mapping,20969,852016,852016,0,358552,217,4,"[{""active_any_pipe_cycles"":20014,""active_any_pipe_fraction"":0.9544565787591206,""core_id"":0,""op_count"":518,""pipe_busy_cycles"":{""PIPE_M"":2900,""PIPE_MTE2"":15250,""PIPE_MTE3"":11846,""PIPE_V"":15851},""pipe_utilization"":{""PIPE_M"":0.13829939434403166,""PIPE_MTE2"":0.7272640564643045,""PIPE_MTE3"":0.5649291811722066,""PIPE_V"":0.7559254137059469},""task_end"":20014,""task_span_cycles"":20014,""task_start"":0},{""active_any_pipe_cycles"":16701,""active_any_pipe_fraction"":0.7964614430826458,""core_id"":1,""op_count"":433,""pipe_busy_cycles"":{""PIPE_M"":536,""PIPE_MTE2"":13102,""PIPE_MTE3"":8807,""PIPE_V"":11236},""pipe_utilization"":{""PIPE_M"":0.025561543230483093,""PIPE_MTE2"":0.62482712575707,""PIPE_MTE3"":0.4200009537889265,""PIPE_V"":0.5358386189136344},""task_end"":19310,""task_span_cycles"":19310,""task_start"":0},{""active_any_pipe_cycles"":18689,""active_any_pipe_fraction"":0.8912680623777958,""core_id"":2,""op_count"":508,""pipe_busy_cycles"":{""PIPE_M"":780,""PIPE_MTE2"":12302,""PIPE_MTE3"":4481,""PIPE_V"":11210},""pipe_utilization"":{""PIPE_M"":0.037197768133911964,""PIPE_MTE2"":0.5866755686966474,""PIPE_MTE3"":0.2136964089846917,""PIPE_V"":0.5345986933091706},""task_end"":20760,""task_span_cycles"":20760,""task_start"":0},{""active_any_pipe_cycles"":20744,""active_any_pipe_fraction"":0.9892698745767562,""core_id"":3,""op_count"":615,""pipe_busy_cycles"":{""PIPE_M"":268,""PIPE_MTE2"":15388,""PIPE_MTE3"":9226,""PIPE_V"":15790},""pipe_utilization"":{""PIPE_M"":0.012780771615241547,""PIPE_MTE2"":0.7338452000572273,""PIPE_MTE3"":0.4399828317993228,""PIPE_V"":0.7530163574800897},""task_end"":20969,""task_span_cycles"":20969,""task_start"":0}]",b2a_w4,21896,931884,-927,-79868,0,True,0,10.391236528754234,725bc56af87c7df307764f36767370381ee893607ad01bffe0afd8f55200f7f4,1933a3b81bb1c036a48b40e2eb2a7d4a619e1bc8a10a843b4bc27c9cf2ad217c,2de4e58ffe8ce76a565a52afe12a757f4b844e31f19490ae45bc53516c6d0d8f
case_022,5,success,map_locality@b2a_w4,scene_b_fixed_partition_mapping,19350,855484,855484,0,357598,201,5,"[{""active_any_pipe_cycles"":15234,""active_any_pipe_fraction"":0.7872868217054264,""core_id"":0,""op_count"":363,""pipe_busy_cycles"":{""PIPE_M"":2608,""PIPE_MTE2"":10116,""PIPE_MTE3"":5034,""PIPE_V"":10397},""pipe_utilization"":{""PIPE_M"":0.13478036175710595,""PIPE_MTE2"":0.5227906976744187,""PIPE_MTE3"":0.2601550387596899,""PIPE_V"":0.537312661498708},""task_end"":19350,""task_span_cycles"":19350,""task_start"":0},{""active_any_pipe_cycles"":16663,""active_any_pipe_fraction"":0.8611369509043928,""core_id"":1,""op_count"":399,""pipe_busy_cycles"":{""PIPE_MTE2"":9896,""PIPE_MTE3"":3180,""PIPE_V"":10830},""pipe_utilization"":{""PIPE_MTE2"":0.5114211886304909,""PIPE_MTE3"":0.16434108527131783,""PIPE_V"":0.5596899224806201},""task_end"":17440,""task_span_cycles"":17440,""task_start"":0},{""active_any_pipe_cycles"":15814,""active_any_pipe_fraction"":0.8172609819121447,""core_id"":2,""op_count"":495,""pipe_busy_cycles"":{""PIPE_M"":536,""PIPE_MTE2"":13931,""PIPE_MTE3"":8002,""PIPE_V"":11617},""pipe_utilization"":{""PIPE_M"":0.027700258397932817,""PIPE_MTE2"":0.7199483204134367,""PIPE_MTE3"":0.4135400516795866,""PIPE_V"":0.6003617571059432},""task_end"":18594,""task_span_cycles"":18594,""task_start"":0},{""active_any_pipe_cycles"":15579,""active_any_pipe_fraction"":0.8051162790697675,""core_id"":3,""op_count"":415,""pipe_busy_cycles"":{""PIPE_M"":536,""PIPE_MTE2"":11438,""PIPE_MTE3"":7630,""PIPE_V"":9631},""pipe_utilization"":{""PIPE_M"":0.027700258397932817,""PIPE_MTE2"":0.5911111111111111,""PIPE_MTE3"":0.3943152454780362,""PIPE_V"":0.4977260981912145},""task_end"":17966,""task_span_cycles"":17966,""task_start"":0},{""active_any_pipe_cycles"":16885,""active_any_pipe_fraction"":0.8726098191214471,""core_id"":4,""op_count"":373,""pipe_busy_cycles"":{""PIPE_M"":804,""PIPE_MTE2"":13352,""PIPE_MTE3"":7767,""PIPE_V"":11612},""pipe_utilization"":{""PIPE_M"":0.041550387596899226,""PIPE_MTE2"":0.6900258397932817,""PIPE_MTE3"":0.4013953488372093,""PIPE_V"":0.6001033591731266},""task_end"":18834,""task_span_cycles"":18834,""task_start"":0}]",b2a_w4,21407,989652,-2057,-134168,0,True,0,12.506964653730392,54d9f9a75a58b8e93d492cbe14c0f1cb42bbea3bc4dcc795f00ddc4a173c946f,e8c50c9aacf47f6952cddf8a209b3885b8d319a0fb823e7605f9a412a4de6964,1bd0d85b2eeb3b3fd1c076660a56cc449fa1c496cb71a255a6978cd00a249cb7
case_023,1,success,stage1_actual_winner,verified_stage1_global_fallback,122614,0,0,0,0,0,1,"[{""active_any_pipe_cycles"":122614,""active_any_pipe_fraction"":1.0,""core_id"":0,""op_count"":1202,""pipe_busy_cycles"":{""PIPE_M"":63384,""PIPE_MTE2"":7346,""PIPE_MTE3"":216,""PIPE_V"":69558},""pipe_utilization"":{""PIPE_M"":0.5169393380853736,""PIPE_MTE2"":0.059911592477204886,""PIPE_MTE3"":0.0017616259154745787,""PIPE_V"":0.567292478836022},""task_end"":122614,""task_span_cycles"":122614,""task_start"":0}]",single,122614,0,0,0,0,False,0,0.16856740042567253,4824d37f7e18bdf281fc18e240eac9c7adfc06bde5a86778aa6e2baab0d61d5e,aa6e813822e96d6a1e60ea550fc498a806911951f3abc724b7d89438f2f8be11,9131846cf0f2c7a9e84ed74033046adf16fa92437de14a6e8c241c826543c9df
case_023,2,success,stage1_actual_winner,verified_stage1_global_fallback,57858,1109964,1109964,0,518886,169,2,"[{""active_any_pipe_cycles"":54237,""active_any_pipe_fraction"":0.9374157419890076,""core_id"":0,""op_count"":717,""pipe_busy_cycles"":{""PIPE_M"":32848,""PIPE_MTE2"":12721,""PIPE_MTE3"":5367,""PIPE_V"":32613},""pipe_utilization"":{""PIPE_M"":0.5677347989906323,""PIPE_MTE2"":0.21986587853019463,""PIPE_MTE3"":0.09276158871720419,""PIPE_V"":0.5636731307684331},""task_end"":55458,""task_span_cycles"":55458,""task_start"":0},{""active_any_pipe_cycles"":57858,""active_any_pipe_fraction"":1.0,""core_id"":1,""op_count"":850,""pipe_busy_cycles"":{""PIPE_M"":30536,""PIPE_MTE2"":11576,""PIPE_MTE3"":7934,""PIPE_V"":36945},""pipe_utilization"":{""PIPE_M"":0.5277748971620173,""PIPE_MTE2"":0.20007604825607522,""PIPE_MTE3"":0.13712883265926926,""PIPE_V"":0.6385460956133984},""task_end"":57858,""task_span_cycles"":57858,""task_start"":0}]",b2a_w4,57858,1109964,0,0,0,False,0,3.840689692646265,9bfe75c347fe10c2717b90f14110ec2baaada81e8123baaec7c536fabb223c22,accf6bad6eb903c3f64dba6c8ffd194be036bd5b7a5a10505f0bc36df006c32b,471c6f0a8257dcf2a90e2047a5907bca8b7879d2ccf876d61c62b32ff4afcf62
case_023,3,success,stage1_actual_winner,verified_stage1_global_fallback,38688,1128212,1128212,0,516106,164,3,"[{""active_any_pipe_cycles"":38688,""active_any_pipe_fraction"":1.0,""core_id"":0,""op_count"":451,""pipe_busy_cycles"":{""PIPE_M"":15784,""PIPE_MTE2"":13932,""PIPE_MTE3"":7542,""PIPE_V"":26649},""pipe_utilization"":{""PIPE_M"":0.40798180314309346,""PIPE_MTE2"":0.3601116625310174,""PIPE_MTE3"":0.1949441687344913,""PIPE_V"":0.6888182382133995},""task_end"":38688,""task_span_cycles"":38688,""task_start"":0},{""active_any_pipe_cycles"":36348,""active_any_pipe_fraction"":0.9395161290322581,""core_id"":1,""op_count"":451,""pipe_busy_cycles"":{""PIPE_M"":25876,""PIPE_MTE2"":15250,""PIPE_MTE3"":6714,""PIPE_V"":17656},""pipe_utilization"":{""PIPE_M"":0.6688378825475599,""PIPE_MTE2"":0.3941790736145575,""PIPE_MTE3"":0.17354218362282878,""PIPE_V"":0.456368899917287},""task_end"":38004,""task_span_cycles"":38004,""task_start"":0},{""active_any_pipe_cycles"":36638,""active_any_pipe_fraction"":0.9470119933829612,""core_id"":2,""op_count"":661,""pipe_busy_cycles"":{""PIPE_M"":21724,""PIPE_MTE2"":13281,""PIPE_MTE3"":8255,""PIPE_V"":25253},""pipe_utilization"":{""PIPE_M"":0.5615177832919769,""PIPE_MTE2"":0.34328473945409427,""PIPE_MTE3"":0.2133736559139785,""PIPE_V"":0.6527346980976013},""task_end"":36638,""task_span_cycles"":36638,""task_start"":0}]",b2a_w4,38688,1128212,0,0,0,False,0,4.994932644069195,ee7baf5332faa2bc1dabf2aa096d936fc1bb0134884b575754855530e309203c,df50fd0006d6efc582517bcf19729087281a58291c8b69eb9aa7fe6a3ad4885c,9bd36ce8712722cf26a2d7b7b2e54a17847a6af64a0fea6d1459adf3bd9268ec
case_023,4,success,stage1_actual_winner,verified_stage1_global_fallback,32530,1233352,1233352,0,499812,178,4,"[{""active_any_pipe_cycles"":30342,""active_any_pipe_fraction"":0.932739010144482,""core_id"":0,""op_count"":422,""pipe_busy_cycles"":{""PIPE_M"":13828,""PIPE_MTE2"":14942,""PIPE_MTE3"":6860,""PIPE_V"":17149},""pipe_utilization"":{""PIPE_M"":0.42508453735013835,""PIPE_MTE2"":0.45932984936981247,""PIPE_MTE3"":0.21088226252689823,""PIPE_V"":0.5271749154626498},""task_end"":32530,""task_span_cycles"":32530,""task_start"":0},{""active_any_pipe_cycles"":26901,""active_any_pipe_fraction"":0.8269597294804796,""core_id"":1,""op_count"":351,""pipe_busy_cycles"":{""PIPE_M"":20316,""PIPE_MTE2"":16201,""PIPE_MTE3"":6781,""PIPE_V"":13727},""pipe_utilization"":{""PIPE_M"":0.6245312019674147,""PIPE_MTE2"":0.4980325853058715,""PIPE_MTE3"":0.20845373501383338,""PIPE_V"":0.4219797110359668},""task_end"":31807,""task_span_cycles"":31807,""task_start"":0},{""active_any_pipe_cycles"":29863,""active_any_pipe_fraction"":0.918014140793114,""core_id"":2,""op_count"":378,""pipe_busy_cycles"":{""PIPE_M"":13328,""PIPE_MTE2"":14683,""PIPE_MTE3"":7691,""PIPE_V"":19400},""pipe_utilization"":{""PIPE_M"":0.40971411005225944,""PIPE_MTE2"":0.45136796802951124,""PIPE_MTE3"":0.23642791269597294,""PIPE_V"":0.5963725791577006},""task_end"":29863,""task_span_cycles"":29863,""task_start"":0},{""active_any_pipe_cycles"":30122,""active_any_pipe_fraction"":0.9259760221334153,""core_id"":3,""op_count"":480,""pipe_busy_cycles"":{""PIPE_M"":15912,""PIPE_MTE2"":17471,""PIPE_MTE3"":9306,""PIPE_V"":19282},""pipe_utilization"":{""PIPE_M"":0.48914847832769753,""PIPE_MTE2"":0.5370734706424839,""PIPE_MTE3"":0.28607439286812175,""PIPE_V"":0.5927451583154012},""task_end"":31960,""task_span_cycles"":31960,""task_start"":0}]",b2a_w4,32530,1233352,0,0,0,False,0,6.16767087392509,cf628256e893e0052b681630d97a13266d19fde38734db445613750de6398ae6,26ce634626b0117ebdb18f7ca7259b3979ac2393eb30e76dadb26b2a4b7884ae,2e86c3d2519d03406e6e36a8aef8836b519c7ce255983367ad8d568bb59fca1c
case_023,5,success,stage1_actual_winner,verified_stage1_global_fallback,32530,1233352,1233352,0,499812,178,4,"[{""active_any_pipe_cycles"":30342,""active_any_pipe_fraction"":0.932739010144482,""core_id"":0,""op_count"":422,""pipe_busy_cycles"":{""PIPE_M"":13828,""PIPE_MTE2"":14942,""PIPE_MTE3"":6860,""PIPE_V"":17149},""pipe_utilization"":{""PIPE_M"":0.42508453735013835,""PIPE_MTE2"":0.45932984936981247,""PIPE_MTE3"":0.21088226252689823,""PIPE_V"":0.5271749154626498},""task_end"":32530,""task_span_cycles"":32530,""task_start"":0},{""active_any_pipe_cycles"":26901,""active_any_pipe_fraction"":0.8269597294804796,""core_id"":1,""op_count"":351,""pipe_busy_cycles"":{""PIPE_M"":20316,""PIPE_MTE2"":16201,""PIPE_MTE3"":6781,""PIPE_V"":13727},""pipe_utilization"":{""PIPE_M"":0.6245312019674147,""PIPE_MTE2"":0.4980325853058715,""PIPE_MTE3"":0.20845373501383338,""PIPE_V"":0.4219797110359668},""task_end"":31807,""task_span_cycles"":31807,""task_start"":0},{""active_any_pipe_cycles"":29863,""active_any_pipe_fraction"":0.918014140793114,""core_id"":2,""op_count"":378,""pipe_busy_cycles"":{""PIPE_M"":13328,""PIPE_MTE2"":14683,""PIPE_MTE3"":7691,""PIPE_V"":19400},""pipe_utilization"":{""PIPE_M"":0.40971411005225944,""PIPE_MTE2"":0.45136796802951124,""PIPE_MTE3"":0.23642791269597294,""PIPE_V"":0.5963725791577006},""task_end"":29863,""task_span_cycles"":29863,""task_start"":0},{""active_any_pipe_cycles"":30122,""active_any_pipe_fraction"":0.9259760221334153,""core_id"":3,""op_count"":480,""pipe_busy_cycles"":{""PIPE_M"":15912,""PIPE_MTE2"":17471,""PIPE_MTE3"":9306,""PIPE_V"":19282},""pipe_utilization"":{""PIPE_M"":0.48914847832769753,""PIPE_MTE2"":0.5370734706424839,""PIPE_MTE3"":0.28607439286812175,""PIPE_V"":0.5927451583154012},""task_end"":31960,""task_span_cycles"":31960,""task_start"":0},{""active_any_pipe_cycles"":0,""active_any_pipe_fraction"":0.0,""core_id"":4,""op_count"":0,""pipe_busy_cycles"":{},""pipe_utilization"":{},""task_end"":0,""task_span_cycles"":0,""task_start"":0}]",inherit_k4,32530,1233352,0,0,0,False,0,8.82421300560236,10df37a3547bc6c727706126263a00894b65209267bb3932ccb10e65d2dd34bf,20b01486fc5696826c92713a87c040f3c4d05ab389207a23429522978fcc7502,37a5285ead6c8d4baa9ef2dd1da38901a871fe774945bf0e2c7bbdd801d3f4d7
case_024,1,success,stage1_actual_winner,verified_stage1_global_fallback,2555343,0,0,0,0,0,1,"[{""active_any_pipe_cycles"":2555343,""active_any_pipe_fraction"":1.0,""core_id"":0,""op_count"":5972,""pipe_busy_cycles"":{""PIPE_MTE2"":6564,""PIPE_MTE3"":1,""PIPE_V"":2554795},""pipe_utilization"":{""PIPE_MTE2"":0.0025687353909044698,""PIPE_MTE3"":3.9133689684711603e-07,""PIPE_V"":0.9997855473805278},""task_end"":2555343,""task_span_cycles"":2555343,""task_start"":0}]",single,2555343,0,0,0,0,False,0,0.8956909291446209,60bdfaac27bdd7cbde4e5b65714b5f6b492e1f8b829661c21657b3a1a8c4b1a9,3f6ba4b0f374750256c442f6bff12ee90e8c8c76c00655298e84b9a94fbfee98,bbcb439cb508ae1efd364bd2df811123338e06197f002101a553148a4f18c700
case_024,2,success,stage1_actual_winner,verified_stage1_global_fallback,2555343,0,0,0,0,0,1,"[{""active_any_pipe_cycles"":2555343,""active_any_pipe_fraction"":1.0,""core_id"":0,""op_count"":5972,""pipe_busy_cycles"":{""PIPE_MTE2"":6564,""PIPE_MTE3"":1,""PIPE_V"":2554795},""pipe_utilization"":{""PIPE_MTE2"":0.0025687353909044698,""PIPE_MTE3"":3.9133689684711603e-07,""PIPE_V"":0.9997855473805278},""task_end"":2555343,""task_span_cycles"":2555343,""task_start"":0},{""active_any_pipe_cycles"":0,""active_any_pipe_fraction"":0.0,""core_id"":1,""op_count"":0,""pipe_busy_cycles"":{},""pipe_utilization"":{},""task_end"":0,""task_span_cycles"":0,""task_start"":0}]",single,2555343,0,0,0,0,False,0,8.621157618239522,85384c686ce72fc5181881ad991191171d220d63473bd026548cb72191122a83,7575ea468b2b1b95503e973398a82e06775b29fc6c7fe982dcb65169902b81f8,1db6e4b23a7c7edc288f491f58b77f36ea91ead54f91119f6e985e2218f853ed
case_024,3,success,stage1_actual_winner,verified_stage1_global_fallback,2555343,0,0,0,0,0,1,"[{""active_any_pipe_cycles"":2555343,""active_any_pipe_fraction"":1.0,""core_id"":0,""op_count"":5972,""pipe_busy_cycles"":{""PIPE_MTE2"":6564,""PIPE_MTE3"":1,""PIPE_V"":2554795},""pipe_utilization"":{""PIPE_MTE2"":0.0025687353909044698,""PIPE_MTE3"":3.9133689684711603e-07,""PIPE_V"":0.9997855473805278},""task_end"":2555343,""task_span_cycles"":2555343,""task_start"":0},{""active_any_pipe_cycles"":0,""active_any_pipe_fraction"":0.0,""core_id"":1,""op_count"":0,""pipe_busy_cycles"":{},""pipe_utilization"":{},""task_end"":0,""task_span_cycles"":0,""task_start"":0},{""active_any_pipe_cycles"":0,""active_any_pipe_fraction"":0.0,""core_id"":2,""op_count"":0,""pipe_busy_cycles"":{},""pipe_utilization"":{},""task_end"":0,""task_span_cycles"":0,""task_start"":0}]",single,2555343,0,0,0,0,False,0,9.839511333033442,9d03be6cef82cc98b751ddccb88d24817088412f95cb8988704b3522f729a2a5,a4c60b29ca4fa882988fcd0c25a2ea4141ac5009962d58baf54bf79a190a46d6,ab1884c3127e3d67b0649391b2ac3ae9b7684c127a01a74c03457824060c4acb
case_024,4,success,stage1_actual_winner,verified_stage1_global_fallback,2555343,0,0,0,0,0,1,"[{""active_any_pipe_cycles"":2555343,""active_any_pipe_fraction"":1.0,""core_id"":0,""op_count"":5972,""pipe_busy_cycles"":{""PIPE_MTE2"":6564,""PIPE_MTE3"":1,""PIPE_V"":2554795},""pipe_utilization"":{""PIPE_MTE2"":0.0025687353909044698,""PIPE_MTE3"":3.9133689684711603e-07,""PIPE_V"":0.9997855473805278},""task_end"":2555343,""task_span_cycles"":2555343,""task_start"":0},{""active_any_pipe_cycles"":0,""active_any_pipe_fraction"":0.0,""core_id"":1,""op_count"":0,""pipe_busy_cycles"":{},""pipe_utilization"":{},""task_end"":0,""task_span_cycles"":0,""task_start"":0},{""active_any_pipe_cycles"":0,""active_any_pipe_fraction"":0.0,""core_id"":2,""op_count"":0,""pipe_busy_cycles"":{},""pipe_utilization"":{},""task_end"":0,""task_span_cycles"":0,""task_start"":0},{""active_any_pipe_cycles"":0,""active_any_pipe_fraction"":0.0,""core_id"":3,""op_count"":0,""pipe_busy_cycles"":{},""pipe_utilization"":{},""task_end"":0,""task_span_cycles"":0,""task_start"":0}]",single,2555343,0,0,0,0,False,0,11.216797593981028,c434fa32a3539f70d7a707dd6673f8eba537a17e3bc87c109abdd1e9c8a0ae17,1516a8076ea383054198d2b974151207227c6716b693193b6b8cdfd9f40ff5e0,1dcb456c9fabf92dab42f65630036906c44f7c22077ae0cd25430c068f079251
case_024,5,success,stage1_actual_winner,verified_stage1_global_fallback,2555343,0,0,0,0,0,1,"[{""active_any_pipe_cycles"":2555343,""active_any_pipe_fraction"":1.0,""core_id"":0,""op_count"":5972,""pipe_busy_cycles"":{""PIPE_MTE2"":6564,""PIPE_MTE3"":1,""PIPE_V"":2554795},""pipe_utilization"":{""PIPE_MTE2"":0.0025687353909044698,""PIPE_MTE3"":3.9133689684711603e-07,""PIPE_V"":0.9997855473805278},""task_end"":2555343,""task_span_cycles"":2555343,""task_start"":0},{""active_any_pipe_cycles"":0,""active_any_pipe_fraction"":0.0,""core_id"":1,""op_count"":0,""pipe_busy_cycles"":{},""pipe_utilization"":{},""task_end"":0,""task_span_cycles"":0,""task_start"":0},{""active_any_pipe_cycles"":0,""active_any_pipe_fraction"":0.0,""core_id"":2,""op_count"":0,""pipe_busy_cycles"":{},""pipe_utilization"":{},""task_end"":0,""task_span_cycles"":0,""task_start"":0},{""active_any_pipe_cycles"":0,""active_any_pipe_fraction"":0.0,""core_id"":3,""op_count"":0,""pipe_busy_cycles"":{},""pipe_utilization"":{},""task_end"":0,""task_span_cycles"":0,""task_start"":0},{""active_any_pipe_cycles"":0,""active_any_pipe_fraction"":0.0,""core_id"":4,""op_count"":0,""pipe_busy_cycles"":{},""pipe_utilization"":{},""task_end"":0,""task_span_cycles"":0,""task_start"":0}]",single,2555343,0,0,0,0,False,0,13.358545798808336,171217d0b936deb9de80f075288559f390b6c8e6529287052ca740fd95dbc952,5a416d7a43b6f6e573ee8f48545355e85f6d14bf18e13f549525b06f90123ebc,61cfec4a101e0852096341eaf6d4003b45924e67160dc1ce184fe80b1c352da6
case_025,1,success,stage1_actual_winner,verified_stage1_global_fallback,4863026,0,0,0,0,0,1,"[{""active_any_pipe_cycles"":4863026,""active_any_pipe_fraction"":1.0,""core_id"":0,""op_count"":23997,""pipe_busy_cycles"":{""PIPE_M"":4702824,""PIPE_MTE2"":69778,""PIPE_MTE3"":69316,""PIPE_V"":1215696},""pipe_utilization"":{""PIPE_M"":0.967057136852651,""PIPE_MTE2"":0.0143486791968622,""PIPE_MTE3"":0.01425367662027717,""PIPE_V"":0.2499875591863996},""task_end"":4863026,""task_span_cycles"":4863026,""task_start"":0}]",single,4863026,0,0,0,0,False,0,1.9200286325067282,3dfdd9e81db84bf4367303e264285f4d7d544e5e7ffae66758d305d0c9896c10,866297d2cabe14158ebe6e57cc86e522d8f888041f24e5804988ac43e71152bd,5f400aa59f25ef4dd7c844b34e7980af69a2057ab2b1aa68c4dc8a001c4a4eb8
case_025,2,success,stage1_actual_winner,verified_stage1_global_fallback,2972392,18301440,6890496,11410944,2744832,894,2,"[{""active_any_pipe_cycles"":2972392,""active_any_pipe_fraction"":1.0,""core_id"":0,""op_count"":19161,""pipe_busy_cycles"":{""PIPE_M"":2875908,""PIPE_MTE2"":237591,""PIPE_MTE3"":242620,""PIPE_V"":823380},""pipe_utilization"":{""PIPE_M"":0.967539947624674,""PIPE_MTE2"":0.07993259300926661,""PIPE_MTE3"":0.08162449636521697,""PIPE_V"":0.2770092235479035},""task_end"":2972392,""task_span_cycles"":2972392,""task_start"":0},{""active_any_pipe_cycles"":1897558,""active_any_pipe_fraction"":0.6383942629370554,""core_id"":1,""op_count"":11637,""pipe_busy_cycles"":{""PIPE_M"":1826916,""PIPE_MTE2"":158894,""PIPE_MTE3"":144909,""PIPE_V"":392316},""pipe_utilization"":{""PIPE_M"":0.6146282186198859,""PIPE_MTE2"":0.053456610029901847,""PIPE_MTE3"":0.04875164513967202,""PIPE_V"":0.13198662895069022},""task_end"":1897558,""task_span_cycles"":1897558,""task_start"":0}]",b1,2972392,18301440,0,0,0,False,0,240.9413627628237,a46e01060a6cded38dd149373c5d33643b6b2ac29a25439785c4bb492a1a5fe6,7b77196c53149c7d50ac2dfbed30f85b6dca4a66ea055e5834969aedd2b3e521,76cd4271daeff5f1d99d96a837ea0de5c03f19f5a7780e1997b1bfdbba4457df
case_025,3,success,stage1_actual_winner,verified_stage1_global_fallback,2049989,18369024,8343552,10025472,3317760,1081,3,"[{""active_any_pipe_cycles"":2049989,""active_any_pipe_fraction"":1.0,""core_id"":0,""op_count"":12961,""pipe_busy_cycles"":{""PIPE_M"":1977444,""PIPE_MTE2"":194711,""PIPE_MTE3"":217686,""PIPE_V"":487920},""pipe_utilization"":{""PIPE_M"":0.96461200523515,""PIPE_MTE2"":0.09498148526650631,""PIPE_MTE3"":0.10618886247682305,""PIPE_V"":0.23801103322993442},""task_end"":2049989,""task_span_cycles"":2049989,""task_start"":0},{""active_any_pipe_cycles"":1552156,""active_any_pipe_fraction"":0.7571533310666545,""core_id"":1,""op_count"":10220,""pipe_busy_cycles"":{""PIPE_M"":1507632,""PIPE_MTE2"":166647,""PIPE_MTE3"":213864,""PIPE_V"":466344},""pipe_utilization"":{""PIPE_M"":0.7354341901346788,""PIPE_MTE2"":0.08129165571132332,""PIPE_MTE3"":0.10432446222882172,""PIPE_V"":0.2274860987058955},""task_end"":1552156,""task_span_cycles"":1552156,""task_start"":0},{""active_any_pipe_cycles"":1264784,""active_any_pipe_fraction"":0.6169711154547659,""core_id"":2,""op_count"":7638,""pipe_busy_cycles"":{""PIPE_M"":1217748,""PIPE_MTE2"":139434,""PIPE_MTE3"":131652,""PIPE_V"":261432},""pipe_utilization"":{""PIPE_M"":0.5940266020939624,""PIPE_MTE2"":0.06801695033485546,""PIPE_MTE3"":0.06422083240446656,""PIPE_V"":0.127528489177259},""task_end"":1264784,""task_span_cycles"":1264784,""task_start"":0}]",b1,2049989,18369024,0,0,0,False,0,553.2150287143886,fa9347f0f155e184ed63df5ffe5f6bcedf489fc2af92c6e3e42e5d92d4132322,f2c16ec8dd40187f4ae4eac0d4e1b37f37258368e3054eca18e1c200911bf8d3,240bbbdb1f21c347f0eb85ede1585f2b208f77c8cd0c82f90e5956b5ceaf8246
case_025,4,success,map_locality@b1,scene_b_fixed_partition_mapping,1560638,17826816,12819456,5007360,5096448,1661,4,"[{""active_any_pipe_cycles"":1560638,""active_any_pipe_fraction"":1.0,""core_id"":0,""op_count"":9558,""pipe_busy_cycles"":{""PIPE_M"":1501752,""PIPE_MTE2"":115971,""PIPE_MTE3"":145067,""PIPE_V"":346704},""pipe_utilization"":{""PIPE_M"":0.9622679955249072,""PIPE_MTE2"":0.07430999373333214,""PIPE_MTE3"":0.09295365100683183,""PIPE_V"":0.2221552980255511},""task_end"":1560638,""task_span_cycles"":1560638,""task_start"":0},{""active_any_pipe_cycles"":1179232,""active_any_pipe_fraction"":0.755608924042603,""core_id"":1,""op_count"":7751,""pipe_busy_cycles"":{""PIPE_M"":1143660,""PIPE_MTE2"":167106,""PIPE_MTE3"":170420,""PIPE_V"":336444},""pipe_utilization"":{""PIPE_M"":0.7328156817916776,""PIPE_MTE2"":0.10707543965993395,""PIPE_MTE3"":0.10919893018111823,""PIPE_V"":0.2155810636419208},""task_end"":1179232,""task_span_cycles"":1179232,""task_start"":0},{""active_any_pipe_cycles"":1179292,""active_any_pipe_fraction"":0.7556473698577121,""core_id"":2,""op_count"":7606,""pipe_busy_cycles"":{""PIPE_M"":1143660,""PIPE_MTE2"":142520,""PIPE_MTE3"":168830,""PIPE_V"":336504},""pipe_utilization"":{""PIPE_M"":0.7328156817916776,""PIPE_MTE2"":0.09132162615545693,""PIPE_MTE3"":0.10818011608073108,""PIPE_V"":0.21561950945702976},""task_end"":1179292,""task_span_cycles"":1179292,""task_start"":0},{""active_any_pipe_cycles"":949324,""active_any_pipe_fraction"":0.6082922497081322,""core_id"":3,""op_count"":5699,""pipe_busy_cycles"":{""PIPE_M"":913752,""PIPE_MTE2"":113592,""PIPE_MTE3"":114936,""PIPE_V"":196044},""pipe_utilization"":{""PIPE_M"":0.5854990074572066,""PIPE_MTE2"":0.07278561716426231,""PIPE_MTE3"":0.07364680342270277,""PIPE_V"":0.12561785628698008},""task_end"":949324,""task_span_cycles"":949324,""task_start"":0}]",b1,1560638,18659328,0,-832512,2095104,False,0,760.312465550378,e8e0f5f8f5b308e6673e7530f009cc6837f543190f7dcc5596f5e4c303b7c9f0,f1e0e08a1465a9e3e4ff575ce0750457eac7a4179be271ada1ea4224ed3f2907,9323b62e4dd27a1b9c537445a84b5001dbd893523127c6ed6071d6fd32cf4eb3
case_025,5,success,stage1_actual_winner,verified_stage1_global_fallback,975534,264192,264192,0,67584,22,5,"[{""active_any_pipe_cycles"":974142,""active_any_pipe_fraction"":0.9985730892003765,""core_id"":0,""op_count"":4813,""pipe_busy_cycles"":{""PIPE_M"":940800,""PIPE_MTE2"":26144,""PIPE_MTE3"":17652,""PIPE_V"":243048},""pipe_utilization"":{""PIPE_M"":0.9643948852628407,""PIPE_MTE2"":0.02679968099522928,""PIPE_MTE3"":0.018094705053847433,""PIPE_V"":0.2491435459963466},""task_end"":974142,""task_span_cycles"":974142,""task_start"":0},{""active_any_pipe_cycles"":975378,""active_any_pipe_fraction"":0.9998400875828009,""core_id"":1,""op_count"":4815,""pipe_busy_cycles"":{""PIPE_M"":940800,""PIPE_MTE2"":58518,""PIPE_MTE3"":51885,""PIPE_V"":243048},""pipe_utilization"":{""PIPE_M"":0.9643948852628407,""PIPE_MTE2"":0.05998560788245207,""PIPE_MTE3"":0.05318625491269397,""PIPE_V"":0.2491435459963466},""task_end"":975378,""task_span_cycles"":975378,""task_start"":0},{""active_any_pipe_cycles"":975080,""active_any_pipe_fraction"":0.9995346138627664,""core_id"":2,""op_count"":4808,""pipe_busy_cycles"":{""PIPE_M"":940212,""PIPE_MTE2"":60858,""PIPE_MTE3"":55197,""PIPE_V"":243048},""pipe_utilization"":{""PIPE_M"":0.9637921384595514,""PIPE_MTE2"":0.06238429414044001,""PIPE_MTE3"":0.056581318539384584,""PIPE_V"":0.2491435459963466},""task_end"":975080,""task_span_cycles"":975080,""task_start"":0},{""active_any_pipe_cycles"":975080,""active_any_pipe_fraction"":0.9995346138627664,""core_id"":3,""op_count"":4810,""pipe_busy_cycles"":{""PIPE_M"":940212,""PIPE_MTE2"":60858,""PIPE_MTE3"":55327,""PIPE_V"":243348},""pipe_utilization"":{""PIPE_M"":0.9637921384595514,""PIPE_MTE2"":0.06238429414044001,""PIPE_MTE3"":0.05671457888705058,""PIPE_V"":0.24945106987557583},""task_end"":975080,""task_span_cycles"":975080,""task_start"":0},{""active_any_pipe_cycles"":975534,""active_any_pipe_fraction"":1.0,""core_id"":4,""op_count"":4819,""pipe_busy_cycles"":{""PIPE_M"":940800,""PIPE_MTE2"":56802,""PIPE_MTE3"":51843,""PIPE_V"":243204},""pipe_utilization"":{""PIPE_M"":0.9643948852628407,""PIPE_MTE2"":0.05822657129326092,""PIPE_MTE3"":0.05314320156960188,""PIPE_V"":0.24930345841354581},""task_end"":975534,""task_span_cycles"":975534,""task_start"":0}]",b0,975534,264192,0,0,0,False,0,1291.6849990282208,a29e4dc1387e9f3dd5a3b160d7d64ac667423047ee3b8e999ffa2e45c14988f3,02bda3afc8ca92da3acec269f780bf26666cb510dc11ca40237abfafe72901b1,b3893e5f68ccc9bb90e6c1accac17b7e1091a54df84049d0c859f61fbc48e98b
case_026,1,success,stage1_actual_winner,verified_stage1_global_fallback,99203,0,0,0,0,0,1,"[{""active_any_pipe_cycles"":99203,""active_any_pipe_fraction"":1.0,""core_id"":0,""op_count"":769,""pipe_busy_cycles"":{""PIPE_M"":40992,""PIPE_MTE2"":8218,""PIPE_MTE3"":693,""PIPE_V"":70768},""pipe_utilization"":{""PIPE_M"":0.4132133100813484,""PIPE_MTE2"":0.08284023668639054,""PIPE_MTE3"":0.006985675836416238,""PIPE_V"":0.7133655232200639},""task_end"":99203,""task_span_cycles"":99203,""task_start"":0}]",single,99203,0,0,0,0,False,0,0.05562681891024113,9c7cea08ea3f9abac362c6287b7f95c552c907084ae00d7cfcc993146cda444b,72df6606789136b3baf9eec24a43a369cf39c1f1f97d61801ffdf8d829ab4062,5bb57d41e89b0a862825438cb1c65039e1faa1c79a60e62ab9eb98d3ece9644c
case_026,2,success,stage1_actual_winner,verified_stage1_global_fallback,64737,1162372,943748,218624,317186,59,2,"[{""active_any_pipe_cycles"":63175,""active_any_pipe_fraction"":0.9758716035651945,""core_id"":0,""op_count"":421,""pipe_busy_cycles"":{""PIPE_M"":19288,""PIPE_MTE2"":17642,""PIPE_MTE3"":6535,""PIPE_V"":42377},""pipe_utilization"":{""PIPE_M"":0.29794398875449896,""PIPE_MTE2"":0.2725180345088589,""PIPE_MTE3"":0.10094690825957335,""PIPE_V"":0.654602468449264},""task_end"":64737,""task_span_cycles"":64737,""task_start"":0},{""active_any_pipe_cycles"":49689,""active_any_pipe_fraction"":0.7675517864590574,""core_id"":1,""op_count"":523,""pipe_busy_cycles"":{""PIPE_M"":21704,""PIPE_MTE2"":17634,""PIPE_MTE3"":6428,""PIPE_V"":28391},""pipe_utilization"":{""PIPE_M"":0.33526422293278957,""PIPE_MTE2"":0.2723944575744937,""PIPE_MTE3"":0.09929406676243879,""PIPE_V"":0.43855909294530177},""task_end"":49689,""task_span_cycles"":49689,""task_start"":0}]",b2a_w4,64737,1162372,0,0,0,False,0,1.512397451326251,56ecb64284e0766282bec6aa81f6f59b8d286a5d6b979702128f0fdbd5dbb04d,5c68e0680b202cd26c31715c68276cf458c40b811950d0e568e12ac7876c3bfe,a5fc937932888b44949bb938e7e51d1410895532a5e763abcd2d9740f5ffb53a
case_026,3,success,stage1_actual_winner,verified_stage1_global_fallback,54100,1137420,1039116,98304,360198,79,3,"[{""active_any_pipe_cycles"":32335,""active_any_pipe_fraction"":0.5976894639556377,""core_id"":0,""op_count"":311,""pipe_busy_cycles"":{""PIPE_M"":17352,""PIPE_MTE2"":14023,""PIPE_MTE3"":3940,""PIPE_V"":16647},""pipe_utilization"":{""PIPE_M"":0.32073937153419596,""PIPE_MTE2"":0.25920517560073936,""PIPE_MTE3"":0.07282809611829945,""PIPE_V"":0.3077079482439926},""task_end"":34567,""task_span_cycles"":34567,""task_start"":0},{""active_any_pipe_cycles"":50357,""active_any_pipe_fraction"":0.9308133086876156,""core_id"":1,""op_count"":306,""pipe_busy_cycles"":{""PIPE_M"":10644,""PIPE_MTE2"":13032,""PIPE_MTE3"":4771,""PIPE_V"":35920},""pipe_utilization"":{""PIPE_M"":0.19674676524953788,""PIPE_MTE2"":0.24088724584103513,""PIPE_MTE3"":0.08818853974121996,""PIPE_V"":0.6639556377079483},""task_end"":54100,""task_span_cycles"":54100,""task_start"":0},{""active_any_pipe_cycles"":31805,""active_any_pipe_fraction"":0.5878927911275416,""core_id"":2,""op_count"":357,""pipe_busy_cycles"":{""PIPE_M"":12996,""PIPE_MTE2"":16595,""PIPE_MTE3"":8012,""PIPE_V"":18201},""pipe_utilization"":{""PIPE_M"":0.24022181146025878,""PIPE_MTE2"":0.30674676524953787,""PIPE_MTE3"":0.14809611829944547,""PIPE_V"":0.33643253234750464},""task_end"":32877,""task_span_cycles"":32877,""task_start"":0}]",b2a_w4,54100,1137420,0,0,0,False,0,2.6453213915228844,41ed1dc1ece8d23fc2e983c493e4203af7510bf283b0da88b381fd5186d7c9ef,2d3b3a1f542d5c293babf86ed05d6f9176d2d110c177025abb0ae34b515aa8b6,bb8434996e26fb11d14b409deb90fa65ebe434d18802f18c3a7a36785294d45c
case_026,4,success,stage1_actual_winner,verified_stage1_global_fallback,54100,1137420,1039116,98304,360198,79,3,"[{""active_any_pipe_cycles"":32335,""active_any_pipe_fraction"":0.5976894639556377,""core_id"":0,""op_count"":311,""pipe_busy_cycles"":{""PIPE_M"":17352,""PIPE_MTE2"":14023,""PIPE_MTE3"":3940,""PIPE_V"":16647},""pipe_utilization"":{""PIPE_M"":0.32073937153419596,""PIPE_MTE2"":0.25920517560073936,""PIPE_MTE3"":0.07282809611829945,""PIPE_V"":0.3077079482439926},""task_end"":34567,""task_span_cycles"":34567,""task_start"":0},{""active_any_pipe_cycles"":50357,""active_any_pipe_fraction"":0.9308133086876156,""core_id"":1,""op_count"":306,""pipe_busy_cycles"":{""PIPE_M"":10644,""PIPE_MTE2"":13032,""PIPE_MTE3"":4771,""PIPE_V"":35920},""pipe_utilization"":{""PIPE_M"":0.19674676524953788,""PIPE_MTE2"":0.24088724584103513,""PIPE_MTE3"":0.08818853974121996,""PIPE_V"":0.6639556377079483},""task_end"":54100,""task_span_cycles"":54100,""task_start"":0},{""active_any_pipe_cycles"":31805,""active_any_pipe_fraction"":0.5878927911275416,""core_id"":2,""op_count"":357,""pipe_busy_cycles"":{""PIPE_M"":12996,""PIPE_MTE2"":16595,""PIPE_MTE3"":8012,""PIPE_V"":18201},""pipe_utilization"":{""PIPE_M"":0.24022181146025878,""PIPE_MTE2"":0.30674676524953787,""PIPE_MTE3"":0.14809611829944547,""PIPE_V"":0.33643253234750464},""task_end"":32877,""task_span_cycles"":32877,""task_start"":0},{""active_any_pipe_cycles"":0,""active_any_pipe_fraction"":0.0,""core_id"":3,""op_count"":0,""pipe_busy_cycles"":{},""pipe_utilization"":{},""task_end"":0,""task_span_cycles"":0,""task_start"":0}]",inherit_k3,54100,1137420,0,0,0,False,0,3.7773383110761642,63e20dc8df54fb64bb900908cf8e342006da936fde8496e52109a8cb8d40144c,724c0e32e011a58ac8edad9aa9b61e7aff589e387d05dd67bc8edb543dae0dad,c2ed95952f5f738a56fdaa7f93260728691b54e54d729ffdaf4bbfee3155646c
case_026,5,success,stage1_actual_winner,verified_stage1_global_fallback,54100,1137420,1039116,98304,360198,79,3,"[{""active_any_pipe_cycles"":32335,""active_any_pipe_fraction"":0.5976894639556377,""core_id"":0,""op_count"":311,""pipe_busy_cycles"":{""PIPE_M"":17352,""PIPE_MTE2"":14023,""PIPE_MTE3"":3940,""PIPE_V"":16647},""pipe_utilization"":{""PIPE_M"":0.32073937153419596,""PIPE_MTE2"":0.25920517560073936,""PIPE_MTE3"":0.07282809611829945,""PIPE_V"":0.3077079482439926},""task_end"":34567,""task_span_cycles"":34567,""task_start"":0},{""active_any_pipe_cycles"":50357,""active_any_pipe_fraction"":0.9308133086876156,""core_id"":1,""op_count"":306,""pipe_busy_cycles"":{""PIPE_M"":10644,""PIPE_MTE2"":13032,""PIPE_MTE3"":4771,""PIPE_V"":35920},""pipe_utilization"":{""PIPE_M"":0.19674676524953788,""PIPE_MTE2"":0.24088724584103513,""PIPE_MTE3"":0.08818853974121996,""PIPE_V"":0.6639556377079483},""task_end"":54100,""task_span_cycles"":54100,""task_start"":0},{""active_any_pipe_cycles"":31805,""active_any_pipe_fraction"":0.5878927911275416,""core_id"":2,""op_count"":357,""pipe_busy_cycles"":{""PIPE_M"":12996,""PIPE_MTE2"":16595,""PIPE_MTE3"":8012,""PIPE_V"":18201},""pipe_utilization"":{""PIPE_M"":0.24022181146025878,""PIPE_MTE2"":0.30674676524953787,""PIPE_MTE3"":0.14809611829944547,""PIPE_V"":0.33643253234750464},""task_end"":32877,""task_span_cycles"":32877,""task_start"":0},{""active_any_pipe_cycles"":0,""active_any_pipe_fraction"":0.0,""core_id"":3,""op_count"":0,""pipe_busy_cycles"":{},""pipe_utilization"":{},""task_end"":0,""task_span_cycles"":0,""task_start"":0},{""active_any_pipe_cycles"":0,""active_any_pipe_fraction"":0.0,""core_id"":4,""op_count"":0,""pipe_busy_cycles"":{},""pipe_utilization"":{},""task_end"":0,""task_span_cycles"":0,""task_start"":0}]",inherit_k3,54100,1137420,0,0,0,False,0,3.9183339327573776,54cf6ad1431e8b5ee7d8f3e1c8dad3c3406809495fa4cf0c7789dac8f1e5062a,f3f8f720c635b421d1578d3a48a180a1a7cec8298793f305eaa97041929d05f0,2148f8c0a549e97b720a2bf245d9d5c67f6af9d008c7b2399ce1edac52b8fe9e
case_027,1,success,stage1_actual_winner,verified_stage1_global_fallback,2363952,1400832,0,1400832,0,0,1,"[{""active_any_pipe_cycles"":2363952,""active_any_pipe_fraction"":1.0,""core_id"":0,""op_count"":2142,""pipe_busy_cycles"":{""PIPE_M"":2229120,""PIPE_MTE2"":55351,""PIPE_MTE3"":4073,""PIPE_V"":287232},""pipe_utilization"":{""PIPE_M"":0.9429633088996731,""PIPE_MTE2"":0.023414604019032535,""PIPE_MTE3"":0.001722962225967363,""PIPE_V"":0.1215050051777701},""task_end"":2363952,""task_span_cycles"":2363952,""task_start"":0}]",single,2363952,1400832,0,0,0,False,0,0.1329349521547556,fc190b9e4e6e8f7041e044c2e0bfd673942a4b17c3605109af3b083514832ee1,795174b3004f23842aeac7961da65580892080295f6415d4f180741be99b0bec,2241acabff737d4170de0cd253a713a61fc5dfcffcfad619a105f23f419abcd0
case_027,2,success,stage1_actual_winner,verified_stage1_global_fallback,1120962,1744896,1105920,638976,0,0,2,"[{""active_any_pipe_cycles"":1120962,""active_any_pipe_fraction"":1.0,""core_id"":0,""op_count"":1068,""pipe_busy_cycles"":{""PIPE_M"":1114560,""PIPE_MTE2"":61090,""PIPE_MTE3"":4106,""PIPE_V"":143616},""pipe_utilization"":{""PIPE_M"":0.9942888340550349,""PIPE_MTE2"":0.0544978331112027,""PIPE_MTE3"":0.0036629252374299932,""PIPE_V"":0.12811852676540328},""task_end"":1120962,""task_span_cycles"":1120962,""task_start"":0},{""active_any_pipe_cycles"":1120962,""active_any_pipe_fraction"":1.0,""core_id"":1,""op_count"":1068,""pipe_busy_cycles"":{""PIPE_M"":1114560,""PIPE_MTE2"":61090,""PIPE_MTE3"":4106,""PIPE_V"":143616},""pipe_utilization"":{""PIPE_M"":0.9942888340550349,""PIPE_MTE2"":0.0544978331112027,""PIPE_MTE3"":0.0036629252374299932,""PIPE_V"":0.12811852676540328},""task_end"":1120962,""task_span_cycles"":1120962,""task_start"":0}]",b0,1120962,1744896,0,0,0,False,0,3.4645258132368326,4c5c2e825d5c0501bb93a6f51bfdb58a5dd48a417dd651a0839e2dfeafd2d806,c0791d300d0dcb880ea17e8b967a295ea730add0bc932972221985d6bbb687a6,e15aa3f00e10de2c6d42d841fcf8abab8953cb091d3ba5c32bf590286fa157c2
case_027,3,success,stage1_actual_winner,verified_stage1_global_fallback,744579,3883008,3883008,0,98304,8,3,"[{""active_any_pipe_cycles"":744579,""active_any_pipe_fraction"":1.0,""core_id"":0,""op_count"":844,""pipe_busy_cycles"":{""PIPE_M"":743040,""PIPE_MTE2"":67255,""PIPE_MTE3"":5102,""PIPE_V"":95472},""pipe_utilization"":{""PIPE_M"":0.997933060158828,""PIPE_MTE2"":0.09032621118779874,""PIPE_MTE3"":0.006852194327264131,""PIPE_V"":0.12822279435761685},""task_end"":744579,""task_span_cycles"":744579,""task_start"":0},{""active_any_pipe_cycles"":744579,""active_any_pipe_fraction"":1.0,""core_id"":1,""op_count"":846,""pipe_busy_cycles"":{""PIPE_M"":743040,""PIPE_MTE2"":72939,""PIPE_MTE3"":5547,""PIPE_V"":95880},""pipe_utilization"":{""PIPE_M"":0.997933060158828,""PIPE_MTE2"":0.09796005527956067,""PIPE_MTE3"":0.007449847497713473,""PIPE_V"":0.1287707550172648},""task_end"":744579,""task_span_cycles"":744579,""task_start"":0},{""active_any_pipe_cycles"":744579,""active_any_pipe_fraction"":1.0,""core_id"":2,""op_count"":846,""pipe_busy_cycles"":{""PIPE_M"":743040,""PIPE_MTE2"":68440,""PIPE_MTE3"":5239,""PIPE_V"":95880},""pipe_utilization"":{""PIPE_M"":0.997933060158828,""PIPE_MTE2"":0.09191771457427621,""PIPE_MTE3"":0.00703619092131258,""PIPE_V"":0.1287707550172648},""task_end"":744579,""task_span_cycles"":744579,""task_start"":0}]",b0,744579,3883008,0,0,0,False,0,6.5572837591171265,1dbfa78ddaecfd2efe3b1d40f452af00d67ec73be1cf118d93dace4d4de95670,1dbef9609aa80ac72108e3a5bbf73bda929669ce8aa965b62a469424d7afc7fe,6615e020b7198aa92d6f20fe7be5c05346462e41379559ff1bfe1017815cc2a7
case_027,4,success,stage1_actual_winner,verified_stage1_global_fallback,559196,3317760,3317760,0,0,0,4,"[{""active_any_pipe_cycles"":559196,""active_any_pipe_fraction"":1.0,""core_id"":0,""op_count"":585,""pipe_busy_cycles"":{""PIPE_M"":557280,""PIPE_MTE2"":86592,""PIPE_MTE3"":3292,""PIPE_V"":71808},""pipe_utilization"":{""PIPE_M"":0.996573652172047,""PIPE_MTE2"":0.15485089306790464,""PIPE_MTE3"":0.005887023512328414,""PIPE_V"":0.12841293571484774},""task_end"":559196,""task_span_cycles"":559196,""task_start"":0},{""active_any_pipe_cycles"":559196,""active_any_pipe_fraction"":1.0,""core_id"":1,""op_count"":585,""pipe_busy_cycles"":{""PIPE_M"":557280,""PIPE_MTE2"":86592,""PIPE_MTE3"":3292,""PIPE_V"":71808},""pipe_utilization"":{""PIPE_M"":0.996573652172047,""PIPE_MTE2"":0.15485089306790464,""PIPE_MTE3"":0.005887023512328414,""PIPE_V"":0.12841293571484774},""task_end"":559196,""task_span_cycles"":559196,""task_start"":0},{""active_any_pipe_cycles"":559196,""active_any_pipe_fraction"":1.0,""core_id"":2,""op_count"":585,""pipe_busy_cycles"":{""PIPE_M"":557280,""PIPE_MTE2"":86592,""PIPE_MTE3"":3292,""PIPE_V"":71808},""pipe_utilization"":{""PIPE_M"":0.996573652172047,""PIPE_MTE2"":0.15485089306790464,""PIPE_MTE3"":0.005887023512328414,""PIPE_V"":0.12841293571484774},""task_end"":559196,""task_span_cycles"":559196,""task_start"":0},{""active_any_pipe_cycles"":559196,""active_any_pipe_fraction"":1.0,""core_id"":3,""op_count"":585,""pipe_busy_cycles"":{""PIPE_M"":557280,""PIPE_MTE2"":86592,""PIPE_MTE3"":3292,""PIPE_V"":71808},""pipe_utilization"":{""PIPE_M"":0.996573652172047,""PIPE_MTE2"":0.15485089306790464,""PIPE_MTE3"":0.005887023512328414,""PIPE_V"":0.12841293571484774},""task_end"":559196,""task_span_cycles"":559196,""task_start"":0}]",b0,559196,3317760,0,0,0,False,0,8.576636711135507,7c07877a981598109a9242787b72673e1f7c0c84e4ebf5edfbbbf160d9e9de04,8c404abe83e94c1b7508f9d1b384d41ff5790821af6858e42abeb6908c104db5,9c227371236da096967f377a7b38bde9c9f91af2c7108594ba0d710fb89a351c
case_027,5,success,stage1_actual_winner,verified_stage1_global_fallback,559196,3317760,3317760,0,0,0,4,"[{""active_any_pipe_cycles"":559196,""active_any_pipe_fraction"":1.0,""core_id"":0,""op_count"":585,""pipe_busy_cycles"":{""PIPE_M"":557280,""PIPE_MTE2"":86592,""PIPE_MTE3"":3292,""PIPE_V"":71808},""pipe_utilization"":{""PIPE_M"":0.996573652172047,""PIPE_MTE2"":0.15485089306790464,""PIPE_MTE3"":0.005887023512328414,""PIPE_V"":0.12841293571484774},""task_end"":559196,""task_span_cycles"":559196,""task_start"":0},{""active_any_pipe_cycles"":559196,""active_any_pipe_fraction"":1.0,""core_id"":1,""op_count"":585,""pipe_busy_cycles"":{""PIPE_M"":557280,""PIPE_MTE2"":86592,""PIPE_MTE3"":3292,""PIPE_V"":71808},""pipe_utilization"":{""PIPE_M"":0.996573652172047,""PIPE_MTE2"":0.15485089306790464,""PIPE_MTE3"":0.005887023512328414,""PIPE_V"":0.12841293571484774},""task_end"":559196,""task_span_cycles"":559196,""task_start"":0},{""active_any_pipe_cycles"":559196,""active_any_pipe_fraction"":1.0,""core_id"":2,""op_count"":585,""pipe_busy_cycles"":{""PIPE_M"":557280,""PIPE_MTE2"":86592,""PIPE_MTE3"":3292,""PIPE_V"":71808},""pipe_utilization"":{""PIPE_M"":0.996573652172047,""PIPE_MTE2"":0.15485089306790464,""PIPE_MTE3"":0.005887023512328414,""PIPE_V"":0.12841293571484774},""task_end"":559196,""task_span_cycles"":559196,""task_start"":0},{""active_any_pipe_cycles"":559196,""active_any_pipe_fraction"":1.0,""core_id"":3,""op_count"":585,""pipe_busy_cycles"":{""PIPE_M"":557280,""PIPE_MTE2"":86592,""PIPE_MTE3"":3292,""PIPE_V"":71808},""pipe_utilization"":{""PIPE_M"":0.996573652172047,""PIPE_MTE2"":0.15485089306790464,""PIPE_MTE3"":0.005887023512328414,""PIPE_V"":0.12841293571484774},""task_end"":559196,""task_span_cycles"":559196,""task_start"":0},{""active_any_pipe_cycles"":0,""active_any_pipe_fraction"":0.0,""core_id"":4,""op_count"":0,""pipe_busy_cycles"":{},""pipe_utilization"":{},""task_end"":0,""task_span_cycles"":0,""task_start"":0}]",inherit_k4,559196,3317760,0,0,0,False,0,9.503017028793693,d6d5fde6912ef5dc7dc9f4173f715af3c3da597f45853dfc37e76180df3b5408,d35f3c868d43055cb1cdbfb885acd44622935ad4bd248a12efd53de24efcaafa,b26c769caf92ff6bcdf2370a688d995823ef31e342a6d4805f27bd4ad2e2205d
case_028,1,success,stage1_actual_winner,verified_stage1_global_fallback,43836040,277412256,0,277412256,0,0,1,"[{""active_any_pipe_cycles"":43836040,""active_any_pipe_fraction"":1.0,""core_id"":0,""op_count"":28795,""pipe_busy_cycles"":{""PIPE_M"":38974608,""PIPE_MTE2"":4669348,""PIPE_MTE3"":118928,""PIPE_V"":1975536},""pipe_utilization"":{""PIPE_M"":0.8890996540745925,""PIPE_MTE2"":0.10651847201526415,""PIPE_MTE3"":0.0027130187854559856,""PIPE_V"":0.0450664795451414},""task_end"":43836040,""task_span_cycles"":43836040,""task_start"":0}]",single,43836040,277412256,0,0,0,False,0,1.949904778972268,88dfcc461a385e9ea71af08347493b0ea09e49fab789200bd9bed0e0e9a0ff10,d987ac1dfa4f0a2dfb2368b3f01660689355e74c99c9b7c2c84696b3fdadeb73,3dc5ccf5e8ac982e7539d703590de9c991cdcc81034f2b57b108dc891d78c60c
case_028,2,success,stage1_actual_winner,verified_stage1_global_fallback,20313124,33610752,21417984,12192768,9639936,1491,2,"[{""active_any_pipe_cycles"":20292988,""active_any_pipe_fraction"":0.9990087196829006,""core_id"":0,""op_count"":12943,""pipe_busy_cycles"":{""PIPE_M"":19478784,""PIPE_MTE2"":248303,""PIPE_MTE3"":219815,""PIPE_V"":986352},""pipe_utilization"":{""PIPE_M"":0.9589260617913817,""PIPE_MTE2"":0.012223772178026383,""PIPE_MTE3"":0.010821329107231364,""PIPE_V"":0.04855737600971667},""task_end"":20292988,""task_span_cycles"":20292988,""task_start"":0},{""active_any_pipe_cycles"":20313124,""active_any_pipe_fraction"":1.0,""core_id"":1,""op_count"":12892,""pipe_busy_cycles"":{""PIPE_M"":19495824,""PIPE_MTE2"":245466,""PIPE_MTE3"":207156,""PIPE_V"":989184},""pipe_utilization"":{""PIPE_M"":0.959764928329094,""PIPE_MTE2"":0.012084108776178396,""PIPE_MTE3"":0.01019813594403303,""PIPE_V"":0.04869679326528012},""task_end"":20313124,""task_span_cycles"":20313124,""task_start"":0}]",b2a_w16,20313124,33610752,0,0,0,False,0,74.69282186962664,4f4f5d939e7ff5fe53cec5942263f96b326b3d797d0261de11b14b4c23c4df45,24df3cf9e16cc4738e8ee3d80eb83d9189e33f3ddba1633d10a78ed417537f92,aa68b3b102edbe30dca46a8ed2811d44cfafc5b037eb7df839e3949cd81dce1a
case_028,3,success,stage1_actual_winner,verified_stage1_global_fallback,13692563,25918464,8538624,17379840,2131200,943,3,"[{""active_any_pipe_cycles"":13413208,""active_any_pipe_fraction"":0.9795980489554804,""core_id"":0,""op_count"":7929,""pipe_busy_cycles"":{""PIPE_M"":12845784,""PIPE_MTE2"":174414,""PIPE_MTE3"":137453,""PIPE_V"":629688},""pipe_utilization"":{""PIPE_M"":0.9381577430025335,""PIPE_MTE2"":0.012737863612531854,""PIPE_MTE3"":0.010038515068362293,""PIPE_V"":0.04598759195046245},""task_end"":13413208,""task_span_cycles"":13413208,""task_start"":0},{""active_any_pipe_cycles"":13646217,""active_any_pipe_fraction"":0.9966152428876902,""core_id"":1,""op_count"":8192,""pipe_busy_cycles"":{""PIPE_M"":13051728,""PIPE_MTE2"":188948,""PIPE_MTE3"":161818,""PIPE_V"":662112},""pipe_utilization"":{""PIPE_M"":0.9531983164875707,""PIPE_MTE2"":0.013799315730736459,""PIPE_MTE3"":0.011817948181067343,""PIPE_V"":0.04835559274038031},""task_end"":13646217,""task_span_cycles"":13646217,""task_start"":0},{""active_any_pipe_cycles"":13692563,""active_any_pipe_fraction"":1.0,""core_id"":2,""op_count"":8483,""pipe_busy_cycles"":{""PIPE_M"":13077096,""PIPE_MTE2"":195231,""PIPE_MTE3"":166454,""PIPE_V"":683736},""pipe_utilization"":{""PIPE_M"":0.9550510010434131,""PIPE_MTE2"":0.014258177961277228,""PIPE_MTE3"":0.01215652613758286,""PIPE_V"":0.04993484419242767},""task_end"":13692563,""task_span_cycles"":13692563,""task_start"":0}]",b2a_w16,13692563,25918464,0,0,0,False,0,79.6220625564456,b6991a90d837b7bf7fba389d60694a002d5c3583be562ecffac485fd42b9148a,6b30d2959d500b3f648f1d63e0ac8bd3c7913a734bcba5948bbdb0d327bb4c64,aedd33ab489c4020df36e2a91b4670abd091036221432db602bff9334dd37a71
case_028,4,success,stage1_actual_winner,verified_stage1_global_fallback,10209084,33845760,27608064,6237696,10596864,2102,4,"[{""active_any_pipe_cycles"":10168164,""active_any_pipe_fraction"":0.995991804945478,""core_id"":0,""op_count"":6257,""pipe_busy_cycles"":{""PIPE_M"":9762864,""PIPE_MTE2"":151491,""PIPE_MTE3"":131464,""PIPE_V"":483720},""pipe_utilization"":{""PIPE_M"":0.9562918671253954,""PIPE_MTE2"":0.014838843524061512,""PIPE_MTE3"":0.012877159204488864,""PIPE_V"":0.0473813321547751},""task_end"":10168164,""task_span_cycles"":10168164,""task_start"":0},{""active_any_pipe_cycles"":10084129,""active_any_pipe_fraction"":0.987760410238568,""core_id"":1,""op_count"":6307,""pipe_busy_cycles"":{""PIPE_M"":9669288,""PIPE_MTE2"":162309,""PIPE_MTE3"":145523,""PIPE_V"":502488},""pipe_utilization"":{""PIPE_M"":0.9471259125696292,""PIPE_MTE2"":0.015898488052405093,""PIPE_MTE3"":0.01425426610261998,""PIPE_V"":0.049219694930514826},""task_end"":10084129,""task_span_cycles"":10084129,""task_start"":0},{""active_any_pipe_cycles"":10161588,""active_any_pipe_fraction"":0.9953476727197073,""core_id"":2,""op_count"":6467,""pipe_busy_cycles"":{""PIPE_M"":9745296,""PIPE_MTE2"":181890,""PIPE_MTE3"":158522,""PIPE_V"":494256},""pipe_utilization"":{""PIPE_M"":0.9545710467266211,""PIPE_MTE2"":0.017816485788538915,""PIPE_MTE3"":0.015527543901098277,""PIPE_V"":0.0484133542245318},""task_end"":10161588,""task_span_cycles"":10161588,""task_start"":0},{""active_any_pipe_cycles"":10209084,""active_any_pipe_fraction"":1.0,""core_id"":3,""op_count"":6480,""pipe_busy_cycles"":{""PIPE_M"":9797160,""PIPE_MTE2"":162050,""PIPE_MTE3"":141327,""PIPE_V"":495072},""pipe_utilization"":{""PIPE_M"":0.9596512282590681,""PIPE_MTE2"":0.015873118489376715,""PIPE_MTE3"":0.013843259591164104,""PIPE_V"":0.04849328304086831},""task_end"":10209084,""task_span_cycles"":10209084,""task_start"":0}]",b2a_w16,10209084,33845760,0,0,0,False,0,106.78371105343103,08249f9516aab48c429eb086649ccd73fca967f0b5dfe79b72addb9bc7d98f14,679074308e524377d1b6b3123fca2ac5eb4b6507851225e0b0b383a7436ea6c9,e9dee0b0ebb56ed57d65ac59843964984cc3dce2f0f3f1e2e368bff5cbffe30b
case_028,5,success,map_locality@b2a_w16,scene_b_fixed_partition_mapping,8156752,39562752,35636736,3926016,13542144,2609,5,"[{""active_any_pipe_cycles"":8156752,""active_any_pipe_fraction"":1.0,""core_id"":0,""op_count"":5273,""pipe_busy_cycles"":{""PIPE_M"":7832208,""PIPE_MTE2"":160278,""PIPE_MTE3"":129153,""PIPE_V"":395832},""pipe_utilization"":{""PIPE_M"":0.9602116136422929,""PIPE_MTE2"":0.019649733129069022,""PIPE_MTE3"":0.015833876033009217,""PIPE_V"":0.04852813963204962},""task_end"":8156752,""task_span_cycles"":8156752,""task_start"":0},{""active_any_pipe_cycles"":8148046,""active_any_pipe_fraction"":0.9989326633934684,""core_id"":1,""op_count"":5452,""pipe_busy_cycles"":{""PIPE_M"":7818840,""PIPE_MTE2"":156305,""PIPE_MTE3"":131252,""PIPE_V"":396480},""pipe_utilization"":{""PIPE_M"":0.9585727260066261,""PIPE_MTE2"":0.019162651996775186,""PIPE_MTE3"":0.016091208853720205,""PIPE_V"":0.048607583018338674},""task_end"":8148046,""task_span_cycles"":8148046,""task_start"":0},{""active_any_pipe_cycles"":8154370,""active_any_pipe_fraction"":0.9997079719966967,""core_id"":2,""op_count"":5215,""pipe_busy_cycles"":{""PIPE_M"":7819176,""PIPE_MTE2"":122397,""PIPE_MTE3"":68418,""PIPE_V"":395232},""pipe_utilization"":{""PIPE_M"":0.9586139188735908,""PIPE_MTE2"":0.015005605172254839,""PIPE_MTE3"":0.008387897535685774,""PIPE_V"":0.048454580941041235},""task_end"":8154370,""task_span_cycles"":8154370,""task_start"":0},{""active_any_pipe_cycles"":8037619,""active_any_pipe_fraction"":0.9853945541068307,""core_id"":3,""op_count"":5150,""pipe_busy_cycles"":{""PIPE_M"":7706880,""PIPE_MTE2"":147796,""PIPE_MTE3"":111767,""PIPE_V"":400248},""pipe_utilization"":{""PIPE_M"":0.9448466742644621,""PIPE_MTE2"":0.018119467160457987,""PIPE_MTE3"":0.013702390363223009,""PIPE_V"":0.04906953159787131},""task_end"":8037619,""task_span_cycles"":8037619,""task_start"":0},{""active_any_pipe_cycles"":8116854,""active_any_pipe_fraction"":0.9951085922435793,""core_id"":4,""op_count"":4980,""pipe_busy_cycles"":{""PIPE_M"":7797504,""PIPE_MTE2"":150363,""PIPE_MTE3"":116519,""PIPE_V"":387744},""pipe_utilization"":{""PIPE_M"":0.9559569789543682,""PIPE_MTE2"":0.018434175760155512,""PIPE_MTE3"":0.014284975196009391,""PIPE_V"":0.04753656847725663},""task_end"":8116854,""task_span_cycles"":8116854,""task_start"":0}]",b2a_w16,8157094,41620992,-342,-2058240,1462272,True,0,140.82565042376518,5b4b8c0bbbe48c79c7b19cfe3a477be5587d6060473f3d4dbae3786e59fc7a92,fde3579ea3134059b3e39dc9200c3f0cb6241c15a8af86b16e7fe976b6a414ff,c0f295b3f9ede449ed0728422df8da4092af493897f7e970a7cce08d30502278
case_029,1,success,stage1_actual_winner,verified_stage1_global_fallback,37555,0,0,0,0,0,1,"[{""active_any_pipe_cycles"":37555,""active_any_pipe_fraction"":1.0,""core_id"":0,""op_count"":1113,""pipe_busy_cycles"":{""PIPE_MTE2"":5082,""PIPE_MTE3"":3570,""PIPE_V"":37485},""pipe_utilization"":{""PIPE_MTE2"":0.1353215284249767,""PIPE_MTE3"":0.09506057781919851,""PIPE_V"":0.9981360671015843},""task_end"":37555,""task_span_cycles"":37555,""task_start"":0}]",single,37555,0,0,0,0,False,0,0.07278326712548733,8c0602d829297e24f835c5e6089f7b199c7661b1d5530315bb9a8df1a8869091,1eea4b77c66f467cece1e811b06292dc0f6cb97aa26070c30fb25bafdc46c74e,304f2f90b7d397a78ba303f9017bd4e5528cb98339f2b68617e02464a735b3a6
case_029,2,success,stage1_actual_winner,verified_stage1_global_fallback,20818,778492,778492,0,344190,231,2,"[{""active_any_pipe_cycles"":20788,""active_any_pipe_fraction"":0.9985589393793832,""core_id"":0,""op_count"":816,""pipe_busy_cycles"":{""PIPE_MTE2"":19742,""PIPE_MTE3"":16424,""PIPE_V"":18684},""pipe_utilization"":{""PIPE_MTE2"":0.9483139590738784,""PIPE_MTE3"":0.7889326544336632,""PIPE_V"":0.8974925545201268},""task_end"":20788,""task_span_cycles"":20788,""task_start"":0},{""active_any_pipe_cycles"":20818,""active_any_pipe_fraction"":1.0,""core_id"":1,""op_count"":803,""pipe_busy_cycles"":{""PIPE_MTE2"":19339,""PIPE_MTE3"":16345,""PIPE_V"":18801},""pipe_utilization"":{""PIPE_MTE2"":0.928955711403593,""PIPE_MTE3"":0.785137861466039,""PIPE_V"":0.9031126909405323},""task_end"":20818,""task_span_cycles"":20818,""task_start"":0}]",b2a_w4,20818,778492,0,0,0,False,0,2.5433300025761127,d51366b7c3839502a56c1c48023fe74c6e31473efdb9190d57ce22198586b161,0c985da2a1bf5d31325835a1f6f8809442f43a15fe7101a9a6617a84ea2b953e,f80a5ad403695d0da3511deccf40953d36f284abe838cd34e1362dd4821d62d2
case_029,3,success,stage1_actual_winner,verified_stage1_global_fallback,12743,0,0,0,0,0,3,"[{""active_any_pipe_cycles"":12743,""active_any_pipe_fraction"":1.0,""core_id"":0,""op_count"":371,""pipe_busy_cycles"":{""PIPE_MTE2"":5569,""PIPE_MTE3"":4057,""PIPE_V"":12495},""pipe_utilization"":{""PIPE_MTE2"":0.4370242486070784,""PIPE_MTE3"":0.3183708702817233,""PIPE_V"":0.9805383347720317},""task_end"":12743,""task_span_cycles"":12743,""task_start"":0},{""active_any_pipe_cycles"":12743,""active_any_pipe_fraction"":1.0,""core_id"":1,""op_count"":371,""pipe_busy_cycles"":{""PIPE_MTE2"":5569,""PIPE_MTE3"":4057,""PIPE_V"":12495},""pipe_utilization"":{""PIPE_MTE2"":0.4370242486070784,""PIPE_MTE3"":0.3183708702817233,""PIPE_V"":0.9805383347720317},""task_end"":12743,""task_span_cycles"":12743,""task_start"":0},{""active_any_pipe_cycles"":12743,""active_any_pipe_fraction"":1.0,""core_id"":2,""op_count"":371,""pipe_busy_cycles"":{""PIPE_MTE2"":5569,""PIPE_MTE3"":4057,""PIPE_V"":12495},""pipe_utilization"":{""PIPE_MTE2"":0.4370242486070784,""PIPE_MTE3"":0.3183708702817233,""PIPE_V"":0.9805383347720317},""task_end"":12743,""task_span_cycles"":12743,""task_start"":0}]",b0,12743,0,0,0,0,False,0,4.331820668652654,ac3eb52732addd4eadbfa8951adddf062b80733d698f6596244737115afc1e59,0343865167e31cc6c662040aa894a01dbb9d9c255e8cce94357f5520f6aac5bd,f812cdb960ab8e486703bf3d8e999b46e5d4b63659711d313d73566009fdcef2
case_029,4,success,map_locality@b1,scene_b_fixed_partition_mapping,12408,239710,239710,0,77862,57,4,"[{""active_any_pipe_cycles"":10959,""active_any_pipe_fraction"":0.883220502901354,""core_id"":0,""op_count"":338,""pipe_busy_cycles"":{""PIPE_MTE2"":7539,""PIPE_MTE3"":2817,""PIPE_V"":9365},""pipe_utilization"":{""PIPE_MTE2"":0.6075918762088974,""PIPE_MTE3"":0.22703094777562863,""PIPE_V"":0.7547549967762733},""task_end"":10959,""task_span_cycles"":10959,""task_start"":0},{""active_any_pipe_cycles"":12348,""active_any_pipe_fraction"":0.995164410058027,""core_id"":1,""op_count"":406,""pipe_busy_cycles"":{""PIPE_MTE2"":9368,""PIPE_MTE3"":5433,""PIPE_V"":11594},""pipe_utilization"":{""PIPE_MTE2"":0.754996776273372,""PIPE_MTE3"":0.437862669245648,""PIPE_V"":0.9343971631205674},""task_end"":12408,""task_span_cycles"":12408,""task_start"":0},{""active_any_pipe_cycles"":10117,""active_any_pipe_fraction"":0.815361057382334,""core_id"":2,""op_count"":299,""pipe_busy_cycles"":{""PIPE_MTE2"":5894,""PIPE_MTE3"":4055,""PIPE_V"":9431},""pipe_utilization"":{""PIPE_MTE2"":0.4750161186331399,""PIPE_MTE3"":0.3268052869116699,""PIPE_V"":0.7600741457124436},""task_end"":10117,""task_span_cycles"":10117,""task_start"":0},{""active_any_pipe_cycles"":7848,""active_any_pipe_fraction"":0.632495164410058,""core_id"":3,""op_count"":234,""pipe_busy_cycles"":{""PIPE_MTE2"":5904,""PIPE_MTE3"":3968,""PIPE_V"":7095},""pipe_utilization"":{""PIPE_MTE2"":0.4758220502901354,""PIPE_MTE3"":0.31979368149580917,""PIPE_V"":0.5718085106382979},""task_end"":9822,""task_span_cycles"":9822,""task_start"":0}]",b1,12683,292992,-275,-53282,0,True,0,5.7264908496290445,6a5f59d1b2422848bbe19c78227b4d673279a348af34cea1ac52247fc09a067b,2a8a11395facca32ae3b64bb56bf8b0c90867a628012748f319a2e9283e4aeb5,3831de1f7777575cee762d5feccec3be9cb96657334d607f32dc8bbba62b0237
case_029,5,success,inherit_final_k4,recursive_final_winner_inheritance,12408,239710,239710,0,77862,57,4,"[{""active_any_pipe_cycles"":10959,""active_any_pipe_fraction"":0.883220502901354,""core_id"":0,""op_count"":338,""pipe_busy_cycles"":{""PIPE_MTE2"":7539,""PIPE_MTE3"":2817,""PIPE_V"":9365},""pipe_utilization"":{""PIPE_MTE2"":0.6075918762088974,""PIPE_MTE3"":0.22703094777562863,""PIPE_V"":0.7547549967762733},""task_end"":10959,""task_span_cycles"":10959,""task_start"":0},{""active_any_pipe_cycles"":12348,""active_any_pipe_fraction"":0.995164410058027,""core_id"":1,""op_count"":406,""pipe_busy_cycles"":{""PIPE_MTE2"":9368,""PIPE_MTE3"":5433,""PIPE_V"":11594},""pipe_utilization"":{""PIPE_MTE2"":0.754996776273372,""PIPE_MTE3"":0.437862669245648,""PIPE_V"":0.9343971631205674},""task_end"":12408,""task_span_cycles"":12408,""task_start"":0},{""active_any_pipe_cycles"":10117,""active_any_pipe_fraction"":0.815361057382334,""core_id"":2,""op_count"":299,""pipe_busy_cycles"":{""PIPE_MTE2"":5894,""PIPE_MTE3"":4055,""PIPE_V"":9431},""pipe_utilization"":{""PIPE_MTE2"":0.4750161186331399,""PIPE_MTE3"":0.3268052869116699,""PIPE_V"":0.7600741457124436},""task_end"":10117,""task_span_cycles"":10117,""task_start"":0},{""active_any_pipe_cycles"":7848,""active_any_pipe_fraction"":0.632495164410058,""core_id"":3,""op_count"":234,""pipe_busy_cycles"":{""PIPE_MTE2"":5904,""PIPE_MTE3"":3968,""PIPE_V"":7095},""pipe_utilization"":{""PIPE_MTE2"":0.4758220502901354,""PIPE_MTE3"":0.31979368149580917,""PIPE_V"":0.5718085106382979},""task_end"":9822,""task_span_cycles"":9822,""task_start"":0},{""active_any_pipe_cycles"":0,""active_any_pipe_fraction"":0.0,""core_id"":4,""op_count"":0,""pipe_busy_cycles"":{},""pipe_utilization"":{},""task_end"":0,""task_span_cycles"":0,""task_start"":0}]",inherit_k4,12683,292992,-275,-53282,0,True,0,8.242641622200608,580aad6a3a4046b5692aa77707f161ebc2ef92f80b89f3d62303fbd1ef1bc63e,2d3a9a9ab067a24973283bdc7ff97d90a9a7abf22438ba6dfed1c930961ab8cf,5834b626f818b831a2abc339de6c739f3b525b155be8b23a041f22260f68f956
case_030,1,success,stage1_actual_winner,verified_stage1_global_fallback,2808034,5519360,0,5519360,0,0,1,"[{""active_any_pipe_cycles"":2808034,""active_any_pipe_fraction"":1.0,""core_id"":0,""op_count"":13005,""pipe_busy_cycles"":{""PIPE_M"":2776480,""PIPE_MTE2"":133796,""PIPE_MTE3"":537,""PIPE_V"":406822},""pipe_utilization"":{""PIPE_M"":0.9887629565738877,""PIPE_MTE2"":0.04764757121886701,""PIPE_MTE3"":0.00019123700069158706,""PIPE_V"":0.14487787541034047},""task_end"":2808034,""task_span_cycles"":2808034,""task_start"":0}]",single,2808034,5519360,0,0,0,False,0,0.932012639939785,d6b29aaaa3d69c5f8afc7287bcecbff433206abf031953532a4b863effec05c8,bed511cb0f432bf02c1b67f94a49cfadb6964d628e4100e6b9c991961e17474e,7738a07a28982327a822a2506ffd5501a0918bdee4975bb8ab0511c71ad8d976
case_030,2,success,stage1_actual_winner,verified_stage1_global_fallback,2079367,62935040,35780608,27154432,17890304,3696,2,"[{""active_any_pipe_cycles"":2079367,""active_any_pipe_fraction"":1.0,""core_id"":0,""op_count"":12337,""pipe_busy_cycles"":{""PIPE_M"":1435040,""PIPE_MTE2"":661915,""PIPE_MTE3"":472681,""PIPE_V"":203372},""pipe_utilization"":{""PIPE_M"":0.6901331030068285,""PIPE_MTE2"":0.3183252403255414,""PIPE_MTE3"":0.22731966026199318,""PIPE_V"":0.09780476462308},""task_end"":2079367,""task_span_cycles"":2079367,""task_start"":0},{""active_any_pipe_cycles"":1995830,""active_any_pipe_fraction"":0.9598257546647609,""core_id"":1,""op_count"":12055,""pipe_busy_cycles"":{""PIPE_M"":1341440,""PIPE_MTE2"":660807,""PIPE_MTE3"":455606,""PIPE_V"":203450},""pipe_utilization"":{""PIPE_M"":0.6451194041263519,""PIPE_MTE2"":0.31779238585588787,""PIPE_MTE3"":0.2191080266254105,""PIPE_V"":0.09784227603881374},""task_end"":2074189,""task_span_cycles"":2074189,""task_start"":0}]",b2a_w4,2079367,62935040,0,0,0,False,0,76.40374198555946,bc6f86de49b6f460f3786c4326ec35e7102bf1f6ccd235682182451da8c2ef74,50aa7e9cac0231481ad2ec8f8cc258a30fb0f03cb042cd84c9101de2ef8953a9,590c302699bf6f59155bb0601875b689ae74dbdcaf02363bade83d293eba6916
case_030,3,success,stage1_actual_winner,verified_stage1_global_fallback,1580290,60070912,47400960,12669952,23700480,4898,3,"[{""active_any_pipe_cycles"":1577182,""active_any_pipe_fraction"":0.9980332723740579,""core_id"":0,""op_count"":8034,""pipe_busy_cycles"":{""PIPE_M"":955776,""PIPE_MTE2"":616492,""PIPE_MTE3"":421620,""PIPE_V"":135633},""pipe_utilization"":{""PIPE_M"":0.6048105094634529,""PIPE_MTE2"":0.3901132070695885,""PIPE_MTE3"":0.2667991318049219,""PIPE_V"":0.08582791766068253},""task_end"":1577182,""task_span_cycles"":1577182,""task_start"":0},{""active_any_pipe_cycles"":1557754,""active_any_pipe_fraction"":0.9857393263261807,""core_id"":1,""op_count"":8105,""pipe_busy_cycles"":{""PIPE_M"":955776,""PIPE_MTE2"":615595,""PIPE_MTE3"":437418,""PIPE_V"":135600},""pipe_utilization"":{""PIPE_M"":0.6048105094634529,""PIPE_MTE2"":0.38954558973352993,""PIPE_MTE3"":0.2767960311082143,""PIPE_V"":0.08580703541754994},""task_end"":1580290,""task_span_cycles"":1580290,""task_start"":0},{""active_any_pipe_cycles"":1457404,""active_any_pipe_fraction"":0.922238323345715,""core_id"":2,""op_count"":7625,""pipe_busy_cycles"":{""PIPE_M"":864928,""PIPE_MTE2"":596997,""PIPE_MTE3"":349044,""PIPE_V"":135589},""pipe_utilization"":{""PIPE_M"":0.5473223269146802,""PIPE_MTE2"":0.3777768637401996,""PIPE_MTE3"":0.2208733839991394,""PIPE_V"":0.08580007466983908},""task_end"":1567106,""task_span_cycles"":1567106,""task_start"":0}]",b2a_w4,1580290,60070912,0,0,0,False,0,117.9735919944942,4e4d3f0bd508a5754ad7beb2172eb5c7d59c042c6ba1d0483e507b995fa96036,dd42a04027b7e4f5beadfe01101889a2fa4b5a861a770d5c8a150f053df04449,fd3299da74bbcb225506a3adbf2967da3326b37625355fdc6cb8d4ae93f87d0c
case_030,4,success,stage1_actual_winner,verified_stage1_global_fallback,1344466,59923456,47968256,11955200,23979520,4986,4,"[{""active_any_pipe_cycles"":1344466,""active_any_pipe_fraction"":1.0,""core_id"":0,""op_count"":6119,""pipe_busy_cycles"":{""PIPE_M"":764320,""PIPE_MTE2"":615882,""PIPE_MTE3"":460914,""PIPE_V"":101725},""pipe_utilization"":{""PIPE_M"":0.5684933646518394,""PIPE_MTE2"":0.4580867050561338,""PIPE_MTE3"":0.3428230985387507,""PIPE_V"":0.07566201004711164},""task_end"":1344466,""task_span_cycles"":1344466,""task_start"":0},{""active_any_pipe_cycles"":1272124,""active_any_pipe_fraction"":0.9461927635209816,""core_id"":1,""op_count"":5890,""pipe_busy_cycles"":{""PIPE_M"":670720,""PIPE_MTE2"":631472,""PIPE_MTE3"":404254,""PIPE_V"":101648},""pipe_utilization"":{""PIPE_M"":0.4988746461420371,""PIPE_MTE2"":0.46968238691049086,""PIPE_MTE3"":0.30067997256903484,""PIPE_V"":0.07560473823808114},""task_end"":1339888,""task_span_cycles"":1339888,""task_start"":0},{""active_any_pipe_cycles"":1228950,""active_any_pipe_fraction"":0.9140803858186075,""core_id"":2,""op_count"":5832,""pipe_busy_cycles"":{""PIPE_M"":670720,""PIPE_MTE2"":593629,""PIPE_MTE3"":393225,""PIPE_V"":101724},""pipe_utilization"":{""PIPE_M"":0.4988746461420371,""PIPE_MTE2"":0.44153515224631934,""PIPE_MTE3"":0.2924767156625753,""PIPE_V"":0.07566126625738397},""task_end"":1329941,""task_span_cycles"":1329941,""task_start"":0},{""active_any_pipe_cycles"":1278298,""active_any_pipe_fraction"":0.9507849212996089,""core_id"":3,""op_count"":5943,""pipe_busy_cycles"":{""PIPE_M"":670720,""PIPE_MTE2"":627483,""PIPE_MTE3"":353767,""PIPE_V"":101725},""pipe_utilization"":{""PIPE_M"":0.4988746461420371,""PIPE_MTE2"":0.4667154096868199,""PIPE_MTE3"":0.26312826058821864,""PIPE_V"":0.07566201004711164},""task_end"":1344177,""task_span_cycles"":1344177,""task_start"":0}]",b2a_w4,1344466,59923456,0,0,0,False,0,145.39037767797709,ef93fdd324df8f3b3234ba068ef3b8f0681216d38163114826d70a8315abde53,0e24d11f327fc614a81b35fcd074f1de10375d42ce430a49d9b2d9707c030f61,85983920def756f94f4f1b0c1c16bb217e771ebe12e76d92e8e78e6f075b8fa4
case_030,5,success,stage1_actual_winner,verified_stage1_global_fallback,1344466,59923456,47968256,11955200,23979520,4986,4,"[{""active_any_pipe_cycles"":1344466,""active_any_pipe_fraction"":1.0,""core_id"":0,""op_count"":6119,""pipe_busy_cycles"":{""PIPE_M"":764320,""PIPE_MTE2"":615882,""PIPE_MTE3"":460914,""PIPE_V"":101725},""pipe_utilization"":{""PIPE_M"":0.5684933646518394,""PIPE_MTE2"":0.4580867050561338,""PIPE_MTE3"":0.3428230985387507,""PIPE_V"":0.07566201004711164},""task_end"":1344466,""task_span_cycles"":1344466,""task_start"":0},{""active_any_pipe_cycles"":1272124,""active_any_pipe_fraction"":0.9461927635209816,""core_id"":1,""op_count"":5890,""pipe_busy_cycles"":{""PIPE_M"":670720,""PIPE_MTE2"":631472,""PIPE_MTE3"":404254,""PIPE_V"":101648},""pipe_utilization"":{""PIPE_M"":0.4988746461420371,""PIPE_MTE2"":0.46968238691049086,""PIPE_MTE3"":0.30067997256903484,""PIPE_V"":0.07560473823808114},""task_end"":1339888,""task_span_cycles"":1339888,""task_start"":0},{""active_any_pipe_cycles"":1228950,""active_any_pipe_fraction"":0.9140803858186075,""core_id"":2,""op_count"":5832,""pipe_busy_cycles"":{""PIPE_M"":670720,""PIPE_MTE2"":593629,""PIPE_MTE3"":393225,""PIPE_V"":101724},""pipe_utilization"":{""PIPE_M"":0.4988746461420371,""PIPE_MTE2"":0.44153515224631934,""PIPE_MTE3"":0.2924767156625753,""PIPE_V"":0.07566126625738397},""task_end"":1329941,""task_span_cycles"":1329941,""task_start"":0},{""active_any_pipe_cycles"":1278298,""active_any_pipe_fraction"":0.9507849212996089,""core_id"":3,""op_count"":5943,""pipe_busy_cycles"":{""PIPE_M"":670720,""PIPE_MTE2"":627483,""PIPE_MTE3"":353767,""PIPE_V"":101725},""pipe_utilization"":{""PIPE_M"":0.4988746461420371,""PIPE_MTE2"":0.4667154096868199,""PIPE_MTE3"":0.26312826058821864,""PIPE_V"":0.07566201004711164},""task_end"":1344177,""task_span_cycles"":1344177,""task_start"":0},{""active_any_pipe_cycles"":0,""active_any_pipe_fraction"":0.0,""core_id"":4,""op_count"":0,""pipe_busy_cycles"":{},""pipe_utilization"":{},""task_end"":0,""task_span_cycles"":0,""task_start"":0}]",inherit_k4,1344466,59923456,0,0,0,False,0,200.14334996975958,c7e7906e28db9a2aa6352c396f3dff6b08ca6d32f86b10ef4e16cf4d9c5f8393,e2f33a69fbca2a7d3a55e45901a3dfaab0fbaa6b974311c13e0754a5ff093570,839d929d9c7df7db907cd34f9f36ae5009f10147e63fd4ec6bc7ac8d28a48cc3
case_031,1,success,stage1_actual_winner,verified_stage1_global_fallback,1414369,3491328,0,3491328,0,0,1,"[{""active_any_pipe_cycles"":1414369,""active_any_pipe_fraction"":1.0,""core_id"":0,""op_count"":7591,""pipe_busy_cycles"":{""PIPE_M"":1334492,""PIPE_MTE2"":95565,""PIPE_MTE3"":140,""PIPE_V"":221025},""pipe_utilization"":{""PIPE_M"":0.9435246389025778,""PIPE_MTE2"":0.06756723316192592,""PIPE_MTE3"":9.898406992800323e-05,""PIPE_V"":0.1562711003988351},""task_end"":1414369,""task_span_cycles"":1414369,""task_start"":0}]",single,1414369,3491328,0,0,0,False,0,0.5130168069154024,5b7474d17dc239aba45544511942ed7e90340f54970174c6f99f52983511c0b7,126e96eff01b3c1db5de662ecd8bd02dcd72d548ac3255120608e40d19b693e1,3aa20b114f4e95118ae05fdf44e29278a2e10eeda4938a91cc5713c70d53e92d
case_031,2,success,stage1_actual_winner,verified_stage1_global_fallback,857984,15429704,8929480,6500224,4422754,1118,2,"[{""active_any_pipe_cycles"":842982,""active_any_pipe_fraction"":0.9825148254512904,""core_id"":0,""op_count"":5202,""pipe_busy_cycles"":{""PIPE_M"":658384,""PIPE_MTE2"":172059,""PIPE_MTE3"":84921,""PIPE_V"":109264},""pipe_utilization"":{""PIPE_M"":0.767361629121289,""PIPE_MTE2"":0.20053870468446963,""PIPE_MTE3"":0.09897737020736984,""PIPE_V"":0.12734969416679098},""task_end"":843412,""task_span_cycles"":843412,""task_start"":0},{""active_any_pipe_cycles"":856533,""active_any_pipe_fraction"":0.9983088262718186,""core_id"":1,""op_count"":5464,""pipe_busy_cycles"":{""PIPE_M"":676108,""PIPE_MTE2"":161751,""PIPE_MTE3"":97258,""PIPE_V"":111761},""pipe_utilization"":{""PIPE_M"":0.7880193570043265,""PIPE_MTE2"":0.18852449462927048,""PIPE_MTE3"":0.1133564262270625,""PIPE_V"":0.13026000484857528},""task_end"":857984,""task_span_cycles"":857984,""task_start"":0}]",b2a_w4,857984,15429704,0,0,0,False,0,26.201515793800354,37560ba4797f90e74f0d83ccbf147d54f900b1fd39b8f27f3f552a492830bc3c,e07fcfcaf2c00390f12472d9fa2fba88c0da9579249f8dd747b39400996fc4cd,15f00e7dd22c991af36abe2483ef69e3f050954ac3047de6d338cf99c4534989
case_031,3,success,map_locality@b2a_w4,scene_b_fixed_partition_mapping,657059,14720456,11873032,2847424,5865218,1481,3,"[{""active_any_pipe_cycles"":574653,""active_any_pipe_fraction"":0.8745835609891958,""core_id"":0,""op_count"":3393,""pipe_busy_cycles"":{""PIPE_M"":428420,""PIPE_MTE2"":159031,""PIPE_MTE3"":77651,""PIPE_V"":69761},""pipe_utilization"":{""PIPE_M"":0.6520266825353583,""PIPE_MTE2"":0.24203458136940517,""PIPE_MTE3"":0.1181796459678659,""PIPE_V"":0.10617159189661811},""task_end"":621626,""task_span_cycles"":621626,""task_start"":0},{""active_any_pipe_cycles"":552043,""active_any_pipe_fraction"":0.8401726481183577,""core_id"":1,""op_count"":2916,""pipe_busy_cycles"":{""PIPE_M"":405076,""PIPE_MTE2"":163460,""PIPE_MTE3"":83401,""PIPE_V"":62249},""pipe_utilization"":{""PIPE_M"":0.6164986705912254,""PIPE_MTE2"":0.248775224142733,""PIPE_MTE3"":0.12693076268645587,""PIPE_V"":0.09473882862878372},""task_end"":602187,""task_span_cycles"":602187,""task_start"":0},{""active_any_pipe_cycles"":657059,""active_any_pipe_fraction"":1.0,""core_id"":2,""op_count"":4212,""pipe_busy_cycles"":{""PIPE_M"":500996,""PIPE_MTE2"":161691,""PIPE_MTE3"":96275,""PIPE_V"":89015},""pipe_utilization"":{""PIPE_M"":0.7624825167907296,""PIPE_MTE2"":0.24608292406009202,""PIPE_MTE3"":0.14652413253604318,""PIPE_V"":0.13547489647048438},""task_end"":657059,""task_span_cycles"":657059,""task_start"":0}]",b2a_w4,657311,14732488,-252,-12032,3072,True,0,37.70201637595892,6b38bf7d47a5deb3ed65279c21d1a2df078596fc80384a0b34ccde3b9ff354e2,9dd872c28a559b1cc3140a729bb504c7528dbcf09d712aa7b6764b67ece3d807,16f03652717716df30b3f3bda2b7b6d7c61ac7091b43649c4795f43be0fabcb1
case_031,4,success,stage1_actual_winner,verified_stage1_global_fallback,533935,13832164,13241060,591104,6530034,1647,4,"[{""active_any_pipe_cycles"":479617,""active_any_pipe_fraction"":0.8982685158305787,""core_id"":0,""op_count"":2405,""pipe_busy_cycles"":{""PIPE_M"":344620,""PIPE_MTE2"":153483,""PIPE_MTE3"":59415,""PIPE_V"":54195},""pipe_utilization"":{""PIPE_M"":0.6454343693520747,""PIPE_MTE2"":0.2874563383183346,""PIPE_MTE3"":0.11127758996881643,""PIPE_V"":0.10150111905007164},""task_end"":479617,""task_span_cycles"":479617,""task_start"":0},{""active_any_pipe_cycles"":533935,""active_any_pipe_fraction"":1.0,""core_id"":1,""op_count"":3868,""pipe_busy_cycles"":{""PIPE_M"":398492,""PIPE_MTE2"":134565,""PIPE_MTE3"":79465,""PIPE_V"":81196},""pipe_utilization"":{""PIPE_M"":0.7463305458529597,""PIPE_MTE2"":0.2520250592300561,""PIPE_MTE3"":0.1488289773099722,""PIPE_V"":0.15207094496521112},""task_end"":533935,""task_span_cycles"":533935,""task_start"":0},{""active_any_pipe_cycles"":417913,""active_any_pipe_fraction"":0.7827038871772781,""core_id"":2,""op_count"":2148,""pipe_busy_cycles"":{""PIPE_M"":290120,""PIPE_MTE2"":147127,""PIPE_MTE3"":58370,""PIPE_V"":46672},""pipe_utilization"":{""PIPE_M"":0.5433620197215017,""PIPE_MTE2"":0.27555226759811585,""PIPE_MTE3"":0.10932042289791828,""PIPE_V"":0.08741138902675419},""task_end"":473026,""task_span_cycles"":473026,""task_start"":0},{""active_any_pipe_cycles"":401296,""active_any_pipe_fraction"":0.7515821214192738,""core_id"":3,""op_count"":1866,""pipe_busy_cycles"":{""PIPE_M"":301260,""PIPE_MTE2"":120313,""PIPE_MTE3"":50589,""PIPE_V"":38962},""pipe_utilization"":{""PIPE_M"":0.5642259825634206,""PIPE_MTE2"":0.22533267157987397,""PIPE_MTE3"":0.09474748799011115,""PIPE_V"":0.07297142910653918},""task_end"":469731,""task_span_cycles"":469731,""task_start"":0}]",b2a_w4,533935,13832164,0,0,0,False,0,36.486054480075836,ecbacc115c372be1055786976dbc2cd1730faa1bad5aaf55a27b5c0fe5fedc46,6b39001998e8b94fcfd10b530dbb07a5cbe0b19d154da95d427b7813015e90df,9382f07b63aa836e0cdda0bd1cc5695923ec744428f84c3cc314f2534984a243
case_031,5,success,map_locality@b2a_w4,scene_b_fixed_partition_mapping,447026,14328876,13887532,441344,6837140,1740,5,"[{""active_any_pipe_cycles"":379796,""active_any_pipe_fraction"":0.8496060631820073,""core_id"":0,""op_count"":2144,""pipe_busy_cycles"":{""PIPE_M"":298836,""PIPE_MTE2"":100268,""PIPE_MTE3"":71167,""PIPE_V"":38502},""pipe_utilization"":{""PIPE_M"":0.6684980291974069,""PIPE_MTE2"":0.22430015256383298,""PIPE_MTE3"":0.15920103081252546,""PIPE_V"":0.08612921843472192},""task_end"":390456,""task_span_cycles"":390456,""task_start"":0},{""active_any_pipe_cycles"":355212,""active_any_pipe_fraction"":0.7946114991074344,""core_id"":1,""op_count"":1476,""pipe_busy_cycles"":{""PIPE_M"":286592,""PIPE_MTE2"":105104,""PIPE_MTE3"":82895,""PIPE_V"":25422},""pipe_utilization"":{""PIPE_M"":0.6411081234648544,""PIPE_MTE2"":0.23511831526577873,""PIPE_MTE3"":0.18543664126918794,""PIPE_V"":0.05686917539471977},""task_end"":391537,""task_span_cycles"":391537,""task_start"":0},{""active_any_pipe_cycles"":353672,""active_any_pipe_fraction"":0.7911665093305534,""core_id"":2,""op_count"":1690,""pipe_busy_cycles"":{""PIPE_M"":231112,""PIPE_MTE2"":155403,""PIPE_MTE3"":66298,""PIPE_V"":37150},""pipe_utilization"":{""PIPE_M"":0.5169990112431939,""PIPE_MTE2"":0.34763749759521817,""PIPE_MTE3"":0.1483090469010751,""PIPE_V"":0.08310478585138224},""task_end"":383810,""task_span_cycles"":383810,""task_start"":0},{""active_any_pipe_cycles"":447026,""active_any_pipe_fraction"":1.0,""core_id"":3,""op_count"":3634,""pipe_busy_cycles"":{""PIPE_M"":274300,""PIPE_MTE2"":181837,""PIPE_MTE3"":84241,""PIPE_V"":89688},""pipe_utilization"":{""PIPE_M"":0.6136108414275679,""PIPE_MTE2"":0.40677052341474546,""PIPE_MTE3"":0.18844765181443585,""PIPE_V"":0.20063262539539087},""task_end"":447026,""task_span_cycles"":447026,""task_start"":0},{""active_any_pipe_cycles"":361274,""active_any_pipe_fraction"":0.8081722315927933,""core_id"":4,""op_count"":1505,""pipe_busy_cycles"":{""PIPE_M"":243652,""PIPE_MTE2"":144975,""PIPE_MTE3"":68685,""PIPE_V"":30263},""pipe_utilization"":{""PIPE_M"":0.5450510708549391,""PIPE_MTE2"":0.3243099953917669,""PIPE_MTE3"":0.15364878105524063,""PIPE_V"":0.06769852312840864},""task_end"":384140,""task_span_cycles"":384140,""task_start"":0}]",b2a_w4,449197,14569512,-2171,-240636,-58368,True,0,78.57023818790913,1d122b4942ad87d2934241926d901748c2720fe5466503db019d2fd87a6fb3d2,2e4bc7bd5817929932e6e115ba54200e2fa2e762c49a6eb9d489fd11dee751ae,f4031c412bf9b98e081a6a7d65a34f4c123bdb084df729f7bb74e1a4454d6f95
case_032,1,success,stage1_actual_winner,verified_stage1_global_fallback,41443,0,0,0,0,0,1,"[{""active_any_pipe_cycles"":41443,""active_any_pipe_fraction"":1.0,""core_id"":0,""op_count"":1035,""pipe_busy_cycles"":{""PIPE_M"":10150,""PIPE_MTE2"":4788,""PIPE_MTE3"":293,""PIPE_V"":33995},""pipe_utilization"":{""PIPE_M"":0.24491470212098546,""PIPE_MTE2"":0.11553217672465796,""PIPE_MTE3"":0.007069951499650122,""PIPE_V"":0.820283280650532},""task_end"":41443,""task_span_cycles"":41443,""task_start"":0}]",single,41443,0,0,0,0,False,0,0.06793188862502575,ae8c0b3c6fbff007ff2f81a0672424e0fc9b4f162bfb791127c8989fb291132a,83348b05eee2296608cd724ec5b2cadb54c269a971f8e8b65a9a7a8855313104,2700e7e6ac4603b938d08e7e3418ec17d10979dee8c20aa26da6c6dfc0497598
case_032,2,success,stage1_actual_winner,verified_stage1_global_fallback,20967,417080,417080,0,168092,111,2,"[{""active_any_pipe_cycles"":20041,""active_any_pipe_fraction"":0.9558353603281347,""core_id"":0,""op_count"":608,""pipe_busy_cycles"":{""PIPE_M"":4948,""PIPE_MTE2"":8126,""PIPE_MTE3"":3849,""PIPE_V"":16658},""pipe_utilization"":{""PIPE_M"":0.23598988887299088,""PIPE_MTE2"":0.3875614060189822,""PIPE_MTE3"":0.18357418800972958,""PIPE_V"":0.7944865741403158},""task_end"":20967,""task_span_cycles"":20967,""task_start"":0},{""active_any_pipe_cycles"":20841,""active_any_pipe_fraction"":0.9939905565889254,""core_id"":1,""op_count"":677,""pipe_busy_cycles"":{""PIPE_M"":5202,""PIPE_MTE2"":9369,""PIPE_MTE3"":3922,""PIPE_V"":17337},""pipe_utilization"":{""PIPE_M"":0.24810416368579197,""PIPE_MTE2"":0.44684504220918586,""PIPE_MTE3"":0.18705584966852673,""PIPE_V"":0.8268707969666619},""task_end"":20841,""task_span_cycles"":20841,""task_start"":0}]",b2a_w4,20967,417080,0,0,0,False,0,2.046500016003847,a6baf489311df9da4644bdfc53c53d825b4fec72ddf4ed5df6d8adea48c3aef7,9201eb39635c98db2f9a58822d9d7cd30735011bc1c7e4b5c19b944872db4e4f,94d6a9b782f60b8ed4d5060aade3257bed28412a6e24c5b49c2fa2bf7ae9a8c0
case_032,3,success,stage1_actual_winner,verified_stage1_global_fallback,19275,559060,559060,0,223978,163,3,"[{""active_any_pipe_cycles"":16345,""active_any_pipe_fraction"":0.8479896238651102,""core_id"":0,""op_count"":482,""pipe_busy_cycles"":{""PIPE_M"":3562,""PIPE_MTE2"":12561,""PIPE_MTE3"":6133,""PIPE_V"":11020},""pipe_utilization"":{""PIPE_M"":0.18479896238651103,""PIPE_MTE2"":0.6516731517509727,""PIPE_MTE3"":0.31818417639429314,""PIPE_V"":0.5717250324254215},""task_end"":17338,""task_span_cycles"":17338,""task_start"":0},{""active_any_pipe_cycles"":18605,""active_any_pipe_fraction"":0.9652399481193256,""core_id"":1,""op_count"":403,""pipe_busy_cycles"":{""PIPE_M"":3100,""PIPE_MTE2"":11716,""PIPE_MTE3"":5194,""PIPE_V"":12046},""pipe_utilization"":{""PIPE_M"":0.1608300907911803,""PIPE_MTE2"":0.607833981841764,""PIPE_MTE3"":0.2694682230869001,""PIPE_V"":0.6249546044098573},""task_end"":19275,""task_span_cycles"":19275,""task_start"":0},{""active_any_pipe_cycles"":17145,""active_any_pipe_fraction"":0.8894941634241245,""core_id"":2,""op_count"":520,""pipe_busy_cycles"":{""PIPE_M"":3488,""PIPE_MTE2"":11933,""PIPE_MTE3"":5781,""PIPE_V"":10929},""pipe_utilization"":{""PIPE_M"":0.1809597924773022,""PIPE_MTE2"":0.6190920881971466,""PIPE_MTE3"":0.29992217898832685,""PIPE_V"":0.5670038910505837},""task_end"":17941,""task_span_cycles"":17941,""task_start"":0}]",b2a_w4,19275,559060,0,0,0,False,0,3.9832529928535223,8dfe61c0a8ebd686ec6abdbcc42af3663676e6a0602ca40e484ed883e2266070,27d1db9836e862769121890462ed8c330e1e6c04f78c4a8b788c71954380e00e,87c57350c0132e879408981fd997a241b302ef4922b77f4dcc990b50382d5688
case_032,4,success,stage1_actual_winner,verified_stage1_global_fallback,17051,163950,163950,0,36916,42,4,"[{""active_any_pipe_cycles"":14452,""active_any_pipe_fraction"":0.8475749222919476,""core_id"":0,""op_count"":391,""pipe_busy_cycles"":{""PIPE_M"":3100,""PIPE_MTE2"":4588,""PIPE_MTE3"":617,""PIPE_V"":13767},""pipe_utilization"":{""PIPE_M"":0.18180751862060876,""PIPE_MTE2"":0.269075127558501,""PIPE_MTE3"":0.03618556096416632,""PIPE_V"":0.8074013254354583},""task_end"":14452,""task_span_cycles"":14452,""task_start"":0},{""active_any_pipe_cycles"":14859,""active_any_pipe_fraction"":0.8714444900592341,""core_id"":1,""op_count"":473,""pipe_busy_cycles"":{""PIPE_M"":4020,""PIPE_MTE2"":4808,""PIPE_MTE3"":259,""PIPE_V"":12349},""pipe_utilization"":{""PIPE_M"":0.2357632983402733,""PIPE_MTE2"":0.28197759662189903,""PIPE_MTE3"":0.015189724942818603,""PIPE_V"":0.7242390475631928},""task_end"":17051,""task_span_cycles"":17051,""task_start"":0},{""active_any_pipe_cycles"":7175,""active_any_pipe_fraction"":0.4207964342267316,""core_id"":2,""op_count"":216,""pipe_busy_cycles"":{""PIPE_M"":2038,""PIPE_MTE2"":2828,""PIPE_MTE3"":574,""PIPE_V"":6180},""pipe_utilization"":{""PIPE_M"":0.11952378159638731,""PIPE_MTE2"":0.16585537505131664,""PIPE_MTE3"":0.03366371473813853,""PIPE_V"":0.36244208550818136},""task_end"":12217,""task_span_cycles"":12217,""task_start"":0},{""active_any_pipe_cycles"":2679,""active_any_pipe_fraction"":0.15711688464019705,""core_id"":3,""op_count"":79,""pipe_busy_cycles"":{""PIPE_M"":992,""PIPE_MTE2"":1367,""PIPE_MTE3"":86,""PIPE_V"":1699},""pipe_utilization"":{""PIPE_M"":0.0581784059585948,""PIPE_MTE2"":0.08017125095302328,""PIPE_MTE3"":0.005043692452055598,""PIPE_V"":0.09964224972142396},""task_end"":12781,""task_span_cycles"":12781,""task_start"":0}]",b1,17051,163950,0,0,0,False,0,6.1862822491675615,031b4a81d8b2cc1fddcf922128441d65daf988ffd757c4fcc5ed1eb517ddb9ac,07e31934bf9691be69d92119006f3f2e6f4547a72531e8036d4bea6259c59e51,718b061fbf968e7b71999e64bd83295c32c6ad9ed23d4951491d5a68c7720227
case_032,5,success,stage1_actual_winner,verified_stage1_global_fallback,17051,163950,163950,0,36916,42,4,"[{""active_any_pipe_cycles"":14452,""active_any_pipe_fraction"":0.8475749222919476,""core_id"":0,""op_count"":391,""pipe_busy_cycles"":{""PIPE_M"":3100,""PIPE_MTE2"":4588,""PIPE_MTE3"":617,""PIPE_V"":13767},""pipe_utilization"":{""PIPE_M"":0.18180751862060876,""PIPE_MTE2"":0.269075127558501,""PIPE_MTE3"":0.03618556096416632,""PIPE_V"":0.8074013254354583},""task_end"":14452,""task_span_cycles"":14452,""task_start"":0},{""active_any_pipe_cycles"":14859,""active_any_pipe_fraction"":0.8714444900592341,""core_id"":1,""op_count"":473,""pipe_busy_cycles"":{""PIPE_M"":4020,""PIPE_MTE2"":4808,""PIPE_MTE3"":259,""PIPE_V"":12349},""pipe_utilization"":{""PIPE_M"":0.2357632983402733,""PIPE_MTE2"":0.28197759662189903,""PIPE_MTE3"":0.015189724942818603,""PIPE_V"":0.7242390475631928},""task_end"":17051,""task_span_cycles"":17051,""task_start"":0},{""active_any_pipe_cycles"":7175,""active_any_pipe_fraction"":0.4207964342267316,""core_id"":2,""op_count"":216,""pipe_busy_cycles"":{""PIPE_M"":2038,""PIPE_MTE2"":2828,""PIPE_MTE3"":574,""PIPE_V"":6180},""pipe_utilization"":{""PIPE_M"":0.11952378159638731,""PIPE_MTE2"":0.16585537505131664,""PIPE_MTE3"":0.03366371473813853,""PIPE_V"":0.36244208550818136},""task_end"":12217,""task_span_cycles"":12217,""task_start"":0},{""active_any_pipe_cycles"":2679,""active_any_pipe_fraction"":0.15711688464019705,""core_id"":3,""op_count"":79,""pipe_busy_cycles"":{""PIPE_M"":992,""PIPE_MTE2"":1367,""PIPE_MTE3"":86,""PIPE_V"":1699},""pipe_utilization"":{""PIPE_M"":0.0581784059585948,""PIPE_MTE2"":0.08017125095302328,""PIPE_MTE3"":0.005043692452055598,""PIPE_V"":0.09964224972142396},""task_end"":12781,""task_span_cycles"":12781,""task_start"":0},{""active_any_pipe_cycles"":0,""active_any_pipe_fraction"":0.0,""core_id"":4,""op_count"":0,""pipe_busy_cycles"":{},""pipe_utilization"":{},""task_end"":0,""task_span_cycles"":0,""task_start"":0}]",inherit_k4,17051,163950,0,0,0,False,0,7.01351978443563,ac1f0566c36055fbbc6ce55204aa0a2cb7765243691e738858e0b6e342695175,d501ad781a5ef1443df1cd82618e89db2c241ab6c767365bfaf88efe891d42b6,e407e61eee3bb90406124e73bce0624d461686f35fe68560d186197ed163ec2f
case_033,1,success,stage1_actual_winner,verified_stage1_global_fallback,1774196,4592640,0,4592640,0,0,1,"[{""active_any_pipe_cycles"":1774196,""active_any_pipe_fraction"":1.0,""core_id"":0,""op_count"":4906,""pipe_busy_cycles"":{""PIPE_M"":1728108,""PIPE_MTE2"":125324,""PIPE_MTE3"":1518,""PIPE_V"":192042},""pipe_utilization"":{""PIPE_M"":0.9740231631679928,""PIPE_MTE2"":0.07063706602878149,""PIPE_MTE3"":0.0008555988177179973,""PIPE_V"":0.10824170497509858},""task_end"":1774196,""task_span_cycles"":1774196,""task_start"":0}]",single,1774196,4592640,0,0,0,False,0,0.31144826114177704,4e9616d8b5284e12ac96679481d9c1df20d38f83e1e52aaae2f3765b09f69dfd,0461256ec7a6fe061d3a7e2175171d1040703f624033a8efa72bc3be0f2267e1,6ec624baa3835f124bf0106de2f18b8576de461ee5b1b66d05b97033678d8ed8
case_033,2,success,stage1_actual_winner,verified_stage1_global_fallback,1096366,5084160,2331648,2752512,313344,51,2,"[{""active_any_pipe_cycles"":1096366,""active_any_pipe_fraction"":1.0,""core_id"":0,""op_count"":3340,""pipe_busy_cycles"":{""PIPE_M"":1063464,""PIPE_MTE2"":86399,""PIPE_MTE3"":8558,""PIPE_V"":135882},""pipe_utilization"":{""PIPE_M"":0.9699899486120511,""PIPE_MTE2"":0.07880488814866568,""PIPE_MTE3"":0.007805787483376902,""PIPE_V"":0.12393853877263615},""task_end"":1096366,""task_span_cycles"":1096366,""task_start"":0},{""active_any_pipe_cycles"":670741,""active_any_pipe_fraction"":0.611785662816979,""core_id"":1,""op_count"":1631,""pipe_busy_cycles"":{""PIPE_M"":664644,""PIPE_MTE2"":51684,""PIPE_MTE3"":9860,""PIPE_V"":56160},""pipe_utilization"":{""PIPE_M"":0.6062245636949705,""PIPE_MTE2"":0.047141191901244654,""PIPE_MTE3"":0.00899334711218699,""PIPE_V"":0.05122377016434293},""task_end"":670741,""task_span_cycles"":670741,""task_start"":0}]",b1,1096366,5084160,0,0,0,False,0,15.725850144401193,729de6864b5117b4bcc4e48a70ca3f679c4c70c171c337acc5ae979eb7d9fd83,116d2f89c80a4907d02791e86be9f4e66040c2933967692fe2baed3b8cfa632e,a1003722a5e46b5a37eb1157fe0a578b6ec081b22ad9ea6812db4417ef9d6c6c
case_033,3,success,map_locality@b1,scene_b_fixed_partition_mapping,747256,6572036,4257284,2314752,634882,104,3,"[{""active_any_pipe_cycles"":590056,""active_any_pipe_fraction"":0.7896303274915156,""core_id"":0,""op_count"":1525,""pipe_busy_cycles"":{""PIPE_M"":581472,""PIPE_MTE2"":61342,""PIPE_MTE3"":12348,""PIPE_V"":58621},""pipe_utilization"":{""PIPE_M"":0.7781429657306198,""PIPE_MTE2"":0.08208967208025095,""PIPE_MTE3"":0.016524457481773315,""PIPE_V"":0.07844834969541897},""task_end"":590056,""task_span_cycles"":590056,""task_start"":0},{""active_any_pipe_cycles"":747256,""active_any_pipe_fraction"":1.0,""core_id"":1,""op_count"":2585,""pipe_busy_cycles"":{""PIPE_M"":703152,""PIPE_MTE2"":87537,""PIPE_MTE3"":6095,""PIPE_V"":96593},""pipe_utilization"":{""PIPE_M"":0.9409787275043626,""PIPE_MTE2"":0.11714459301765393,""PIPE_MTE3"":0.008156508612844861,""PIPE_V"":0.1292635990878628},""task_end"":747256,""task_span_cycles"":747256,""task_start"":0},{""active_any_pipe_cycles"":456671,""active_any_pipe_fraction"":0.6111305897844915,""core_id"":2,""op_count"":1106,""pipe_busy_cycles"":{""PIPE_M"":443484,""PIPE_MTE2"":49348,""PIPE_MTE3"":6960,""PIPE_V"":36828},""pipe_utilization"":{""PIPE_M"":0.593483357778325,""PIPE_MTE2"":0.06603894783046238,""PIPE_MTE3"":0.00931407710342908,""PIPE_V"":0.04928431488004111},""task_end"":456671,""task_span_cycles"":456671,""task_start"":0}]",b1,747400,6608900,-144,-36864,353280,True,0,24.071257716044784,40d6ef88c1552b06e90f7dd7cacb93211fd7d04c82654a20139acf31e2f6549d,98be05f7c40d96fdef8c6532a174547ddd094d307c0eee273414398a3b06eb27,007e776182700a041bed75019705b8c58c6f76227bb8ef6f508ab7ac8df46277
case_033,4,success,stage1_actual_winner,verified_stage1_global_fallback,561362,7299076,5927428,1371648,1024002,161,4,"[{""active_any_pipe_cycles"":561362,""active_any_pipe_fraction"":1.0,""core_id"":0,""op_count"":2168,""pipe_busy_cycles"":{""PIPE_M"":516912,""PIPE_MTE2"":87161,""PIPE_MTE3"":4158,""PIPE_V"":82652},""pipe_utilization"":{""PIPE_M"":0.9208175829500393,""PIPE_MTE2"":0.15526701130464834,""PIPE_MTE3"":0.007406985153964821,""PIPE_V"":0.14723476117015402},""task_end"":561362,""task_span_cycles"":561362,""task_start"":0},{""active_any_pipe_cycles"":337387,""active_any_pipe_fraction"":0.6010150312988767,""core_id"":1,""op_count"":746,""pipe_busy_cycles"":{""PIPE_M"":336564,""PIPE_MTE2"":54086,""PIPE_MTE3"":12393,""PIPE_V"":23972},""pipe_utilization"":{""PIPE_M"":0.5995489541507976,""PIPE_MTE2"":0.09634781121629181,""PIPE_MTE3"":0.022076663543310733,""PIPE_V"":0.042703282373940527},""task_end"":337387,""task_span_cycles"":337387,""task_start"":0},{""active_any_pipe_cycles"":445320,""active_any_pipe_fraction"":0.7932849035025528,""core_id"":2,""op_count"":1296,""pipe_busy_cycles"":{""PIPE_M"":431148,""PIPE_MTE2"":63366,""PIPE_MTE3"":15131,""PIPE_V"":48590},""pipe_utilization"":{""PIPE_M"":0.7680391618955327,""PIPE_MTE2"":0.11287903349353892,""PIPE_MTE3"":0.026954086667782998,""PIPE_V"":0.08655733733312906},""task_end"":445320,""task_span_cycles"":445320,""task_start"":0},{""active_any_pipe_cycles"":452272,""active_any_pipe_fraction"":0.8056690691568008,""core_id"":3,""op_count"":1145,""pipe_busy_cycles"":{""PIPE_M"":443484,""PIPE_MTE2"":67164,""PIPE_MTE3"":9972,""PIPE_V"":36828},""pipe_utilization"":{""PIPE_M"":0.7900142866813215,""PIPE_MTE2"":0.11964472123157606,""PIPE_MTE3"":0.017763938421197018,""PIPE_V"":0.0656047256494027},""task_end"":452272,""task_span_cycles"":452272,""task_start"":0}]",b1,561362,7299076,0,0,0,False,0,37.78641573153436,03342a0bf4ab75ee14c3d75590dda23002f890f381b56f989313cbb92d413c2b,6ee699d9fc7ea167a20ba85506e8614d3f5f836bc7352d62229a84e141991a1e,24ba4a454c9ac131bbea2e40dd8d7bb37f94a6ebd4b9f80f903eb9294ba4d456
case_033,5,success,stage1_actual_winner,verified_stage1_global_fallback,561362,7299076,5927428,1371648,1024002,161,4,"[{""active_any_pipe_cycles"":561362,""active_any_pipe_fraction"":1.0,""core_id"":0,""op_count"":2168,""pipe_busy_cycles"":{""PIPE_M"":516912,""PIPE_MTE2"":87161,""PIPE_MTE3"":4158,""PIPE_V"":82652},""pipe_utilization"":{""PIPE_M"":0.9208175829500393,""PIPE_MTE2"":0.15526701130464834,""PIPE_MTE3"":0.007406985153964821,""PIPE_V"":0.14723476117015402},""task_end"":561362,""task_span_cycles"":561362,""task_start"":0},{""active_any_pipe_cycles"":337387,""active_any_pipe_fraction"":0.6010150312988767,""core_id"":1,""op_count"":746,""pipe_busy_cycles"":{""PIPE_M"":336564,""PIPE_MTE2"":54086,""PIPE_MTE3"":12393,""PIPE_V"":23972},""pipe_utilization"":{""PIPE_M"":0.5995489541507976,""PIPE_MTE2"":0.09634781121629181,""PIPE_MTE3"":0.022076663543310733,""PIPE_V"":0.042703282373940527},""task_end"":337387,""task_span_cycles"":337387,""task_start"":0},{""active_any_pipe_cycles"":445320,""active_any_pipe_fraction"":0.7932849035025528,""core_id"":2,""op_count"":1296,""pipe_busy_cycles"":{""PIPE_M"":431148,""PIPE_MTE2"":63366,""PIPE_MTE3"":15131,""PIPE_V"":48590},""pipe_utilization"":{""PIPE_M"":0.7680391618955327,""PIPE_MTE2"":0.11287903349353892,""PIPE_MTE3"":0.026954086667782998,""PIPE_V"":0.08655733733312906},""task_end"":445320,""task_span_cycles"":445320,""task_start"":0},{""active_any_pipe_cycles"":452272,""active_any_pipe_fraction"":0.8056690691568008,""core_id"":3,""op_count"":1145,""pipe_busy_cycles"":{""PIPE_M"":443484,""PIPE_MTE2"":67164,""PIPE_MTE3"":9972,""PIPE_V"":36828},""pipe_utilization"":{""PIPE_M"":0.7900142866813215,""PIPE_MTE2"":0.11964472123157606,""PIPE_MTE3"":0.017763938421197018,""PIPE_V"":0.0656047256494027},""task_end"":452272,""task_span_cycles"":452272,""task_start"":0},{""active_any_pipe_cycles"":0,""active_any_pipe_fraction"":0.0,""core_id"":4,""op_count"":0,""pipe_busy_cycles"":{},""pipe_utilization"":{},""task_end"":0,""task_span_cycles"":0,""task_start"":0}]",inherit_k4,561362,7299076,0,0,0,False,0,43.91544468514621,7d7fa66777835514cb559d71de6284a83b87fdfd1ff9a1a8ad46b367d8532884,185c8f9e04f2563f87d8a2853e5f5a3a58c993a28d423c4a39d7b8f8232ff18b,13a3e507d137417fb41c51033a50ca70093978f2f75349239a45207a52a02ffa
case_034,1,success,stage1_actual_winner,verified_stage1_global_fallback,842996,1079832,0,1079832,0,0,1,"[{""active_any_pipe_cycles"":842996,""active_any_pipe_fraction"":1.0,""core_id"":0,""op_count"":4819,""pipe_busy_cycles"":{""PIPE_M"":749160,""PIPE_MTE2"":56629,""PIPE_MTE3"":248,""PIPE_V"":194956},""pipe_utilization"":{""PIPE_M"":0.8886874908065994,""PIPE_MTE2"":0.06717588221059174,""PIPE_MTE3"":0.0002941888217737688,""PIPE_V"":0.23126562878115672},""task_end"":842996,""task_span_cycles"":842996,""task_start"":0}]",single,842996,1079832,0,0,0,False,0,0.32715450040996075,73a6322df4957ae15a9af6cf2a0a89c072427f076e3920c4fe59930b883f40e4,19cc9b471b4253917b1c1297fdd194752c0b66e79fb6ba807872ddea5abcb489,e485e26b00d580215173633cd04f82611a7758128fd1b8612b62d7f5ee6a2d0c
case_034,2,success,stage1_actual_winner,verified_stage1_global_fallback,547325,12242376,7611752,4630624,3714228,969,2,"[{""active_any_pipe_cycles"":546487,""active_any_pipe_fraction"":0.9984689170054355,""core_id"":0,""op_count"":3671,""pipe_busy_cycles"":{""PIPE_M"":403692,""PIPE_MTE2"":153164,""PIPE_MTE3"":98625,""PIPE_V"":104558},""pipe_utilization"":{""PIPE_M"":0.7375727401452519,""PIPE_MTE2"":0.2798410450829032,""PIPE_MTE3"":0.18019458274334263,""PIPE_V"":0.19103457726213857},""task_end"":546781,""task_span_cycles"":546781,""task_start"":0},{""active_any_pipe_cycles"":484053,""active_any_pipe_fraction"":0.8843977527063445,""core_id"":1,""op_count"":3897,""pipe_busy_cycles"":{""PIPE_M"":345468,""PIPE_MTE2"":143766,""PIPE_MTE3"":65362,""PIPE_V"":90398},""pipe_utilization"":{""PIPE_M"":0.6311935321792354,""PIPE_MTE2"":0.2626702599004248,""PIPE_MTE3"":0.11942081944000366,""PIPE_V"":0.16516329420362674},""task_end"":547325,""task_span_cycles"":547325,""task_start"":0}]",b2a_w4,547325,12242376,0,0,0,False,0,12.737536272034049,f72a024ef242edd14aba4e45019dc2544ca53beff78271f788e175fa00242cc1,273e72ec19c92160c537da42b03701be84f3eda105532977bc0c48dfbfaad3c8,7e49290306c42230130f36c75e71fe181e605e06a8db8cf845dd7924b17a2fc1
case_034,3,success,map_locality@b2a_w4,scene_b_fixed_partition_mapping,385163,11577064,9894560,1682504,4795728,1255,3,"[{""active_any_pipe_cycles"":382540,""active_any_pipe_fraction"":0.9931898962257538,""core_id"":0,""op_count"":2439,""pipe_busy_cycles"":{""PIPE_M"":260232,""PIPE_MTE2"":142342,""PIPE_MTE3"":76052,""PIPE_V"":58694},""pipe_utilization"":{""PIPE_M"":0.6756412220280764,""PIPE_MTE2"":0.3695630161775664,""PIPE_MTE3"":0.19745406490239198,""PIPE_V"":0.15238743077606104},""task_end"":382540,""task_span_cycles"":382540,""task_start"":0},{""active_any_pipe_cycles"":376015,""active_any_pipe_fraction"":0.9762490166500936,""core_id"":1,""op_count"":2715,""pipe_busy_cycles"":{""PIPE_M"":244464,""PIPE_MTE2"":151524,""PIPE_MTE3"":74185,""PIPE_V"":73020},""pipe_utilization"":{""PIPE_M"":0.6347027102811018,""PIPE_MTE2"":0.39340227384250304,""PIPE_MTE3"":0.1926067664858774,""PIPE_V"":0.1895820730443994},""task_end"":381030,""task_span_cycles"":381030,""task_start"":0},{""active_any_pipe_cycles"":372551,""active_any_pipe_fraction"":0.96725542173054,""core_id"":2,""op_count"":2381,""pipe_busy_cycles"":{""PIPE_M"":244464,""PIPE_MTE2"":135677,""PIPE_MTE3"":56752,""PIPE_V"":63242},""pipe_utilization"":{""PIPE_M"":0.6347027102811018,""PIPE_MTE2"":0.3522586541282522,""PIPE_MTE3"":0.14734540960580325,""PIPE_V"":0.16419541856304992},""task_end"":385163,""task_span_cycles"":385163,""task_start"":0}]",b2a_w4,390295,11452144,-5132,124920,288768,True,0,27.835188783705235,8c64f92bd21d21d43a2880ba190266eab2246a2bca221b21522c2335087a483f,a17001d8abd2c437ad84761a71375c0b6929ae4831aca5fdbcc9c3a5c3ae3c9f,a2275cc58ab911d5c854907c9838ead15a77e924175a4fa9940c77626670efe8
case_034,4,success,map_locality@b2a_w4,scene_b_fixed_partition_mapping,328195,11592720,11066312,526408,5377252,1401,4,"[{""active_any_pipe_cycles"":320883,""active_any_pipe_fraction"":0.9777205624704824,""core_id"":0,""op_count"":1713,""pipe_busy_cycles"":{""PIPE_M"":213936,""PIPE_MTE2"":125207,""PIPE_MTE3"":72102,""PIPE_V"":45152},""pipe_utilization"":{""PIPE_M"":0.6518563658800408,""PIPE_MTE2"":0.3815018510336842,""PIPE_MTE3"":0.2196925608251192,""PIPE_V"":0.13757674553238167},""task_end"":328195,""task_span_cycles"":328195,""task_start"":0},{""active_any_pipe_cycles"":287422,""active_any_pipe_fraction"":0.8757659318393028,""core_id"":1,""op_count"":1653,""pipe_busy_cycles"":{""PIPE_M"":189756,""PIPE_MTE2"":114226,""PIPE_MTE3"":59022,""PIPE_V"":45120},""pipe_utilization"":{""PIPE_M"":0.578180654793644,""PIPE_MTE2"":0.3480430841420497,""PIPE_MTE3"":0.17983820594463656,""PIPE_V"":0.13747924252349975},""task_end"":322996,""task_span_cycles"":322996,""task_start"":0},{""active_any_pipe_cycles"":298923,""active_any_pipe_fraction"":0.9108091226252685,""core_id"":2,""op_count"":2125,""pipe_busy_cycles"":{""PIPE_M"":172344,""PIPE_MTE2"":148073,""PIPE_MTE3"":67602,""PIPE_V"":59405},""pipe_utilization"":{""PIPE_M"":0.5251268300857722,""PIPE_MTE2"":0.45117384481786743,""PIPE_MTE3"":0.20598120020109995,""PIPE_V"":0.18100519508219198},""task_end"":322488,""task_span_cycles"":322488,""task_start"":0},{""active_any_pipe_cycles"":283965,""active_any_pipe_fraction"":0.8652325599110285,""core_id"":3,""op_count"":2025,""pipe_busy_cycles"":{""PIPE_M"":173124,""PIPE_MTE2"":128818,""PIPE_MTE3"":46275,""PIPE_V"":45279},""pipe_utilization"":{""PIPE_M"":0.5275034659272688,""PIPE_MTE2"":0.3925044561922028,""PIPE_MTE3"":0.14099849175033136,""PIPE_V"":0.13796371059888177},""task_end"":326323,""task_span_cycles"":326323,""task_start"":0}]",b2a_w4,338094,11977968,-9899,-385248,87040,True,0,49.133928893134,7706838f78ea873e8c24c2c0b180c92d579c65a1af89c99f0543b07858513b0a,1c2c8e4a6b4c092014c81703fd900734eb1a632ca56172aa501f1625b3cf1188,50dd1c3ee78350279cbc0ddea841ad4d760a5a68d45fb7b7f7611b04f577f18d
case_034,5,success,map_locality@b2a_w4,scene_b_fixed_partition_mapping,291447,11992344,11393236,599108,5478762,1477,5,"[{""active_any_pipe_cycles"":233500,""active_any_pipe_fraction"":0.8011748276702111,""core_id"":0,""op_count"":1357,""pipe_busy_cycles"":{""PIPE_M"":145380,""PIPE_MTE2"":99716,""PIPE_MTE3"":47549,""PIPE_V"":31515},""pipe_utilization"":{""PIPE_M"":0.49882139805865217,""PIPE_MTE2"":0.3421411097043373,""PIPE_MTE3"":0.16314801662051762,""PIPE_V"":0.10813286806863684},""task_end"":289362,""task_span_cycles"":289362,""task_start"":0},{""active_any_pipe_cycles"":229478,""active_any_pipe_fraction"":0.7873747199319259,""core_id"":1,""op_count"":1485,""pipe_busy_cycles"":{""PIPE_M"":145380,""PIPE_MTE2"":101337,""PIPE_MTE3"":52137,""PIPE_V"":28433},""pipe_utilization"":{""PIPE_M"":0.49882139805865217,""PIPE_MTE2"":0.3477030128977138,""PIPE_MTE3"":0.1788901584164531,""PIPE_V"":0.09755804657450583},""task_end"":290526,""task_span_cycles"":290526,""task_start"":0},{""active_any_pipe_cycles"":234173,""active_any_pipe_fraction"":0.8034839953748023,""core_id"":2,""op_count"":1371,""pipe_busy_cycles"":{""PIPE_M"":130044,""PIPE_MTE2"":115688,""PIPE_MTE3"":56932,""PIPE_V"":34899},""pipe_utilization"":{""PIPE_M"":0.4462011961008348,""PIPE_MTE2"":0.3969435266103271,""PIPE_MTE3"":0.19534254941721824,""PIPE_V"":0.11974389854759185},""task_end"":287745,""task_span_cycles"":287745,""task_start"":0},{""active_any_pipe_cycles"":291447,""active_any_pipe_fraction"":1.0,""core_id"":3,""op_count"":1978,""pipe_busy_cycles"":{""PIPE_M"":164568,""PIPE_MTE2"":166284,""PIPE_MTE3"":80759,""PIPE_V"":65097},""pipe_utilization"":{""PIPE_M"":0.5646584113063439,""PIPE_MTE2"":0.5705462742797147,""PIPE_MTE3"":0.27709669339536863,""PIPE_V"":0.22335793471883394},""task_end"":291447,""task_span_cycles"":291447,""task_start"":0},{""active_any_pipe_cycles"":259036,""active_any_pipe_fraction"":0.88879281653268,""core_id"":4,""op_count"":1509,""pipe_busy_cycles"":{""PIPE_M"":163788,""PIPE_MTE2"":114070,""PIPE_MTE3"":55205,""PIPE_V"":35012},""pipe_utilization"":{""PIPE_M"":0.5619821099548117,""PIPE_MTE2"":0.39139191688368724,""PIPE_MTE3"":0.18941694373247966,""PIPE_V"":0.12013161912800611},""task_end"":285950,""task_span_cycles"":285950,""task_start"":0}]",b2a_w4,292576,12138512,-1129,-146168,311336,True,0,64.90977049432695,2cd2d98d412e20c1b404bce36a7fc3f9f5a6b186d853ed75d5ff46d87c6d3c7c,b2c6c9b6045bb3f1be60a74b8f98696d304c06c4039f9b3cc180b8709b4e75fd,797ce910c5f851df20f2ae190190422dd073752cab6e75fc85b0e0cf68af519b
case_035,1,success,stage1_actual_winner,verified_stage1_global_fallback,169571,0,0,0,0,0,1,"[{""active_any_pipe_cycles"":169571,""active_any_pipe_fraction"":1.0,""core_id"":0,""op_count"":4237,""pipe_busy_cycles"":{""PIPE_M"":62192,""PIPE_MTE2"":6832,""PIPE_MTE3"":309,""PIPE_V"":143909},""pipe_utilization"":{""PIPE_M"":0.3667608258487595,""PIPE_MTE2"":0.04028990806210968,""PIPE_MTE3"":0.0018222455490620449,""PIPE_V"":0.8486651609060512},""task_end"":169571,""task_span_cycles"":169571,""task_start"":0}]",single,169571,0,0,0,0,False,0,0.31199281103909016,6a3b6a8e9352203283d45469c90f6c0d75a56f6e841627e3ffdc298590eccd50,43201822fd833e40039e2a07a60c49325d3a15aa5f121c0c1082f55e586f5f29,0a452529a9d0ac53515954d0e43d21c5aaeed35b642c415f2cc1ab8520e61468
case_035,2,success,stage1_actual_winner,verified_stage1_global_fallback,105261,43008,43008,0,21504,21,2,"[{""active_any_pipe_cycles"":105261,""active_any_pipe_fraction"":1.0,""core_id"":0,""op_count"":2860,""pipe_busy_cycles"":{""PIPE_M"":53284,""PIPE_MTE2"":3586,""PIPE_MTE3"":759,""PIPE_V"":84203},""pipe_utilization"":{""PIPE_M"":0.5062083772717341,""PIPE_MTE2"":0.03406769838781695,""PIPE_MTE3"":0.007210647818280275,""PIPE_V"":0.7999448988704269},""task_end"":105261,""task_span_cycles"":105261,""task_start"":0},{""active_any_pipe_cycles"":65085,""active_any_pipe_fraction"":0.6183201755635991,""core_id"":1,""op_count"":1419,""pipe_busy_cycles"":{""PIPE_M"":8908,""PIPE_MTE2"":5746,""PIPE_MTE3"":72,""PIPE_V"":59706},""pipe_utilization"":{""PIPE_M"":0.0846277348685648,""PIPE_MTE2"":0.054588119056440655,""PIPE_MTE3"":0.0006840140222874569,""PIPE_V"":0.5672186279818736},""task_end"":65085,""task_span_cycles"":65085,""task_start"":0}]",b2a_w4,105261,43008,0,0,0,False,0,9.606074582785368,c5a7191da15b4e071f57370ebd9882c2196c09bce8b0493680b0d0f194042f86,25f05d57a302495ec92e317e7a309b619abc6086d072935496c58d7d1c69297b,e10e81718c6d7ef143fdec7d3eeac7ab17cba0933226a00f0d438c2061e70267
case_035,3,success,map_locality@b2a_w4,scene_b_fixed_partition_mapping,98946,74240,74240,0,34816,31,3,"[{""active_any_pipe_cycles"":98946,""active_any_pipe_fraction"":1.0,""core_id"":0,""op_count"":2697,""pipe_busy_cycles"":{""PIPE_M"":48092,""PIPE_MTE2"":5303,""PIPE_MTE3"":444,""PIPE_V"":80097},""pipe_utilization"":{""PIPE_M"":0.4860428920825501,""PIPE_MTE2"":0.05359489014209771,""PIPE_MTE3"":0.004487296100903523,""PIPE_V"":0.8095021526893457},""task_end"":98946,""task_span_cycles"":98946,""task_start"":0},{""active_any_pipe_cycles"":47691,""active_any_pipe_fraction"":0.48199017645988723,""core_id"":1,""op_count"":1189,""pipe_busy_cycles"":{""PIPE_M"":11496,""PIPE_MTE2"":5238,""PIPE_MTE3"":225,""PIPE_V"":42243},""pipe_utilization"":{""PIPE_M"":0.11618458553150203,""PIPE_MTE2"":0.052937966163361834,""PIPE_MTE3"":0.00227396761870111,""PIPE_V"":0.426929840519071},""task_end"":47691,""task_span_cycles"":47691,""task_start"":0},{""active_any_pipe_cycles"":21981,""active_any_pipe_fraction"":0.22215147656297374,""core_id"":2,""op_count"":414,""pipe_busy_cycles"":{""PIPE_M"":2604,""PIPE_MTE2"":4506,""PIPE_MTE3"":456,""PIPE_V"":21569},""pipe_utilization"":{""PIPE_M"":0.026317385240434175,""PIPE_MTE2"":0.04553999151052089,""PIPE_MTE3"":0.004608574373900915,""PIPE_V"":0.21798758919006328},""task_end"":21981,""task_span_cycles"":21981,""task_start"":0}]",b2a_w4,98946,167936,0,-93696,0,False,0,20.105963611975312,5816404ecd0d12462f2ae82de78d072fb6706200268eba7a5c2d35695378c29a,77a49cab1447d619a2ee639a203f390f896b96e139b3f7f111e4070a12093bcc,a767f2ad84676a8725d94b259735a834aa82eb70ee5451e39fa7f84f80afcc9a
case_035,4,success,stage1_actual_winner,verified_stage1_global_fallback,95602,1417128,1417128,0,567758,514,4,"[{""active_any_pipe_cycles"":64182,""active_any_pipe_fraction"":0.6713457877450263,""core_id"":0,""op_count"":1727,""pipe_busy_cycles"":{""PIPE_M"":26540,""PIPE_MTE2"":16926,""PIPE_MTE3"":8690,""PIPE_V"":47992},""pipe_utilization"":{""PIPE_M"":0.2776092550365055,""PIPE_MTE2"":0.17704650530323635,""PIPE_MTE3"":0.09089767996485429,""PIPE_V"":0.5019978661534278},""task_end"":95051,""task_span_cycles"":95051,""task_start"":0},{""active_any_pipe_cycles"":67076,""active_any_pipe_fraction"":0.7016171209807326,""core_id"":1,""op_count"":1621,""pipe_busy_cycles"":{""PIPE_M"":20172,""PIPE_MTE2"":18015,""PIPE_MTE3"":7782,""PIPE_V"":53139},""pipe_utilization"":{""PIPE_M"":0.21099976987929123,""PIPE_MTE2"":0.1884374803874396,""PIPE_MTE3"":0.0813999707119098,""PIPE_V"":0.5558356519738081},""task_end"":95076,""task_span_cycles"":95076,""task_start"":0},{""active_any_pipe_cycles"":32815,""active_any_pipe_fraction"":0.3432459571975482,""core_id"":2,""op_count"":957,""pipe_busy_cycles"":{""PIPE_M"":7268,""PIPE_MTE2"":18049,""PIPE_MTE3"":12199,""PIPE_V"":23790},""pipe_utilization"":{""PIPE_M"":0.07602351415242359,""PIPE_MTE2"":0.18879312148281416,""PIPE_MTE3"":0.12760193301395367,""PIPE_V"":0.24884416644003263},""task_end"":94793,""task_span_cycles"":94793,""task_start"":0},{""active_any_pipe_cycles"":31205,""active_any_pipe_fraction"":0.3264053053283404,""core_id"":3,""op_count"":1079,""pipe_busy_cycles"":{""PIPE_M"":8212,""PIPE_MTE2"":19533,""PIPE_MTE3"":8982,""PIPE_V"":18988},""pipe_utilization"":{""PIPE_M"":0.08589778456517647,""PIPE_MTE2"":0.20431580929269264,""PIPE_MTE3"":0.09395200937218887,""PIPE_V"":0.19861509173448255},""task_end"":95602,""task_span_cycles"":95602,""task_start"":0}]",b2a_w16,95602,1417128,0,0,0,False,0,20.420545905828476,143b0f61159ea422f9131e2441407c617bf4622a5707eba12f733d8af22cf1c7,29dc72e60ab0cc2ad181de950a86ab0d2f3e55efbcffe0bcf4cb7c0c9a0688a4,e4b33856aec806805912d122b119c7db7c15f49f59afbb18812990945c7600d4
case_035,5,success,stage1_actual_winner,verified_stage1_global_fallback,95602,1417128,1417128,0,567758,514,4,"[{""active_any_pipe_cycles"":64182,""active_any_pipe_fraction"":0.6713457877450263,""core_id"":0,""op_count"":1727,""pipe_busy_cycles"":{""PIPE_M"":26540,""PIPE_MTE2"":16926,""PIPE_MTE3"":8690,""PIPE_V"":47992},""pipe_utilization"":{""PIPE_M"":0.2776092550365055,""PIPE_MTE2"":0.17704650530323635,""PIPE_MTE3"":0.09089767996485429,""PIPE_V"":0.5019978661534278},""task_end"":95051,""task_span_cycles"":95051,""task_start"":0},{""active_any_pipe_cycles"":67076,""active_any_pipe_fraction"":0.7016171209807326,""core_id"":1,""op_count"":1621,""pipe_busy_cycles"":{""PIPE_M"":20172,""PIPE_MTE2"":18015,""PIPE_MTE3"":7782,""PIPE_V"":53139},""pipe_utilization"":{""PIPE_M"":0.21099976987929123,""PIPE_MTE2"":0.1884374803874396,""PIPE_MTE3"":0.0813999707119098,""PIPE_V"":0.5558356519738081},""task_end"":95076,""task_span_cycles"":95076,""task_start"":0},{""active_any_pipe_cycles"":32815,""active_any_pipe_fraction"":0.3432459571975482,""core_id"":2,""op_count"":957,""pipe_busy_cycles"":{""PIPE_M"":7268,""PIPE_MTE2"":18049,""PIPE_MTE3"":12199,""PIPE_V"":23790},""pipe_utilization"":{""PIPE_M"":0.07602351415242359,""PIPE_MTE2"":0.18879312148281416,""PIPE_MTE3"":0.12760193301395367,""PIPE_V"":0.24884416644003263},""task_end"":94793,""task_span_cycles"":94793,""task_start"":0},{""active_any_pipe_cycles"":31205,""active_any_pipe_fraction"":0.3264053053283404,""core_id"":3,""op_count"":1079,""pipe_busy_cycles"":{""PIPE_M"":8212,""PIPE_MTE2"":19533,""PIPE_MTE3"":8982,""PIPE_V"":18988},""pipe_utilization"":{""PIPE_M"":0.08589778456517647,""PIPE_MTE2"":0.20431580929269264,""PIPE_MTE3"":0.09395200937218887,""PIPE_V"":0.19861509173448255},""task_end"":95602,""task_span_cycles"":95602,""task_start"":0},{""active_any_pipe_cycles"":0,""active_any_pipe_fraction"":0.0,""core_id"":4,""op_count"":0,""pipe_busy_cycles"":{},""pipe_utilization"":{},""task_end"":0,""task_span_cycles"":0,""task_start"":0}]",inherit_k4,95602,1417128,0,0,0,False,0,24.685579219833016,886cf9d50fab624254f0073381960fb08f3201f8e0f0aa1900dc398ca14dab34,117c549b3f26bcf8c50f7a8f06ab8b28c7c5630fe20537f66c82841eebe17e21,8466bb8fba39ffd087fb05a32dd9a2b729de11bd629fbdd21dc2b26302ba2cfa
case_036,1,success,stage1_actual_winner,verified_stage1_global_fallback,931510,0,0,0,0,0,1,"[{""active_any_pipe_cycles"":931510,""active_any_pipe_fraction"":1.0,""core_id"":0,""op_count"":4001,""pipe_busy_cycles"":{""PIPE_M"":931200,""PIPE_MTE2"":106004,""PIPE_MTE3"":105984,""PIPE_V"":121600},""pipe_utilization"":{""PIPE_M"":0.9996672070079763,""PIPE_MTE2"":0.11379802685961503,""PIPE_MTE3"":0.1137765563440006,""PIPE_V"":0.13054073493574947},""task_end"":931510,""task_span_cycles"":931510,""task_start"":0}]",single,931510,0,0,0,0,False,0,0.2756980136036873,d64d21298efb9524f15b22d64f5e48b8064b683e7973cbfeaaf5a044e77b4072,8c131ad0dfb252dc26f956f6fa867096f91862e58a5cb371718e576432bc8999,dec759ab4c0d700f9ca205f42cf2eed9c956e5adfd1d6a8c17e5c4b3cb47f619
case_036,2,success,stage1_actual_winner,verified_stage1_global_fallback,466068,1152,1152,0,0,0,2,"[{""active_any_pipe_cycles"":466068,""active_any_pipe_fraction"":1.0,""core_id"":0,""op_count"":2001,""pipe_busy_cycles"":{""PIPE_M"":465600,""PIPE_MTE2"":101608,""PIPE_MTE3"":101568,""PIPE_V"":60800},""pipe_utilization"":{""PIPE_M"":0.9989958546821494,""PIPE_MTE2"":0.21801110567556667,""PIPE_MTE3"":0.21792528128942557,""PIPE_V"":0.13045306693443876},""task_end"":466068,""task_span_cycles"":466068,""task_start"":0},{""active_any_pipe_cycles"":466068,""active_any_pipe_fraction"":1.0,""core_id"":1,""op_count"":2001,""pipe_busy_cycles"":{""PIPE_M"":465600,""PIPE_MTE2"":101608,""PIPE_MTE3"":101568,""PIPE_V"":60800},""pipe_utilization"":{""PIPE_M"":0.9989958546821494,""PIPE_MTE2"":0.21801110567556667,""PIPE_MTE3"":0.21792528128942557,""PIPE_V"":0.13045306693443876},""task_end"":466068,""task_span_cycles"":466068,""task_start"":0}]",b0,466068,1152,0,0,0,False,0,15.397138701751828,35be0051eb9e2308e8af055ec2ebc4fc03ffa6adca2ce6207456f33ecb9d0033,72dbab6182e4f32494744cc5a7ac9b9d66d6764ea168edb0a95c72deedf9c45f,c0a6487dd1934a089aca1226775e370963478fba8c5fdc4f1b78ecbd88d5554a
case_036,3,success,stage1_actual_winner,verified_stage1_global_fallback,388000,88320,88320,0,28672,7,3,"[{""active_any_pipe_cycles"":388000,""active_any_pipe_fraction"":1.0,""core_id"":0,""op_count"":1696,""pipe_busy_cycles"":{""PIPE_M"":386448,""PIPE_MTE2"":106665,""PIPE_MTE3"":97290,""PIPE_V"":51528},""pipe_utilization"":{""PIPE_M"":0.996,""PIPE_MTE2"":0.274909793814433,""PIPE_MTE3"":0.2507474226804124,""PIPE_V"":0.1328041237113402},""task_end"":388000,""task_span_cycles"":388000,""task_start"":0},{""active_any_pipe_cycles"":311124,""active_any_pipe_fraction"":0.8018659793814433,""core_id"":1,""op_count"":1328,""pipe_busy_cycles"":{""PIPE_M"":310788,""PIPE_MTE2"":91830,""PIPE_MTE3"":91701,""PIPE_V"":39976},""pipe_utilization"":{""PIPE_M"":0.801,""PIPE_MTE2"":0.23667525773195877,""PIPE_MTE3"":0.23634278350515464,""PIPE_V"":0.10303092783505155},""task_end"":311124,""task_span_cycles"":311124,""task_start"":0},{""active_any_pipe_cycles"":234369,""active_any_pipe_fraction"":0.6040438144329897,""core_id"":2,""op_count"":1000,""pipe_busy_cycles"":{""PIPE_M"":233964,""PIPE_MTE2"":69474,""PIPE_MTE3"":78039,""PIPE_V"":30096},""pipe_utilization"":{""PIPE_M"":0.603,""PIPE_MTE2"":0.17905670103092783,""PIPE_MTE3"":0.20113144329896906,""PIPE_V"":0.07756701030927834},""task_end"":234369,""task_span_cycles"":234369,""task_start"":0}]",b1,388000,88320,0,0,0,False,0,29.5153921674937,f9c4d5fe76cd60a9a341d9cbe9b2aa6e003890aa6bce3ce4dc7f497cc6a4aed9,350d077dbcc838643f64ca3a4c675b70e72c7ed3770717410601ce90c7925d46,eb755a46c31cb42efec397d4b1b5cc1c06b2d4e015bb5ae9731e2b54ac90139f
case_036,4,success,stage1_actual_winner,verified_stage1_global_fallback,233584,3456,3456,0,0,0,4,"[{""active_any_pipe_cycles"":233584,""active_any_pipe_fraction"":1.0,""core_id"":0,""op_count"":1001,""pipe_busy_cycles"":{""PIPE_M"":232800,""PIPE_MTE2"":92816,""PIPE_MTE3"":92736,""PIPE_V"":30400},""pipe_utilization"":{""PIPE_M"":0.9966436057264196,""PIPE_MTE2"":0.3973559832865265,""PIPE_MTE3"":0.39701349407493663,""PIPE_V"":0.13014590040413726},""task_end"":233584,""task_span_cycles"":233584,""task_start"":0},{""active_any_pipe_cycles"":233584,""active_any_pipe_fraction"":1.0,""core_id"":1,""op_count"":1001,""pipe_busy_cycles"":{""PIPE_M"":232800,""PIPE_MTE2"":92816,""PIPE_MTE3"":92736,""PIPE_V"":30400},""pipe_utilization"":{""PIPE_M"":0.9966436057264196,""PIPE_MTE2"":0.3973559832865265,""PIPE_MTE3"":0.39701349407493663,""PIPE_V"":0.13014590040413726},""task_end"":233584,""task_span_cycles"":233584,""task_start"":0},{""active_any_pipe_cycles"":233584,""active_any_pipe_fraction"":1.0,""core_id"":2,""op_count"":1001,""pipe_busy_cycles"":{""PIPE_M"":232800,""PIPE_MTE2"":92816,""PIPE_MTE3"":92736,""PIPE_V"":30400},""pipe_utilization"":{""PIPE_M"":0.9966436057264196,""PIPE_MTE2"":0.3973559832865265,""PIPE_MTE3"":0.39701349407493663,""PIPE_V"":0.13014590040413726},""task_end"":233584,""task_span_cycles"":233584,""task_start"":0},{""active_any_pipe_cycles"":233584,""active_any_pipe_fraction"":1.0,""core_id"":3,""op_count"":1001,""pipe_busy_cycles"":{""PIPE_M"":232800,""PIPE_MTE2"":92816,""PIPE_MTE3"":92736,""PIPE_V"":30400},""pipe_utilization"":{""PIPE_M"":0.9966436057264196,""PIPE_MTE2"":0.3973559832865265,""PIPE_MTE3"":0.39701349407493663,""PIPE_V"":0.13014590040413726},""task_end"":233584,""task_span_cycles"":233584,""task_start"":0}]",b0,233584,3456,0,0,0,False,0,35.49532204866409,2aec3979e2691b741d7a1123f28dd52e14ddaa97d42e55c1ae10332401c3c12a,adf53c97d0a148d237e0c37c7447b6b77203796277d54e5b02c190eec5f1a296,06665cef675f8ea87b5e7958c964d57d9927930d553d7b6e80fd43924b82fd52
case_036,5,success,stage1_actual_winner,verified_stage1_global_fallback,187182,4608,4608,0,0,0,5,"[{""active_any_pipe_cycles"":187182,""active_any_pipe_fraction"":1.0,""core_id"":0,""op_count"":801,""pipe_busy_cycles"":{""PIPE_M"":186240,""PIPE_MTE2"":88420,""PIPE_MTE3"":88320,""PIPE_V"":24320},""pipe_utilization"":{""PIPE_M"":0.9949674648203353,""PIPE_MTE2"":0.4723744804521802,""PIPE_MTE3"":0.4718402410488188,""PIPE_V"":0.12992702289750083},""task_end"":187182,""task_span_cycles"":187182,""task_start"":0},{""active_any_pipe_cycles"":187182,""active_any_pipe_fraction"":1.0,""core_id"":1,""op_count"":801,""pipe_busy_cycles"":{""PIPE_M"":186240,""PIPE_MTE2"":88420,""PIPE_MTE3"":88320,""PIPE_V"":24320},""pipe_utilization"":{""PIPE_M"":0.9949674648203353,""PIPE_MTE2"":0.4723744804521802,""PIPE_MTE3"":0.4718402410488188,""PIPE_V"":0.12992702289750083},""task_end"":187182,""task_span_cycles"":187182,""task_start"":0},{""active_any_pipe_cycles"":187182,""active_any_pipe_fraction"":1.0,""core_id"":2,""op_count"":801,""pipe_busy_cycles"":{""PIPE_M"":186240,""PIPE_MTE2"":88420,""PIPE_MTE3"":88320,""PIPE_V"":24320},""pipe_utilization"":{""PIPE_M"":0.9949674648203353,""PIPE_MTE2"":0.4723744804521802,""PIPE_MTE3"":0.4718402410488188,""PIPE_V"":0.12992702289750083},""task_end"":187182,""task_span_cycles"":187182,""task_start"":0},{""active_any_pipe_cycles"":187182,""active_any_pipe_fraction"":1.0,""core_id"":3,""op_count"":801,""pipe_busy_cycles"":{""PIPE_M"":186240,""PIPE_MTE2"":88420,""PIPE_MTE3"":88320,""PIPE_V"":24320},""pipe_utilization"":{""PIPE_M"":0.9949674648203353,""PIPE_MTE2"":0.4723744804521802,""PIPE_MTE3"":0.4718402410488188,""PIPE_V"":0.12992702289750083},""task_end"":187182,""task_span_cycles"":187182,""task_start"":0},{""active_any_pipe_cycles"":187182,""active_any_pipe_fraction"":1.0,""core_id"":4,""op_count"":801,""pipe_busy_cycles"":{""PIPE_M"":186240,""PIPE_MTE2"":88420,""PIPE_MTE3"":88320,""PIPE_V"":24320},""pipe_utilization"":{""PIPE_M"":0.9949674648203353,""PIPE_MTE2"":0.4723744804521802,""PIPE_MTE3"":0.4718402410488188,""PIPE_V"":0.12992702289750083},""task_end"":187182,""task_span_cycles"":187182,""task_start"":0}]",b0,187182,4608,0,0,0,False,0,44.66849575936794,3378609535b24181abad6628061610db1fffb010bb7abd2558829dbb71665259,803babb8e35957c1c5d884c1b53d4f1ce1641c00d3022b19186a7cf6e12fb23e,44fc7fdd0d789f3786b20c103186e853df5129b46aa0bfdd4e8aca3a01d02926
case_037,1,success,stage1_actual_winner,verified_stage1_global_fallback,210001,0,0,0,0,0,1,"[{""active_any_pipe_cycles"":210001,""active_any_pipe_fraction"":1.0,""core_id"":0,""op_count"":980,""pipe_busy_cycles"":{""PIPE_M"":209600,""PIPE_MTE2"":9158,""PIPE_MTE3"":1518,""PIPE_V"":28880},""pipe_utilization"":{""PIPE_M"":0.9980904852834034,""PIPE_MTE2"":0.04360931614611359,""PIPE_MTE3"":0.007228537006966633,""PIPE_V"":0.13752315465164452},""task_end"":210001,""task_span_cycles"":210001,""task_start"":0}]",single,210001,0,0,0,0,False,0,0.07045181654393673,0a835b6f10c83a84d338adc6b6089fe29ee25797607448b8261d9b4b31947ff2,63d46275baf2c0ca59542635cd8214bd79425c5056d8f109b3090fcd1ad93847,f3832292f4db003fa4346a82f717d41f1c7a949aca5115f3eab816542acf8309
case_037,2,success,stage1_actual_winner,verified_stage1_global_fallback,125692,1966080,1966080,0,983040,240,2,"[{""active_any_pipe_cycles"":125562,""active_any_pipe_fraction"":0.9989657257422907,""core_id"":0,""op_count"":730,""pipe_busy_cycles"":{""PIPE_M"":104800,""PIPE_MTE2"":29222,""PIPE_MTE3"":21197,""PIPE_V"":14440},""pipe_utilization"":{""PIPE_M"":0.8337841708302836,""PIPE_MTE2"":0.23248894122139835,""PIPE_MTE3"":0.1686423956974191,""PIPE_V"":0.11488400216401999},""task_end"":125562,""task_span_cycles"":125562,""task_start"":0},{""active_any_pipe_cycles"":125692,""active_any_pipe_fraction"":1.0,""core_id"":1,""op_count"":730,""pipe_busy_cycles"":{""PIPE_M"":104800,""PIPE_MTE2"":29145,""PIPE_MTE3"":21122,""PIPE_V"":14440},""pipe_utilization"":{""PIPE_M"":0.8337841708302836,""PIPE_MTE2"":0.23187633262260127,""PIPE_MTE3"":0.1680456990102791,""PIPE_V"":0.11488400216401999},""task_end"":125692,""task_span_cycles"":125692,""task_start"":0}]",b2a_w4,125692,1966080,0,0,0,False,0,1.636724065989256,a857aecb6fa45a2a4fb9903863532885c61152b7b980da98491b66429308aca4,14979b5956ff45d0f5d878a7149cfa28f8776068c0542787724fa3e41fe266db,68cc416d6a342b8ab4cd964e97aba7ba1575ad38304203a17f4bc7d0b6ef9277
case_037,3,success,map_locality@b1,scene_b_fixed_partition_mapping,85497,921600,921600,0,172032,42,3,"[{""active_any_pipe_cycles"":71645,""active_any_pipe_fraction"":0.8379826192731908,""core_id"":0,""op_count"":400,""pipe_busy_cycles"":{""PIPE_M"":71264,""PIPE_MTE2"":14832,""PIPE_MTE3"":3214,""PIPE_V"":8664},""pipe_utilization"":{""PIPE_M"":0.8335263225610255,""PIPE_MTE2"":0.17347977122004282,""PIPE_MTE3"":0.03759196229107454,""PIPE_V"":0.10133688901364961},""task_end"":71645,""task_span_cycles"":71645,""task_start"":0},{""active_any_pipe_cycles"":53910,""active_any_pipe_fraction"":0.6305484402961508,""core_id"":1,""op_count"":324,""pipe_busy_cycles"":{""PIPE_M"":53448,""PIPE_MTE2"":14970,""PIPE_MTE3"":3487,""PIPE_V"":6156},""pipe_utilization"":{""PIPE_M"":0.6251447419207692,""PIPE_MTE2"":0.17509386294255938,""PIPE_MTE3"":0.04078505678561821,""PIPE_V"":0.07200252640443525},""task_end"":53910,""task_span_cycles"":53910,""task_start"":0},{""active_any_pipe_cycles"":85497,""active_any_pipe_fraction"":1.0,""core_id"":2,""op_count"":526,""pipe_busy_cycles"":{""PIPE_M"":84888,""PIPE_MTE2"":18051,""PIPE_MTE3"":1480,""PIPE_V"":14060},""pipe_utilization"":{""PIPE_M"":0.9928769430506333,""PIPE_MTE2"":0.2111302150952665,""PIPE_MTE3"":0.017310548908148825,""PIPE_V"":0.16445021462741383},""task_end"":85497,""task_span_cycles"":85497,""task_start"":0}]",b1,87130,1105920,-1633,-184320,0,True,0,4.033686209470034,7323954e35a7af3127a835a37b4148c22a15a929c26778d05ba6215dedcda99e,521321ae97b40c85c2515560aaf45f7d51a4c99edfcc8d586eff81ac07665629,bb4ed02ca84cb37a4fec790f46d5a0d3942c65d13ec8e0295f67c916b44970df
case_037,4,success,stage1_actual_winner,verified_stage1_global_fallback,68753,1527808,1527808,0,253952,62,4,"[{""active_any_pipe_cycles"":56141,""active_any_pipe_fraction"":0.8165607318953355,""core_id"":0,""op_count"":348,""pipe_busy_cycles"":{""PIPE_M"":53448,""PIPE_MTE2"":21093,""PIPE_MTE3"":3551,""PIPE_V"":6156},""pipe_utilization"":{""PIPE_M"":0.7773915320058761,""PIPE_MTE2"":0.30679388535772983,""PIPE_MTE3"":0.05164865533140372,""PIPE_V"":0.08953791107297136},""task_end"":56141,""task_span_cycles"":56141,""task_start"":0},{""active_any_pipe_cycles"":68753,""active_any_pipe_fraction"":1.0,""core_id"":1,""op_count"":477,""pipe_busy_cycles"":{""PIPE_M"":62356,""PIPE_MTE2"":23698,""PIPE_MTE3"":1609,""PIPE_V"":11780},""pipe_utilization"":{""PIPE_M"":0.9069567873401888,""PIPE_MTE2"":0.3446831410992975,""PIPE_MTE3"":0.02340261515861126,""PIPE_V"":0.17133797797914274},""task_end"":68753,""task_span_cycles"":68753,""task_start"":0},{""active_any_pipe_cycles"":56441,""active_any_pipe_fraction"":0.8209241778540572,""core_id"":2,""op_count"":348,""pipe_busy_cycles"":{""PIPE_M"":53448,""PIPE_MTE2"":21183,""PIPE_MTE3"":2250,""PIPE_V"":6384},""pipe_utilization"":{""PIPE_M"":0.7773915320058761,""PIPE_MTE2"":0.3081029191453464,""PIPE_MTE3"":0.03272584469041351,""PIPE_V"":0.09285413000159994},""task_end"":56441,""task_span_cycles"":56441,""task_start"":0},{""active_any_pipe_cycles"":41226,""active_any_pipe_fraction"":0.5996247436475499,""core_id"":3,""op_count"":244,""pipe_busy_cycles"":{""PIPE_M"":40348,""PIPE_MTE2"":14987,""PIPE_MTE3"":3031,""PIPE_V"":4560},""pipe_utilization"":{""PIPE_M"":0.5868543918083574,""PIPE_MTE2"":0.21798321527787878,""PIPE_MTE3"":0.0440853490029526,""PIPE_V"":0.06632437857257138},""task_end"":43530,""task_span_cycles"":43530,""task_start"":0}]",b1,68753,1527808,0,0,0,False,0,4.615243012085557,e645647e4b376f04650d27d9deeec0fc06b3bb9909a61fe7da57ca5586df2a42,892882a51c9fc41ce3ac885e6421f7af98f14f3591642c39c1bafb5f28b1d235,fb95a380636767652de3b95d94fcfff18e07e8c0e60cb9c9b19468a8851f5055
case_037,5,success,map_locality@b0,scene_b_fixed_partition_mapping,43013,942080,942080,0,0,0,5,"[{""active_any_pipe_cycles"":42949,""active_any_pipe_fraction"":0.9985120777439379,""core_id"":0,""op_count"":260,""pipe_busy_cycles"":{""PIPE_M"":41920,""PIPE_MTE2"":21245,""PIPE_MTE3"":1615,""PIPE_V"":5776},""pipe_utilization"":{""PIPE_M"":0.9745890777206891,""PIPE_MTE2"":0.4939204426568712,""PIPE_MTE3"":0.03754678818031758,""PIPE_V"":0.1342849836096064},""task_end"":42949,""task_span_cycles"":42949,""task_start"":0},{""active_any_pipe_cycles"":42949,""active_any_pipe_fraction"":0.9985120777439379,""core_id"":1,""op_count"":260,""pipe_busy_cycles"":{""PIPE_M"":41920,""PIPE_MTE2"":21245,""PIPE_MTE3"":1615,""PIPE_V"":5776},""pipe_utilization"":{""PIPE_M"":0.9745890777206891,""PIPE_MTE2"":0.4939204426568712,""PIPE_MTE3"":0.03754678818031758,""PIPE_V"":0.1342849836096064},""task_end"":42949,""task_span_cycles"":42949,""task_start"":0},{""active_any_pipe_cycles"":42949,""active_any_pipe_fraction"":0.9985120777439379,""core_id"":2,""op_count"":260,""pipe_busy_cycles"":{""PIPE_M"":41920,""PIPE_MTE2"":21245,""PIPE_MTE3"":1615,""PIPE_V"":5776},""pipe_utilization"":{""PIPE_M"":0.9745890777206891,""PIPE_MTE2"":0.4939204426568712,""PIPE_MTE3"":0.03754678818031758,""PIPE_V"":0.1342849836096064},""task_end"":42949,""task_span_cycles"":42949,""task_start"":0},{""active_any_pipe_cycles"":42949,""active_any_pipe_fraction"":0.9985120777439379,""core_id"":3,""op_count"":260,""pipe_busy_cycles"":{""PIPE_M"":41920,""PIPE_MTE2"":21245,""PIPE_MTE3"":1615,""PIPE_V"":5776},""pipe_utilization"":{""PIPE_M"":0.9745890777206891,""PIPE_MTE2"":0.4939204426568712,""PIPE_MTE3"":0.03754678818031758,""PIPE_V"":0.1342849836096064},""task_end"":42949,""task_span_cycles"":42949,""task_start"":0},{""active_any_pipe_cycles"":43013,""active_any_pipe_fraction"":1.0,""core_id"":4,""op_count"":320,""pipe_busy_cycles"":{""PIPE_M"":41920,""PIPE_MTE2"":25730,""PIPE_MTE3"":1074,""PIPE_V"":5776},""pipe_utilization"":{""PIPE_M"":0.9745890777206891,""PIPE_MTE2"":0.5981912445074745,""PIPE_MTE3"":0.024969195359542465,""PIPE_V"":0.1342849836096064},""task_end"":43013,""task_span_cycles"":43013,""task_start"":0}]",b0,43800,1925120,-787,-983040,0,True,0,6.706332508474588,0389b3eb397750cfe780f11499754469761bf841b9db17e96ae2ec3940474488,aa63e1c3628d1cb750812560b5eace3fbb35839c9da70f3f37a74ae508d28ef4,6f666f708889c13b23284158117353b6344aaa89936c1b3acfb5a6ae5a200664
case_038,1,success,stage1_actual_winner,verified_stage1_global_fallback,1364555,5627904,0,5627904,0,0,1,"[{""active_any_pipe_cycles"":1364555,""active_any_pipe_fraction"":1.0,""core_id"":0,""op_count"":8424,""pipe_busy_cycles"":{""PIPE_M"":1325000,""PIPE_MTE2"":142004,""PIPE_MTE3"":311,""PIPE_V"":167776},""pipe_utilization"":{""PIPE_M"":0.971012527893709,""PIPE_MTE2"":0.10406616076303264,""PIPE_MTE3"":0.0002279131291886366,""PIPE_V"":0.12295290406029805},""task_end"":1364555,""task_span_cycles"":1364555,""task_start"":0}]",single,1364555,5627904,0,0,0,False,0,0.5439610425382853,364dc9457dbff2fbf7a05fe33764073b773734095f0d85bbb9e6b31910a223b7,8f5c3e3c84763a2a5e2ebb7436efdc0d8ec7a8cc8d35564e8f26bb776d9f4e48,0ec457a5847e9acbd9ae8e652c6d82ff68490357717e438e50819d2000dada25
case_038,2,success,stage1_actual_winner,verified_stage1_global_fallback,933300,17434112,11168768,6265344,5490688,2104,2,"[{""active_any_pipe_cycles"":762787,""active_any_pipe_fraction"":0.8173009750348227,""core_id"":0,""op_count"":6823,""pipe_busy_cycles"":{""PIPE_M"":557216,""PIPE_MTE2"":208590,""PIPE_MTE3"":127275,""PIPE_V"":83705},""pipe_utilization"":{""PIPE_M"":0.5970384656594878,""PIPE_MTE2"":0.22349726775956283,""PIPE_MTE3"":0.1363709418193507,""PIPE_V"":0.0896871316832744},""task_end"":920896,""task_span_cycles"":920896,""task_start"":0},{""active_any_pipe_cycles"":933300,""active_any_pipe_fraction"":1.0,""core_id"":1,""op_count"":6684,""pipe_busy_cycles"":{""PIPE_M"":767784,""PIPE_MTE2"":202498,""PIPE_MTE3"":129674,""PIPE_V"":84071},""pipe_utilization"":{""PIPE_M"":0.8226550948248151,""PIPE_MTE2"":0.21696989178184936,""PIPE_MTE3"":0.13894139076395587,""PIPE_V"":0.0900792885460195},""task_end"":933300,""task_span_cycles"":933300,""task_start"":0}]",b2a_w4,933300,17434112,0,0,0,False,0,31.06348681822419,cc54bf261932772aee07454764196faa64217a86eaed8d044ce2b51028bc1813,5fcea7703bd244a2041681e5c4812380e8e0a35dc678558c9041b9c98a08fc26,01b3b31bb83a6592747b94d0d7783abb3805cba68c75d7badb8361987f6e0b5e
case_038,3,success,map_locality@b2a_w4,scene_b_fixed_partition_mapping,686873,17070080,13218816,3851264,6476800,2476,3,"[{""active_any_pipe_cycles"":686873,""active_any_pipe_fraction"":1.0,""core_id"":0,""op_count"":5883,""pipe_busy_cycles"":{""PIPE_M"":508196,""PIPE_MTE2"":218664,""PIPE_MTE3"":133660,""PIPE_V"":58536},""pipe_utilization"":{""PIPE_M"":0.7398689422935535,""PIPE_MTE2"":0.3183470597912569,""PIPE_MTE3"":0.19459201337073956,""PIPE_V"":0.08522099427405067},""task_end"":686873,""task_span_cycles"":686873,""task_start"":0},{""active_any_pipe_cycles"":527798,""active_any_pipe_fraction"":0.768406968973886,""core_id"":1,""op_count"":3841,""pipe_busy_cycles"":{""PIPE_M"":360332,""PIPE_MTE2"":179970,""PIPE_MTE3"":86424,""PIPE_V"":58524},""pipe_utilization"":{""PIPE_M"":0.5245977058349942,""PIPE_MTE2"":0.262013501768158,""PIPE_MTE3"":0.12582238638001494,""PIPE_V"":0.0852035237955197},""task_end"":680434,""task_span_cycles"":680434,""task_start"":0},{""active_any_pipe_cycles"":607541,""active_any_pipe_fraction"":0.8845026664317858,""core_id"":2,""op_count"":3726,""pipe_busy_cycles"":{""PIPE_M"":456472,""PIPE_MTE2"":160514,""PIPE_MTE3"":98567,""PIPE_V"":50716},""pipe_utilization"":{""PIPE_M"":0.6645653563322478,""PIPE_MTE2"":0.23368803257661896,""PIPE_MTE3"":0.1435010547801413,""PIPE_V"":0.07383606576470468},""task_end"":676507,""task_span_cycles"":676507,""task_start"":0}]",b2a_w4,699260,17637888,-12387,-567808,261632,True,0,65.27659435756505,3aad6dafd7c1356a8328fdc388be1c7b3729cba9f7cf25d1639206806df8833c,88c8d349c0edec802889c3d98ad6be9bfb4385150e95ed6f1901461bf985bd13,7e4ade98090caa4b5dcf2a01899ddbcf979f432add01d9295cfd9424151fbb2d
case_038,4,success,inherit_final_k3,recursive_final_winner_inheritance,686873,17070080,13218816,3851264,6476800,2476,3,"[{""active_any_pipe_cycles"":686873,""active_any_pipe_fraction"":1.0,""core_id"":0,""op_count"":5883,""pipe_busy_cycles"":{""PIPE_M"":508196,""PIPE_MTE2"":218664,""PIPE_MTE3"":133660,""PIPE_V"":58536},""pipe_utilization"":{""PIPE_M"":0.7398689422935535,""PIPE_MTE2"":0.3183470597912569,""PIPE_MTE3"":0.19459201337073956,""PIPE_V"":0.08522099427405067},""task_end"":686873,""task_span_cycles"":686873,""task_start"":0},{""active_any_pipe_cycles"":527798,""active_any_pipe_fraction"":0.768406968973886,""core_id"":1,""op_count"":3841,""pipe_busy_cycles"":{""PIPE_M"":360332,""PIPE_MTE2"":179970,""PIPE_MTE3"":86424,""PIPE_V"":58524},""pipe_utilization"":{""PIPE_M"":0.5245977058349942,""PIPE_MTE2"":0.262013501768158,""PIPE_MTE3"":0.12582238638001494,""PIPE_V"":0.0852035237955197},""task_end"":680434,""task_span_cycles"":680434,""task_start"":0},{""active_any_pipe_cycles"":607541,""active_any_pipe_fraction"":0.8845026664317858,""core_id"":2,""op_count"":3726,""pipe_busy_cycles"":{""PIPE_M"":456472,""PIPE_MTE2"":160514,""PIPE_MTE3"":98567,""PIPE_V"":50716},""pipe_utilization"":{""PIPE_M"":0.6645653563322478,""PIPE_MTE2"":0.23368803257661896,""PIPE_MTE3"":0.1435010547801413,""PIPE_V"":0.07383606576470468},""task_end"":676507,""task_span_cycles"":676507,""task_start"":0},{""active_any_pipe_cycles"":0,""active_any_pipe_fraction"":0.0,""core_id"":3,""op_count"":0,""pipe_busy_cycles"":{},""pipe_utilization"":{},""task_end"":0,""task_span_cycles"":0,""task_start"":0}]",b2a_w4,693950,18244096,-7077,-1174016,1835520,True,0,90.66519317962229,0654790302f347332e5e8feb9ddcd882ce22dc19a2214440e8e66cf903ac0c16,f940354089b2c9591527234a4927b7a138a40197b78054075edc42afdcd33506,c5f0ceb010e841a1dac404f044e6dea2ae8c87af8344927f0847afefced2e1b1
case_038,5,success,map_locality@b2a_w4,scene_b_fixed_partition_mapping,686276,18753024,16515072,2237952,8017920,3080,5,"[{""active_any_pipe_cycles"":676529,""active_any_pipe_fraction"":0.9857972594116653,""core_id"":0,""op_count"":4756,""pipe_busy_cycles"":{""PIPE_M"":502888,""PIPE_MTE2"":223144,""PIPE_MTE3"":149599,""PIPE_V"":29702},""pipe_utilization"":{""PIPE_M"":0.7327780659676282,""PIPE_MTE2"":0.325151979669987,""PIPE_MTE3"":0.21798664094329395,""PIPE_V"":0.04327996316350856},""task_end"":676529,""task_span_cycles"":676529,""task_start"":0},{""active_any_pipe_cycles"":213446,""active_any_pipe_fraction"":0.31102063892661264,""core_id"":1,""op_count"":1661,""pipe_busy_cycles"":{""PIPE_M"":99540,""PIPE_MTE2"":131183,""PIPE_MTE3"":60713,""PIPE_V"":29101},""pipe_utilization"":{""PIPE_M"":0.1450436850479982,""PIPE_MTE2"":0.1911519563557519,""PIPE_MTE3"":0.08846732218524325,""PIPE_V"":0.042404222207974636},""task_end"":684732,""task_span_cycles"":684732,""task_start"":0},{""active_any_pipe_cycles"":350206,""active_any_pipe_fraction"":0.5102990633506053,""core_id"":2,""op_count"":2344,""pipe_busy_cycles"":{""PIPE_M"":196868,""PIPE_MTE2"":174033,""PIPE_MTE3"":89686,""PIPE_V"":34154},""pipe_utilization"":{""PIPE_M"":0.28686417709492973,""PIPE_MTE2"":0.25359039220371976,""PIPE_MTE3"":0.13068503051250518,""PIPE_V"":0.04976714907704772},""task_end"":686276,""task_span_cycles"":686276,""task_start"":0},{""active_any_pipe_cycles"":356222,""active_any_pipe_fraction"":0.5190652157441029,""core_id"":3,""op_count"":2484,""pipe_busy_cycles"":{""PIPE_M"":196484,""PIPE_MTE2"":183848,""PIPE_MTE3"":68406,""PIPE_V"":39851},""pipe_utilization"":{""PIPE_M"":0.2863046354527916,""PIPE_MTE2"":0.26789221829118315,""PIPE_MTE3"":0.09967709784401611,""PIPE_V"":0.05806847390845665},""task_end"":682484,""task_span_cycles"":682484,""task_start"":0},{""active_any_pipe_cycles"":466385,""active_any_pipe_fraction"":0.6795880957515635,""core_id"":4,""op_count"":2760,""pipe_busy_cycles"":{""PIPE_M"":329220,""PIPE_MTE2"":170055,""PIPE_MTE3"":101042,""PIPE_V"":34968},""pipe_utilization"":{""PIPE_M"":0.47971952975187826,""PIPE_MTE2"":0.2477938905046949,""PIPE_MTE3"":0.14723230886698646,""PIPE_V"":0.05095326078720515},""task_end"":685314,""task_span_cycles"":685314,""task_start"":0}]",inherit_k4,693950,18244096,-7674,508928,222208,True,0,108.40978055819869,00176ac3a2ed764e7d50931c9b006e69bdc5b6f21814127b8dad5ce91e26f011,e21b1dbda057d81b066cbd69abacf4d8e431cd176e4f58841f96a6332b28e2b4,27e21aa29918e3a608f7af57eda24cdc68330b798abcf028ed16d8a812bc17e2
case_039,1,success,stage1_actual_winner,verified_stage1_global_fallback,1435262,7929856,0,7929856,0,0,1,"[{""active_any_pipe_cycles"":1435262,""active_any_pipe_fraction"":1.0,""core_id"":0,""op_count"":7902,""pipe_busy_cycles"":{""PIPE_M"":1377880,""PIPE_MTE2"":207434,""PIPE_MTE3"":8266,""PIPE_V"":98420},""pipe_utilization"":{""PIPE_M"":0.9600198430669801,""PIPE_MTE2"":0.14452692261064531,""PIPE_MTE3"":0.00575922723516682,""PIPE_V"":0.06857284593335572},""task_end"":1435262,""task_span_cycles"":1435262,""task_start"":0}]",single,1435262,7929856,0,0,0,False,0,0.5342005435377359,d2eb755c04a4f7046f4430f1789c2e9d1423f94eb1adda29cbf4bfd3b9a620d4,dac9aa0dddfc1796efda0c933d0a650fee6dbc3977c653a543b26b2ae2e70179,44e7f2dc8ca815ee892aa34528720b529d76f599576bc38a871a430eca7ece02
case_039,2,success,map_locality@b1,scene_b_fixed_partition_mapping,865123,11845632,7004160,4841472,2908160,710,2,"[{""active_any_pipe_cycles"":699338,""active_any_pipe_fraction"":0.8083682898269957,""core_id"":0,""op_count"":4738,""pipe_busy_cycles"":{""PIPE_M"":688940,""PIPE_MTE2"":176639,""PIPE_MTE3"":100449,""PIPE_V"":49476},""pipe_utilization"":{""PIPE_M"":0.7963491896528008,""PIPE_MTE2"":0.20417790302650607,""PIPE_MTE3"":0.116109501192316,""PIPE_V"":0.05718955570479573},""task_end"":699338,""task_span_cycles"":699338,""task_start"":0},{""active_any_pipe_cycles"":702193,""active_any_pipe_fraction"":0.811668398597656,""core_id"":1,""op_count"":4030,""pipe_busy_cycles"":{""PIPE_M"":688940,""PIPE_MTE2"":127350,""PIPE_MTE3"":55605,""PIPE_V"":48944},""pipe_utilization"":{""PIPE_M"":0.7963491896528008,""PIPE_MTE2"":0.1472045015564261,""PIPE_MTE3"":0.06427409744047956,""PIPE_V"":0.05657461424560438},""task_end"":865123,""task_span_cycles"":865123,""task_start"":0}]",b1,865589,12152832,-466,-307200,-323584,True,0,19.885982528328896,524b8a31a29f13960f2be4f34afac31ab98d080de1cc24a3b493b04af39f4267,4f87ff92cc5e37360c843c3da6666d0bf4daa33cffbaf2d7b5f1952e7c46c1d8,c0f0e7cf8e5d850ff07dde4dffd2a163ffa629530d4847267f85a75366c0bfb5
case_039,3,success,map_locality@b1,scene_b_fixed_partition_mapping,584952,12587008,5505024,7081984,1425408,348,3,"[{""active_any_pipe_cycles"":473928,""active_any_pipe_fraction"":0.8101998112665655,""core_id"":0,""op_count"":2905,""pipe_busy_cycles"":{""PIPE_M"":461538,""PIPE_MTE2"":163492,""PIPE_MTE3"":77008,""PIPE_V"":29792},""pipe_utilization"":{""PIPE_M"":0.7890185861404012,""PIPE_MTE2"":0.2794964373145147,""PIPE_MTE3"":0.13164840875832548,""PIPE_V"":0.05093067465364679},""task_end"":473928,""task_span_cycles"":473928,""task_start"":0},{""active_any_pipe_cycles"":584952,""active_any_pipe_fraction"":1.0,""core_id"":1,""op_count"":3681,""pipe_busy_cycles"":{""PIPE_M"":571354,""PIPE_MTE2"":182831,""PIPE_MTE3"":68251,""PIPE_V"":43548},""pipe_utilization"":{""PIPE_M"":0.9767536481625843,""PIPE_MTE2"":0.3125572696563137,""PIPE_MTE3"":0.11667794964373145,""PIPE_V"":0.07444713412382555},""task_end"":584952,""task_span_cycles"":584952,""task_start"":0},{""active_any_pipe_cycles"":356886,""active_any_pipe_fraction"":0.6101115989004225,""core_id"":2,""op_count"":2334,""pipe_busy_cycles"":{""PIPE_M"":344988,""PIPE_MTE2"":146083,""PIPE_MTE3"":61038,""PIPE_V"":25080},""pipe_utilization"":{""PIPE_M"":0.5897714684281787,""PIPE_MTE2"":0.24973502099317552,""PIPE_MTE3"":0.10434702334550527,""PIPE_V"":0.04287531284618225},""task_end"":379084,""task_span_cycles"":379084,""task_start"":0}]",b1,693126,12627968,-108174,-40960,1622016,True,0,38.040028519928455,a7dbb9ba7365594ddd81ef90a213aa9db8c09e4fb8d12d108153b8e9053adcfe,669aef65a6e8c43ca830e526e69320e709af04b59227ec8c23455a22934fe335,0c675908d327e39eccd524787e3fe2ec68b96eb7d67f0fa29e566231ebbb34d9
case_039,4,success,stage1_actual_winner,verified_stage1_global_fallback,558169,13959168,10354688,3604480,3403776,831,4,"[{""active_any_pipe_cycles"":400394,""active_any_pipe_fraction"":0.7173347140382214,""core_id"":0,""op_count"":2197,""pipe_busy_cycles"":{""PIPE_M"":347578,""PIPE_MTE2"":183270,""PIPE_MTE3"":68401,""PIPE_V"":22116},""pipe_utilization"":{""PIPE_M"":0.6227110427128701,""PIPE_MTE2"":0.32834141630939734,""PIPE_MTE3"":0.12254532229486052,""PIPE_V"":0.039622408267030236},""task_end"":400394,""task_span_cycles"":400394,""task_start"":0},{""active_any_pipe_cycles"":372156,""active_any_pipe_fraction"":0.6667443014570856,""core_id"":1,""op_count"":2319,""pipe_busy_cycles"":{""PIPE_M"":347060,""PIPE_MTE2"":195367,""PIPE_MTE3"":75460,""PIPE_V"":21888},""pipe_utilization"":{""PIPE_M"":0.6217830083720164,""PIPE_MTE2"":0.35001406384087974,""PIPE_MTE3"":0.13519202965410118,""PIPE_V"":0.03921392983128766},""task_end"":372156,""task_span_cycles"":372156,""task_start"":0},{""active_any_pipe_cycles"":365968,""active_any_pipe_fraction"":0.6556580533852651,""core_id"":2,""op_count"":2441,""pipe_busy_cycles"":{""PIPE_M"":345506,""PIPE_MTE2"":199407,""PIPE_MTE3"":76006,""PIPE_V"":24130},""pipe_utilization"":{""PIPE_M"":0.6189989053494551,""PIPE_MTE2"":0.35725201507070437,""PIPE_MTE3"":0.13617022801337947,""PIPE_V"":0.043230634449423024},""task_end"":365968,""task_span_cycles"":365968,""task_start"":0},{""active_any_pipe_cycles"":362974,""active_any_pipe_fraction"":0.6502940865580138,""core_id"":3,""op_count"":2278,""pipe_busy_cycles"":{""PIPE_M"":337736,""PIPE_MTE2"":136914,""PIPE_MTE3"":33557,""PIPE_V"":30286},""pipe_utilization"":{""PIPE_M"":0.6050783902366488,""PIPE_MTE2"":0.24529130066341914,""PIPE_MTE3"":0.06011978450970942,""PIPE_V"":0.05425955221447268},""task_end"":558169,""task_span_cycles"":558169,""task_start"":0}]",b1,558169,13959168,0,0,0,False,0,63.77029248699546,27f06c864ff4ff950d3ebfe032408d42e351f3e20b2680910440c9cd7cbbd5fa,e17703ec34439cbeba4c0fa1ed41d1f6bdd31078ebb9e451fcb4eb21294f1cc6,a76b4c875d23a9da549bd2b2b38627160ebc1209a6e272e22958f97125f7feef
case_039,5,success,map_locality@b1,scene_b_fixed_partition_mapping,504900,13557760,11198464,2359296,3186688,778,5,"[{""active_any_pipe_cycles"":347189,""active_any_pipe_fraction"":0.6876391364626658,""core_id"":0,""op_count"":1736,""pipe_busy_cycles"":{""PIPE_M"":278166,""PIPE_MTE2"":161465,""PIPE_MTE3"":47878,""PIPE_V"":17518},""pipe_utilization"":{""PIPE_M"":0.5509328579916816,""PIPE_MTE2"":0.3197959992077639,""PIPE_MTE3"":0.09482669835611011,""PIPE_V"":0.034695979401861754},""task_end"":347189,""task_span_cycles"":347189,""task_start"":0},{""active_any_pipe_cycles"":155815,""active_any_pipe_fraction"":0.3086056644880174,""core_id"":1,""op_count"":747,""pipe_busy_cycles"":{""PIPE_M"":142968,""PIPE_MTE2"":90610,""PIPE_MTE3"":47112,""PIPE_V"":5168},""pipe_utilization"":{""PIPE_M"":0.2831610219845514,""PIPE_MTE2"":0.17946127946127946,""PIPE_MTE3"":0.09330956625074271,""PIPE_V"":0.010235690235690235},""task_end"":155815,""task_span_cycles"":155815,""task_start"":0},{""active_any_pipe_cycles"":234066,""active_any_pipe_fraction"":0.4635888294711824,""core_id"":2,""op_count"":1488,""pipe_busy_cycles"":{""PIPE_M"":207718,""PIPE_MTE2"":171198,""PIPE_MTE3"":65416,""PIPE_V"":14022},""pipe_utilization"":{""PIPE_M"":0.411404238463062,""PIPE_MTE2"":0.3390730837789661,""PIPE_MTE3"":0.12956228956228957,""PIPE_V"":0.027771836007130124},""task_end"":234069,""task_span_cycles"":234069,""task_start"":0},{""active_any_pipe_cycles"":297171,""active_any_pipe_fraction"":0.5885739750445633,""core_id"":3,""op_count"":1928,""pipe_busy_cycles"":{""PIPE_M"":272986,""PIPE_MTE2"":188446,""PIPE_MTE3"":54473,""PIPE_V"":22268},""pipe_utilization"":{""PIPE_M"":0.5406734006734006,""PIPE_MTE2"":0.37323430382253914,""PIPE_MTE3"":0.1078886908298673,""PIPE_V"":0.04410378292731234},""task_end"":297171,""task_span_cycles"":297171,""task_start"":0},{""active_any_pipe_cycles"":504900,""active_any_pipe_fraction"":1.0,""core_id"":4,""op_count"":3199,""pipe_busy_cycles"":{""PIPE_M"":476042,""PIPE_MTE2"":199879,""PIPE_MTE3"":83554,""PIPE_V"":39444},""pipe_utilization"":{""PIPE_M"":0.9428441275500099,""PIPE_MTE2"":0.3958783917607447,""PIPE_MTE3"":0.1654862348979996,""PIPE_V"":0.07812240047534165},""task_end"":504900,""task_span_cycles"":504900,""task_start"":0}]",b1,533010,14618624,-28110,-1060864,1175552,True,0,70.92282616533339,47872bcf7b2ca5d9937e305ea5b460498ab48f256ef2955d3c32c190992dbca9,0ac679ae69367a8912f9d4bad8982410b528fe11962b7efc39008764e4ad5d25,a7a6efd757f00d92c8549a5d9ef9333384dda4a7fa254131e5b8627b4f47cc78
case_040,1,success,stage1_actual_winner,verified_stage1_global_fallback,253454,0,0,0,0,0,1,"[{""active_any_pipe_cycles"":253454,""active_any_pipe_fraction"":1.0,""core_id"":0,""op_count"":3381,""pipe_busy_cycles"":{""PIPE_M"":111972,""PIPE_MTE2"":15411,""PIPE_MTE3"":33,""PIPE_V"":185751},""pipe_utilization"":{""PIPE_M"":0.4417843080006628,""PIPE_MTE2"":0.06080393286355709,""PIPE_MTE3"":0.00013020114103545416,""PIPE_V"":0.7328785499538378},""task_end"":253454,""task_span_cycles"":253454,""task_start"":0}]",single,253454,0,0,0,0,False,0,0.24156435020267963,ed6e5d67d0a1c8b79279de11cbd267e099fc61becf7a7e4eeaff7e25017cd64a,2f3989071fd3e245c82304c86e2c391712466180edb5a6cf8553661950ff9992,065831e1b82e746edcf8bbbd17e2c8e22ac96e082b0267d93d80b0b2c85efa1c
case_040,2,success,stage1_actual_winner,verified_stage1_global_fallback,145181,179566,179566,0,34998,38,2,"[{""active_any_pipe_cycles"":145181,""active_any_pipe_fraction"":1.0,""core_id"":0,""op_count"":2715,""pipe_busy_cycles"":{""PIPE_M"":90288,""PIPE_MTE2"":11309,""PIPE_MTE3"":472,""PIPE_V"":89571},""pipe_utilization"":{""PIPE_M"":0.6218995598597613,""PIPE_MTE2"":0.07789586791660066,""PIPE_MTE3"":0.003251114126504157,""PIPE_V"":0.6169608970870843},""task_end"":145181,""task_span_cycles"":145181,""task_start"":0},{""active_any_pipe_cycles"":104297,""active_any_pipe_fraction"":0.718392902652551,""core_id"":1,""op_count"":760,""pipe_busy_cycles"":{""PIPE_M"":21684,""PIPE_MTE2"":9265,""PIPE_MTE3"":208,""PIPE_V"":96180},""pipe_utilization"":{""PIPE_M"":0.1493583871167715,""PIPE_MTE2"":0.06381689063995978,""PIPE_MTE3"":0.0014326943608323403,""PIPE_V"":0.6624833828118004},""task_end"":104345,""task_span_cycles"":104345,""task_start"":0}]",b2a_w4,145181,179566,0,0,0,False,0,7.06123055331409,c0861aa5e8a84266a648da468cc9647ced5538c6429643692fa60cf531a35d6d,87288c92de4519dcd4ebfbce73a72a714516cf36e692ec401858ecbc6ed8639e,7e3bf9087b8562b7947138a80f9f9d7ce5fe61fcc7b0be0d7b2cf6568fbf8ac9
case_040,3,success,map_locality@b2a_w4,scene_b_fixed_partition_mapping,127386,277296,276400,896,31704,93,3,"[{""active_any_pipe_cycles"":34315,""active_any_pipe_fraction"":0.2693781106244014,""core_id"":0,""op_count"":585,""pipe_busy_cycles"":{""PIPE_M"":11856,""PIPE_MTE2"":11204,""PIPE_MTE3"":433,""PIPE_V"":26147},""pipe_utilization"":{""PIPE_M"":0.09307145212189723,""PIPE_MTE2"":0.08795315026769032,""PIPE_MTE3"":0.0033991176424410844,""PIPE_V"":0.20525803463488923},""task_end"":34315,""task_span_cycles"":34315,""task_start"":0},{""active_any_pipe_cycles"":127386,""active_any_pipe_fraction"":1.0,""core_id"":1,""op_count"":2460,""pipe_busy_cycles"":{""PIPE_M"":84864,""PIPE_MTE2"":12713,""PIPE_MTE3"":59,""PIPE_V"":79591},""pipe_utilization"":{""PIPE_M"":0.6661956572935801,""PIPE_MTE2"":0.09979903600081641,""PIPE_MTE3"":0.0004631592168684157,""PIPE_V"":0.6248017835554928},""task_end"":127386,""task_span_cycles"":127386,""task_start"":0},{""active_any_pipe_cycles"":88231,""active_any_pipe_fraction"":0.6926271332799523,""core_id"":2,""op_count"":560,""pipe_busy_cycles"":{""PIPE_M"":15252,""PIPE_MTE2"":15028,""PIPE_MTE3"":559,""PIPE_V"":80013},""pipe_utilization"":{""PIPE_M"":0.11973058263859451,""PIPE_MTE2"":0.11797214764573816,""PIPE_MTE3"":0.004388237325922786,""PIPE_V"":0.6281145494795346},""task_end"":90336,""task_span_cycles"":90336,""task_start"":0}]",b2a_w4,127386,300988,0,-23692,896,False,0,12.633501686155796,5678ac513c874a2f6ce496be5dfce6f2a0f33d93529276516feeb4e3cb9785e7,628c82a59cace519d38b0d7466ce82132b5c871b7dc171fba0c354902d732c92,ec274b8f69f6f3580d1f4f2417ee1462e353fe4f7dc4abb4d2959d0a7444cc4b
case_040,4,success,stage1_actual_winner,verified_stage1_global_fallback,123991,436288,436288,0,105504,107,4,"[{""active_any_pipe_cycles"":26903,""active_any_pipe_fraction"":0.21697542563573163,""core_id"":0,""op_count"":482,""pipe_busy_cycles"":{""PIPE_M"":10248,""PIPE_MTE2"":15137,""PIPE_MTE3"":733,""PIPE_V"":15387},""pipe_utilization"":{""PIPE_M"":0.08265116016485068,""PIPE_MTE2"":0.12208144139493995,""PIPE_MTE3"":0.005911719398988637,""PIPE_V"":0.12409771676976555},""task_end"":26903,""task_span_cycles"":26903,""task_start"":0},{""active_any_pipe_cycles"":123991,""active_any_pipe_fraction"":1.0,""core_id"":1,""op_count"":2418,""pipe_busy_cycles"":{""PIPE_M"":81648,""PIPE_MTE2"":15898,""PIPE_MTE3"":4335,""PIPE_V"":75575},""pipe_utilization"":{""PIPE_M"":0.6584994072150399,""PIPE_MTE2"":0.12821898363590906,""PIPE_MTE3"":0.03496221499947577,""PIPE_V"":0.6095200458097765},""task_end"":123991,""task_span_cycles"":123991,""task_start"":0},{""active_any_pipe_cycles"":83626,""active_any_pipe_fraction"":0.6744521779806599,""core_id"":2,""op_count"":495,""pipe_busy_cycles"":{""PIPE_M"":10428,""PIPE_MTE2"":15816,""PIPE_MTE3"":678,""PIPE_V"":78017},""pipe_utilization"":{""PIPE_M"":0.0841028784347251,""PIPE_MTE2"":0.12755764531296626,""PIPE_MTE3"":0.005468138816527006,""PIPE_V"":0.6292150236710728},""task_end"":89808,""task_span_cycles"":89808,""task_start"":0},{""active_any_pipe_cycles"":22706,""active_any_pipe_fraction"":0.18312619464315957,""core_id"":3,""op_count"":231,""pipe_busy_cycles"":{""PIPE_M"":9648,""PIPE_MTE2"":14559,""PIPE_MTE3"":765,""PIPE_V"":16772},""pipe_utilization"":{""PIPE_M"":0.07781209926526925,""PIPE_MTE2"":0.11741981272834319,""PIPE_MTE3"":0.006169802646966312,""PIPE_V"":0.13526788234629933},""task_end"":22706,""task_span_cycles"":22706,""task_start"":0}]",b2a_w4,123991,436288,0,0,0,False,0,15.248539259657264,37503f25a1b1ea10cc13468e80580ecc2e98cecdcb8b02f830acfae3a211361d,265b955c8a460ffffcb4941cd1fb585343df2d959557e084aeca5d26f7f6b24c,ef7f2a6239a2f9ee28e3ca3aed3abd1fd65f9a4e41e53ca0ea73cebf2a2dfbc1
case_040,5,success,stage1_actual_winner,verified_stage1_global_fallback,121977,479102,479102,0,108990,55,5,"[{""active_any_pipe_cycles"":121977,""active_any_pipe_fraction"":1.0,""core_id"":0,""op_count"":2354,""pipe_busy_cycles"":{""PIPE_M"":75816,""PIPE_MTE2"":19643,""PIPE_MTE3"":3552,""PIPE_V"":71611},""pipe_utilization"":{""PIPE_M"":0.6215598022578027,""PIPE_MTE2"":0.16103855644916665,""PIPE_MTE3"":0.02912024398042254,""PIPE_V"":0.5870860900005739},""task_end"":121977,""task_span_cycles"":121977,""task_start"":0},{""active_any_pipe_cycles"":83797,""active_any_pipe_fraction"":0.6869901702780032,""core_id"":1,""op_count"":510,""pipe_busy_cycles"":{""PIPE_M"":6432,""PIPE_MTE2"":21455,""PIPE_MTE3"":2329,""PIPE_V"":77264},""pipe_utilization"":{""PIPE_M"":0.05273125261319757,""PIPE_MTE2"":0.1758938160472876,""PIPE_MTE3"":0.01909376357837953,""PIPE_V"":0.6334308927092812},""task_end"":83797,""task_span_cycles"":83797,""task_start"":0},{""active_any_pipe_cycles"":21887,""active_any_pipe_fraction"":0.17943546734220386,""core_id"":2,""op_count"":162,""pipe_busy_cycles"":{""PIPE_M"":7212,""PIPE_MTE2"":14454,""PIPE_MTE3"":1811,""PIPE_V"":12996},""pipe_utilization"":{""PIPE_M"":0.059125900784574144,""PIPE_MTE2"":0.11849774957573969,""PIPE_MTE3"":0.014847061331234576,""PIPE_V"":0.10654467645539734},""task_end"":21887,""task_span_cycles"":21887,""task_start"":0},{""active_any_pipe_cycles"":21583,""active_any_pipe_fraction"":0.17694319420874427,""core_id"":3,""op_count"":214,""pipe_busy_cycles"":{""PIPE_M"":11256,""PIPE_MTE2"":17829,""PIPE_MTE3"":116,""PIPE_V"":12880},""pipe_utilization"":{""PIPE_M"":0.09227969207309575,""PIPE_MTE2"":0.14616690031727292,""PIPE_MTE3"":0.0009509989588201054,""PIPE_V"":0.10559367749657722},""task_end"":21583,""task_span_cycles"":21583,""task_start"":0},{""active_any_pipe_cycles"":20983,""active_any_pipe_fraction"":0.17202423407691614,""core_id"":4,""op_count"":295,""pipe_busy_cycles"":{""PIPE_M"":11256,""PIPE_MTE2"":17387,""PIPE_MTE3"":137,""PIPE_V"":11000},""pipe_utilization"":{""PIPE_M"":0.09227969207309575,""PIPE_MTE2"":0.14254326635349288,""PIPE_MTE3"":0.00112316256343409,""PIPE_V"":0.0901809357501824},""task_end"":21072,""task_span_cycles"":21072,""task_start"":0}]",b2a_w4,121977,479102,0,0,0,False,0,19.62279069982469,84fbc6c104e5cfb1859ee48151a91a256696c583837825ab201c0b47944af0be,30f9fba30b57ca7d7005b5ae245f4fdf60a534eebe9aa7d7b0c5e6c57e91df50,fbce6a29eb023db365a47dd91ae13b2427f4d9a7e5bfe5ea8bb9473a8d89d094
case_041,1,success,stage1_actual_winner,verified_stage1_global_fallback,6003957,30898176,0,30898176,0,0,1,"[{""active_any_pipe_cycles"":6003957,""active_any_pipe_fraction"":1.0,""core_id"":0,""op_count"":24418,""pipe_busy_cycles"":{""PIPE_M"":5895240,""PIPE_MTE2"":602636,""PIPE_MTE3"":681,""PIPE_V"":607750},""pipe_utilization"":{""PIPE_M"":0.9818924419345442,""PIPE_MTE2"":0.10037313724931742,""PIPE_MTE3"":0.00011342519608318314,""PIPE_V"":0.10122490883928716},""task_end"":6003957,""task_span_cycles"":6003957,""task_start"":0}]",single,6003957,30898176,0,0,0,False,0,1.7539264671504498,727befc5bd821bdc12309e8d820075590819035055e33c4da63b4c0fd5bcc5f2,ab5c67b7b2f8e6bf5fc8e0b879f66cfc4fd5c823fa6c1a4930e6b7dec827e636,14c66b79fa928dca0f04f57f7c3e260f47193506c6a70601f16798c8223a6c37
case_041,2,success,stage1_actual_winner,verified_stage1_global_fallback,3714990,24925192,7221256,17703936,1826820,448,2,"[{""active_any_pipe_cycles"":2267950,""active_any_pipe_fraction"":0.610486165507848,""core_id"":0,""op_count"":7084,""pipe_busy_cycles"":{""PIPE_M"":2251080,""PIPE_MTE2"":134090,""PIPE_MTE3"":44345,""PIPE_V"":187811},""pipe_utilization"":{""PIPE_M"":0.6059451034861467,""PIPE_MTE2"":0.03609430980971685,""PIPE_MTE3"":0.011936775065343378,""PIPE_V"":0.0505549140105357},""task_end"":2267950,""task_span_cycles"":2267950,""task_start"":0},{""active_any_pipe_cycles"":3714990,""active_any_pipe_fraction"":1.0,""core_id"":1,""op_count"":16303,""pipe_busy_cycles"":{""PIPE_M"":3644160,""PIPE_MTE2"":376858,""PIPE_MTE3"":41155,""PIPE_V"":419939},""pipe_utilization"":{""PIPE_M"":0.9809339998223414,""PIPE_MTE2"":0.10144253416563706,""PIPE_MTE3"":0.011078091731067916,""PIPE_V"":0.1130390660540136},""task_end"":3714990,""task_span_cycles"":3714990,""task_start"":0}]",b1,3714990,24925192,0,0,0,False,0,156.45164830982685,74ba844f31eae7b56961d516d801d806930136cd6f86b8f9c9fa6b4ee8c1a19a,597848e9d545665bbaea6e08ea8b1d8269017d60bcf1ee7b64b888277303bd11,3054cf944eeeebdd9b9ba7d207e6ff0170efa1d07150ab2753f1562798da2966
case_041,3,success,stage1_actual_winner,verified_stage1_global_fallback,3304486,103015436,73074700,29940736,36517894,8923,3,"[{""active_any_pipe_cycles"":3304486,""active_any_pipe_fraction"":1.0,""core_id"":0,""op_count"":14924,""pipe_busy_cycles"":{""PIPE_M"":2141880,""PIPE_MTE2"":1182713,""PIPE_MTE3"":826208,""PIPE_V"":202241},""pipe_utilization"":{""PIPE_M"":0.6481734224324146,""PIPE_MTE2"":0.3579113362864905,""PIPE_MTE3"":0.2500261765369864,""PIPE_V"":0.06120195394987299},""task_end"":3304486,""task_span_cycles"":3304486,""task_start"":0},{""active_any_pipe_cycles"":3036921,""active_any_pipe_fraction"":0.9190297674131469,""core_id"":1,""op_count"":14240,""pipe_busy_cycles"":{""PIPE_M"":1876680,""PIPE_MTE2"":1182740,""PIPE_MTE3"":786405,""PIPE_V"":203342},""pipe_utilization"":{""PIPE_M"":0.5679188836024726,""PIPE_MTE2"":0.3579195069974574,""PIPE_MTE3"":0.23798103547722702,""PIPE_V"":0.061535137385965624},""task_end"":3290913,""task_span_cycles"":3290913,""task_start"":0},{""active_any_pipe_cycles"":3045634,""active_any_pipe_fraction"":0.9216664861040416,""core_id"":2,""op_count"":14081,""pipe_busy_cycles"":{""PIPE_M"":1876680,""PIPE_MTE2"":1171445,""PIPE_MTE3"":770313,""PIPE_V"":202167},""pipe_utilization"":{""PIPE_M"":0.5679188836024726,""PIPE_MTE2"":0.3545014262429921,""PIPE_MTE3"":0.23311129174098483,""PIPE_V"":0.06117956014944533},""task_end"":3281892,""task_span_cycles"":3281892,""task_start"":0}]",b2a_w4,3304486,103015436,0,0,0,False,0,167.93352063558996,dd22552204659b64354565a83ba6d1e31e0303cf1294c6fb63c5db33183fc402,a54b248a746a98f28a675d08ba82f2b78f5bb2113ee879a3a070a75f3b017e9c,afd587ab09cf8694195a6cc86551978943d78feccf774eb73c116f03b90625d0
case_041,4,success,stage1_actual_winner,verified_stage1_global_fallback,2174064,28411908,16784388,11627520,2441218,597,4,"[{""active_any_pipe_cycles"":1128149,""active_any_pipe_fraction"":0.5189125067155337,""core_id"":0,""op_count"":3810,""pipe_busy_cycles"":{""PIPE_M"":1126320,""PIPE_MTE2"":118059,""PIPE_MTE3"":31193,""PIPE_V"":92948},""pipe_utilization"":{""PIPE_M"":0.5180712251341267,""PIPE_MTE2"":0.054303369174044554,""PIPE_MTE3"":0.014347783689900574,""PIPE_V"":0.04275311122395661},""task_end"":1128149,""task_span_cycles"":1128149,""task_start"":0},{""active_any_pipe_cycles"":2174064,""active_any_pipe_fraction"":1.0,""core_id"":1,""op_count"":10461,""pipe_busy_cycles"":{""PIPE_M"":2159820,""PIPE_MTE2"":251967,""PIPE_MTE3"":27143,""PIPE_V"":277061},""pipe_utilization"":{""PIPE_M"":0.9934482149559535,""PIPE_MTE2"":0.11589677212814342,""PIPE_MTE3"":0.012484913047637972,""PIPE_V"":0.12743921062121447},""task_end"":2174064,""task_span_cycles"":2174064,""task_start"":0},{""active_any_pipe_cycles"":1492324,""active_any_pipe_fraction"":0.686421374899727,""core_id"":2,""op_count"":5846,""pipe_busy_cycles"":{""PIPE_M"":1485900,""PIPE_MTE2"":214697,""PIPE_MTE3"":26746,""PIPE_V"":140765},""pipe_utilization"":{""PIPE_M"":0.6834665400834566,""PIPE_MTE2"":0.0987537625387293,""PIPE_MTE3"":0.012302305727890255,""PIPE_V"":0.06474740394027038},""task_end"":1492324,""task_span_cycles"":1492324,""task_start"":0},{""active_any_pipe_cycles"":1136202,""active_any_pipe_fraction"":0.5226166295012474,""core_id"":3,""op_count"":4100,""pipe_busy_cycles"":{""PIPE_M"":1123200,""PIPE_MTE2"":159037,""PIPE_MTE3"":22556,""PIPE_V"":96976},""pipe_utilization"":{""PIPE_M"":0.5166361247874948,""PIPE_MTE2"":0.07315194032926353,""PIPE_MTE3"":0.010375039557253144,""PIPE_V"":0.04460586256890321},""task_end"":1136202,""task_span_cycles"":1136202,""task_start"":0}]",b1,2174064,28411908,0,0,0,False,0,285.7861617524177,e155099dfc9a4523bb053be46cb0f73b887ca9d6486ac6a100144566a1c20e5b,acb83f9004785972e2f77f49630231c0007b9c0fdde39e8fd4da0cfad443d6ff,90a24c8ad8c20f5229ff38e8f8489592ab718105f7ddd5e1de5a4e6d0d55a780
case_041,5,success,stage1_actual_winner,verified_stage1_global_fallback,2112003,30204936,17231880,12973056,2777092,680,5,"[{""active_any_pipe_cycles"":904360,""active_any_pipe_fraction"":0.4282001493369091,""core_id"":0,""op_count"":2680,""pipe_busy_cycles"":{""PIPE_M"":902460,""PIPE_MTE2"":71087,""PIPE_MTE3"":29493,""PIPE_V"":72504},""pipe_utilization"":{""PIPE_M"":0.4273005294026571,""PIPE_MTE2"":0.033658569613774225,""PIPE_MTE3"":0.013964468800470455,""PIPE_V"":0.03432949669105584},""task_end"":904360,""task_span_cycles"":904360,""task_start"":0},{""active_any_pipe_cycles"":906466,""active_any_pipe_fraction"":0.429197307011401,""core_id"":1,""op_count"":3197,""pipe_busy_cycles"":{""PIPE_M"":900120,""PIPE_MTE2"":152250,""PIPE_MTE3"":29263,""PIPE_V"":76243},""pipe_utilization"":{""PIPE_M"":0.4261925764309994,""PIPE_MTE2"":0.07208796578413951,""PIPE_MTE3"":0.013855567440008371,""PIPE_V"":0.036099854024828563},""task_end"":906466,""task_span_cycles"":906466,""task_start"":0},{""active_any_pipe_cycles"":1217765,""active_any_pipe_fraction"":0.5765924574917743,""core_id"":2,""op_count"":4501,""pipe_busy_cycles"":{""PIPE_M"":1195740,""PIPE_MTE2"":221764,""PIPE_MTE3"":21481,""PIPE_V"":104804},""pipe_utilization"":{""PIPE_M"":0.5661639685170902,""PIPE_MTE2"":0.10500174478918828,""PIPE_MTE3"":0.0101709135829826,""PIPE_V"":0.04962303557333962},""task_end"":1217765,""task_span_cycles"":1217765,""task_start"":0},{""active_any_pipe_cycles"":2112003,""active_any_pipe_fraction"":1.0,""core_id"":3,""op_count"":10670,""pipe_busy_cycles"":{""PIPE_M"":1998360,""PIPE_MTE2"":329064,""PIPE_MTE3"":23785,""PIPE_V"":276907},""pipe_utilization"":{""PIPE_M"":0.9461918377956849,""PIPE_MTE2"":0.15580659686562945,""PIPE_MTE3"":0.011261821124307115,""PIPE_V"":0.13111108270206057},""task_end"":2112003,""task_span_cycles"":2112003,""task_start"":0},{""active_any_pipe_cycles"":908608,""active_any_pipe_fraction"":0.43021151011622616,""core_id"":4,""op_count"":3461,""pipe_busy_cycles"":{""PIPE_M"":898560,""PIPE_MTE2"":176970,""PIPE_MTE3"":20989,""PIPE_V"":77292},""pipe_utilization"":{""PIPE_M"":0.42545394111656093,""PIPE_MTE2"":0.08379249461293378,""PIPE_MTE3"":0.009937959368428928,""PIPE_V"":0.03659653892537085},""task_end"":908608,""task_span_cycles"":908608,""task_start"":0}]",b1,2112003,30204936,0,0,0,False,0,352.8172579538077,72b404584ee2dee202bc81ff103c2d47e8029c90be5d8eef23934629fd612d7e,e97a058a49270079a2c02f9bd3ce95c7fb4e74cf95a0102d7797258ba305b92f,ca49701f7b5750df8e05fa175785e0206de4bfb07b8633bfcc9eb355d30821e9
case_042,1,success,stage1_actual_winner,verified_stage1_global_fallback,1686740,6629376,0,6629376,0,0,1,"[{""active_any_pipe_cycles"":1686740,""active_any_pipe_fraction"":1.0,""core_id"":0,""op_count"":6736,""pipe_busy_cycles"":{""PIPE_M"":1599076,""PIPE_MTE2"":151259,""PIPE_MTE3"":550,""PIPE_V"":226026},""pipe_utilization"":{""PIPE_M"":0.948027556114161,""PIPE_MTE2"":0.0896753500835932,""PIPE_MTE3"":0.000326072779444372,""PIPE_V"":0.13400168372126114},""task_end"":1686740,""task_span_cycles"":1686740,""task_start"":0}]",single,1686740,6629376,0,0,0,False,0,0.4454053156077862,adcdc424d75206250562abdf2f450b7463cbe57bf684fa8cce47171b1eed198e,d2081ece83d9033de97343585d9baf2b53075a3d221e902604363fffe703b529,dad7c86fd78921112ef7b33da53a3162e7b798d765f3fe95686a76990ab43e60
case_042,2,success,stage1_actual_winner,verified_stage1_global_fallback,987912,17884172,9569800,8314372,4651012,1106,2,"[{""active_any_pipe_cycles"":987912,""active_any_pipe_fraction"":1.0,""core_id"":0,""op_count"":4518,""pipe_busy_cycles"":{""PIPE_M"":828016,""PIPE_MTE2"":153491,""PIPE_MTE3"":109682,""PIPE_V"":118592},""pipe_utilization"":{""PIPE_M"":0.8381475273101248,""PIPE_MTE2"":0.1553691017013661,""PIPE_MTE3"":0.11102405882305307,""PIPE_V"":0.12004308076022965},""task_end"":987912,""task_span_cycles"":987912,""task_start"":0},{""active_any_pipe_cycles"":915070,""active_any_pipe_fraction"":0.9262667120148353,""core_id"":1,""op_count"":5108,""pipe_busy_cycles"":{""PIPE_M"":771060,""PIPE_MTE2"":180771,""PIPE_MTE3"":104642,""PIPE_V"":107434},""pipe_utilization"":{""PIPE_M"":0.7804946189539149,""PIPE_MTE2"":0.18298289726210432,""PIPE_MTE3"":0.10592238984848854,""PIPE_V"":0.10874855250265206},""task_end"":967175,""task_span_cycles"":967175,""task_start"":0}]",b2a_w4,987912,17884172,0,0,0,False,0,12.790641820058227,d4ee1f48cb016074839b15760ede02358d32f1310b47b71a900660ae6a0bff42,1e4c61d813b50290b7829b03ab0468b7c11da1c413edb6fe7058e3760969278a,9095c2db2552f9bcec9b6c82a58a4aa545e1667bd0e859d082368ec18c1ae6f3
case_042,3,success,map_locality@b2a_w4,scene_b_fixed_partition_mapping,713847,17431836,12526232,4905604,6178828,1481,3,"[{""active_any_pipe_cycles"":713847,""active_any_pipe_fraction"":1.0,""core_id"":0,""op_count"":3571,""pipe_busy_cycles"":{""PIPE_M"":574248,""PIPE_MTE2"":179726,""PIPE_MTE3"":82083,""PIPE_V"":78686},""pipe_utilization"":{""PIPE_M"":0.8044412878389907,""PIPE_MTE2"":0.2517710377713992,""PIPE_MTE3"":0.1149868249078584,""PIPE_V"":0.11022810210031},""task_end"":713847,""task_span_cycles"":713847,""task_start"":0},{""active_any_pipe_cycles"":657889,""active_any_pipe_fraction"":0.9216106532632343,""core_id"":1,""op_count"":2948,""pipe_busy_cycles"":{""PIPE_M"":511776,""PIPE_MTE2"":140839,""PIPE_MTE3"":73966,""PIPE_V"":90102},""pipe_utilization"":{""PIPE_M"":0.7169267364014978,""PIPE_MTE2"":0.19729577906750326,""PIPE_MTE3"":0.10361604097236522,""PIPE_V"":0.1262203245233222},""task_end"":709983,""task_span_cycles"":709983,""task_start"":0},{""active_any_pipe_cycles"":636545,""active_any_pipe_fraction"":0.8917106887050026,""core_id"":2,""op_count"":2993,""pipe_busy_cycles"":{""PIPE_M"":513052,""PIPE_MTE2"":154343,""PIPE_MTE3"":68453,""PIPE_V"":57238},""pipe_utilization"":{""PIPE_M"":0.7187142342826964,""PIPE_MTE2"":0.21621299802338598,""PIPE_MTE3"":0.09589309754050938,""PIPE_V"":0.0801824480595982},""task_end"":695324,""task_span_cycles"":695324,""task_start"":0}]",b2a_w4,718407,17628444,-4560,-196608,-8192,True,0,39.862488847225904,846fb27479b4ccb35afd0e3a8e0f4a41d25145ff919d535166c809cf81cdd8ec,5519b6463023b87432e9092625b5e0c80aac8b238fc2173a7973a0c008b338cf,02ed26bc507a1fca7043d6f4ce9a0636ba63b4f6f35b58d7f753e84e49b6a715
case_042,4,success,map_locality@b2a_w4,scene_b_fixed_partition_mapping,570782,16404764,14004508,2400256,6822926,1675,4,"[{""active_any_pipe_cycles"":520833,""active_any_pipe_fraction"":0.9124902326982981,""core_id"":0,""op_count"":1837,""pipe_busy_cycles"":{""PIPE_M"":445068,""PIPE_MTE2"":80207,""PIPE_MTE3"":58446,""PIPE_V"":58691},""pipe_utilization"":{""PIPE_M"":0.7797512885830317,""PIPE_MTE2"":0.14052124979414207,""PIPE_MTE3"":0.10239636148301803,""PIPE_V"":0.10282559716319015},""task_end"":555705,""task_span_cycles"":555705,""task_start"":0},{""active_any_pipe_cycles"":510246,""active_any_pipe_fraction"":0.8939419953677586,""core_id"":1,""op_count"":2451,""pipe_busy_cycles"":{""PIPE_M"":384420,""PIPE_MTE2"":166896,""PIPE_MTE3"":61763,""PIPE_V"":61320},""pipe_utilization"":{""PIPE_M"":0.6734970619255688,""PIPE_MTE2"":0.29239884929798066,""PIPE_MTE3"":0.10820768699783806,""PIPE_V"":0.10743155880879215},""task_end"":561868,""task_span_cycles"":561868,""task_start"":0},{""active_any_pipe_cycles"":510406,""active_any_pipe_fraction"":0.8942223125466465,""core_id"":2,""op_count"":2368,""pipe_busy_cycles"":{""PIPE_M"":383348,""PIPE_MTE2"":158731,""PIPE_MTE3"":59710,""PIPE_V"":48368},""pipe_utilization"":{""PIPE_M"":0.6716189368270198,""PIPE_MTE2"":0.27809391326285693,""PIPE_MTE3"":0.10461086719623254,""PIPE_V"":0.0847398831778157},""task_end"":558164,""task_span_cycles"":558164,""task_start"":0},{""active_any_pipe_cycles"":521397,""active_any_pipe_fraction"":0.9134783507538781,""core_id"":3,""op_count"":2620,""pipe_busy_cycles"":{""PIPE_M"":386240,""PIPE_MTE2"":168379,""PIPE_MTE3"":61884,""PIPE_V"":57647},""pipe_utilization"":{""PIPE_M"":0.6766856698354188,""PIPE_MTE2"":0.294997039149798,""PIPE_MTE3"":0.10841967686437204,""PIPE_V"":0.10099652757094653},""task_end"":570782,""task_span_cycles"":570782,""task_start"":0}]",b2a_w4,570782,16601372,0,-196608,196608,False,0,45.17693692818284,a0bf7df1ec90e819eb10655103eae90786f38924177f40abbc62725acd85f0a0,6bf45c7b5e7781207e185db1b862ae809ad713b3ac1da3b8630049bdf891954d,4ae4071efaa1b2d561a30e0d09e763d2ef6330515d2d5712524e765707f67c55
case_042,5,success,stage1_actual_winner,verified_stage1_global_fallback,486817,15667992,15069976,598016,7304204,1788,5,"[{""active_any_pipe_cycles"":438650,""active_any_pipe_fraction"":0.9010572761427805,""core_id"":0,""op_count"":1445,""pipe_busy_cycles"":{""PIPE_M"":380216,""PIPE_MTE2"":67503,""PIPE_MTE3"":104702,""PIPE_V"":50237},""pipe_utilization"":{""PIPE_M"":0.7810244917494664,""PIPE_MTE2"":0.1386619612708677,""PIPE_MTE3"":0.21507465844454898,""PIPE_V"":0.10319483502014104},""task_end"":438650,""task_span_cycles"":438650,""task_start"":0},{""active_any_pipe_cycles"":434737,""active_any_pipe_fraction"":0.8930193481328713,""core_id"":1,""op_count"":2020,""pipe_busy_cycles"":{""PIPE_M"":321668,""PIPE_MTE2"":157196,""PIPE_MTE3"":86284,""PIPE_V"":43068},""pipe_utilization"":{""PIPE_M"":0.6607575331181943,""PIPE_MTE2"":0.322905732544262,""PIPE_MTE3"":0.17724113989445725,""PIPE_V"":0.08846856210855414},""task_end"":485776,""task_span_cycles"":485776,""task_start"":0},{""active_any_pipe_cycles"":420051,""active_any_pipe_fraction"":0.862851954635931,""core_id"":2,""op_count"":1805,""pipe_busy_cycles"":{""PIPE_M"":320268,""PIPE_MTE2"":144164,""PIPE_MTE3"":87700,""PIPE_V"":37843},""pipe_utilization"":{""PIPE_M"":0.6578817091432715,""PIPE_MTE2"":0.29613591965769476,""PIPE_MTE3"":0.18014983042909347,""PIPE_V"":0.07773557620214577},""task_end"":479194,""task_span_cycles"":479194,""task_start"":0},{""active_any_pipe_cycles"":435413,""active_any_pipe_fraction"":0.8944079602807626,""core_id"":3,""op_count"":2008,""pipe_busy_cycles"":{""PIPE_M"":318132,""PIPE_MTE2"":157675,""PIPE_MTE3"":88963,""PIPE_V"":44637},""pipe_utilization"":{""PIPE_M"":0.6534940234215321,""PIPE_MTE2"":0.323889675175682,""PIPE_MTE3"":0.18274423448647029,""PIPE_V"":0.09169153912044978},""task_end"":486817,""task_span_cycles"":486817,""task_start"":0},{""active_any_pipe_cycles"":364823,""active_any_pipe_fraction"":0.7494048071451901,""core_id"":4,""op_count"":1807,""pipe_busy_cycles"":{""PIPE_M"":258792,""PIPE_MTE2"":144674,""PIPE_MTE3"":84653,""PIPE_V"":50241},""pipe_utilization"":{""PIPE_M"":0.5316001700844465,""PIPE_MTE2"":0.2971835412485595,""PIPE_MTE3"":0.17389080496367218,""PIPE_V"":0.10320305166006939},""task_end"":473678,""task_span_cycles"":473678,""task_start"":0}]",b2a_w4,486817,15667992,0,0,0,False,0,53.47209062054753,cfc26b80d40fa2b7df51ec6dafc7a8d49caed82ea8650d0b7d5ce7e641fc479c,fa7830a63086ed77295211865c26b047457a696e58d87ad1849c2bed508696e2,ff7fe21e910e0115e372a740dea0cacccc561efa8bbc35dfa6352f33de22d432
case_043,1,success,stage1_actual_winner,verified_stage1_global_fallback,677656,49160,0,49160,0,0,1,"[{""active_any_pipe_cycles"":677656,""active_any_pipe_fraction"":1.0,""core_id"":0,""op_count"":9766,""pipe_busy_cycles"":{""PIPE_M"":517752,""PIPE_MTE2"":24971,""PIPE_MTE3"":76,""PIPE_V"":343841},""pipe_utilization"":{""PIPE_M"":0.7640336690002006,""PIPE_MTE2"":0.03684907976908638,""PIPE_MTE3"":0.0001121512980037069,""PIPE_V"":0.5073975586433235},""task_end"":677656,""task_span_cycles"":677656,""task_start"":0}]",single,677656,49160,0,0,0,False,0,0.7262331917881966,eb75eae9a56d7695a0e7b26bfde3831bc157ae66177ca9f0293179f942412068,206834cfb1ea06a7ceafe7103b66b688311a31506fa5a9031848087f753ccc84,bd33ef6f580716b86d1b9fafff31f5007801bad0f6cb76135197e75bd4c83719
case_043,2,success,stage1_actual_winner,verified_stage1_global_fallback,340810,1173006,1074702,98304,451334,253,2,"[{""active_any_pipe_cycles"":336803,""active_any_pipe_fraction"":0.9882427158827499,""core_id"":0,""op_count"":3716,""pipe_busy_cycles"":{""PIPE_M"":275880,""PIPE_MTE2"":25304,""PIPE_MTE3"":8493,""PIPE_V"":137955},""pipe_utilization"":{""PIPE_M"":0.8094832898095713,""PIPE_MTE2"":0.07424664769226255,""PIPE_MTE3"":0.02492004342595581,""PIPE_V"":0.40478565769783753},""task_end"":336803,""task_span_cycles"":336803,""task_start"":0},{""active_any_pipe_cycles"":340810,""active_any_pipe_fraction"":1.0,""core_id"":1,""op_count"":6607,""pipe_busy_cycles"":{""PIPE_M"":241872,""PIPE_MTE2"":23150,""PIPE_MTE3"":2506,""PIPE_V"":205886},""pipe_utilization"":{""PIPE_M"":0.7096974854024236,""PIPE_MTE2"":0.06792641061001731,""PIPE_MTE3"":0.007353070625861918,""PIPE_V"":0.604107860684839},""task_end"":340810,""task_span_cycles"":340810,""task_start"":0}]",b2a_w4,340810,1173006,0,0,0,False,0,24.76623162254691,b27266a056d787285b4562d4912558911c90687d9f22b01281b9bd35d4bf0b9c,117d58f311bd100a2deaad4fea3b14f25866f585cb870adb00f7d0014849643c,adb5e6db13a7c004c596b8663a2ef7ffba7916d04606674f0f016782a9e8d5fb
case_043,3,success,stage1_actual_winner,verified_stage1_global_fallback,264491,3342112,3112700,229412,1461814,930,3,"[{""active_any_pipe_cycles"":262840,""active_any_pipe_fraction"":0.9937578216272009,""core_id"":0,""op_count"":4551,""pipe_busy_cycles"":{""PIPE_M"":179072,""PIPE_MTE2"":44886,""PIPE_MTE3"":14949,""PIPE_V"":142428},""pipe_utilization"":{""PIPE_M"":0.6770438313591011,""PIPE_MTE2"":0.16970709778404558,""PIPE_MTE3"":0.05651988158387242,""PIPE_V"":0.5384984744282414},""task_end"":264491,""task_span_cycles"":264491,""task_start"":0},{""active_any_pipe_cycles"":244070,""active_any_pipe_fraction"":0.9227913237123381,""core_id"":1,""op_count"":3770,""pipe_busy_cycles"":{""PIPE_M"":183468,""PIPE_MTE2"":32495,""PIPE_MTE3"":13759,""PIPE_V"":109359},""pipe_utilization"":{""PIPE_M"":0.693664434706663,""PIPE_MTE2"":0.12285862278867712,""PIPE_MTE3"":0.05202067367131585,""PIPE_V"":0.41346964546997816},""task_end"":263836,""task_span_cycles"":263836,""task_start"":0},{""active_any_pipe_cycles"":203489,""active_any_pipe_fraction"":0.7693607722001883,""core_id"":2,""op_count"":3388,""pipe_busy_cycles"":{""PIPE_M"":155212,""PIPE_MTE2"":24603,""PIPE_MTE3"":15392,""PIPE_V"":92054},""pipe_utilization"":{""PIPE_M"":0.5868328222888491,""PIPE_MTE2"":0.09302017838036077,""PIPE_MTE3"":0.05819479679837877,""PIPE_V"":0.3480420883886408},""task_end"":259994,""task_span_cycles"":259994,""task_start"":0}]",b2a_w8,264491,3342112,0,0,0,False,0,43.817862121388316,e64b673976a1ac4f90744edcbc92ea4f05cb699c7c7a1f55d304c07908be3f08,ce5698687f41c84a3c884f3878dc56dd75f91677d4794865a39fa66ce98bf5e2,78c0f29f82f8eafb923320ca00d24d1ffda76564f5e2e1818da66500422d30f3
case_043,4,success,map_locality@b2a_w16,scene_b_fixed_partition_mapping,245299,5907758,5822754,85004,2589252,1769,4,"[{""active_any_pipe_cycles"":149965,""active_any_pipe_fraction"":0.611355937040102,""core_id"":0,""op_count"":2433,""pipe_busy_cycles"":{""PIPE_M"":114484,""PIPE_MTE2"":55267,""PIPE_MTE3"":29748,""PIPE_V"":60562},""pipe_utilization"":{""PIPE_M"":0.4667120534531327,""PIPE_MTE2"":0.2253046282292223,""PIPE_MTE3"":0.12127240632860305,""PIPE_V"":0.24689052951703838},""task_end"":243221,""task_span_cycles"":243221,""task_start"":0},{""active_any_pipe_cycles"":231809,""active_any_pipe_fraction"":0.9450058907700398,""core_id"":1,""op_count"":4374,""pipe_busy_cycles"":{""PIPE_M"":160628,""PIPE_MTE2"":71341,""PIPE_MTE3"":45474,""PIPE_V"":111085},""pipe_utilization"":{""PIPE_M"":0.654825335610826,""PIPE_MTE2"":0.29083282035393543,""PIPE_MTE3"":0.1853819216547968,""PIPE_V"":0.4528554947227669},""task_end"":244002,""task_span_cycles"":244002,""task_start"":0},{""active_any_pipe_cycles"":163917,""active_any_pipe_fraction"":0.6682334620198207,""core_id"":2,""op_count"":3240,""pipe_busy_cycles"":{""PIPE_M"":116708,""PIPE_MTE2"":60636,""PIPE_MTE3"":43151,""PIPE_V"":80403},""pipe_utilization"":{""PIPE_M"":0.4757785396597622,""PIPE_MTE2"":0.24719220216959711,""PIPE_MTE3"":0.1759118463589334,""PIPE_V"":0.3277754903199768},""task_end"":244144,""task_span_cycles"":244144,""task_start"":0},{""active_any_pipe_cycles"":202543,""active_any_pipe_fraction"":0.8256984333405354,""core_id"":3,""op_count"":3386,""pipe_busy_cycles"":{""PIPE_M"":125932,""PIPE_MTE2"":80829,""PIPE_MTE3"":42040,""PIPE_V"":91791},""pipe_utilization"":{""PIPE_M"":0.5133816281354592,""PIPE_MTE2"":0.32951214640092297,""PIPE_MTE3"":0.17138267991308567,""PIPE_V"":0.3742004655542827},""task_end"":245299,""task_span_cycles"":245299,""task_start"":0}]",b2a_w16,249011,5862672,-3712,45086,1088,True,0,59.20446396060288,a1f9ab79f1860c131c6378d8e974226e8fb376adf42f39edb1c7efb8ba1665f8,4824b84f52c685ec463ca53e692e9d5078e777d003cc363eb3af65720480a5e3,381cbfea87ecc807fbcc073f617f62e45dfb2484747ab180bbc0b4c33c6ba116
case_043,5,success,map_locality@b2a_w8,scene_b_fixed_partition_mapping,221717,4219058,4219058,0,1909392,1131,5,"[{""active_any_pipe_cycles"":221717,""active_any_pipe_fraction"":1.0,""core_id"":0,""op_count"":2753,""pipe_busy_cycles"":{""PIPE_M"":165316,""PIPE_MTE2"":41075,""PIPE_MTE3"":22780,""PIPE_V"":91121},""pipe_utilization"":{""PIPE_M"":0.7456171606146574,""PIPE_MTE2"":0.18525868562176107,""PIPE_MTE3"":0.10274358754628649,""PIPE_V"":0.41097886043920856},""task_end"":221717,""task_span_cycles"":221717,""task_start"":0},{""active_any_pipe_cycles"":167006,""active_any_pipe_fraction"":0.7532394899804706,""core_id"":1,""op_count"":3402,""pipe_busy_cycles"":{""PIPE_M"":105148,""PIPE_MTE2"":33497,""PIPE_MTE3"":18963,""PIPE_V"":93396},""pipe_utilization"":{""PIPE_M"":0.4742441941754579,""PIPE_MTE2"":0.1510799803352923,""PIPE_MTE3"":0.08552794778929897,""PIPE_V"":0.42123968843164933},""task_end"":217201,""task_span_cycles"":217201,""task_start"":0},{""active_any_pipe_cycles"":131930,""active_any_pipe_fraction"":0.595037818480315,""core_id"":2,""op_count"":1931,""pipe_busy_cycles"":{""PIPE_M"":88572,""PIPE_MTE2"":42372,""PIPE_MTE3"":22215,""PIPE_V"":55677},""pipe_utilization"":{""PIPE_M"":0.39948222283361223,""PIPE_MTE2"":0.19110848514096798,""PIPE_MTE3"":0.10019529400091107,""PIPE_V"":0.25111741544401195},""task_end"":220676,""task_span_cycles"":220676,""task_start"":0},{""active_any_pipe_cycles"":113979,""active_any_pipe_fraction"":0.5140742478023788,""core_id"":3,""op_count"":1809,""pipe_busy_cycles"":{""PIPE_M"":75544,""PIPE_MTE2"":47790,""PIPE_MTE3"":13335,""PIPE_V"":45953},""pipe_utilization"":{""PIPE_M"":0.3407226329059116,""PIPE_MTE2"":0.21554504165219626,""PIPE_MTE3"":0.06014423792492231,""PIPE_V"":0.20725970493917922},""task_end"":221715,""task_span_cycles"":221715,""task_start"":0},{""active_any_pipe_cycles"":131615,""active_any_pipe_fraction"":0.5936170884505925,""core_id"":4,""op_count"":2201,""pipe_busy_cycles"":{""PIPE_M"":83172,""PIPE_MTE2"":48969,""PIPE_MTE3"":12349,""PIPE_V"":57694},""pipe_utilization"":{""PIPE_M"":0.37512685089551095,""PIPE_MTE2"":0.22086263119201505,""PIPE_MTE3"":0.055697127419187524,""PIPE_V"":0.26021459788829904},""task_end"":215756,""task_span_cycles"":215756,""task_start"":0}]",b2a_w8,222619,4305042,-902,-85984,0,True,0,73.14675315469503,471c874197daac7a70fb9637ae9eaae9b22036b87eac89440193c80e327c2829,c0d26ef1ab103128eca3ff878e0666811ae9729928a99090f8eb35550295bada,b23806d1563d8bf9f68379259635eb51ba64e96f7f90ddd418b87c778fdeebb1
case_044,1,success,stage1_actual_winner,verified_stage1_global_fallback,154407,4438112,0,4438112,0,0,1,"[{""active_any_pipe_cycles"":154407,""active_any_pipe_fraction"":1.0,""core_id"":0,""op_count"":1680,""pipe_busy_cycles"":{""PIPE_M"":74404,""PIPE_MTE2"":90129,""PIPE_MTE3"":1024,""PIPE_V"":9988},""pipe_utilization"":{""PIPE_M"":0.48186934530170267,""PIPE_MTE2"":0.5837105830694205,""PIPE_MTE3"":0.006631823686749953,""PIPE_V"":0.0646861865070884},""task_end"":154407,""task_span_cycles"":154407,""task_start"":0}]",single,154407,4438112,0,0,0,False,0,0.1070402804762125,b23a4835c93b4a4159ec4b33854f7a05c46a07b1cd8f3ea36657be61f0d580bc,b3a3d432d31479494edec684578b81a56b8d294b44a2049ede0aaefb991fe351,daaacb750c772210c612fc80800a287edde2f369f54a8871258e636106ea314e
case_044,2,success,stage1_actual_winner,verified_stage1_global_fallback,58111,1424480,1186400,238080,128000,111,2,"[{""active_any_pipe_cycles"":58111,""active_any_pipe_fraction"":1.0,""core_id"":0,""op_count"":870,""pipe_busy_cycles"":{""PIPE_M"":37644,""PIPE_MTE2"":33678,""PIPE_MTE3"":2520,""PIPE_V"":4852},""pipe_utilization"":{""PIPE_M"":0.6477947376572422,""PIPE_MTE2"":0.5795460411970195,""PIPE_MTE3"":0.04336528368123075,""PIPE_V"":0.08349537953227444},""task_end"":58111,""task_span_cycles"":58111,""task_start"":0},{""active_any_pipe_cycles"":55884,""active_any_pipe_fraction"":0.9616767909690076,""core_id"":1,""op_count"":867,""pipe_busy_cycles"":{""PIPE_M"":36760,""PIPE_MTE2"":29832,""PIPE_MTE3"":1653,""PIPE_V"":5136},""pipe_utilization"":{""PIPE_M"":0.6325824714770009,""PIPE_MTE2"":0.5133623582454269,""PIPE_MTE3"":0.02844556108137874,""PIPE_V"":0.08838257816936552},""task_end"":57630,""task_span_cycles"":57630,""task_start"":0}]",b2a_w16,58111,1424480,0,0,0,False,0,2.0573764201253653,e32ff2d7a579b87eaf5b2dad9bd9efc1094208a688ee94b75b87b87ca7fa1c4e,9e158390e363004d1e50b04b8b61f9e3ebe4ffd151e2817816a20c11ffdb2c1f,56489bc70fd5899e9cf890d9fe2d49abe14cf67604c0dc633cd6e4315f53f90c
case_044,3,success,map_locality@b2a_w4,scene_b_fixed_partition_mapping,57861,1910240,1476064,434176,28672,44,3,"[{""active_any_pipe_cycles"":57861,""active_any_pipe_fraction"":1.0,""core_id"":0,""op_count"":706,""pipe_busy_cycles"":{""PIPE_M"":32484,""PIPE_MTE2"":40884,""PIPE_MTE3"":1230,""PIPE_V"":4114},""pipe_utilization"":{""PIPE_M"":0.5614144242235702,""PIPE_MTE2"":0.7065899310416343,""PIPE_MTE3"":0.02125784206978794,""PIPE_V"":0.0711014327439899},""task_end"":57861,""task_span_cycles"":57861,""task_start"":0},{""active_any_pipe_cycles"":43177,""active_any_pipe_fraction"":0.7462193878432796,""core_id"":1,""op_count"":473,""pipe_busy_cycles"":{""PIPE_M"":21488,""PIPE_MTE2"":21784,""PIPE_MTE3"":673,""PIPE_V"":3290},""pipe_utilization"":{""PIPE_M"":0.37137277267935226,""PIPE_MTE2"":0.37648848101484594,""PIPE_MTE3"":0.01163132334387584,""PIPE_V"":0.05686040683707506},""task_end"":49833,""task_span_cycles"":49833,""task_start"":0},{""active_any_pipe_cycles"":48319,""active_any_pipe_fraction"":0.8350875373740516,""core_id"":2,""op_count"":446,""pipe_busy_cycles"":{""PIPE_M"":20432,""PIPE_MTE2"":33574,""PIPE_MTE3"":225,""PIPE_V"":2584},""pipe_utilization"":{""PIPE_M"":0.3531221375365099,""PIPE_MTE2"":0.5802526745130572,""PIPE_MTE3"":0.003888629646912428,""PIPE_V"":0.044658751144985395},""task_end"":52891,""task_span_cycles"":49923,""task_start"":2968}]",inherit_k2,58111,1424480,-250,485760,196096,True,0,5.328987339511514,b141925e1be2706741b0894019ba3af756691ed6300755b7e54a9540ccc7185c,a8133c3c865f5ee9dc7493eeb52499394ea59d373f430562184eee56df8e6dab,390e294e8967e7f0d333726158c0c36dd94f3351136dc00245daa9874c11eb1f
case_044,4,success,inherit_final_k3,recursive_final_winner_inheritance,57861,1910240,1476064,434176,28672,44,3,"[{""active_any_pipe_cycles"":57861,""active_any_pipe_fraction"":1.0,""core_id"":0,""op_count"":706,""pipe_busy_cycles"":{""PIPE_M"":32484,""PIPE_MTE2"":40884,""PIPE_MTE3"":1230,""PIPE_V"":4114},""pipe_utilization"":{""PIPE_M"":0.5614144242235702,""PIPE_MTE2"":0.7065899310416343,""PIPE_MTE3"":0.02125784206978794,""PIPE_V"":0.0711014327439899},""task_end"":57861,""task_span_cycles"":57861,""task_start"":0},{""active_any_pipe_cycles"":43177,""active_any_pipe_fraction"":0.7462193878432796,""core_id"":1,""op_count"":473,""pipe_busy_cycles"":{""PIPE_M"":21488,""PIPE_MTE2"":21784,""PIPE_MTE3"":673,""PIPE_V"":3290},""pipe_utilization"":{""PIPE_M"":0.37137277267935226,""PIPE_MTE2"":0.37648848101484594,""PIPE_MTE3"":0.01163132334387584,""PIPE_V"":0.05686040683707506},""task_end"":49833,""task_span_cycles"":49833,""task_start"":0},{""active_any_pipe_cycles"":48319,""active_any_pipe_fraction"":0.8350875373740516,""core_id"":2,""op_count"":446,""pipe_busy_cycles"":{""PIPE_M"":20432,""PIPE_MTE2"":33574,""PIPE_MTE3"":225,""PIPE_V"":2584},""pipe_utilization"":{""PIPE_M"":0.3531221375365099,""PIPE_MTE2"":0.5802526745130572,""PIPE_MTE3"":0.003888629646912428,""PIPE_V"":0.044658751144985395},""task_end"":52891,""task_span_cycles"":49923,""task_start"":2968},{""active_any_pipe_cycles"":0,""active_any_pipe_fraction"":0.0,""core_id"":3,""op_count"":0,""pipe_busy_cycles"":{},""pipe_utilization"":{},""task_end"":0,""task_span_cycles"":0,""task_start"":0}]",inherit_k2,58111,1424480,-250,485760,196096,True,0,6.424916988238692,fde0dbc24169944bdcff408fb70b1cdd224fe74a5f4cb875ac10ddd74b9211a8,9a95f23037e4d88cfd563ba1e556766184f39b66e9f0edb476f88990eba7d0bf,f5ee06de17294b771eed045bbe5ea1f4b22e9441fbc1e7eabfec6d94daa3ea3c
case_044,5,success,inherit_final_k4,recursive_final_winner_inheritance,57861,1910240,1476064,434176,28672,44,3,"[{""active_any_pipe_cycles"":57861,""active_any_pipe_fraction"":1.0,""core_id"":0,""op_count"":706,""pipe_busy_cycles"":{""PIPE_M"":32484,""PIPE_MTE2"":40884,""PIPE_MTE3"":1230,""PIPE_V"":4114},""pipe_utilization"":{""PIPE_M"":0.5614144242235702,""PIPE_MTE2"":0.7065899310416343,""PIPE_MTE3"":0.02125784206978794,""PIPE_V"":0.0711014327439899},""task_end"":57861,""task_span_cycles"":57861,""task_start"":0},{""active_any_pipe_cycles"":43177,""active_any_pipe_fraction"":0.7462193878432796,""core_id"":1,""op_count"":473,""pipe_busy_cycles"":{""PIPE_M"":21488,""PIPE_MTE2"":21784,""PIPE_MTE3"":673,""PIPE_V"":3290},""pipe_utilization"":{""PIPE_M"":0.37137277267935226,""PIPE_MTE2"":0.37648848101484594,""PIPE_MTE3"":0.01163132334387584,""PIPE_V"":0.05686040683707506},""task_end"":49833,""task_span_cycles"":49833,""task_start"":0},{""active_any_pipe_cycles"":48319,""active_any_pipe_fraction"":0.8350875373740516,""core_id"":2,""op_count"":446,""pipe_busy_cycles"":{""PIPE_M"":20432,""PIPE_MTE2"":33574,""PIPE_MTE3"":225,""PIPE_V"":2584},""pipe_utilization"":{""PIPE_M"":0.3531221375365099,""PIPE_MTE2"":0.5802526745130572,""PIPE_MTE3"":0.003888629646912428,""PIPE_V"":0.044658751144985395},""task_end"":52891,""task_span_cycles"":49923,""task_start"":2968},{""active_any_pipe_cycles"":0,""active_any_pipe_fraction"":0.0,""core_id"":3,""op_count"":0,""pipe_busy_cycles"":{},""pipe_utilization"":{},""task_end"":0,""task_span_cycles"":0,""task_start"":0},{""active_any_pipe_cycles"":0,""active_any_pipe_fraction"":0.0,""core_id"":4,""op_count"":0,""pipe_busy_cycles"":{},""pipe_utilization"":{},""task_end"":0,""task_span_cycles"":0,""task_start"":0}]",inherit_k2,58111,1424480,-250,485760,196096,True,0,8.092298133298755,e5b523c8eef307948aee6308ca339fa7f7fad46d6c004be31ae6b9feac0ade80,eca24b9cf2f174e2ebb490bae6eba08d87dea905d8ed66a455384c249cab68b9,9612343e0c75707a5e6c550f388c6b3abdefd3e6c193ce477a5f04c44d691029
case_045,1,success,stage1_actual_winner,verified_stage1_global_fallback,125614,0,0,0,0,0,1,"[{""active_any_pipe_cycles"":125614,""active_any_pipe_fraction"":1.0,""core_id"":0,""op_count"":1787,""pipe_busy_cycles"":{""PIPE_MTE2"":6141,""PIPE_MTE3"":6141,""PIPE_V"":125476},""pipe_utilization"":{""PIPE_MTE2"":0.04888786281783877,""PIPE_MTE3"":0.04888786281783877,""PIPE_V"":0.9989013963411721},""task_end"":125614,""task_span_cycles"":125614,""task_start"":0}]",single,125614,0,0,0,0,False,0,0.12193508446216583,816f90d0779e0c3ebac9f25935ebab5434272b6902bef41fda2bb061e27a7432,76de6b75aa4cb0989adacd898da2af6cc98a843c5ec4f1d68a15b1d0bba7448c,b5d31db4e4c209e33c898bd061de3eecbf799f120eb9099a746eeec096c4a96f
case_045,2,success,stage1_actual_winner,verified_stage1_global_fallback,78563,94208,94208,0,40960,10,2,"[{""active_any_pipe_cycles"":47396,""active_any_pipe_fraction"":0.6032865343736874,""core_id"":0,""op_count"":677,""pipe_busy_cycles"":{""PIPE_MTE2"":3588,""PIPE_MTE3"":4002,""PIPE_V"":47120},""pipe_utilization"":{""PIPE_MTE2"":0.04567035372885455,""PIPE_MTE3"":0.05094000992833777,""PIPE_V"":0.5997734302406985},""task_end"":47396,""task_span_cycles"":47396,""task_start"":0},{""active_any_pipe_cycles"":78563,""active_any_pipe_fraction"":1.0,""core_id"":1,""op_count"":1133,""pipe_busy_cycles"":{""PIPE_MTE2"":5313,""PIPE_MTE3"":4692,""PIPE_V"":78356},""pipe_utilization"":{""PIPE_MTE2"":0.06762725456003463,""PIPE_MTE3"":0.0597227702608098,""PIPE_V"":0.9973651719002584},""task_end"":78563,""task_span_cycles"":78563,""task_start"":0}]",b1,78563,94208,0,0,0,False,0,2.7815277595072985,5ff6878baedc0198a350ffeb2597f91d5b3a2f88bbf72d85452229740efbcccb,6bc302207ef5ab8f4b2c0fdcf04a4b1a42919301c86925472b3ea44c697270b8,5a4ecb909311be64a24f33c337d0681486d1f70b847341250c2f33725a469e06
case_045,3,success,stage1_actual_winner,verified_stage1_global_fallback,45671,233472,233472,0,106496,26,3,"[{""active_any_pipe_cycles"":42290,""active_any_pipe_fraction"":0.9259705283440257,""core_id"":0,""op_count"":630,""pipe_busy_cycles"":{""PIPE_MTE2"":4852,""PIPE_MTE3"":3963,""PIPE_V"":41876},""pipe_utilization"":{""PIPE_MTE2"":0.10623809419544131,""PIPE_MTE3"":0.086772787983622,""PIPE_V"":0.916905695080029},""task_end"":45671,""task_span_cycles"":45671,""task_start"":0},{""active_any_pipe_cycles"":42345,""active_any_pipe_fraction"":0.9271747936327209,""core_id"":1,""op_count"":608,""pipe_busy_cycles"":{""PIPE_MTE2"":3990,""PIPE_MTE3"":5428,""PIPE_V"":41800},""pipe_utilization"":{""PIPE_MTE2"":0.08736397276170875,""PIPE_MTE3"":0.11885003612795866,""PIPE_V"":0.9152416194083773},""task_end"":42345,""task_span_cycles"":42345,""task_start"":0},{""active_any_pipe_cycles"":42345,""active_any_pipe_fraction"":0.9271747936327209,""core_id"":2,""op_count"":606,""pipe_busy_cycles"":{""PIPE_MTE2"":3983,""PIPE_MTE3"":5132,""PIPE_V"":41800},""pipe_utilization"":{""PIPE_MTE2"":0.08721070263405663,""PIPE_MTE3"":0.11236889930152613,""PIPE_V"":0.9152416194083773},""task_end"":42345,""task_span_cycles"":42345,""task_start"":0}]",b1,45671,233472,0,0,0,False,0,8.434897124767303,e2efe62d67fa9d7e726190bcc1effb1107aa1971ace0d9a17ad5bf189dbf64ef,3d2c0f49b8b559b0ee9be5996b7f731ade55daacc4ba8662ed5f9de6fb9c357b,584d2eb13a0eed21a3a1e9add56c9585c9fd0b4e78acb56c83aef38f8347c7d1
case_045,4,success,stage1_actual_winner,verified_stage1_global_fallback,39561,352256,352256,0,159744,39,4,"[{""active_any_pipe_cycles"":39561,""active_any_pipe_fraction"":1.0,""core_id"":0,""op_count"":610,""pipe_busy_cycles"":{""PIPE_MTE2"":6443,""PIPE_MTE3"":4117,""PIPE_V"":39216},""pipe_utilization"":{""PIPE_MTE2"":0.16286241500467633,""PIPE_MTE3"":0.10406713682667273,""PIPE_V"":0.9912792902100553},""task_end"":39561,""task_span_cycles"":39561,""task_start"":0},{""active_any_pipe_cycles"":31760,""active_any_pipe_fraction"":0.8028108490685271,""core_id"":1,""op_count"":461,""pipe_busy_cycles"":{""PIPE_MTE2"":3106,""PIPE_MTE3"":4043,""PIPE_V"":31312},""pipe_utilization"":{""PIPE_MTE2"":0.07851166552918278,""PIPE_MTE3"":0.10219660777027881,""PIPE_V"":0.7914865650514396},""task_end"":31760,""task_span_cycles"":31760,""task_start"":0},{""active_any_pipe_cycles"":31781,""active_any_pipe_fraction"":0.8033416748818281,""core_id"":2,""op_count"":456,""pipe_busy_cycles"":{""PIPE_MTE2"":3305,""PIPE_MTE3"":5094,""PIPE_V"":31388},""pipe_utilization"":{""PIPE_MTE2"":0.08354187204570157,""PIPE_MTE3"":0.1287631758550087,""PIPE_V"":0.7934076489471955},""task_end"":31781,""task_span_cycles"":31781,""task_start"":0},{""active_any_pipe_cycles"":24329,""active_any_pipe_fraction"":0.6149743434190238,""core_id"":3,""op_count"":346,""pipe_busy_cycles"":{""PIPE_MTE2"":2346,""PIPE_MTE3"":3805,""PIPE_V"":23560},""pipe_utilization"":{""PIPE_MTE2"":0.05930082657162357,""PIPE_MTE3"":0.09618058188620106,""PIPE_V"":0.5955360076843356},""task_end"":24329,""task_span_cycles"":24329,""task_start"":0}]",b1,39561,352256,0,0,0,False,0,6.839463584125042,2952bc0c36651a547081a35804472e5eff05a7865b926aac055f0377ff78feee,ba89267683b824724d7763512c563d70ee23fffb72b0b18d792459eb6eb43157,77d86695ced5b8c8a2c72a88a98a605f04df4b43d5b004d748a50c444eb03833
case_045,5,success,stage1_actual_winner,verified_stage1_global_fallback,29147,356352,356352,0,167936,41,5,"[{""active_any_pipe_cycles"":27038,""active_any_pipe_fraction"":0.9276426390366075,""core_id"":0,""op_count"":413,""pipe_busy_cycles"":{""PIPE_MTE2"":8104,""PIPE_MTE3"":4330,""PIPE_V"":25004},""pipe_utilization"":{""PIPE_MTE2"":0.27803890623391775,""PIPE_MTE3"":0.1485573129310049,""PIPE_V"":0.8578584416921125},""task_end"":29147,""task_span_cycles"":29147,""task_start"":0},{""active_any_pipe_cycles"":26025,""active_any_pipe_fraction"":0.8928877757573678,""core_id"":1,""op_count"":364,""pipe_busy_cycles"":{""PIPE_MTE2"":4408,""PIPE_MTE3"":6984,""PIPE_V"":25080},""pipe_utilization"":{""PIPE_MTE2"":0.1512334030946581,""PIPE_MTE3"":0.23961299619171783,""PIPE_V"":0.8604659141592617},""task_end"":26025,""task_span_cycles"":26025,""task_start"":0},{""active_any_pipe_cycles"":26101,""active_any_pipe_fraction"":0.8954952482245171,""core_id"":2,""op_count"":365,""pipe_busy_cycles"":{""PIPE_MTE2"":5540,""PIPE_MTE3"":7391,""PIPE_V"":25156},""pipe_utilization"":{""PIPE_MTE2"":0.19007101931588158,""PIPE_MTE3"":0.2535766974302673,""PIPE_V"":0.863073386626411},""task_end"":26101,""task_span_cycles"":26101,""task_start"":0},{""active_any_pipe_cycles"":26101,""active_any_pipe_fraction"":0.8954952482245171,""core_id"":3,""op_count"":365,""pipe_busy_cycles"":{""PIPE_MTE2"":5540,""PIPE_MTE3"":7391,""PIPE_V"":25156},""pipe_utilization"":{""PIPE_MTE2"":0.19007101931588158,""PIPE_MTE3"":0.2535766974302673,""PIPE_V"":0.863073386626411},""task_end"":26101,""task_span_cycles"":26101,""task_start"":0},{""active_any_pipe_cycles"":26025,""active_any_pipe_fraction"":0.8928877757573678,""core_id"":4,""op_count"":367,""pipe_busy_cycles"":{""PIPE_MTE2"":4913,""PIPE_MTE3"":6870,""PIPE_V"":25080},""pipe_utilization"":{""PIPE_MTE2"":0.16855937146190003,""PIPE_MTE3"":0.23570178749099394,""PIPE_V"":0.8604659141592617},""task_end"":26025,""task_span_cycles"":26025,""task_start"":0}]",b1,29147,356352,0,0,0,False,0,11.355254484340549,16287e95cee967ea6c68bab751538d53d28880b86760716ed36f90754b412aa7,e6bc7038e876b549fd6594abf82f868d4992e2d0b3ded8c0cd3632b47df65071,f10054c457dae198817a6971fc3a79903caca6b65ef43817e0cdb4109066fe9e
case_046,1,success,stage1_actual_winner,verified_stage1_global_fallback,276455,3176288,0,3176288,0,0,1,"[{""active_any_pipe_cycles"":276455,""active_any_pipe_fraction"":1.0,""core_id"":0,""op_count"":1214,""pipe_busy_cycles"":{""PIPE_M"":209248,""PIPE_MTE2"":70046,""PIPE_MTE3"":2431,""PIPE_V"":18400},""pipe_utilization"":{""PIPE_M"":0.7568971442006837,""PIPE_MTE2"":0.2533721582174314,""PIPE_MTE3"":0.008793474525691342,""PIPE_V"":0.06655694416812863},""task_end"":276455,""task_span_cycles"":276455,""task_start"":0}]",single,276455,3176288,0,0,0,False,0,0.07641598582267761,857503d10ef18ef2bd83df97b4d5f4601322b93ebd1bc48a48f5ab10454fa15f,d1b4a409de9ead0c25c6c667f834ab2bb78ce217c637479ee300c71065e42062,c6b68cce3e286075abd7518f2171402c47a5ce335945b651dce33a0918c1150f
case_046,2,success,stage1_actual_winner,verified_stage1_global_fallback,112634,930400,930400,0,0,0,2,"[{""active_any_pipe_cycles"":112634,""active_any_pipe_fraction"":1.0,""core_id"":0,""op_count"":554,""pipe_busy_cycles"":{""PIPE_M"":104624,""PIPE_MTE2"":32156,""PIPE_MTE3"":1096,""PIPE_V"":9200},""pipe_utilization"":{""PIPE_M"":0.9288847062165954,""PIPE_MTE2"":0.28549105953797255,""PIPE_MTE3"":0.009730631958378465,""PIPE_V"":0.08168048724186303},""task_end"":112634,""task_span_cycles"":112634,""task_start"":0},{""active_any_pipe_cycles"":112634,""active_any_pipe_fraction"":1.0,""core_id"":1,""op_count"":554,""pipe_busy_cycles"":{""PIPE_M"":104624,""PIPE_MTE2"":32156,""PIPE_MTE3"":1096,""PIPE_V"":9200},""pipe_utilization"":{""PIPE_M"":0.9288847062165954,""PIPE_MTE2"":0.28549105953797255,""PIPE_MTE3"":0.009730631958378465,""PIPE_V"":0.08168048724186303},""task_end"":112634,""task_span_cycles"":112634,""task_start"":0}]",b2a_w16,112634,930400,0,0,0,False,0,1.455457217991352,b81712cd224cfb08c7394f5f4874ea6d0d88d3dc21791a101aad14ff70c7b1a8,03b0ee33a076f18bef19dae4a7e9206b02cd3897c8a22951f2612240fc7da67b,9ea33eb64b347be04debc54df4fce7adb17740cf69c880c2a6a8a5d3c06b759f
case_046,3,success,map_locality@b2a_w16,scene_b_fixed_partition_mapping,89453,2918592,2485440,433152,312320,97,3,"[{""active_any_pipe_cycles"":85453,""active_any_pipe_fraction"":0.9552837803092127,""core_id"":0,""op_count"":463,""pipe_busy_cycles"":{""PIPE_M"":69150,""PIPE_MTE2"":47659,""PIPE_MTE3"":4580,""PIPE_V"":5602},""pipe_utilization"":{""PIPE_M"":0.7730316479044862,""PIPE_MTE2"":0.5327825785608085,""PIPE_MTE3"":0.051200071545951506,""PIPE_V"":0.06262506567694767},""task_end"":88316,""task_span_cycles"":88316,""task_start"":0},{""active_any_pipe_cycles"":80315,""active_any_pipe_fraction"":0.8978457961163964,""core_id"":1,""op_count"":471,""pipe_busy_cycles"":{""PIPE_M"":70448,""PIPE_MTE2"":40494,""PIPE_MTE3"":4459,""PIPE_V"":6038},""pipe_utilization"":{""PIPE_M"":0.7875420611941466,""PIPE_MTE2"":0.45268465003968567,""PIPE_MTE3"":0.04984740590030519,""PIPE_V"":0.06749913362324349},""task_end"":89453,""task_span_cycles"":89453,""task_start"":0},{""active_any_pipe_cycles"":87383,""active_any_pipe_fraction"":0.9768593563100175,""core_id"":2,""op_count"":435,""pipe_busy_cycles"":{""PIPE_M"":69650,""PIPE_MTE2"":33667,""PIPE_MTE3"":4020,""PIPE_V"":6760},""pipe_utilization"":{""PIPE_M"":0.7786211753658345,""PIPE_MTE2"":0.3763652420824343,""PIPE_MTE3"":0.04493980078924128,""PIPE_V"":0.07557041127743061},""task_end"":88446,""task_span_cycles"":88446,""task_start"":0}]",b2a_w4,93107,2513088,-3654,405504,14336,True,0,2.8684713393449783,e46daf175529c659f51711160b0987875b494bbce3f6ed1c5f451d6de9c83890,25623cc63fb1fcbfb579a6964e6427d4a1fc4bf20d6ebaad68605e4b8e3df69f,aa7d5174ca7a39e4563f775cfb96d76360691af8f4575b53da4769f9ca185741
case_046,4,success,stage1_actual_winner,verified_stage1_global_fallback,80768,2791200,2791200,0,0,0,4,"[{""active_any_pipe_cycles"":80768,""active_any_pipe_fraction"":1.0,""core_id"":0,""op_count"":302,""pipe_busy_cycles"":{""PIPE_M"":52312,""PIPE_MTE2"":63216,""PIPE_MTE3"":1096,""PIPE_V"":4600},""pipe_utilization"":{""PIPE_M"":0.6476822503961965,""PIPE_MTE2"":0.7826862123613312,""PIPE_MTE3"":0.01356973058637084,""PIPE_V"":0.05695324881141046},""task_end"":80768,""task_span_cycles"":80768,""task_start"":0},{""active_any_pipe_cycles"":80768,""active_any_pipe_fraction"":1.0,""core_id"":1,""op_count"":302,""pipe_busy_cycles"":{""PIPE_M"":52312,""PIPE_MTE2"":63216,""PIPE_MTE3"":1096,""PIPE_V"":4600},""pipe_utilization"":{""PIPE_M"":0.6476822503961965,""PIPE_MTE2"":0.7826862123613312,""PIPE_MTE3"":0.01356973058637084,""PIPE_V"":0.05695324881141046},""task_end"":80768,""task_span_cycles"":80768,""task_start"":0},{""active_any_pipe_cycles"":80768,""active_any_pipe_fraction"":1.0,""core_id"":2,""op_count"":302,""pipe_busy_cycles"":{""PIPE_M"":52312,""PIPE_MTE2"":63216,""PIPE_MTE3"":1096,""PIPE_V"":4600},""pipe_utilization"":{""PIPE_M"":0.6476822503961965,""PIPE_MTE2"":0.7826862123613312,""PIPE_MTE3"":0.01356973058637084,""PIPE_V"":0.05695324881141046},""task_end"":80768,""task_span_cycles"":80768,""task_start"":0},{""active_any_pipe_cycles"":80768,""active_any_pipe_fraction"":1.0,""core_id"":3,""op_count"":302,""pipe_busy_cycles"":{""PIPE_M"":52312,""PIPE_MTE2"":63216,""PIPE_MTE3"":1096,""PIPE_V"":4600},""pipe_utilization"":{""PIPE_M"":0.6476822503961965,""PIPE_MTE2"":0.7826862123613312,""PIPE_MTE3"":0.01356973058637084,""PIPE_V"":0.05695324881141046},""task_end"":80768,""task_span_cycles"":80768,""task_start"":0}]",b2a_w16,80768,2791200,0,0,0,False,0,2.761003350839019,65948288247accb510f54af9061ee4192a08f429ff534f99b158c8ea2dc50234,cd5add5068f098e4cbc29beb40ebea84ead333ccea616d0304c1dad605167e5e,5b44927b41667c2a639d51c98d1de99942a598fd16c97420f2f69413653db1f1
case_046,5,success,stage1_actual_winner,verified_stage1_global_fallback,80768,2791200,2791200,0,0,0,4,"[{""active_any_pipe_cycles"":80768,""active_any_pipe_fraction"":1.0,""core_id"":0,""op_count"":302,""pipe_busy_cycles"":{""PIPE_M"":52312,""PIPE_MTE2"":63216,""PIPE_MTE3"":1096,""PIPE_V"":4600},""pipe_utilization"":{""PIPE_M"":0.6476822503961965,""PIPE_MTE2"":0.7826862123613312,""PIPE_MTE3"":0.01356973058637084,""PIPE_V"":0.05695324881141046},""task_end"":80768,""task_span_cycles"":80768,""task_start"":0},{""active_any_pipe_cycles"":80768,""active_any_pipe_fraction"":1.0,""core_id"":1,""op_count"":302,""pipe_busy_cycles"":{""PIPE_M"":52312,""PIPE_MTE2"":63216,""PIPE_MTE3"":1096,""PIPE_V"":4600},""pipe_utilization"":{""PIPE_M"":0.6476822503961965,""PIPE_MTE2"":0.7826862123613312,""PIPE_MTE3"":0.01356973058637084,""PIPE_V"":0.05695324881141046},""task_end"":80768,""task_span_cycles"":80768,""task_start"":0},{""active_any_pipe_cycles"":80768,""active_any_pipe_fraction"":1.0,""core_id"":2,""op_count"":302,""pipe_busy_cycles"":{""PIPE_M"":52312,""PIPE_MTE2"":63216,""PIPE_MTE3"":1096,""PIPE_V"":4600},""pipe_utilization"":{""PIPE_M"":0.6476822503961965,""PIPE_MTE2"":0.7826862123613312,""PIPE_MTE3"":0.01356973058637084,""PIPE_V"":0.05695324881141046},""task_end"":80768,""task_span_cycles"":80768,""task_start"":0},{""active_any_pipe_cycles"":80768,""active_any_pipe_fraction"":1.0,""core_id"":3,""op_count"":302,""pipe_busy_cycles"":{""PIPE_M"":52312,""PIPE_MTE2"":63216,""PIPE_MTE3"":1096,""PIPE_V"":4600},""pipe_utilization"":{""PIPE_M"":0.6476822503961965,""PIPE_MTE2"":0.7826862123613312,""PIPE_MTE3"":0.01356973058637084,""PIPE_V"":0.05695324881141046},""task_end"":80768,""task_span_cycles"":80768,""task_start"":0},{""active_any_pipe_cycles"":0,""active_any_pipe_fraction"":0.0,""core_id"":4,""op_count"":0,""pipe_busy_cycles"":{},""pipe_utilization"":{},""task_end"":0,""task_span_cycles"":0,""task_start"":0}]",inherit_k4,80768,2791200,0,0,0,False,0,5.813543995842338,889ae14afd7088f4557957ae54644182a82889081b57bb67417cfd6fe6c48f05,d7edb66b5a287455e6d51683bdc2a23ef09c66e796404238558fff77ed050671,92ee2ee3dbc26807738322af27b892d130fc59de33d8ad6b438232b10a1f4a37
case_047,1,success,stage1_actual_winner,verified_stage1_global_fallback,326508,0,0,0,0,0,1,"[{""active_any_pipe_cycles"":326508,""active_any_pipe_fraction"":1.0,""core_id"":0,""op_count"":13988,""pipe_busy_cycles"":{""PIPE_M"":153760,""PIPE_MTE2"":7862,""PIPE_MTE3"":117,""PIPE_V"":259370},""pipe_utilization"":{""PIPE_M"":0.4709226113908388,""PIPE_MTE2"":0.024079042473691303,""PIPE_MTE3"":0.000358337314859054,""PIPE_V"":0.7943756355127592},""task_end"":326508,""task_span_cycles"":326508,""task_start"":0}]",single,326508,0,0,0,0,False,0,1.0761095266789198,9f686d6fe9cb4664629d51ef1bdb2181b4df150b7646feadcdebe974cbc607eb,f7e1451d3131a66cc5afa7e72d3c97a91aed2d8c45f1d862e42f266e9478e13c,854bc31d9453bbf374e074eca0d3c1895e3e94046f8567eb1568085ef8edd799
case_047,2,success,map_locality@b2a_w16,scene_b_fixed_partition_mapping,249861,560452,560452,0,247936,647,2,"[{""active_any_pipe_cycles"":249861,""active_any_pipe_fraction"":1.0,""core_id"":0,""op_count"":11264,""pipe_busy_cycles"":{""PIPE_M"":123188,""PIPE_MTE2"":9438,""PIPE_MTE3"":3729,""PIPE_V"":194759},""pipe_utilization"":{""PIPE_M"":0.4930261225241234,""PIPE_MTE2"":0.03777300178899468,""PIPE_MTE3"":0.014924297909637759,""PIPE_V"":0.7794693849780477},""task_end"":249861,""task_span_cycles"":249861,""task_start"":0},{""active_any_pipe_cycles"":78117,""active_any_pipe_fraction"":0.3126418288568444,""core_id"":1,""op_count"":4057,""pipe_busy_cycles"":{""PIPE_M"":30572,""PIPE_MTE2"":7588,""PIPE_MTE3"":1518,""PIPE_V"":64611},""pipe_utilization"":{""PIPE_M"":0.12235602995265367,""PIPE_MTE2"":0.030368885100115664,""PIPE_MTE3"":0.006075377910118026,""PIPE_V"":0.2585877748027903},""task_end"":247883,""task_span_cycles"":247883,""task_start"":0}]",b2a_w16,250591,557764,-730,2688,0,True,0,32.99061772599816,373b3b28b1d98569fb62d599b0acb45b0001b3f773282edbfa98cfed2eed0fa9,8b14e3258f66b630b7c86538c82614daedb32b09b5650a8c9a70681bf078c4f5,08a6b54908b59787e5cc65c55a87323fd8bb6a7f0c04a32c054a6a79ce778a18
case_047,3,success,stage1_actual_winner,verified_stage1_global_fallback,230393,849672,849672,0,361280,906,3,"[{""active_any_pipe_cycles"":230393,""active_any_pipe_fraction"":1.0,""core_id"":0,""op_count"":10722,""pipe_busy_cycles"":{""PIPE_M"":115448,""PIPE_MTE2"":8544,""PIPE_MTE3"":5267,""PIPE_V"":179002},""pipe_utilization"":{""PIPE_M"":0.5010916130264375,""PIPE_MTE2"":0.03708446003133776,""PIPE_MTE3"":0.02286093761529213,""PIPE_V"":0.7769420077866949},""task_end"":230393,""task_span_cycles"":230393,""task_start"":0},{""active_any_pipe_cycles"":48941,""active_any_pipe_fraction"":0.2124239885760418,""core_id"":1,""op_count"":2594,""pipe_busy_cycles"":{""PIPE_M"":19008,""PIPE_MTE2"":8369,""PIPE_MTE3"":1323,""PIPE_V"":40004},""pipe_utilization"":{""PIPE_M"":0.08250250658657164,""PIPE_MTE2"":0.03632488834296181,""PIPE_MTE3"":0.005742361964122174,""PIPE_V"":0.17363374755309405},""task_end"":228451,""task_span_cycles"":228451,""task_start"":0},{""active_any_pipe_cycles"":49506,""active_any_pipe_fraction"":0.21487632002708415,""core_id"":2,""op_count"":2560,""pipe_busy_cycles"":{""PIPE_M"":19304,""PIPE_MTE2"":8248,""PIPE_MTE3"":1367,""PIPE_V"":40364},""pipe_utilization"":{""PIPE_M"":0.08378726784233896,""PIPE_MTE2"":0.03579969877557044,""PIPE_MTE3"":0.0059333399886281266,""PIPE_V"":0.17519629502632458},""task_end"":228474,""task_span_cycles"":228474,""task_start"":0}]",b2a_w16,230393,849672,0,0,0,False,0,42.91864201053977,f3b59d538da750338a0f481092fc8e82d7b86b517e7caa4c0a574beb8b122632,da464e75dc324972e84f93e47dbe597b0f86a64670f1024a28fbbe13d77d3ec2,ef9134421b27ca4868e96a755172266a5d283f8ce7197c5915df381370d6a708
case_047,4,success,stage1_actual_winner,verified_stage1_global_fallback,209241,1084300,1084300,0,447584,1194,4,"[{""active_any_pipe_cycles"":124582,""active_any_pipe_fraction"":0.5953995631831238,""core_id"":0,""op_count"":6139,""pipe_busy_cycles"":{""PIPE_M"":58896,""PIPE_MTE2"":8529,""PIPE_MTE3"":3648,""PIPE_V"":99530},""pipe_utilization"":{""PIPE_M"":0.28147447202030196,""PIPE_MTE2"":0.04076160981834344,""PIPE_MTE3"":0.017434441624729378,""PIPE_V"":0.475671593999264},""task_end"":209241,""task_span_cycles"":209241,""task_start"":0},{""active_any_pipe_cycles"":88841,""active_any_pipe_fraction"":0.4245869595346992,""core_id"":1,""op_count"":4378,""pipe_busy_cycles"":{""PIPE_M"":42604,""PIPE_MTE2"":10077,""PIPE_MTE3"":1850,""PIPE_V"":68907},""pipe_utilization"":{""PIPE_M"":0.20361210279056208,""PIPE_MTE2"":0.048159777481468734,""PIPE_MTE3"":0.008841479442365501,""PIPE_V"":0.3293188237486917},""task_end"":208337,""task_span_cycles"":208337,""task_start"":0},{""active_any_pipe_cycles"":87197,""active_any_pipe_fraction"":0.41672999077618633,""core_id"":2,""op_count"":4341,""pipe_busy_cycles"":{""PIPE_M"":40696,""PIPE_MTE2"":9578,""PIPE_MTE3"":3039,""PIPE_V"":66524},""pipe_utilization"":{""PIPE_M"":0.19449343101973324,""PIPE_MTE2"":0.04577496762106853,""PIPE_MTE3"":0.014523922175864195,""PIPE_V"":0.31793004239130956},""task_end"":207929,""task_span_cycles"":207929,""task_start"":0},{""active_any_pipe_cycles"":30264,""active_any_pipe_fraction"":0.1446370453209457,""core_id"":3,""op_count"":1631,""pipe_busy_cycles"":{""PIPE_M"":11564,""PIPE_MTE2"":8493,""PIPE_MTE3"":746,""PIPE_V"":24409},""pipe_utilization"":{""PIPE_M"":0.05526641528189982,""PIPE_MTE2"":0.040589559407573084,""PIPE_MTE3"":0.003565266845407927,""PIPE_V"":0.11665495768037813},""task_end"":205496,""task_span_cycles"":196712,""task_start"":8784}]",b2a_w16,209241,1084300,0,0,0,False,0,62.852039624005556,230cdc684b6830706093896d688b3b2f0cd276161674022ef4275cba028baee4,76be45f25215cb4cb922fa5dfe130c29064a8428718cba128b7a7ec72afa145c,6b5a5d18f719b9039432db228d3d8c16998bd0fc26dc914cd5b0e53e8ad341cd
case_047,5,success,stage1_actual_winner,verified_stage1_global_fallback,201442,1304976,1304976,0,527168,1370,5,"[{""active_any_pipe_cycles"":120758,""active_any_pipe_fraction"":0.5994678368959799,""core_id"":0,""op_count"":6079,""pipe_busy_cycles"":{""PIPE_M"":59916,""PIPE_MTE2"":10741,""PIPE_MTE3"":4994,""PIPE_V"":93148},""pipe_utilization"":{""PIPE_M"":0.29743549011626175,""PIPE_MTE2"":0.05332055877125922,""PIPE_MTE3"":0.0247912550510817,""PIPE_V"":0.4624060523624666},""task_end"":201133,""task_span_cycles"":201133,""task_start"":0},{""active_any_pipe_cycles"":126397,""active_any_pipe_fraction"":0.6274610061456896,""core_id"":1,""op_count"":6061,""pipe_busy_cycles"":{""PIPE_M"":61492,""PIPE_MTE2"":10147,""PIPE_MTE3"":4728,""PIPE_V"":97019},""pipe_utilization"":{""PIPE_M"":0.30525908201864554,""PIPE_MTE2"":0.05037181918368563,""PIPE_MTE3"":0.023470775707151437,""PIPE_V"":0.4816225017622939},""task_end"":201442,""task_span_cycles"":201442,""task_start"":0},{""active_any_pipe_cycles"":30123,""active_any_pipe_fraction"":0.14953683938801243,""core_id"":2,""op_count"":1679,""pipe_busy_cycles"":{""PIPE_M"":11208,""PIPE_MTE2"":11693,""PIPE_MTE3"":1423,""PIPE_V"":24013},""pipe_utilization"":{""PIPE_M"":0.055638843935227014,""PIPE_MTE2"":0.05804648484427279,""PIPE_MTE3"":0.007064068069220917,""PIPE_V"":0.1192055281420955},""task_end"":199273,""task_span_cycles"":199273,""task_start"":0},{""active_any_pipe_cycles"":30427,""active_any_pipe_fraction"":0.15104595863821846,""core_id"":3,""op_count"":1633,""pipe_busy_cycles"":{""PIPE_M"":10988,""PIPE_MTE2"":11495,""PIPE_MTE3"":1224,""PIPE_V"":23743},""pipe_utilization"":{""PIPE_M"":0.05454671816205161,""PIPE_MTE2"":0.057063571648414926,""PIPE_MTE3"":0.0060761906653031645,""PIPE_V"":0.11786519196592568},""task_end"":198846,""task_span_cycles"":187976,""task_start"":10870},{""active_any_pipe_cycles"":27364,""active_any_pipe_fraction"":0.13584058935078086,""core_id"":4,""op_count"":1425,""pipe_busy_cycles"":{""PIPE_M"":10156,""PIPE_MTE2"":10501,""PIPE_MTE3"":1226,""PIPE_V"":21447},""pipe_utilization"":{""PIPE_M"":0.05041649705622462,""PIPE_MTE2"":0.052129148836886054,""PIPE_MTE3"":0.0060861190814229405,""PIPE_V"":0.10646737026042236},""task_end"":199275,""task_span_cycles"":190001,""task_start"":9274}]",b2a_w16,201442,1304976,0,0,0,False,0,82.01060259714723,ae941c743a3ed854403fa8ffddc70c37524c6b5e3990f0b7dde9be359f0a5cc6,69779e522c113ad67a93415b500016066c74f65c1ad1a8bb0af8b51e1162b307,fb606c3bfa5b5e55ab04793fd1bcd583e2e7286211c504565a6acc040c5a7333
case_048,1,success,stage1_actual_winner,verified_stage1_global_fallback,222220,0,0,0,0,0,1,"[{""active_any_pipe_cycles"":222220,""active_any_pipe_fraction"":1.0,""core_id"":0,""op_count"":1900,""pipe_busy_cycles"":{""PIPE_M"":139536,""PIPE_MTE2"":6978,""PIPE_MTE3"":79,""PIPE_V"":120060},""pipe_utilization"":{""PIPE_M"":0.6279182791827919,""PIPE_MTE2"":0.031401314013140134,""PIPE_MTE3"":0.00035550355503555036,""PIPE_V"":0.5402754027540275},""task_end"":222220,""task_span_cycles"":222220,""task_start"":0}]",single,222220,0,0,0,0,False,0,0.12708280235528946,fccfe92b14b3a2062ed290f18d83dd83b311adf67f9ac345c8d09e8bf80e7ca0,d32b77f9856f8edd942e118b95e1add14c4d2f74b57071e96654e1e5164d715a,da74201858a3f5106ed66610743b7976ffb57b3ea4a6f4fea454709e793dcedd
case_048,2,success,stage1_actual_winner,verified_stage1_global_fallback,164258,325572,325572,0,121792,113,2,"[{""active_any_pipe_cycles"":72045,""active_any_pipe_fraction"":0.4386087740018751,""core_id"":0,""op_count"":692,""pipe_busy_cycles"":{""PIPE_M"":40424,""PIPE_MTE2"":4637,""PIPE_MTE3"":1093,""PIPE_V"":39072},""pipe_utilization"":{""PIPE_M"":0.24610064654385175,""PIPE_MTE2"":0.028229979666134983,""PIPE_MTE3"":0.006654166007135117,""PIPE_V"":0.23786969280035067},""task_end"":162707,""task_span_cycles"":162707,""task_start"":0},{""active_any_pipe_cycles"":154366,""active_any_pipe_fraction"":0.9397776668411889,""core_id"":1,""op_count"":1465,""pipe_busy_cycles"":{""PIPE_M"":99112,""PIPE_MTE2"":6910,""PIPE_MTE3"":1355,""PIPE_V"":80988},""pipe_utilization"":{""PIPE_M"":0.6033922244274251,""PIPE_MTE2"":0.04206796624821926,""PIPE_MTE3"":0.008249217694115355,""PIPE_V"":0.49305361078303644},""task_end"":164258,""task_span_cycles"":164258,""task_start"":0}]",b2a_w16,164258,325572,0,0,0,False,0,3.357921516522765,c6c1ee28e0849abc2a2dd64cde8a8038ba4a0157a61902c4a652b4f32d2775ed,ba25ce5c5e3c87d5ce9ee27f1c97a4d4aa12cb54b7204667f77e68aa8dac2a7b,5c20bec8d993a53b2f23fcb555e0c9a5f8b18c18a9e76da458cefb799556136a
case_048,3,success,stage1_actual_winner,verified_stage1_global_fallback,151763,487976,487976,0,202704,203,3,"[{""active_any_pipe_cycles"":95438,""active_any_pipe_fraction"":0.6288621073647727,""core_id"":0,""op_count"":891,""pipe_busy_cycles"":{""PIPE_M"":56624,""PIPE_MTE2"":5772,""PIPE_MTE3"":1649,""PIPE_V"":51013},""pipe_utilization"":{""PIPE_M"":0.37310806981938943,""PIPE_MTE2"":0.038032985642086674,""PIPE_MTE3"":0.010865626008974519,""PIPE_V"":0.33613594881492853},""task_end"":151365,""task_span_cycles"":151365,""task_start"":0},{""active_any_pipe_cycles"":113466,""active_any_pipe_fraction"":0.7476525898934523,""core_id"":1,""op_count"":914,""pipe_busy_cycles"":{""PIPE_M"":72952,""PIPE_MTE2"":5904,""PIPE_MTE3"":2139,""PIPE_V"":55547},""pipe_utilization"":{""PIPE_M"":0.48069687605015715,""PIPE_MTE2"":0.03890276286051277,""PIPE_MTE3"":0.014094344471313825,""PIPE_V"":0.36601147842359466},""task_end"":151763,""task_span_cycles"":151763,""task_start"":0},{""active_any_pipe_cycles"":21209,""active_any_pipe_fraction"":0.13975079564847823,""core_id"":2,""op_count"":536,""pipe_busy_cycles"":{""PIPE_M"":9960,""PIPE_MTE2"":5145,""PIPE_MTE3"":325,""PIPE_V"":13500},""pipe_utilization"":{""PIPE_M"":0.06562864466306016,""PIPE_MTE2"":0.033901543854562705,""PIPE_MTE3"":0.002141496939306682,""PIPE_V"":0.08895448824812371},""task_end"":147528,""task_span_cycles"":147528,""task_start"":0}]",b2a_w16,151763,487976,0,0,0,False,0,4.99626250565052,22b63c0683c50cc99d1137fa0267191b5c587ac4f8b65c3db64fa391d622ada6,edba03455b0f8e58761ab3810e23bf0e89aeff9931ac95467178b8cb47689b8e,80ab60de9474c8124f62aaa08c40d5b5fcad2764b581522e0adbf1aee967e95c
case_048,4,success,stage1_actual_winner,verified_stage1_global_fallback,151763,487976,487976,0,202704,203,3,"[{""active_any_pipe_cycles"":95438,""active_any_pipe_fraction"":0.6288621073647727,""core_id"":0,""op_count"":891,""pipe_busy_cycles"":{""PIPE_M"":56624,""PIPE_MTE2"":5772,""PIPE_MTE3"":1649,""PIPE_V"":51013},""pipe_utilization"":{""PIPE_M"":0.37310806981938943,""PIPE_MTE2"":0.038032985642086674,""PIPE_MTE3"":0.010865626008974519,""PIPE_V"":0.33613594881492853},""task_end"":151365,""task_span_cycles"":151365,""task_start"":0},{""active_any_pipe_cycles"":113466,""active_any_pipe_fraction"":0.7476525898934523,""core_id"":1,""op_count"":914,""pipe_busy_cycles"":{""PIPE_M"":72952,""PIPE_MTE2"":5904,""PIPE_MTE3"":2139,""PIPE_V"":55547},""pipe_utilization"":{""PIPE_M"":0.48069687605015715,""PIPE_MTE2"":0.03890276286051277,""PIPE_MTE3"":0.014094344471313825,""PIPE_V"":0.36601147842359466},""task_end"":151763,""task_span_cycles"":151763,""task_start"":0},{""active_any_pipe_cycles"":21209,""active_any_pipe_fraction"":0.13975079564847823,""core_id"":2,""op_count"":536,""pipe_busy_cycles"":{""PIPE_M"":9960,""PIPE_MTE2"":5145,""PIPE_MTE3"":325,""PIPE_V"":13500},""pipe_utilization"":{""PIPE_M"":0.06562864466306016,""PIPE_MTE2"":0.033901543854562705,""PIPE_MTE3"":0.002141496939306682,""PIPE_V"":0.08895448824812371},""task_end"":147528,""task_span_cycles"":147528,""task_start"":0},{""active_any_pipe_cycles"":0,""active_any_pipe_fraction"":0.0,""core_id"":3,""op_count"":0,""pipe_busy_cycles"":{},""pipe_utilization"":{},""task_end"":0,""task_span_cycles"":0,""task_start"":0}]",inherit_k3,151763,487976,0,0,0,False,0,5.96842036396265,3999afbcd54970ca870c5d8e9b97daf98e78eb34751f5d0ae35e6ba41e7c695f,1e9210e3504e35bc885b18a51b13d0fb75444e611a269c99804ac34cee5945ee,8bf43b32344e2a196434f80fcba0bee466e9f49c78712fe370b8b1397fe49596
case_048,5,success,map_locality@b2a_w16,scene_b_fixed_partition_mapping,151418,489456,489456,0,203408,207,5,"[{""active_any_pipe_cycles"":29017,""active_any_pipe_fraction"":0.19163507641099473,""core_id"":0,""op_count"":376,""pipe_busy_cycles"":{""PIPE_M"":17032,""PIPE_MTE2"":3210,""PIPE_MTE3"":480,""PIPE_V"":15196},""pipe_utilization"":{""PIPE_M"":0.112483324307546,""PIPE_MTE2"":0.021199593179146468,""PIPE_MTE3"":0.003170032624919098,""PIPE_V"":0.10035794951723045},""task_end"":151418,""task_span_cycles"":151418,""task_start"":0},{""active_any_pipe_cycles"":53457,""active_any_pipe_fraction"":0.3530425708964588,""core_id"":1,""op_count"":434,""pipe_busy_cycles"":{""PIPE_M"":34408,""PIPE_MTE2"":2310,""PIPE_MTE3"":1042,""PIPE_V"":26506},""pipe_utilization"":{""PIPE_M"":0.22723850532961734,""PIPE_MTE2"":0.01525578200742316,""PIPE_MTE3"":0.006881612489928542,""PIPE_V"":0.1750518432418867},""task_end"":63853,""task_span_cycles"":53457,""task_start"":10396},{""active_any_pipe_cycles"":43944,""active_any_pipe_fraction"":0.29021648681134343,""core_id"":2,""op_count"":466,""pipe_busy_cycles"":{""PIPE_M"":25448,""PIPE_MTE2"":3875,""PIPE_MTE3"":741,""PIPE_V"":23156},""pipe_utilization"":{""PIPE_M"":0.16806456299779418,""PIPE_MTE2"":0.02559140921158647,""PIPE_MTE3"":0.004893737864718858,""PIPE_V"":0.1529276572138055},""task_end"":151020,""task_span_cycles"":151020,""task_start"":0},{""active_any_pipe_cycles"":68970,""active_any_pipe_fraction"":0.4554940627930629,""core_id"":3,""op_count"":615,""pipe_busy_cycles"":{""PIPE_M"":42904,""PIPE_MTE2"":5048,""PIPE_MTE3"":1431,""PIPE_V"":34308},""pipe_utilization"":{""PIPE_M"":0.2833480827906854,""PIPE_MTE2"":0.03333817643873251,""PIPE_MTE3"":0.009450659763040062,""PIPE_V"":0.22657808186609255},""task_end"":130868,""task_span_cycles"":130868,""task_start"":0},{""active_any_pipe_cycles"":35824,""active_any_pipe_fraction"":0.23659010157312868,""core_id"":4,""op_count"":463,""pipe_busy_cycles"":{""PIPE_M"":19744,""PIPE_MTE2"":4132,""PIPE_MTE3"":554,""PIPE_V"":20894},""pipe_utilization"":{""PIPE_M"":0.13039400863833892,""PIPE_MTE2"":0.027288697512845236,""PIPE_MTE3"":0.003658745987927459,""PIPE_V"":0.13798887846887425},""task_end"":147183,""task_span_cycles"":147183,""task_start"":0}]",inherit_k3,151763,487976,-345,1480,0,True,0,9.763146420940757,ca42a3f6ae473436e86b69dfd344d074042d24583eb232cec8d76f93a84990c2,8f117f6d96138b8d598d83006ca0f1a5be93193910b128467b42220c0a0ca5c8,27a3f4ba24d425bf95c1852b47d70ffc12332ae3fbc8274b2ca70a30729e3809
case_049,1,success,stage1_actual_winner,verified_stage1_global_fallback,196276,0,0,0,0,0,1,"[{""active_any_pipe_cycles"":196276,""active_any_pipe_fraction"":1.0,""core_id"":0,""op_count"":4465,""pipe_busy_cycles"":{""PIPE_M"":95464,""PIPE_MTE2"":2642,""PIPE_MTE3"":18,""PIPE_V"":165715},""pipe_utilization"":{""PIPE_M"":0.48637632721270047,""PIPE_MTE2"":0.013460637062096232,""PIPE_MTE3"":9.17075954268479e-05,""PIPE_V"":0.84429578756445},""task_end"":196276,""task_span_cycles"":196276,""task_start"":0}]",single,196276,0,0,0,0,False,0,0.318591495975852,d767968e9f5a8e43d324117a3b03928e23ae34a2dd070416c9bc7e85324192c8,2186478cd6f24e1941a013639c9a52be08c5349cdf117842cedcedee1ff4f6dc,b8f1975bf8d92264c34402d84d1252cd06996ea41ded4f7db09a947abcd7367e
case_049,2,success,map_locality@b2a_w16,scene_b_fixed_partition_mapping,120187,1365816,1365816,0,673882,497,2,"[{""active_any_pipe_cycles"":104392,""active_any_pipe_fraction"":0.8685797964838127,""core_id"":0,""op_count"":2854,""pipe_busy_cycles"":{""PIPE_M"":50392,""PIPE_MTE2"":10340,""PIPE_MTE3"":9050,""PIPE_V"":85403},""pipe_utilization"":{""PIPE_M"":0.4192799554028306,""PIPE_MTE2"":0.08603259919958066,""PIPE_MTE3"":0.07529932521820164,""PIPE_V"":0.7105843394044281},""task_end"":120187,""task_span_cycles"":120187,""task_start"":0},{""active_any_pipe_cycles"":97444,""active_any_pipe_fraction"":0.8107698835980597,""core_id"":1,""op_count"":2626,""pipe_busy_cycles"":{""PIPE_M"":45072,""PIPE_MTE2"":11717,""PIPE_MTE3"":7789,""PIPE_V"":80312},""pipe_utilization"":{""PIPE_M"":0.3750156006889264,""PIPE_MTE2"":0.0974897451471457,""PIPE_MTE3"":0.06480734189221796,""PIPE_V"":0.6682253488314044},""task_end"":119751,""task_span_cycles"":119751,""task_start"":0}]",b2a_w16,120499,1396528,-312,-30712,0,True,0,10.61718963086605,be802c0e5b923d7a22f968623538c8cbd042c762272aa3967758eb5f61caec88,09330b3a6a11bb4eda27fa9b14784d80f9521a8ac5c0ba0708b4f5c0d954dfe6,6c973ae07b6538447f736e1cf5be60cbe0cf5bb986fe3266e91c54dc73fefac8
case_049,3,success,stage1_actual_winner,verified_stage1_global_fallback,97824,1650932,1650932,0,806134,637,3,"[{""active_any_pipe_cycles"":58076,""active_any_pipe_fraction"":0.5936784429178934,""core_id"":0,""op_count"":1783,""pipe_busy_cycles"":{""PIPE_M"":20780,""PIPE_MTE2"":10925,""PIPE_MTE3"":4418,""PIPE_V"":49724},""pipe_utilization"":{""PIPE_M"":0.2124223094537128,""PIPE_MTE2"":0.11168016028786391,""PIPE_MTE3"":0.045162741249591104,""PIPE_V"":0.5083006215243703},""task_end"":95547,""task_span_cycles"":95547,""task_start"":0},{""active_any_pipe_cycles"":70807,""active_any_pipe_fraction"":0.7238203303892705,""core_id"":1,""op_count"":1935,""pipe_busy_cycles"":{""PIPE_M"":32468,""PIPE_MTE2"":10867,""PIPE_MTE3"":7632,""PIPE_V"":56618},""pipe_utilization"":{""PIPE_M"":0.3319021916912005,""PIPE_MTE2"":0.1110872587504089,""PIPE_MTE3"":0.07801766437684005,""PIPE_V"":0.5787741249591103},""task_end"":96003,""task_span_cycles"":96003,""task_start"":0},{""active_any_pipe_cycles"":81129,""active_any_pipe_fraction"":0.8293363591756624,""core_id"":2,""op_count"":2064,""pipe_busy_cycles"":{""PIPE_M"":42216,""PIPE_MTE2"":9198,""PIPE_MTE3"":9895,""PIPE_V"":59373},""pipe_utilization"":{""PIPE_M"":0.4315505397448479,""PIPE_MTE2"":0.09402600588812561,""PIPE_MTE3"":0.10115104677788682,""PIPE_V"":0.6069369479882237},""task_end"":97824,""task_span_cycles"":97824,""task_start"":0}]",b2a_w16,97824,1650932,0,0,0,False,0,18.48587724380195,9c25657e0d69096e5b0df83fc02d0ce3a69a5017bbf498453ce71c7c09cca515,fa8e3b034cd8e07bf3cb4f42c92a84fe0b904d5ccb3656ebc0a41ed86b565aa9,e9ad89e5c68fa696708b90ee763756c7850b298a2e9b9e1c26a7011671035bf1
case_049,4,success,stage1_actual_winner,verified_stage1_global_fallback,86219,2250304,2250304,0,1094042,817,4,"[{""active_any_pipe_cycles"":72375,""active_any_pipe_fraction"":0.8394321437270207,""core_id"":0,""op_count"":1992,""pipe_busy_cycles"":{""PIPE_M"":35652,""PIPE_MTE2"":18173,""PIPE_MTE3"":17893,""PIPE_V"":50089},""pipe_utilization"":{""PIPE_M"":0.4135051438777996,""PIPE_MTE2"":0.21077720688015403,""PIPE_MTE3"":0.2075296628353379,""PIPE_V"":0.5809508345028358},""task_end"":86036,""task_span_cycles"":86036,""task_start"":0},{""active_any_pipe_cycles"":48602,""active_any_pipe_fraction"":0.5637040559505445,""core_id"":1,""op_count"":1293,""pipe_busy_cycles"":{""PIPE_M"":16292,""PIPE_MTE2"":18351,""PIPE_MTE3"":11113,""PIPE_V"":36386},""pipe_utilization"":{""PIPE_M"":0.18896066992194296,""PIPE_MTE2"":0.21284171702292998,""PIPE_MTE3"":0.1288927034644336,""PIPE_V"":0.42201834862385323},""task_end"":86219,""task_span_cycles"":86219,""task_start"":0},{""active_any_pipe_cycles"":59091,""active_any_pipe_fraction"":0.6853593755436737,""core_id"":2,""op_count"":1593,""pipe_busy_cycles"":{""PIPE_M"":26324,""PIPE_MTE2"":19059,""PIPE_MTE3"":14393,""PIPE_V"":40907},""pipe_utilization"":{""PIPE_M"":0.30531553369906866,""PIPE_MTE2"":0.22105336410767928,""PIPE_MTE3"":0.16693536227513658,""PIPE_V"":0.4744545865760447},""task_end"":85219,""task_span_cycles"":85219,""task_start"":0},{""active_any_pipe_cycles"":48165,""active_any_pipe_fraction"":0.5586355675663137,""core_id"":3,""op_count"":1286,""pipe_busy_cycles"":{""PIPE_M"":17196,""PIPE_MTE2"":19423,""PIPE_MTE3"":11103,""PIPE_V"":38333},""pipe_utilization"":{""PIPE_M"":0.19944559783806354,""PIPE_MTE2"":0.22527517136594022,""PIPE_MTE3"":0.1287767197485473,""PIPE_V"":0.4446003781069138},""task_end"":85817,""task_span_cycles"":85817,""task_start"":0}]",b2a_w16,86219,2250304,0,0,0,False,0,23.998767910525203,cfb1d39b4afd7f49b700bcd3bd776f63ba17b9ef900c59ec84c7451403973814,5d30da04bf07d538bcba45c6a52731ff3ecff3bd6629b4d255092246ae377208,efb2084086ecd5945f106bdef0367de1f0fa21acc29d9fb75cc43474fb98df12
case_049,5,success,map_locality@b2a_w16,scene_b_fixed_partition_mapping,82826,2339072,2339072,0,1140344,850,5,"[{""active_any_pipe_cycles"":67230,""active_any_pipe_fraction"":0.8117016395817739,""core_id"":0,""op_count"":1788,""pipe_busy_cycles"":{""PIPE_M"":37896,""PIPE_MTE2"":16978,""PIPE_MTE3"":14584,""PIPE_V"":37672},""pipe_utilization"":{""PIPE_M"":0.4575374882283341,""PIPE_MTE2"":0.20498394224035932,""PIPE_MTE3"":0.17607997488711274,""PIPE_V"":0.45483302344674376},""task_end"":81166,""task_span_cycles"":81166,""task_start"":0},{""active_any_pipe_cycles"":53834,""active_any_pipe_fraction"":0.6499649868398812,""core_id"":1,""op_count"":1370,""pipe_busy_cycles"":{""PIPE_M"":23084,""PIPE_MTE2"":18073,""PIPE_MTE3"":14268,""PIPE_V"":39234},""pipe_utilization"":{""PIPE_M"":0.27870475454567406,""PIPE_MTE2"":0.21820442856107986,""PIPE_MTE3"":0.17226474778451212,""PIPE_V"":0.4736918358969406},""task_end"":81884,""task_span_cycles"":81884,""task_start"":0},{""active_any_pipe_cycles"":41291,""active_any_pipe_fraction"":0.4985270325743124,""core_id"":2,""op_count"":1101,""pipe_busy_cycles"":{""PIPE_M"":10188,""PIPE_MTE2"":18850,""PIPE_MTE3"":10799,""PIPE_V"":29003},""pipe_utilization"":{""PIPE_M"":0.12300485354840268,""PIPE_MTE2"":0.2275855407722213,""PIPE_MTE3"":0.13038176418032985,""PIPE_V"":0.35016782169850047},""task_end"":82471,""task_span_cycles"":82471,""task_start"":0},{""active_any_pipe_cycles"":40258,""active_any_pipe_fraction"":0.4860551034699249,""core_id"":3,""op_count"":983,""pipe_busy_cycles"":{""PIPE_M"":11184,""PIPE_MTE2"":17894,""PIPE_MTE3"":13122,""PIPE_V"":30104},""pipe_utilization"":{""PIPE_M"":0.13503006302368822,""PIPE_MTE2"":0.21604327143650545,""PIPE_MTE3"":0.1584285127858402,""PIPE_V"":0.36346074904015646},""task_end"":82826,""task_span_cycles"":82826,""task_start"":0},{""active_any_pipe_cycles"":38385,""active_any_pipe_fraction"":0.46344143143457367,""core_id"":4,""op_count"":996,""pipe_busy_cycles"":{""PIPE_M"":13112,""PIPE_MTE2"":19330,""PIPE_MTE3"":12604,""PIPE_V"":29702},""pipe_utilization"":{""PIPE_M"":0.15830777775094776,""PIPE_MTE2"":0.23338082244705768,""PIPE_MTE3"":0.15217443797841257,""PIPE_V"":0.35860720063748097},""task_end"":81000,""task_span_cycles"":81000,""task_start"":0}]",b2a_w16,84557,2413584,-1731,-74512,0,True,0,22.15236446261406,39e090baf16421bd79a3a0de580941e5af2526dffa9aa0efd035135a4bdb6a84,ec21d3e9fc4bd097242ea5ffa56958debb4a19937764c08dd8cfa71617514b5e,d285d16d4f5779a9665ec6f9e11ce7d0d3b3769d8d7155686ac8b30536479567
case_050,1,success,stage1_actual_winner,verified_stage1_global_fallback,149690,0,0,0,0,0,1,"[{""active_any_pipe_cycles"":149690,""active_any_pipe_fraction"":1.0,""core_id"":0,""op_count"":4781,""pipe_busy_cycles"":{""PIPE_M"":51968,""PIPE_MTE2"":5443,""PIPE_MTE3"":42,""PIPE_V"":133411},""pipe_utilization"":{""PIPE_M"":0.34717081969403435,""PIPE_MTE2"":0.036361814416460685,""PIPE_MTE3"":0.00028057986505444587,""PIPE_V"":0.8912485803994923},""task_end"":149690,""task_span_cycles"":149690,""task_start"":0}]",single,149690,0,0,0,0,False,0,0.33449452370405197,bcb05239a30c953db5499352668fc934e20c5d9e7b9179eb9e491a699ebbcb4a,f13b23adc8986223c3ed16bd5199b6a24e63786f325ffabaacedaa6a1d3a2149,0d734dcd084f07381e87fbfb71857f2f54e5a7fd1934c95db46de43c24a6fb9d
case_050,2,success,stage1_actual_winner,verified_stage1_global_fallback,81891,1176512,1176512,0,551134,696,2,"[{""active_any_pipe_cycles"":77720,""active_any_pipe_fraction"":0.9490664419777509,""core_id"":0,""op_count"":3116,""pipe_busy_cycles"":{""PIPE_M"":30768,""PIPE_MTE2"":13198,""PIPE_MTE3"":6581,""PIPE_V"":66754},""pipe_utilization"":{""PIPE_M"":0.3757189434736418,""PIPE_MTE2"":0.16116545163693202,""PIPE_MTE3"":0.08036292144435897,""PIPE_V"":0.8151567327300925},""task_end"":80337,""task_span_cycles"":80337,""task_start"":0},{""active_any_pipe_cycles"":72813,""active_any_pipe_fraction"":0.8891453273253471,""core_id"":1,""op_count"":3093,""pipe_busy_cycles"":{""PIPE_M"":21200,""PIPE_MTE2"":12861,""PIPE_MTE3"":8165,""PIPE_V"":66657},""pipe_utilization"":{""PIPE_M"":0.2588807072816305,""PIPE_MTE2"":0.15705022529948345,""PIPE_MTE3"":0.0997057063657789,""PIPE_V"":0.8139722313807378},""task_end"":81891,""task_span_cycles"":81891,""task_start"":0}]",b2a_w16,81891,1176512,0,0,0,False,0,8.055102288722992,e512f85c4d2e2c411265604e611176f41e5ff0d372c6dc09b228368edacba41b,55c4225922e27af0ffb0257522cb5e8f413ba5106c32979435ca2d91daca3a73,11e0c56b04fe3d62eb07d7b36ec37cac5c373c9e5e2c942bafcc09de0b64690a
case_050,3,success,stage1_actual_winner,verified_stage1_global_fallback,53248,1479980,1479980,0,652562,908,3,"[{""active_any_pipe_cycles"":49411,""active_any_pipe_fraction"":0.9279409555288461,""core_id"":0,""op_count"":2166,""pipe_busy_cycles"":{""PIPE_M"":15560,""PIPE_MTE2"":14050,""PIPE_MTE3"":6523,""PIPE_V"":43022},""pipe_utilization"":{""PIPE_M"":0.2922175480769231,""PIPE_MTE2"":0.2638596754807692,""PIPE_MTE3"":0.12250225360576923,""PIPE_V"":0.8079552283653846},""task_end"":53177,""task_span_cycles"":53177,""task_start"":0},{""active_any_pipe_cycles"":53248,""active_any_pipe_fraction"":1.0,""core_id"":1,""op_count"":2053,""pipe_busy_cycles"":{""PIPE_M"":16376,""PIPE_MTE2"":15589,""PIPE_MTE3"":6306,""PIPE_V"":46659},""pipe_utilization"":{""PIPE_M"":0.3075420673076923,""PIPE_MTE2"":0.29276216947115385,""PIPE_MTE3"":0.11842698317307693,""PIPE_V"":0.8762582632211539},""task_end"":53248,""task_span_cycles"":53248,""task_start"":0},{""active_any_pipe_cycles"":50725,""active_any_pipe_fraction"":0.9526179387019231,""core_id"":2,""op_count"":2449,""pipe_busy_cycles"":{""PIPE_M"":20032,""PIPE_MTE2"":11024,""PIPE_MTE3"":8550,""PIPE_V"":43730},""pipe_utilization"":{""PIPE_M"":0.3762019230769231,""PIPE_MTE2"":0.20703125,""PIPE_MTE3"":0.16056941105769232,""PIPE_V"":0.8212515024038461},""task_end"":53231,""task_span_cycles"":53231,""task_start"":0}]",b2a_w16,53248,1479980,0,0,0,False,0,19.576333472505212,3ee1010f8ae0469d066981962cb1475b2f73fa3b4050717c85524a9734f47fa9,47d7bee95602e7f125c9f27df872b069fce5da793a13d59e0b4466a7cbba3b6a,b18d156f874986a6a68f6f71b31d8daa2464a22b20f8b3310d5b4c15bb14fd06
case_050,4,success,map_locality@b2a_w16,scene_b_fixed_partition_mapping,44776,1737528,1737528,0,757654,1039,4,"[{""active_any_pipe_cycles"":43036,""active_any_pipe_fraction"":0.961139896373057,""core_id"":0,""op_count"":1798,""pipe_busy_cycles"":{""PIPE_M"":14332,""PIPE_MTE2"":24350,""PIPE_MTE3"":12039,""PIPE_V"":34110},""pipe_utilization"":{""PIPE_M"":0.3200821868858317,""PIPE_MTE2"":0.5438181168483116,""PIPE_MTE3"":0.2688717169912453,""PIPE_V"":0.7617920314454172},""task_end"":44776,""task_span_cycles"":44776,""task_start"":0},{""active_any_pipe_cycles"":41677,""active_any_pipe_fraction"":0.9307888154368411,""core_id"":1,""op_count"":1590,""pipe_busy_cycles"":{""PIPE_M"":11068,""PIPE_MTE2"":19078,""PIPE_MTE3"":10541,""PIPE_V"":33211},""pipe_utilization"":{""PIPE_M"":0.24718599249598,""PIPE_MTE2"":0.4260764695372521,""PIPE_MTE3"":0.23541629444345186,""PIPE_V"":0.7417143112381633},""task_end"":44604,""task_span_cycles"":44604,""task_start"":0},{""active_any_pipe_cycles"":41520,""active_any_pipe_fraction"":0.9272824727532607,""core_id"":2,""op_count"":1648,""pipe_busy_cycles"":{""PIPE_M"":11132,""PIPE_MTE2"":22415,""PIPE_MTE3"":14631,""PIPE_V"":32282},""pipe_utilization"":{""PIPE_M"":0.24861532964087904,""PIPE_MTE2"":0.5006030016080043,""PIPE_MTE3"":0.32675987135965695,""PIPE_V"":0.720966589244238},""task_end"":44590,""task_span_cycles"":44590,""task_start"":0},{""active_any_pipe_cycles"":42740,""active_any_pipe_fraction"":0.9545292120778989,""core_id"":3,""op_count"":1938,""pipe_busy_cycles"":{""PIPE_M"":15436,""PIPE_MTE2"":16213,""PIPE_MTE3"":12348,""PIPE_V"":33808},""pipe_utilization"":{""PIPE_M"":0.34473825263534036,""PIPE_MTE2"":0.3620912989101304,""PIPE_MTE3"":0.2757727353939611,""PIPE_V"":0.7550473467929247},""task_end"":44095,""task_span_cycles"":44095,""task_start"":0}]",b2a_w16,46748,1747432,-1972,-9904,0,True,0,24.73950402624905,eb5aecb066f3f697f221a7fd6411a5dcaf1e816f2998c82cf0a310b01739e166,c58d9fc2f8aff691dcbde7f85d03a32144cbcf1dd7a8875c6a7dc5bd81a3f5c8,327f5a6974f07a018d9d442342a709d16165689c1490680e191af3c19d8faede
case_050,5,success,map_locality@b2a_w16,scene_b_fixed_partition_mapping,42067,1663544,1663544,0,704660,1081,5,"[{""active_any_pipe_cycles"":36305,""active_any_pipe_fraction"":0.8630280267192811,""core_id"":0,""op_count"":1603,""pipe_busy_cycles"":{""PIPE_M"":10960,""PIPE_MTE2"":15062,""PIPE_MTE3"":8256,""PIPE_V"":26639},""pipe_utilization"":{""PIPE_M"":0.2605367627831792,""PIPE_MTE2"":0.35804787600732163,""PIPE_MTE3"":0.19625834977535836,""PIPE_V"":0.6332517174982766},""task_end"":41652,""task_span_cycles"":41652,""task_start"":0},{""active_any_pipe_cycles"":35545,""active_any_pipe_fraction"":0.8449616088620534,""core_id"":1,""op_count"":1391,""pipe_busy_cycles"":{""PIPE_M"":12704,""PIPE_MTE2"":16833,""PIPE_MTE3"":8564,""PIPE_V"":25435},""pipe_utilization"":{""PIPE_M"":0.3019944374450282,""PIPE_MTE2"":0.4001473839351511,""PIPE_MTE3"":0.20358000332802434,""PIPE_V"":0.6046307081560368},""task_end"":42067,""task_span_cycles"":42067,""task_start"":0},{""active_any_pipe_cycles"":34857,""active_any_pipe_fraction"":0.8286067463807735,""core_id"":2,""op_count"":1341,""pipe_busy_cycles"":{""PIPE_M"":8368,""PIPE_MTE2"":20050,""PIPE_MTE3"":9684,""PIPE_V"":28386},""pipe_utilization"":{""PIPE_M"":0.19892076924905508,""PIPE_MTE2"":0.4766206289966007,""PIPE_MTE3"":0.23020419806499157,""PIPE_V"":0.6747807069674566},""task_end"":41414,""task_span_cycles"":41414,""task_start"":0},{""active_any_pipe_cycles"":32922,""active_any_pipe_fraction"":0.782608695652174,""core_id"":3,""op_count"":1179,""pipe_busy_cycles"":{""PIPE_M"":7228,""PIPE_MTE2"":17155,""PIPE_MTE3"":6650,""PIPE_V"":24616},""pipe_utilization"":{""PIPE_M"":0.17182114246321345,""PIPE_MTE2"":0.4078018399220291,""PIPE_MTE3"":0.15808115625074287,""PIPE_V"":0.5851617657546295},""task_end"":41338,""task_span_cycles"":41338,""task_start"":0},{""active_any_pipe_cycles"":37313,""active_any_pipe_fraction"":0.8869898019825516,""core_id"":4,""op_count"":1574,""pipe_busy_cycles"":{""PIPE_M"":12708,""PIPE_MTE2"":13451,""PIPE_MTE3"":10648,""PIPE_V"":28335},""pipe_utilization"":{""PIPE_M"":0.30208952385480303,""PIPE_MTE2"":0.31975182447048756,""PIPE_MTE3"":0.25312002282073837,""PIPE_V"":0.6735683552428269},""task_end"":41530,""task_span_cycles"":41530,""task_start"":0}]",b2a_w16,42140,1696052,-73,-32508,0,True,0,31.000339711084962,d6a7494fda05374d6468e5932b1dc8f64c90cd0a058ac0c29eddd1129eb68617,b622b70d309fd5850cc74d6bf1aa346931bea472394cee7fc0a0692865a5cff7,bafafefd16a68b3d33144dd77b07a50cb286f40aef0ed2060d949deca7befdcd
case_051,1,success,stage1_actual_winner,verified_stage1_global_fallback,607628,0,0,0,0,0,1,"[{""active_any_pipe_cycles"":607628,""active_any_pipe_fraction"":1.0,""core_id"":0,""op_count"":1429,""pipe_busy_cycles"":{""PIPE_MTE2"":6564,""PIPE_MTE3"":1,""PIPE_V"":607080},""pipe_utilization"":{""PIPE_MTE2"":0.01080266215513439,""PIPE_MTE3"":1.6457437774427774e-06,""PIPE_V"":0.9990981324099614},""task_end"":607628,""task_span_cycles"":607628,""task_start"":0}]",single,607628,0,0,0,0,False,0,0.09539665654301643,a99839fc0c6ff3f3581958c9c69c3737e2f83f16ad3efe64d200b0afcd604df0,d2a74eed1ca12d1890a92f6146eeff44c75d533e1a44afdef3274970662eddd5,6e4abe0d83f75fec3216da73d4565711b660aada7950aeacbcb901a65cdc85b3
case_051,2,success,stage1_actual_winner,verified_stage1_global_fallback,607628,0,0,0,0,0,1,"[{""active_any_pipe_cycles"":607628,""active_any_pipe_fraction"":1.0,""core_id"":0,""op_count"":1429,""pipe_busy_cycles"":{""PIPE_MTE2"":6564,""PIPE_MTE3"":1,""PIPE_V"":607080},""pipe_utilization"":{""PIPE_MTE2"":0.01080266215513439,""PIPE_MTE3"":1.6457437774427774e-06,""PIPE_V"":0.9990981324099614},""task_end"":607628,""task_span_cycles"":607628,""task_start"":0},{""active_any_pipe_cycles"":0,""active_any_pipe_fraction"":0.0,""core_id"":1,""op_count"":0,""pipe_busy_cycles"":{},""pipe_utilization"":{},""task_end"":0,""task_span_cycles"":0,""task_start"":0}]",single,607628,0,0,0,0,False,0,1.7490777093917131,2a2865adc5eff22153cf709fe4d0e43cbfa7456ab5e749636d0c433923fc996f,4186cb12a266bc82b735c8c96b121ef2f9813feb159d438ad576a7fb66b374b4,3e5c14263982c1fadf2146d33334ce0fa8b33e9326e736356002f379d98bf0b8
case_051,3,success,stage1_actual_winner,verified_stage1_global_fallback,607628,0,0,0,0,0,1,"[{""active_any_pipe_cycles"":607628,""active_any_pipe_fraction"":1.0,""core_id"":0,""op_count"":1429,""pipe_busy_cycles"":{""PIPE_MTE2"":6564,""PIPE_MTE3"":1,""PIPE_V"":607080},""pipe_utilization"":{""PIPE_MTE2"":0.01080266215513439,""PIPE_MTE3"":1.6457437774427774e-06,""PIPE_V"":0.9990981324099614},""task_end"":607628,""task_span_cycles"":607628,""task_start"":0},{""active_any_pipe_cycles"":0,""active_any_pipe_fraction"":0.0,""core_id"":1,""op_count"":0,""pipe_busy_cycles"":{},""pipe_utilization"":{},""task_end"":0,""task_span_cycles"":0,""task_start"":0},{""active_any_pipe_cycles"":0,""active_any_pipe_fraction"":0.0,""core_id"":2,""op_count"":0,""pipe_busy_cycles"":{},""pipe_utilization"":{},""task_end"":0,""task_span_cycles"":0,""task_start"":0}]",single,607628,0,0,0,0,False,0,2.194889884442091,360a0b07d1a2da745dce6b8f7cee1cfa84bb6988379c407e9d772de1e21ea066,899878f13dbee2c47afe75633117c053a1cc9243347e657e7c0c1e5eccc8ee59,b71481548dd77307ff86483e77bf148472e394db8b39aeda7d495f5a0fab1cb3
case_051,4,success,stage1_actual_winner,verified_stage1_global_fallback,607628,0,0,0,0,0,1,"[{""active_any_pipe_cycles"":607628,""active_any_pipe_fraction"":1.0,""core_id"":0,""op_count"":1429,""pipe_busy_cycles"":{""PIPE_MTE2"":6564,""PIPE_MTE3"":1,""PIPE_V"":607080},""pipe_utilization"":{""PIPE_MTE2"":0.01080266215513439,""PIPE_MTE3"":1.6457437774427774e-06,""PIPE_V"":0.9990981324099614},""task_end"":607628,""task_span_cycles"":607628,""task_start"":0},{""active_any_pipe_cycles"":0,""active_any_pipe_fraction"":0.0,""core_id"":1,""op_count"":0,""pipe_busy_cycles"":{},""pipe_utilization"":{},""task_end"":0,""task_span_cycles"":0,""task_start"":0},{""active_any_pipe_cycles"":0,""active_any_pipe_fraction"":0.0,""core_id"":2,""op_count"":0,""pipe_busy_cycles"":{},""pipe_utilization"":{},""task_end"":0,""task_span_cycles"":0,""task_start"":0},{""active_any_pipe_cycles"":0,""active_any_pipe_fraction"":0.0,""core_id"":3,""op_count"":0,""pipe_busy_cycles"":{},""pipe_utilization"":{},""task_end"":0,""task_span_cycles"":0,""task_start"":0}]",single,607628,0,0,0,0,False,0,2.5072172563523054,4c5c033caea8d7ea64de79c1603cfe2a0e427ec1ce9c207be7038f5d50250e1b,a505e60e9f1bafbc6efe6a088bd395d88ce5a33b60368a3cc6756518da22df02,abb1101d127e55d1340a858bbb7fbbdb53807a6753308f4ea0199fa92eac11d4
case_051,5,success,stage1_actual_winner,verified_stage1_global_fallback,607628,0,0,0,0,0,1,"[{""active_any_pipe_cycles"":607628,""active_any_pipe_fraction"":1.0,""core_id"":0,""op_count"":1429,""pipe_busy_cycles"":{""PIPE_MTE2"":6564,""PIPE_MTE3"":1,""PIPE_V"":607080},""pipe_utilization"":{""PIPE_MTE2"":0.01080266215513439,""PIPE_MTE3"":1.6457437774427774e-06,""PIPE_V"":0.9990981324099614},""task_end"":607628,""task_span_cycles"":607628,""task_start"":0},{""active_any_pipe_cycles"":0,""active_any_pipe_fraction"":0.0,""core_id"":1,""op_count"":0,""pipe_busy_cycles"":{},""pipe_utilization"":{},""task_end"":0,""task_span_cycles"":0,""task_start"":0},{""active_any_pipe_cycles"":0,""active_any_pipe_fraction"":0.0,""core_id"":2,""op_count"":0,""pipe_busy_cycles"":{},""pipe_utilization"":{},""task_end"":0,""task_span_cycles"":0,""task_start"":0},{""active_any_pipe_cycles"":0,""active_any_pipe_fraction"":0.0,""core_id"":3,""op_count"":0,""pipe_busy_cycles"":{},""pipe_utilization"":{},""task_end"":0,""task_span_cycles"":0,""task_start"":0},{""active_any_pipe_cycles"":0,""active_any_pipe_fraction"":0.0,""core_id"":4,""op_count"":0,""pipe_busy_cycles"":{},""pipe_utilization"":{},""task_end"":0,""task_span_cycles"":0,""task_start"":0}]",single,607628,0,0,0,0,False,0,2.8653132375329733,456eecf04e269a172a7af1acb42c946578f7cff24aea1494b816e99b7d7ce0f4,ce0fbf0c2559dd286b12fe4ef23a4006f150a8dfdfc801e0f01de90f44562900,e47e1dd034df0bfbe7506b0a3db799777d9dab5404880c5e0ffb78465b04baea
case_052,1,success,stage1_actual_winner,verified_stage1_global_fallback,180301,0,0,0,0,0,1,"[{""active_any_pipe_cycles"":180301,""active_any_pipe_fraction"":1.0,""core_id"":0,""op_count"":1347,""pipe_busy_cycles"":{""PIPE_M"":141528,""PIPE_MTE2"":13671,""PIPE_MTE3"":102,""PIPE_V"":62595},""pipe_utilization"":{""PIPE_M"":0.7849540490624012,""PIPE_MTE2"":0.07582320674871465,""PIPE_MTE3"":0.0005657206560141097,""PIPE_V"":0.3471694555216},""task_end"":180301,""task_span_cycles"":180301,""task_start"":0}]",single,180301,0,0,0,0,False,0,0.08925977721810341,e33de3b01a6bd97632d9315cad027d044f1cdd4cadd130a140b0fd547f7ba4c8,6b8c8232d352f6d96992aafb05307949def8c3395f86a8e75b0dae291f2ecf40,87f703ac5e8a12db730305380671a1f393f5d889ba86987fca63d7a4ee172cda
case_052,2,success,stage1_actual_winner,verified_stage1_global_fallback,96545,1204196,1194980,9216,545010,199,2,"[{""active_any_pipe_cycles"":93797,""active_any_pipe_fraction"":0.9715365891553162,""core_id"":0,""op_count"":909,""pipe_busy_cycles"":{""PIPE_M"":73080,""PIPE_MTE2"":21373,""PIPE_MTE3"":6442,""PIPE_V"":27416},""pipe_utilization"":{""PIPE_M"":0.7569527163498887,""PIPE_MTE2"":0.22137863172613806,""PIPE_MTE3"":0.06672536123051427,""PIPE_V"":0.2839712051375006},""task_end"":94840,""task_span_cycles"":94840,""task_start"":0},{""active_any_pipe_cycles"":96545,""active_any_pipe_fraction"":1.0,""core_id"":1,""op_count"":874,""pipe_busy_cycles"":{""PIPE_M"":68448,""PIPE_MTE2"":19812,""PIPE_MTE3"":8787,""PIPE_V"":35179},""pipe_utilization"":{""PIPE_M"":0.7089750893365788,""PIPE_MTE2"":0.20521000569682532,""PIPE_MTE3"":0.0910145527992128,""PIPE_V"":0.36437930498731164},""task_end"":96545,""task_span_cycles"":96545,""task_start"":0}]",b2a_w4,96545,1204196,0,0,0,False,0,2.9757829047739506,c9d0b79e3b110a5f4b86cc19d8ba83a30bc5d5b2cccf29064d413dbbd83b1c86,b3629add6431447edb553e454f117ecf55052fc393129d84c5d69930c91161ec,4dc880db3cfea4a35ec8a875ce5f67bfeb83e365cc209a6a10034814d508f319
case_052,3,success,map_locality@b2a_w4,scene_b_fixed_partition_mapping,68630,1727452,1727452,0,765422,275,3,"[{""active_any_pipe_cycles"":61289,""active_any_pipe_fraction"":0.8930351158385545,""core_id"":0,""op_count"":632,""pipe_busy_cycles"":{""PIPE_M"":50736,""PIPE_MTE2"":27031,""PIPE_MTE3"":10034,""PIPE_V"":18071},""pipe_utilization"":{""PIPE_M"":0.7392685414541745,""PIPE_MTE2"":0.3938656564184759,""PIPE_MTE3"":0.1462042838408859,""PIPE_V"":0.26331050560979163},""task_end"":62578,""task_span_cycles"":62578,""task_start"":0},{""active_any_pipe_cycles"":65226,""active_any_pipe_fraction"":0.9504006994025936,""core_id"":1,""op_count"":646,""pipe_busy_cycles"":{""PIPE_M"":45048,""PIPE_MTE2"":28213,""PIPE_MTE3"":11990,""PIPE_V"":24312},""pipe_utilization"":{""PIPE_M"":0.6563893341104473,""PIPE_MTE2"":0.41108844528631794,""PIPE_MTE3"":0.17470493953081742,""PIPE_V"":0.35424741366749235},""task_end"":68263,""task_span_cycles"":68263,""task_start"":0},{""active_any_pipe_cycles"":68630,""active_any_pipe_fraction"":1.0,""core_id"":2,""op_count"":671,""pipe_busy_cycles"":{""PIPE_M"":45744,""PIPE_MTE2"":29204,""PIPE_MTE3"":11016,""PIPE_V"":20212},""pipe_utilization"":{""PIPE_M"":0.6665306717179076,""PIPE_MTE2"":0.4255281946670552,""PIPE_MTE3"":0.16051289523531984,""PIPE_V"":0.29450677546262566},""task_end"":68630,""task_span_cycles"":68630,""task_start"":0}]",b2a_w4,69389,1827640,-759,-100188,0,True,0,6.920561695471406,d81838e3fd4a1608ab072987a229c77f9ccc282204f09b36b9b357f8c07f88bf,5e607fffeb29ab2df7b2c4e7dc115803b8bc960dd066e24b2caa695a80083727,4416998a7d556ac44b0a946823a36cf7b1c9ba52ca5fd722f4acad2edf92540b
case_052,4,success,map_locality@b2a_w4,scene_b_fixed_partition_mapping,58845,2019260,2019260,0,917854,298,4,"[{""active_any_pipe_cycles"":54925,""active_any_pipe_fraction"":0.9333843147251253,""core_id"":0,""op_count"":535,""pipe_busy_cycles"":{""PIPE_M"":38160,""PIPE_MTE2"":34428,""PIPE_MTE3"":21932,""PIPE_V"":13808},""pipe_utilization"":{""PIPE_M"":0.6484833035941882,""PIPE_MTE2"":0.5850624522049452,""PIPE_MTE3"":0.3727079615940182,""PIPE_V"":0.23465035262129322},""task_end"":58552,""task_span_cycles"":58552,""task_start"":0},{""active_any_pipe_cycles"":56229,""active_any_pipe_fraction"":0.9555442263573796,""core_id"":1,""op_count"":470,""pipe_busy_cycles"":{""PIPE_M"":33948,""PIPE_MTE2"":39872,""PIPE_MTE3"":20146,""PIPE_V"":18585},""pipe_utilization"":{""PIPE_M"":0.5769054295182259,""PIPE_MTE2"":0.6775766845101538,""PIPE_MTE3"":0.3423570396805166,""PIPE_V"":0.31582972215141475},""task_end"":56229,""task_span_cycles"":56229,""task_start"":0},{""active_any_pipe_cycles"":53648,""active_any_pipe_fraction"":0.9116832356189991,""core_id"":2,""op_count"":423,""pipe_busy_cycles"":{""PIPE_M"":33492,""PIPE_MTE2"":36469,""PIPE_MTE3"":16396,""PIPE_V"":14402},""pipe_utilization"":{""PIPE_M"":0.5691562579658425,""PIPE_MTE2"":0.6197467924207665,""PIPE_MTE3"":0.2786302999405217,""PIPE_V"":0.24474466819610843},""task_end"":53648,""task_span_cycles"":53648,""task_start"":0},{""active_any_pipe_cycles"":56667,""active_any_pipe_fraction"":0.9629875095590109,""core_id"":3,""op_count"":551,""pipe_busy_cycles"":{""PIPE_M"":35928,""PIPE_MTE2"":38208,""PIPE_MTE3"":22678,""PIPE_V"":15800},""pipe_utilization"":{""PIPE_M"":0.6105531481009432,""PIPE_MTE2"":0.64929900586286,""PIPE_MTE3"":0.3853853343529612,""PIPE_V"":0.26850199677117853},""task_end"":58845,""task_span_cycles"":58845,""task_start"":0}]",b2a_w4,62274,2080652,-3429,-61392,0,True,0,8.653422556817532,f9844b224aee634c0a836f181934b933cf50ebef87d1e18051acab109da0cbe3,75b03faaf888f923df390e4dc7d24153a60a952949e4166ac303ad7f4666c5eb,7e5a4b9be852d3919ce897b80a106f1c3f468f336dc4d55ab544db84c24aff5b
case_052,5,success,map_locality@b2a_w4,scene_b_fixed_partition_mapping,57456,2069636,2069636,0,909506,320,5,"[{""active_any_pipe_cycles"":52852,""active_any_pipe_fraction"":0.9198691172375383,""core_id"":0,""op_count"":406,""pipe_busy_cycles"":{""PIPE_M"":26256,""PIPE_MTE2"":38308,""PIPE_MTE3"":16438,""PIPE_V"":13390},""pipe_utilization"":{""PIPE_M"":0.4569757727652464,""PIPE_MTE2"":0.6667362851573377,""PIPE_MTE3"":0.2860971874129769,""PIPE_V"":0.23304789752158173},""task_end"":55218,""task_span_cycles"":55218,""task_start"":0},{""active_any_pipe_cycles"":56991,""active_any_pipe_fraction"":0.991906850459482,""core_id"":1,""op_count"":385,""pipe_busy_cycles"":{""PIPE_M"":32904,""PIPE_MTE2"":37933,""PIPE_MTE3"":14533,""PIPE_V"":12005},""pipe_utilization"":{""PIPE_M"":0.5726817042606517,""PIPE_MTE2"":0.6602095516569201,""PIPE_MTE3"":0.2529413812308549,""PIPE_V"":0.20894249512670565},""task_end"":57456,""task_span_cycles"":57456,""task_start"":0},{""active_any_pipe_cycles"":41738,""active_any_pipe_fraction"":0.7264341409078251,""core_id"":2,""op_count"":317,""pipe_busy_cycles"":{""PIPE_M"":17496,""PIPE_MTE2"":28571,""PIPE_MTE3"":14265,""PIPE_V"":11024},""pipe_utilization"":{""PIPE_M"":0.30451127819548873,""PIPE_MTE2"":0.49726747424115847,""PIPE_MTE3"":0.24827694235588973,""PIPE_V"":0.1918685602896129},""task_end"":56124,""task_span_cycles"":56124,""task_start"":0},{""active_any_pipe_cycles"":48223,""active_any_pipe_fraction"":0.839303118908382,""core_id"":3,""op_count"":372,""pipe_busy_cycles"":{""PIPE_M"":32268,""PIPE_MTE2"":32940,""PIPE_MTE3"":17637,""PIPE_V"":11038},""pipe_utilization"":{""PIPE_M"":0.5616123642439432,""PIPE_MTE2"":0.5733082706766918,""PIPE_MTE3"":0.3069653299916458,""PIPE_V"":0.19211222500696185},""task_end"":52381,""task_span_cycles"":52381,""task_start"":0},{""active_any_pipe_cycles"":50190,""active_any_pipe_fraction"":0.8735380116959064,""core_id"":4,""op_count"":565,""pipe_busy_cycles"":{""PIPE_M"":32604,""PIPE_MTE2"":38063,""PIPE_MTE3"":23201,""PIPE_V"":15138},""pipe_utilization"":{""PIPE_M"":0.5674603174603174,""PIPE_MTE2"":0.6624721526037316,""PIPE_MTE3"":0.40380465051517683,""PIPE_V"":0.26347117794486213},""task_end"":52382,""task_span_cycles"":52382,""task_start"":0}]",b2a_w4,57870,2199428,-414,-129792,0,True,0,13.507329368963838,4d5524f9a8606b89e23567f787050871ca813ea811a85ba25cd3768742f25612,4b718199109973d06bb9dcf1d478b1701ee8e4e001bd1b622e8bdea6d0e90c04,77623ae384f961918d9bf7fc39117ed8415948be493e5833ba34238444a40433
case_053,1,success,stage1_actual_winner,verified_stage1_global_fallback,1472686,5405536,0,5405536,0,0,1,"[{""active_any_pipe_cycles"":1472686,""active_any_pipe_fraction"":1.0,""core_id"":0,""op_count"":12431,""pipe_busy_cycles"":{""PIPE_M"":1212726,""PIPE_MTE2"":138333,""PIPE_MTE3"":3015,""PIPE_V"":344076},""pipe_utilization"":{""PIPE_M"":0.8234790036708436,""PIPE_MTE2"":0.0939324472426573,""PIPE_MTE3"":0.0020472795966010406,""PIPE_V"":0.2336383994958871},""task_end"":1472686,""task_span_cycles"":1472686,""task_start"":0}]",single,1472686,5405536,0,0,0,False,0,0.9379646573215723,6ffda1d14e47d9998af5896ddd800ac37cf64a1e928305b872281e6374b17a04,e2bb9a691fab82cc8d387e8f4d9ef4bf8f24904673bd061b5b5dc897b003f67f,d618f95364619a0220094317015fa42fe9169e55101080d982695103e15f195b
case_053,2,success,stage1_actual_winner,verified_stage1_global_fallback,759149,2489670,2312868,176802,675680,369,2,"[{""active_any_pipe_cycles"":759149,""active_any_pipe_fraction"":1.0,""core_id"":0,""op_count"":10542,""pipe_busy_cycles"":{""PIPE_M"":622296,""PIPE_MTE2"":45689,""PIPE_MTE3"":12134,""PIPE_V"":267267},""pipe_utilization"":{""PIPE_M"":0.8197284064129703,""PIPE_MTE2"":0.06018449606072062,""PIPE_MTE3"":0.015983686996887306,""PIPE_V"":0.3520613212952925},""task_end"":759149,""task_span_cycles"":759149,""task_start"":0},{""active_any_pipe_cycles"":652611,""active_any_pipe_fraction"":0.8596612786159239,""core_id"":1,""op_count"":2387,""pipe_busy_cycles"":{""PIPE_M"":590430,""PIPE_MTE2"":49877,""PIPE_MTE3"":8914,""PIPE_V"":76809},""pipe_utilization"":{""PIPE_M"":0.77775245702754,""PIPE_MTE2"":0.06570119963274666,""PIPE_MTE3"":0.011742095425272246,""PIPE_V"":0.10117776615657796},""task_end"":652611,""task_span_cycles"":652611,""task_start"":0}]",b2a_w8,759149,2489670,0,0,0,False,0,30.98020894639194,544c89f1d4f98854fe716d7350cd94772c64a427852c076df33590c81b6e20e0,6912029bb44e065285383084447bbf69d31e6f7d4942c9a3b929ed63bd8c79e4,b402177cf0f74a59e53b7726dd7e9b7806173c8dd4c8d715625f96760deffe42
case_053,3,success,stage1_actual_winner,verified_stage1_global_fallback,584699,2121568,1872768,248800,192512,73,3,"[{""active_any_pipe_cycles"":584699,""active_any_pipe_fraction"":1.0,""core_id"":0,""op_count"":10377,""pipe_busy_cycles"":{""PIPE_M"":437582,""PIPE_MTE2"":34533,""PIPE_MTE3"":796,""PIPE_V"":275386},""pipe_utilization"":{""PIPE_M"":0.7483884870677049,""PIPE_MTE2"":0.05906115796332814,""PIPE_MTE3"":0.0013613842335971158,""PIPE_V"":0.4709876363735871},""task_end"":584699,""task_span_cycles"":584699,""task_start"":0},{""active_any_pipe_cycles"":483434,""active_any_pipe_fraction"":0.8268083235989799,""core_id"":1,""op_count"":1127,""pipe_busy_cycles"":{""PIPE_M"":449096,""PIPE_MTE2"":27476,""PIPE_MTE3"":6464,""PIPE_V"":39787},""pipe_utilization"":{""PIPE_M"":0.7680806705672492,""PIPE_MTE2"":0.04699170000290748,""PIPE_MTE3"":0.01105526091202482,""PIPE_V"":0.06804697801774931},""task_end"":483434,""task_span_cycles"":483434,""task_start"":0},{""active_any_pipe_cycles"":341711,""active_any_pipe_fraction"":0.5844220701591759,""core_id"":2,""op_count"":874,""pipe_busy_cycles"":{""PIPE_M"":326048,""PIPE_MTE2"":29335,""PIPE_MTE3"":1703,""PIPE_V"":28903},""pipe_utilization"":{""PIPE_M"":0.5576339278842618,""PIPE_MTE2"":0.05017111368413491,""PIPE_MTE3"":0.002912609735949608,""PIPE_V"":0.0494322719895194},""task_end"":542467,""task_span_cycles"":439758,""task_start"":102709}]",b2a_w4,584699,2121568,0,0,0,False,0,54.4091575704515,ce1b45a8f722fce6a0bea6c5e03955407ea4b38b1194c21f99c2a8fbc6e143d3,1cc549f699591ba48eacff10416ee382f54805b5c2ac72d74b3b5e3147949bbc,43a5a12aeb9887b426baf10fbaa1d4d73813bcb6c796f1c687445f259a089bd5
case_053,4,success,map_locality@b2a_w16,scene_b_fixed_partition_mapping,487919,6677398,6029910,647488,1843030,1204,4,"[{""active_any_pipe_cycles"":434186,""active_any_pipe_fraction"":0.8898731141849364,""core_id"":0,""op_count"":4730,""pipe_busy_cycles"":{""PIPE_M"":373176,""PIPE_MTE2"":63643,""PIPE_MTE3"":19257,""PIPE_V"":102225},""pipe_utilization"":{""PIPE_M"":0.7648318675845786,""PIPE_MTE2"":0.1304376341154987,""PIPE_MTE3"":0.03946761655110787,""PIPE_V"":0.20951223461271234},""task_end"":476640,""task_span_cycles"":476640,""task_start"":0},{""active_any_pipe_cycles"":303095,""active_any_pipe_fraction"":0.6211994203955985,""core_id"":1,""op_count"":1989,""pipe_busy_cycles"":{""PIPE_M"":265256,""PIPE_MTE2"":63356,""PIPE_MTE3"":10699,""PIPE_V"":43830},""pipe_utilization"":{""PIPE_M"":0.5436476136407887,""PIPE_MTE2"":0.1298494217277868,""PIPE_MTE3"":0.021927819986514156,""PIPE_V"":0.08983048415823118},""task_end"":482098,""task_span_cycles"":482098,""task_start"":0},{""active_any_pipe_cycles"":350128,""active_any_pipe_fraction"":0.7175945187623356,""core_id"":2,""op_count"":4050,""pipe_busy_cycles"":{""PIPE_M"":294006,""PIPE_MTE2"":71975,""PIPE_MTE3"":16186,""PIPE_V"":93521},""pipe_utilization"":{""PIPE_M"":0.602571328437712,""PIPE_MTE2"":0.1475142390437757,""PIPE_MTE3"":0.03317353905053912,""PIPE_V"":0.191673208052976},""task_end"":482144,""task_span_cycles"":482144,""task_start"":0},{""active_any_pipe_cycles"":341031,""active_any_pipe_fraction"":0.6989500306403317,""core_id"":3,""op_count"":3902,""pipe_busy_cycles"":{""PIPE_M"":280288,""PIPE_MTE2"":38265,""PIPE_MTE3"":15481,""PIPE_V"":104500},""pipe_utilization"":{""PIPE_M"":0.5744560060173922,""PIPE_MTE2"":0.07842490249406152,""PIPE_MTE3"":0.031728627087692834,""PIPE_V"":0.21417489378359933},""task_end"":487919,""task_span_cycles"":487919,""task_start"":0}]",b2a_w4,492668,3424480,-4749,3252918,-490400,True,0,74.93364499695599,0804c04e333331b690c30537ac53c52b70639bc22c80b66e60582b0581918392,272cf96ca143f8d0447c022f30d38c824a1f75e47202e88f2332b4d554bc2c4c,c40a8b79306477204ced8b3505f03248ce7b0cae55a38fb3167105b0a3185f76
case_053,5,success,stage1_actual_winner,verified_stage1_global_fallback,465992,7790078,7772508,17570,1912680,1293,5,"[{""active_any_pipe_cycles"":248041,""active_any_pipe_fraction"":0.5322859619907638,""core_id"":0,""op_count"":1496,""pipe_busy_cycles"":{""PIPE_M"":195828,""PIPE_MTE2"":82571,""PIPE_MTE3"":7187,""PIPE_V"":37528},""pipe_utilization"":{""PIPE_M"":0.4202389740596405,""PIPE_MTE2"":0.17719402908204432,""PIPE_MTE3"":0.015423011553846419,""PIPE_V"":0.08053357139178355},""task_end"":463745,""task_span_cycles"":463745,""task_start"":0},{""active_any_pipe_cycles"":257747,""active_any_pipe_fraction"":0.5531146457449914,""core_id"":1,""op_count"":1856,""pipe_busy_cycles"":{""PIPE_M"":210192,""PIPE_MTE2"":84819,""PIPE_MTE3"":15191,""PIPE_V"":39847},""pipe_utilization"":{""PIPE_M"":0.45106353757146045,""PIPE_MTE2"":0.18201814623427012,""PIPE_MTE3"":0.03259927209050799,""PIPE_V"":0.08551005167470686},""task_end"":465992,""task_span_cycles"":465992,""task_start"":0},{""active_any_pipe_cycles"":462287,""active_any_pipe_fraction"":0.9920492197290941,""core_id"":2,""op_count"":8246,""pipe_busy_cycles"":{""PIPE_M"":365916,""PIPE_MTE2"":64188,""PIPE_MTE3"":26723,""PIPE_V"":197940},""pipe_utilization"":{""PIPE_M"":0.7852409483424608,""PIPE_MTE2"":0.13774485398890968,""PIPE_MTE3"":0.05734647805112534,""PIPE_V"":0.424771240707995},""task_end"":463575,""task_span_cycles"":463575,""task_start"":0},{""active_any_pipe_cycles"":254466,""active_any_pipe_fraction"":0.5460737523390959,""core_id"":3,""op_count"":1734,""pipe_busy_cycles"":{""PIPE_M"":208654,""PIPE_MTE2"":102549,""PIPE_MTE3"":15363,""PIPE_V"":37346},""pipe_utilization"":{""PIPE_M"":0.4477630517262099,""PIPE_MTE2"":0.22006600971690501,""PIPE_MTE3"":0.03296837713952171,""PIPE_V"":0.08014300674689694},""task_end"":465955,""task_span_cycles"":465955,""task_start"":0},{""active_any_pipe_cycles"":266112,""active_any_pipe_fraction"":0.5710655976926643,""core_id"":4,""op_count"":1612,""pipe_busy_cycles"":{""PIPE_M"":232136,""PIPE_MTE2"":81313,""PIPE_MTE3"":19977,""PIPE_V"":31415},""pipe_utilization"":{""PIPE_M"":0.4981544747549314,""PIPE_MTE2"":0.1744944119212347,""PIPE_MTE3"":0.042869834675273395,""PIPE_V"":0.06741532043468558},""task_end"":461121,""task_span_cycles"":461121,""task_start"":0}]",b2a_w16,465992,7790078,0,0,0,False,0,97.77169285714626,d1215cc89863bba87457dbcf55378cfcdaf4897f815d6e91ed55aafcd8dd6830,8bbcbb5cdb23611b5a3f403b27ad0b545889723e0cff50ea2e6a3a3a654c392f,6491afdb6a2ce9a11cc9ee36890c8a8e6625e5bb77407cbdda51d4f2797e311f
case_054,1,success,stage1_actual_winner,verified_stage1_global_fallback,815051,0,0,0,0,0,1,"[{""active_any_pipe_cycles"":815051,""active_any_pipe_fraction"":1.0,""core_id"":0,""op_count"":16133,""pipe_busy_cycles"":{""PIPE_M"":574216,""PIPE_MTE2"":27015,""PIPE_MTE3"":33,""PIPE_V"":440672},""pipe_utilization"":{""PIPE_M"":0.7045154229612626,""PIPE_MTE2"":0.03314516514917471,""PIPE_MTE3"":4.048826392458877e-05,""PIPE_V"":0.5406680072780722},""task_end"":815051,""task_span_cycles"":815051,""task_start"":0}]",single,815051,0,0,0,0,False,0,1.2835138700902462,55710397b533d1b3a5bd31bba4997b09e4f6eaa019d8e44828eccedc6c5b05bb,303a13c8a7504a734bd51ced21a3f240b1e1d0d0dd0176ce18e01c0cf16bce7c,9354b265fa88cc53568f0b6fe81acbab34576d71177fd408eb23f4e63610b6f8
case_054,2,success,stage1_actual_winner,verified_stage1_global_fallback,485507,3211144,2981768,229376,1456066,1213,2,"[{""active_any_pipe_cycles"":484667,""active_any_pipe_fraction"":0.998269849868282,""core_id"":0,""op_count"":11403,""pipe_busy_cycles"":{""PIPE_M"":337140,""PIPE_MTE2"":38976,""PIPE_MTE3"":32887,""PIPE_V"":254695},""pipe_utilization"":{""PIPE_M"":0.6944081135802368,""PIPE_MTE2"":0.08027896611171415,""PIPE_MTE3"":0.06773743735929658,""PIPE_V"":0.5245959378546551},""task_end"":485507,""task_span_cycles"":485507,""task_start"":0},{""active_any_pipe_cycles"":378324,""active_any_pipe_fraction"":0.7792349028953238,""core_id"":1,""op_count"":7224,""pipe_busy_cycles"":{""PIPE_M"":237076,""PIPE_MTE2"":48418,""PIPE_MTE3"":11669,""PIPE_V"":185977},""pipe_utilization"":{""PIPE_M"":0.48830603884187046,""PIPE_MTE2"":0.09972667747323931,""PIPE_MTE3"":0.024034668913115568,""PIPE_V"":0.3830572988648979},""task_end"":483601,""task_span_cycles"":483601,""task_start"":0}]",b2a_w16,485507,3211144,0,0,0,False,0,31.457455679774284,976284278ec578865749833230378663d9efd981eedd4b52ec60a93b4b1d3f90,1c667f2d0178752046e8b53d168de97a52feb14d7c8edd83d1fe3476ce522a2f,34b56427ba9f0c56c54b07875101c8ad56ac536d58b31ef563afa172140cd853
case_054,3,success,map_locality@b2a_w16,scene_b_fixed_partition_mapping,386490,4062124,4062124,0,1955026,1606,3,"[{""active_any_pipe_cycles"":277450,""active_any_pipe_fraction"":0.7178710962767472,""core_id"":0,""op_count"":6257,""pipe_busy_cycles"":{""PIPE_M"":175752,""PIPE_MTE2"":46609,""PIPE_MTE3"":14231,""PIPE_V"":147202},""pipe_utilization"":{""PIPE_M"":0.4547388030738182,""PIPE_MTE2"":0.12059561696292272,""PIPE_MTE3"":0.036821133793888586,""PIPE_V"":0.38086884524826},""task_end"":382599,""task_span_cycles"":382599,""task_start"":0},{""active_any_pipe_cycles"":336989,""active_any_pipe_fraction"":0.8719216538590908,""core_id"":1,""op_count"":8085,""pipe_busy_cycles"":{""PIPE_M"":236272,""PIPE_MTE2"":37648,""PIPE_MTE3"":24508,""PIPE_V"":173732},""pipe_utilization"":{""PIPE_M"":0.6113275893296075,""PIPE_MTE2"":0.0974100235452405,""PIPE_MTE3"":0.06341173122202386,""PIPE_V"":0.4495122771611167},""task_end"":386477,""task_span_cycles"":386477,""task_start"":0},{""active_any_pipe_cycles"":251657,""active_any_pipe_fraction"":0.6511345701053067,""core_id"":2,""op_count"":5092,""pipe_busy_cycles"":{""PIPE_M"":162192,""PIPE_MTE2"":41103,""PIPE_MTE3"":19263,""PIPE_V"":119738},""pipe_utilization"":{""PIPE_M"":0.41965380734301017,""PIPE_MTE2"":0.10634945276721261,""PIPE_MTE3"":0.04984087557245983,""PIPE_V"":0.3098087919480452},""task_end"":386490,""task_span_cycles"":386490,""task_start"":0}]",b2a_w16,386727,4069800,-237,-7676,0,True,0,99.8704013004899,5b39048369491967a38acf11bd12082b7e44ac93e8fabd877f030fcab952911c,88b25a2a2c5e2c235b0a513c6239e02923d464eaf29e4b04c5908d96072c6a3b,49cece7a4980158a5cbba92caaba8a4d37062b1b40828f7a0f6d5409f49ba233
case_054,4,success,stage1_actual_winner,verified_stage1_global_fallback,331197,4961644,4961644,0,2361776,1994,4,"[{""active_any_pipe_cycles"":258490,""active_any_pipe_fraction"":0.780472045338575,""core_id"":0,""op_count"":6562,""pipe_busy_cycles"":{""PIPE_M"":175536,""PIPE_MTE2"":49164,""PIPE_MTE3"":21899,""PIPE_V"":136895},""pipe_utilization"":{""PIPE_M"":0.530004800768123,""PIPE_MTE2"":0.14844337358128243,""PIPE_MTE3"":0.06612076800212563,""PIPE_V"":0.4133340579775783},""task_end"":331197,""task_span_cycles"":331197,""task_start"":0},{""active_any_pipe_cycles"":250379,""active_any_pipe_fraction"":0.7559820892097453,""core_id"":1,""op_count"":6602,""pipe_busy_cycles"":{""PIPE_M"":162452,""PIPE_MTE2"":39901,""PIPE_MTE3"":28505,""PIPE_V"":137767},""pipe_utilization"":{""PIPE_M"":0.4904996120133938,""PIPE_MTE2"":0.12047512507661604,""PIPE_MTE3"":0.08606660084481442,""PIPE_V"":0.41596693206762136},""task_end"":328797,""task_span_cycles"":328797,""task_start"":0},{""active_any_pipe_cycles"":174036,""active_any_pipe_fraction"":0.5254757742370855,""core_id"":2,""op_count"":3341,""pipe_busy_cycles"":{""PIPE_M"":116568,""PIPE_MTE2"":47768,""PIPE_MTE3"":17734,""PIPE_V"":74516},""pipe_utilization"":{""PIPE_M"":0.35195970977997987,""PIPE_MTE2"":0.14422835955639696,""PIPE_MTE3"":0.05354517100094506,""PIPE_V"":0.2249899606578562},""task_end"":330750,""task_span_cycles"":330750,""task_start"":0},{""active_any_pipe_cycles"":180990,""active_any_pipe_fraction"":0.5464723412349749,""core_id"":3,""op_count"":3747,""pipe_busy_cycles"":{""PIPE_M"":119660,""PIPE_MTE2"":51960,""PIPE_MTE3"":14683,""PIPE_V"":91494},""pipe_utilization"":{""PIPE_M"":0.36129554313595835,""PIPE_MTE2"":0.1568854790351362,""PIPE_MTE3"":0.044333131036814945,""PIPE_V"":0.2762525022871584},""task_end"":330755,""task_span_cycles"":330755,""task_start"":0}]",b2a_w16,331197,4961644,0,0,0,False,0,94.08656164258718,20ddb6f7f5121b1fea76c25d083ffd820b4da9383e5deccf40c2680319233ac3,3f79d0de090c8d19d8419fdc2037da93a0aa92b4e5bf59cfd48b39943cd84805,4435aa5e340d54ab06daccb6c2a8c649ca65a5694ec1d1d7fa86968f8f5bada8
case_054,5,success,map_locality@b2a_w16,scene_b_fixed_partition_mapping,271892,5666452,5666452,0,2634050,2492,5,"[{""active_any_pipe_cycles"":230482,""active_any_pipe_fraction"":0.8476968796433878,""core_id"":0,""op_count"":5830,""pipe_busy_cycles"":{""PIPE_M"":163764,""PIPE_MTE2"":68013,""PIPE_MTE3"":35722,""PIPE_V"":109045},""pipe_utilization"":{""PIPE_M"":0.6023126829770644,""PIPE_MTE2"":0.25014711723772676,""PIPE_MTE3"":0.13138304915186913,""PIPE_V"":0.4010599796978212},""task_end"":271892,""task_span_cycles"":271892,""task_start"":0},{""active_any_pipe_cycles"":166611,""active_any_pipe_fraction"":0.6127837523722655,""core_id"":1,""op_count"":3121,""pipe_busy_cycles"":{""PIPE_M"":108468,""PIPE_MTE2"":63348,""PIPE_MTE3"":26669,""PIPE_V"":69537},""pipe_utilization"":{""PIPE_M"":0.3989378135436129,""PIPE_MTE2"":0.23298956938784518,""PIPE_MTE3"":0.09808674032336369,""PIPE_V"":0.2557522839951157},""task_end"":271464,""task_span_cycles"":271464,""task_start"":0},{""active_any_pipe_cycles"":189408,""active_any_pipe_fraction"":0.6966295440836803,""core_id"":2,""op_count"":4837,""pipe_busy_cycles"":{""PIPE_M"":106224,""PIPE_MTE2"":59497,""PIPE_MTE3"":24512,""PIPE_V"":103255},""pipe_utilization"":{""PIPE_M"":0.3906845365071425,""PIPE_MTE2"":0.21882585732570287,""PIPE_MTE3"":0.09015344327894899,""PIPE_V"":0.37976475953687494},""task_end"":267570,""task_span_cycles"":267570,""task_start"":0},{""active_any_pipe_cycles"":156932,""active_any_pipe_fraction"":0.5771850587733365,""core_id"":3,""op_count"":3499,""pipe_busy_cycles"":{""PIPE_M"":89880,""PIPE_MTE2"":61959,""PIPE_MTE3"":24895,""PIPE_V"":77641},""pipe_utilization"":{""PIPE_M"":0.33057243317199475,""PIPE_MTE2"":0.22788092330778398,""PIPE_MTE3"":0.09156209083018257,""PIPE_V"":0.28555823635855415},""task_end"":271728,""task_span_cycles"":271728,""task_start"":0},{""active_any_pipe_cycles"":163205,""active_any_pipe_fraction"":0.6002567195798332,""core_id"":4,""op_count"":4049,""pipe_busy_cycles"":{""PIPE_M"":105880,""PIPE_MTE2"":55326,""PIPE_MTE3"":33170,""PIPE_V"":81194},""pipe_utilization"":{""PIPE_M"":0.38941932826269254,""PIPE_MTE2"":0.20348520736174658,""PIPE_MTE3"":0.12199696938490283,""PIPE_V"":0.2986259249996322},""task_end"":268708,""task_span_cycles"":268708,""task_start"":0}]",b2a_w16,272849,5858448,-957,-191996,0,True,0,103.98709893599153,55573cc4fbece197f34a995577ab6cec4b545420e17ba7b4a681bcf314c71c29,8aee05150cd0d60645568fc3244f2cf773b9819c78b312c385eb7f6f9a71bf21,4070ad876d10116f5ac36b1e6eb5d3026c4deaec65544c6f014dd02e95b7eea9
case_055,1,success,stage1_actual_winner,verified_stage1_global_fallback,118835,69632,0,69632,0,0,1,"[{""active_any_pipe_cycles"":118835,""active_any_pipe_fraction"":1.0,""core_id"":0,""op_count"":1485,""pipe_busy_cycles"":{""PIPE_M"":61796,""PIPE_MTE2"":11737,""PIPE_MTE3"":72,""PIPE_V"":69049},""pipe_utilization"":{""PIPE_M"":0.520015147052636,""PIPE_MTE2"":0.0987671982160138,""PIPE_MTE3"":0.0006058821054403164,""PIPE_V"":0.5810493541465057},""task_end"":118835,""task_span_cycles"":118835,""task_start"":0}]",single,118835,69632,0,0,0,False,0,0.09748093597590923,57f1aa3ebfd308a12a8c4fdfa68250eb54e430fe7e60658982741cfe07245f91,f087e910c4e28eb6ef3e4b108ff1ef3d4c9cca3208706fec7e6958edc9c8564c,25920d31d2621c8a255c27c444542ce60ef4a6b20e17c6cc523863d67e4ee101
case_055,2,success,stage1_actual_winner,verified_stage1_global_fallback,64648,1167092,933596,233496,365678,172,2,"[{""active_any_pipe_cycles"":58262,""active_any_pipe_fraction"":0.9012189085509219,""core_id"":0,""op_count"":772,""pipe_busy_cycles"":{""PIPE_M"":30488,""PIPE_MTE2"":14566,""PIPE_MTE3"":3787,""PIPE_V"":28772},""pipe_utilization"":{""PIPE_M"":0.4716000494988244,""PIPE_MTE2"":0.22531246132904342,""PIPE_MTE3"":0.058578765004331144,""PIPE_V"":0.4450563049127583},""task_end"":60232,""task_span_cycles"":60232,""task_start"":0},{""active_any_pipe_cycles"":64648,""active_any_pipe_fraction"":1.0,""core_id"":1,""op_count"":1181,""pipe_busy_cycles"":{""PIPE_M"":31308,""PIPE_MTE2"":22003,""PIPE_MTE3"":9970,""PIPE_V"":40277},""pipe_utilization"":{""PIPE_M"":0.48428412325207276,""PIPE_MTE2"":0.3403508229179557,""PIPE_MTE3"":0.15421977478034896,""PIPE_V"":0.6230200470238831},""task_end"":64648,""task_span_cycles"":64648,""task_start"":0}]",b2a_w4,64648,1167092,0,0,0,False,0,3.1465194914489985,3182459355521897e703e41a7e85948093f9389e74d060f9913acc235f82535c,0872fba1f7c88f25b3eb6faf7b3cfae32b9cbcb6829c609e0279a6415353de46,c3bdac236e49bcb44713c864941942529f16e3733ac6abfbffd35da1e00957fb
case_055,3,success,map_locality@b2a_w4,scene_b_fixed_partition_mapping,50239,1325376,1304896,20480,506016,242,3,"[{""active_any_pipe_cycles"":35077,""active_any_pipe_fraction"":0.6982025916120942,""core_id"":0,""op_count"":540,""pipe_busy_cycles"":{""PIPE_M"":15528,""PIPE_MTE2"":12278,""PIPE_MTE3"":3198,""PIPE_V"":18412},""pipe_utilization"":{""PIPE_M"":0.3090825852425407,""PIPE_MTE2"":0.24439180716176676,""PIPE_MTE3"":0.06365572563148152,""PIPE_V"":0.3664881864686797},""task_end"":47311,""task_span_cycles"":47311,""task_start"":0},{""active_any_pipe_cycles"":43076,""active_any_pipe_fraction"":0.8574215251099743,""core_id"":1,""op_count"":602,""pipe_busy_cycles"":{""PIPE_M"":20040,""PIPE_MTE2"":14587,""PIPE_MTE3"":4766,""PIPE_V"":22070},""pipe_utilization"":{""PIPE_M"":0.3988932900734489,""PIPE_MTE2"":0.29035211688130735,""PIPE_MTE3"":0.09486653794860567,""PIPE_V"":0.43930014530544},""task_end"":50239,""task_span_cycles"":50239,""task_start"":0},{""active_any_pipe_cycles"":46432,""active_any_pipe_fraction"":0.9242222177989211,""core_id"":2,""op_count"":887,""pipe_busy_cycles"":{""PIPE_M"":26228,""PIPE_MTE2"":17231,""PIPE_MTE3"":8506,""PIPE_V"":28567},""pipe_utilization"":{""PIPE_M"":0.5220645315392424,""PIPE_MTE2"":0.3429805529568662,""PIPE_MTE3"":0.16931069487848086,""PIPE_V"":0.5686219869026056},""task_end"":47816,""task_span_cycles"":47816,""task_start"":0}]",b2a_w4,52332,1295176,-2093,30200,-32792,True,0,7.924355739727616,f4cb59ab8de140d8fd76f58b3ad7e3603342ca574c5166449ef803a3759c92da,9191c5431f1a3bdbcafd0b3e2baadc61c8c7cc033021e040c657294876fba744,6a05d7db57ad77a88928b2d93b51d60ecbcc9e66e8c52dfdaaaa53c02e4bde01
case_055,4,success,map_locality@b2a_w4,scene_b_fixed_partition_mapping,40605,1329744,1329744,0,530472,251,4,"[{""active_any_pipe_cycles"":31679,""active_any_pipe_fraction"":0.780174855313385,""core_id"":0,""op_count"":315,""pipe_busy_cycles"":{""PIPE_M"":20720,""PIPE_MTE2"":10213,""PIPE_MTE3"":4404,""PIPE_V"":10292},""pipe_utilization"":{""PIPE_M"":0.5102819849772195,""PIPE_MTE2"":0.2515207486762714,""PIPE_MTE3"":0.10845954931658662,""PIPE_V"":0.25346632188154167},""task_end"":38440,""task_span_cycles"":38440,""task_start"":0},{""active_any_pipe_cycles"":36605,""active_any_pipe_fraction"":0.9014899642901121,""core_id"":1,""op_count"":605,""pipe_busy_cycles"":{""PIPE_M"":16636,""PIPE_MTE2"":16761,""PIPE_MTE3"":10928,""PIPE_V"":21427},""pipe_utilization"":{""PIPE_M"":0.40970323851742396,""PIPE_MTE2"":0.41278167713335795,""PIPE_MTE3"":0.2691294175594139,""PIPE_V"":0.5276936337889423},""task_end"":39946,""task_span_cycles"":39946,""task_start"":0},{""active_any_pipe_cycles"":29613,""active_any_pipe_fraction"":0.7292944218692279,""core_id"":2,""op_count"":542,""pipe_busy_cycles"":{""PIPE_M"":8196,""PIPE_MTE2"":13418,""PIPE_MTE3"":3340,""PIPE_V"":18408},""pipe_utilization"":{""PIPE_M"":0.2018470631695604,""PIPE_MTE2"":0.33045191478881913,""PIPE_MTE3"":0.08225587981775644,""PIPE_V"":0.45334318433690435},""task_end"":40605,""task_span_cycles"":40605,""task_start"":0},{""active_any_pipe_cycles"":37078,""active_any_pipe_fraction"":0.9131387760128064,""core_id"":3,""op_count"":574,""pipe_busy_cycles"":{""PIPE_M"":16244,""PIPE_MTE2"":19420,""PIPE_MTE3"":7864,""PIPE_V"":18922},""pipe_utilization"":{""PIPE_M"":0.40004925501785493,""PIPE_MTE2"":0.478266223371506,""PIPE_MTE3"":0.1936707302056397,""PIPE_V"":0.46600172392562494},""task_end"":37078,""task_span_cycles"":37078,""task_start"":0}]",b2a_w4,42061,1403496,-1456,-73752,-16384,True,0,8.993499351665378,12e6a551758b8b26184b0f96e706dbe3dfcfdbc119862c4e6ae743f0fb66d38a,5634f946bb946a8f1ca6cac0383d7174aa69de12854d7e715f28d57a8386a459,07984219aa042630352ce7744a07474dfaf9d225fb6f0c21f34160c06fab8098
case_055,5,success,map_locality@b2a_w4,scene_b_fixed_partition_mapping,38098,1490812,1490812,0,566974,276,5,"[{""active_any_pipe_cycles"":32847,""active_any_pipe_fraction"":0.8621712425849126,""core_id"":0,""op_count"":291,""pipe_busy_cycles"":{""PIPE_M"":18764,""PIPE_MTE2"":18702,""PIPE_MTE3"":6442,""PIPE_V"":8450},""pipe_utilization"":{""PIPE_M"":0.49251929235130454,""PIPE_MTE2"":0.4908919103365006,""PIPE_MTE3"":0.16909024095753059,""PIPE_V"":0.22179641975956743},""task_end"":38098,""task_span_cycles"":38098,""task_start"":0},{""active_any_pipe_cycles"":33722,""active_any_pipe_fraction"":0.8851383274712583,""core_id"":1,""op_count"":427,""pipe_busy_cycles"":{""PIPE_M"":5336,""PIPE_MTE2"":27369,""PIPE_MTE3"":12016,""PIPE_V"":16594},""pipe_utilization"":{""PIPE_M"":0.14005984566118956,""PIPE_MTE2"":0.7183841671478818,""PIPE_MTE3"":0.3153971337078062,""PIPE_V"":0.4355609218331671},""task_end"":34900,""task_span_cycles"":34900,""task_start"":0},{""active_any_pipe_cycles"":35200,""active_any_pipe_fraction"":0.9239330148564229,""core_id"":2,""op_count"":475,""pipe_busy_cycles"":{""PIPE_M"":9288,""PIPE_MTE2"":27621,""PIPE_MTE3"":12527,""PIPE_V"":17712},""pipe_utilization"":{""PIPE_M"":0.24379232505643342,""PIPE_MTE2"":0.7249986875951494,""PIPE_MTE3"":0.3288099112814321,""PIPE_V"":0.4649062942936637},""task_end"":35200,""task_span_cycles"":35200,""task_start"":0},{""active_any_pipe_cycles"":28516,""active_any_pipe_fraction"":0.7484907344217544,""core_id"":3,""op_count"":316,""pipe_busy_cycles"":{""PIPE_M"":9520,""PIPE_MTE2"":20636,""PIPE_MTE3"":8209,""PIPE_V"":10602},""pipe_utilization"":{""PIPE_M"":0.24988188356344165,""PIPE_MTE2"":0.5416557299595779,""PIPE_MTE3"":0.2154706283794425,""PIPE_V"":0.27828232453147145},""task_end"":36030,""task_span_cycles"":36030,""task_start"":0},{""active_any_pipe_cycles"":37260,""active_any_pipe_fraction"":0.978004094703134,""core_id"":4,""op_count"":592,""pipe_busy_cycles"":{""PIPE_M"":18888,""PIPE_MTE2"":33169,""PIPE_MTE3"":14215,""PIPE_V"":15691},""pipe_utilization"":{""PIPE_M"":0.4957740563809124,""PIPE_MTE2"":0.8706231298230879,""PIPE_MTE3"":0.37311669903931965,""PIPE_V"":0.4118588902304583},""task_end"":37260,""task_span_cycles"":37260,""task_start"":0}]",b2a_w4,40899,1609596,-2801,-118784,0,True,0,11.855720723047853,533eff0c9e906a4b1ad44d54cd0b99cfea2586dd6dcba43690169519bbfb99a3,0134e23245a08d47284f19f167ee24e11b9ac200925b4e2af56a24ef0332a680,498eb7e6661914c9bf702330d44e1aa6d93f66c1fbd03516fa28f298b8990f6e
case_056,1,success,stage1_actual_winner,verified_stage1_global_fallback,277285,0,0,0,0,0,1,"[{""active_any_pipe_cycles"":277285,""active_any_pipe_fraction"":1.0,""core_id"":0,""op_count"":7936,""pipe_busy_cycles"":{""PIPE_M"":131016,""PIPE_MTE2"":3837,""PIPE_MTE3"":39,""PIPE_V"":245953},""pipe_utilization"":{""PIPE_M"":0.47249580756261605,""PIPE_MTE2"":0.013837748165245144,""PIPE_MTE3"":0.00014064951223470437,""PIPE_V"":0.8870043457092883},""task_end"":277285,""task_span_cycles"":277285,""task_start"":0}]",single,277285,0,0,0,0,False,0,0.5925156939774752,743175f0c2281513c5ba96ab480f89a6b160427a20f1643bab65d04602081c3c,7355144407cb6625ff18a853daf1c1966f13bef12d0b903a1f604f5ab1eb5919,6b0b68342bc6a17bcc423af2b3f2ab2fc7dcdf4e3da21590434e332596fdb7c3
case_056,2,success,map_locality@b2a_w16,scene_b_fixed_partition_mapping,188389,1494018,1494018,0,737262,771,2,"[{""active_any_pipe_cycles"":135688,""active_any_pipe_fraction"":0.7202543672932071,""core_id"":0,""op_count"":4523,""pipe_busy_cycles"":{""PIPE_M"":58522,""PIPE_MTE2"":12935,""PIPE_MTE3"":8410,""PIPE_V"":115931},""pipe_utilization"":{""PIPE_M"":0.31064446437955506,""PIPE_MTE2"":0.06866112140305432,""PIPE_MTE3"":0.04464167228447521,""PIPE_V"":0.6153809405007723},""task_end"":188389,""task_span_cycles"":188389,""task_start"":0},{""active_any_pipe_cycles"":156343,""active_any_pipe_fraction"":0.8298945267505003,""core_id"":1,""op_count"":4977,""pipe_busy_cycles"":{""PIPE_M"":72494,""PIPE_MTE2"":11305,""PIPE_MTE3"":8768,""PIPE_V"":130022},""pipe_utilization"":{""PIPE_M"":0.3848101534590661,""PIPE_MTE2"":0.06000881155481477,""PIPE_MTE3"":0.04654199555175727,""PIPE_V"":0.6901783012808603},""task_end"":185781,""task_span_cycles"":185781,""task_start"":0}]",b2a_w16,188576,1385798,-187,108220,0,True,0,17.5130758266896,4727e065e190db4a860057239cbec3b97f5c06338405dfc7363270b81673b112,b8c668f19c2d527c4b9ad1e3c1a69d6dd91b5e78c44677597abea0b81e2d2662,0149a8c5aae5ea22fb63bb3c670631296a8bccd3d919b331e76404978bb913b1
case_056,3,success,stage1_actual_winner,verified_stage1_global_fallback,150152,1740710,1740710,0,851646,959,3,"[{""active_any_pipe_cycles"":125393,""active_any_pipe_fraction"":0.835107091480633,""core_id"":0,""op_count"":4555,""pipe_busy_cycles"":{""PIPE_M"":72578,""PIPE_MTE2"":8965,""PIPE_MTE3"":13465,""PIPE_V"":102944},""pipe_utilization"":{""PIPE_M"":0.48336352496137247,""PIPE_MTE2"":0.059706164420054345,""PIPE_MTE3"":0.08967579519420321,""PIPE_V"":0.685598593425329},""task_end"":145910,""task_span_cycles"":145910,""task_start"":0},{""active_any_pipe_cycles"":87989,""active_any_pipe_fraction"":0.5859995204859076,""core_id"":1,""op_count"":3021,""pipe_busy_cycles"":{""PIPE_M"":36410,""PIPE_MTE2"":14929,""PIPE_MTE3"":6291,""PIPE_V"":77597},""pipe_utilization"":{""PIPE_M"":0.24248761255261336,""PIPE_MTE2"":0.0994259150727263,""PIPE_MTE3"":0.04189754382226011,""PIPE_V"":0.5167896531514732},""task_end"":146538,""task_span_cycles"":146538,""task_start"":0},{""active_any_pipe_cycles"":72005,""active_any_pipe_fraction"":0.47954739197613083,""core_id"":2,""op_count"":2317,""pipe_busy_cycles"":{""PIPE_M"":22028,""PIPE_MTE2"":16466,""PIPE_MTE3"":5278,""PIPE_V"":65412},""pipe_utilization"":{""PIPE_M"":0.1467046725984336,""PIPE_MTE2"":0.1096622089615856,""PIPE_MTE3"":0.03515104693910171,""PIPE_V"":0.4356385529330279},""task_end"":150152,""task_span_cycles"":150152,""task_start"":0}]",b2a_w16,150152,1740710,0,0,0,False,0,27.36269603483379,b178f0be21175be26860f1e83a2043a1f953ccc4bc21eef4b955e1d679152419,81a50e000027c1840653367c4f035a651f695d9f269953ae2639b0e0f7acb499,279d9687b087548e3b92e5bb9dfc4180a522516f105160908df6bf83b923984b
case_056,4,success,stage1_actual_winner,verified_stage1_global_fallback,135157,2273974,2273974,0,1100868,1135,4,"[{""active_any_pipe_cycles"":116154,""active_any_pipe_fraction"":0.8594005489911732,""core_id"":0,""op_count"":4159,""pipe_busy_cycles"":{""PIPE_M"":65898,""PIPE_MTE2"":13283,""PIPE_MTE3"":23421,""PIPE_V"":88775},""pipe_utilization"":{""PIPE_M"":0.4875663117707555,""PIPE_MTE2"":0.09827829857129117,""PIPE_MTE3"":0.17328736210481144,""PIPE_V"":0.6568287251122769},""task_end"":132137,""task_span_cycles"":132137,""task_start"":0},{""active_any_pipe_cycles"":68867,""active_any_pipe_fraction"":0.5095333575027561,""core_id"":1,""op_count"":2394,""pipe_busy_cycles"":{""PIPE_M"":28694,""PIPE_MTE2"":17014,""PIPE_MTE3"":9545,""PIPE_V"":61030},""pipe_utilization"":{""PIPE_M"":0.21230124965780536,""PIPE_MTE2"":0.12588323209304733,""PIPE_MTE3"":0.07062157342941912,""PIPE_V"":0.45154893938160806},""task_end"":130618,""task_span_cycles"":130618,""task_start"":0},{""active_any_pipe_cycles"":56251,""active_any_pipe_fraction"":0.4161900604482195,""core_id"":2,""op_count"":1757,""pipe_busy_cycles"":{""PIPE_M"":17720,""PIPE_MTE2"":20377,""PIPE_MTE3"":8980,""PIPE_V"":49013},""pipe_utilization"":{""PIPE_M"":0.13110678692187605,""PIPE_MTE2"":0.15076540615728376,""PIPE_MTE3"":0.06644124980578142,""PIPE_V"":0.3626375252484148},""task_end"":133711,""task_span_cycles"":133711,""task_start"":0},{""active_any_pipe_cycles"":55777,""active_any_pipe_fraction"":0.412683027886088,""core_id"":3,""op_count"":1965,""pipe_busy_cycles"":{""PIPE_M"":18704,""PIPE_MTE2"":18144,""PIPE_MTE3"":6673,""PIPE_V"":47135},""pipe_utilization"":{""PIPE_M"":0.13838720894959194,""PIPE_MTE2"":0.13424387934032272,""PIPE_MTE3"":0.049372211576166974,""PIPE_V"":0.3487425734516155},""task_end"":135157,""task_span_cycles"":135157,""task_start"":0}]",b2a_w16,135157,2273974,0,0,0,False,0,31.67987498641014,0b7e70f9eea55c18ccc5f4267e1f34c174c695b0ef4fd689b11687e14891d857,e05b0cf98d296be056831da6b518e7e718229498f6eaff0d3a11ded44ea2d08a,fbb86fad56c814f9b4f6c0335d6c6a03977c145ea5327f6d42939bfb2db08833
case_056,5,success,map_locality@b2a_w16,scene_b_fixed_partition_mapping,133714,2254030,2254030,0,1077326,1251,5,"[{""active_any_pipe_cycles"":88768,""active_any_pipe_fraction"":0.6638646663774923,""core_id"":0,""op_count"":3142,""pipe_busy_cycles"":{""PIPE_M"":49102,""PIPE_MTE2"":14778,""PIPE_MTE3"":16747,""PIPE_V"":70490},""pipe_utilization"":{""PIPE_M"":0.36721659661665945,""PIPE_MTE2"":0.11051946692193787,""PIPE_MTE3"":0.1252449257370208,""PIPE_V"":0.5271699298502774},""task_end"":133714,""task_span_cycles"":133714,""task_start"":0},{""active_any_pipe_cycles"":79174,""active_any_pipe_fraction"":0.5921145130651989,""core_id"":1,""op_count"":2869,""pipe_busy_cycles"":{""PIPE_M"":41154,""PIPE_MTE2"":13000,""PIPE_MTE3"":14844,""PIPE_V"":61261},""pipe_utilization"":{""PIPE_M"":0.3077762986673048,""PIPE_MTE2"":0.09722242996245718,""PIPE_MTE3"":0.11101305772020881,""PIPE_V"":0.4581494832253915},""task_end"":130391,""task_span_cycles"":130391,""task_start"":0},{""active_any_pipe_cycles"":42895,""active_any_pipe_fraction"":0.32079662563381545,""core_id"":2,""op_count"":1452,""pipe_busy_cycles"":{""PIPE_M"":13908,""PIPE_MTE2"":14796,""PIPE_MTE3"":4779,""PIPE_V"":37631},""pipe_utilization"":{""PIPE_M"":0.10401304276291189,""PIPE_MTE2"":0.11065408259419358,""PIPE_MTE3"":0.03574046098389099,""PIPE_V"":0.28142902014747895},""task_end"":133281,""task_span_cycles"":122352,""task_start"":10929},{""active_any_pipe_cycles"":47464,""active_any_pipe_fraction"":0.35496657044138985,""core_id"":3,""op_count"":1502,""pipe_busy_cycles"":{""PIPE_M"":12336,""PIPE_MTE2"":12136,""PIPE_MTE3"":5659,""PIPE_V"":38346},""pipe_utilization"":{""PIPE_M"":0.09225660738591322,""PIPE_MTE2"":0.0907608776941831,""PIPE_MTE3"":0.04232167162750348,""PIPE_V"":0.2867762537954141},""task_end"":130998,""task_span_cycles"":130998,""task_start"":0},{""active_any_pipe_cycles"":43030,""active_any_pipe_fraction"":0.3218062431757333,""core_id"":4,""op_count"":1571,""pipe_busy_cycles"":{""PIPE_M"":14516,""PIPE_MTE2"":15088,""PIPE_MTE3"":4618,""PIPE_V"":38225},""pipe_utilization"":{""PIPE_M"":0.10856006102577143,""PIPE_MTE2"":0.11283784794411954,""PIPE_MTE3"":0.03453639858204825,""PIPE_V"":0.2858713373319174},""task_end"":131982,""task_span_cycles"":122417,""task_start"":9565}]",inherit_k4,135157,2273974,-1443,-19944,0,True,0,36.173760617151856,27d6cc91fe8b2572883297cc79685c10cbe4b4882bac899c0e05f25ad3d9bd34,becfdd86ed33e9b407d79eb065c98855693ee6c919b623c7cfcf42610f7c9fff,01ff748ed80221d24c36cd742f326ade20205dea815f229e964b73cfe42f8ed6
case_057,1,success,stage1_actual_winner,verified_stage1_global_fallback,59726,94216,0,94216,0,0,1,"[{""active_any_pipe_cycles"":59726,""active_any_pipe_fraction"":1.0,""core_id"":0,""op_count"":1080,""pipe_busy_cycles"":{""PIPE_M"":14062,""PIPE_MTE2"":7313,""PIPE_MTE3"":173,""PIPE_V"":47565},""pipe_utilization"":{""PIPE_M"":0.2354418511201152,""PIPE_MTE2"":0.12244248735893916,""PIPE_MTE3"":0.002896560961725212,""PIPE_V"":0.7963868332049694},""task_end"":59726,""task_span_cycles"":59726,""task_start"":0}]",single,59726,94216,0,0,0,False,0,0.07581007480621338,acd89f79c14e426db3abaaef2c68de7b4ce99efc97a95aebf8438072ab410cf5,2c4423f6c876f78c022c3d94f14a2ec636aed690a97260d808c7dd1ebd3c651e,28f950b319692e541b963db96546ba475e267dacc2134d973bb6db87aac90678
case_057,2,success,map_locality@b2a_w4,scene_b_fixed_partition_mapping,30500,802956,802956,0,344134,125,2,"[{""active_any_pipe_cycles"":29733,""active_any_pipe_fraction"":0.9748524590163934,""core_id"":0,""op_count"":643,""pipe_busy_cycles"":{""PIPE_M"":8010,""PIPE_MTE2"":12298,""PIPE_MTE3"":7215,""PIPE_V"":21848},""pipe_utilization"":{""PIPE_M"":0.26262295081967213,""PIPE_MTE2"":0.4032131147540984,""PIPE_MTE3"":0.23655737704918034,""PIPE_V"":0.716327868852459},""task_end"":29733,""task_span_cycles"":29733,""task_start"":0},{""active_any_pipe_cycles"":30500,""active_any_pipe_fraction"":1.0,""core_id"":1,""op_count"":690,""pipe_busy_cycles"":{""PIPE_M"":6052,""PIPE_MTE2"":13134,""PIPE_MTE3"":5783,""PIPE_V"":25717},""pipe_utilization"":{""PIPE_M"":0.19842622950819672,""PIPE_MTE2"":0.4306229508196721,""PIPE_MTE3"":0.18960655737704918,""PIPE_V"":0.8431803278688524},""task_end"":30500,""task_span_cycles"":30500,""task_start"":0}]",b2a_w4,31115,722184,-615,80772,0,True,0,2.500330535694957,024d0e40356bf73055cf3b7fcff0a88f295ae264458a14e26f91e9192b5f52ad,9c267f417d3ac48cb148145626f40c4ae1bef1c150e5a1537cb8cc5126de39e8,a8a606d78ed9d902563315c377f5006b253f344ddde0260b813b7b24f97d362e
case_057,3,success,map_locality@b2a_w4,scene_b_fixed_partition_mapping,20864,736728,736728,0,288364,126,3,"[{""active_any_pipe_cycles"":20009,""active_any_pipe_fraction"":0.9590203220858896,""core_id"":0,""op_count"":426,""pipe_busy_cycles"":{""PIPE_M"":3208,""PIPE_MTE2"":15912,""PIPE_MTE3"":7754,""PIPE_V"":16993},""pipe_utilization"":{""PIPE_M"":0.15375766871165644,""PIPE_MTE2"":0.7626533742331288,""PIPE_MTE3"":0.37164493865030673,""PIPE_V"":0.8144651073619632},""task_end"":20009,""task_span_cycles"":20009,""task_start"":0},{""active_any_pipe_cycles"":20571,""active_any_pipe_fraction"":0.9859566717791411,""core_id"":1,""op_count"":420,""pipe_busy_cycles"":{""PIPE_M"":7870,""PIPE_MTE2"":10984,""PIPE_MTE3"":6276,""PIPE_V"":13221},""pipe_utilization"":{""PIPE_M"":0.377204754601227,""PIPE_MTE2"":0.526457055214724,""PIPE_MTE3"":0.3008052147239264,""PIPE_V"":0.6336752300613497},""task_end"":20571,""task_span_cycles"":20571,""task_start"":0},{""active_any_pipe_cycles"":20864,""active_any_pipe_fraction"":1.0,""core_id"":2,""op_count"":507,""pipe_busy_cycles"":{""PIPE_M"":2984,""PIPE_MTE2"":15852,""PIPE_MTE3"":6285,""PIPE_V"":17351},""pipe_utilization"":{""PIPE_M"":0.14302147239263804,""PIPE_MTE2"":0.7597776073619632,""PIPE_MTE3"":0.3012365797546012,""PIPE_V"":0.8316238496932515},""task_end"":20864,""task_span_cycles"":20864,""task_start"":0}]",b2a_w4,21456,671212,-592,65516,0,True,0,4.453135423362255,5d163679b1879973c670a5cbee5bc6157e74eef5046a0215ffc454b8bf0b5f40,07ab23cfc430f47cc018b337fc7de187f29f1ace6fa805ef946c1acbfd29c2b4,55763666493512dce2d68e31c10166ec0ee59db4b3404f868cd7790e25de7519
case_057,4,success,stage1_actual_winner,verified_stage1_global_fallback,17084,565496,565496,0,222332,94,4,"[{""active_any_pipe_cycles"":16820,""active_any_pipe_fraction"":0.9845469445094825,""core_id"":0,""op_count"":326,""pipe_busy_cycles"":{""PIPE_M"":1476,""PIPE_MTE2"":9460,""PIPE_MTE3"":4545,""PIPE_V"":12689},""pipe_utilization"":{""PIPE_M"":0.08639662842425662,""PIPE_MTE2"":0.5537344884102083,""PIPE_MTE3"":0.2660383985015219,""PIPE_V"":0.7427417466635449},""task_end"":16975,""task_span_cycles"":16975,""task_start"":0},{""active_any_pipe_cycles"":14871,""active_any_pipe_fraction"":0.8704635916647155,""core_id"":1,""op_count"":301,""pipe_busy_cycles"":{""PIPE_M"":636,""PIPE_MTE2"":9778,""PIPE_MTE3"":2391,""PIPE_V"":13391},""pipe_utilization"":{""PIPE_M"":0.03722781549988293,""PIPE_MTE2"":0.5723483961601499,""PIPE_MTE3"":0.13995551393116365,""PIPE_V"":0.7838328260360571},""task_end"":16336,""task_span_cycles"":16336,""task_start"":0},{""active_any_pipe_cycles"":15724,""active_any_pipe_fraction"":0.920393350503395,""core_id"":2,""op_count"":340,""pipe_busy_cycles"":{""PIPE_M"":4594,""PIPE_MTE2"":9289,""PIPE_MTE3"":3312,""PIPE_V"":12246},""pipe_utilization"":{""PIPE_M"":0.2689065792554437,""PIPE_MTE2"":0.5437251229220323,""PIPE_MTE3"":0.1938656052446734,""PIPE_V"":0.7168110512760477},""task_end"":17084,""task_span_cycles"":17084,""task_start"":0},{""active_any_pipe_cycles"":16926,""active_any_pipe_fraction"":0.9907515804261298,""core_id"":3,""op_count"":306,""pipe_busy_cycles"":{""PIPE_M"":7356,""PIPE_MTE2"":7183,""PIPE_MTE3"":1817,""PIPE_V"":9239},""pipe_utilization"":{""PIPE_M"":0.4305783188948724,""PIPE_MTE2"":0.4204518848044954,""PIPE_MTE3"":0.1063568250995083,""PIPE_V"":0.5407984078670101},""task_end"":17013,""task_span_cycles"":17013,""task_start"":0}]",b2a_w4,17084,565496,0,0,0,False,0,6.28172979131341,beefa210fd32e41d24a60872fd6a87bc9f0cfb3a8dcc2f8eb1a40557851b8eb7,05a04bcd4af873630f88cdb76d3c4af74c3fb2757e455ca964148a4e278b26d5,93146922e10946e1c88e6e8e531cc5a5ad682e460fd017fc04c6e6302674e3be
case_057,5,success,stage1_actual_winner,verified_stage1_global_fallback,17084,565496,565496,0,222332,94,4,"[{""active_any_pipe_cycles"":16820,""active_any_pipe_fraction"":0.9845469445094825,""core_id"":0,""op_count"":326,""pipe_busy_cycles"":{""PIPE_M"":1476,""PIPE_MTE2"":9460,""PIPE_MTE3"":4545,""PIPE_V"":12689},""pipe_utilization"":{""PIPE_M"":0.08639662842425662,""PIPE_MTE2"":0.5537344884102083,""PIPE_MTE3"":0.2660383985015219,""PIPE_V"":0.7427417466635449},""task_end"":16975,""task_span_cycles"":16975,""task_start"":0},{""active_any_pipe_cycles"":14871,""active_any_pipe_fraction"":0.8704635916647155,""core_id"":1,""op_count"":301,""pipe_busy_cycles"":{""PIPE_M"":636,""PIPE_MTE2"":9778,""PIPE_MTE3"":2391,""PIPE_V"":13391},""pipe_utilization"":{""PIPE_M"":0.03722781549988293,""PIPE_MTE2"":0.5723483961601499,""PIPE_MTE3"":0.13995551393116365,""PIPE_V"":0.7838328260360571},""task_end"":16336,""task_span_cycles"":16336,""task_start"":0},{""active_any_pipe_cycles"":15724,""active_any_pipe_fraction"":0.920393350503395,""core_id"":2,""op_count"":340,""pipe_busy_cycles"":{""PIPE_M"":4594,""PIPE_MTE2"":9289,""PIPE_MTE3"":3312,""PIPE_V"":12246},""pipe_utilization"":{""PIPE_M"":0.2689065792554437,""PIPE_MTE2"":0.5437251229220323,""PIPE_MTE3"":0.1938656052446734,""PIPE_V"":0.7168110512760477},""task_end"":17084,""task_span_cycles"":17084,""task_start"":0},{""active_any_pipe_cycles"":16926,""active_any_pipe_fraction"":0.9907515804261298,""core_id"":3,""op_count"":306,""pipe_busy_cycles"":{""PIPE_M"":7356,""PIPE_MTE2"":7183,""PIPE_MTE3"":1817,""PIPE_V"":9239},""pipe_utilization"":{""PIPE_M"":0.4305783188948724,""PIPE_MTE2"":0.4204518848044954,""PIPE_MTE3"":0.1063568250995083,""PIPE_V"":0.5407984078670101},""task_end"":17013,""task_span_cycles"":17013,""task_start"":0},{""active_any_pipe_cycles"":0,""active_any_pipe_fraction"":0.0,""core_id"":4,""op_count"":0,""pipe_busy_cycles"":{},""pipe_utilization"":{},""task_end"":0,""task_span_cycles"":0,""task_start"":0}]",inherit_k4,17084,565496,0,0,0,False,0,7.205735374242067,b733d13487ca355f7a29c908d377c6424d2aa4a92a506e9de3c8931e88107657,6c300683d8c675c172cc6780dc4fdaa6fa1e050ab5af0c3e32429db93bad2b55,c374e328bc9a2e1f0f2cbda885541d9aa396f6543fa5775fc158c5b9af27de8b
case_058,1,success,stage1_actual_winner,verified_stage1_global_fallback,4539717,28696576,0,28696576,0,0,1,"[{""active_any_pipe_cycles"":4539717,""active_any_pipe_fraction"":1.0,""core_id"":0,""op_count"":24892,""pipe_busy_cycles"":{""PIPE_M"":4358970,""PIPE_MTE2"":609944,""PIPE_MTE3"":33113,""PIPE_V"":310080},""pipe_utilization"":{""PIPE_M"":0.960185403627583,""PIPE_MTE2"":0.1343572738124425,""PIPE_MTE3"":0.007294067009022809,""PIPE_V"":0.06830381717626892},""task_end"":4539717,""task_span_cycles"":4539717,""task_start"":0}]",single,4539717,28696576,0,0,0,False,0,1.6844357512891293,ff71c780c30ca091e2677bec8c5d6320f2d7acb191c9f44dbc2e314322d098c5,a38a496ab67cfc079e5e35f0a019de892e18ee2a1e3c5c60acea35545ae93189,fcac8e91570b97d5ae80d88874bbf0c16865e835c60a8905cb38161a4d50be73
case_058,2,success,stage1_actual_winner,verified_stage1_global_fallback,3633043,116219904,51183616,65036288,25591808,6248,2,"[{""active_any_pipe_cycles"":3412320,""active_any_pipe_fraction"":0.9392456956881601,""core_id"":0,""op_count"":19392,""pipe_busy_cycles"":{""PIPE_M"":2245530,""PIPE_MTE2"":1071737,""PIPE_MTE3"":889973,""PIPE_V"":116128},""pipe_utilization"":{""PIPE_M"":0.6180851699250463,""PIPE_MTE2"":0.2949970589392969,""PIPE_MTE3"":0.24496627207550253,""PIPE_V"":0.031964389080999044},""task_end"":3598441,""task_span_cycles"":3598441,""task_start"":0},{""active_any_pipe_cycles"":3633043,""active_any_pipe_fraction"":1.0,""core_id"":1,""op_count"":26748,""pipe_busy_cycles"":{""PIPE_M"":2113440,""PIPE_MTE2"":1464103,""PIPE_MTE3"":1142724,""PIPE_V"":193952},""pipe_utilization"":{""PIPE_M"":0.5817272187529847,""PIPE_MTE2"":0.4029963311747205,""PIPE_MTE3"":0.31453632671014353,""PIPE_V"":0.05338555034994081},""task_end"":3633043,""task_span_cycles"":3633043,""task_start"":0}]",b2a_w4,3633043,116219904,0,0,0,False,0,120.03886970318854,9c781a64770d3cb653afbf65a363f305f35ec80df17021394c16d3b027c50195,c130ac4ed2c81328b645b4157024200841f3667d3ff631a84dff390166574eb5,706a27247fe811e8c30ac574e0a186a433bd63c87378dd485a99b7d58ae9d487
case_058,3,success,stage1_actual_winner,verified_stage1_global_fallback,1506765,29749248,4595712,25153536,0,0,3,"[{""active_any_pipe_cycles"":1506765,""active_any_pipe_fraction"":1.0,""core_id"":0,""op_count"":8350,""pipe_busy_cycles"":{""PIPE_M"":1452990,""PIPE_MTE2"":290353,""PIPE_MTE3"":14229,""PIPE_V"":103360},""pipe_utilization"":{""PIPE_M"":0.9643109575813082,""PIPE_MTE2"":0.19269959150896124,""PIPE_MTE3"":0.009443410219908214,""PIPE_V"":0.06859729287579683},""task_end"":1506765,""task_span_cycles"":1506765,""task_start"":0},{""active_any_pipe_cycles"":1502797,""active_any_pipe_fraction"":0.9973665435552326,""core_id"":1,""op_count"":8383,""pipe_busy_cycles"":{""PIPE_M"":1452990,""PIPE_MTE2"":280557,""PIPE_MTE3"":13235,""PIPE_V"":103360},""pipe_utilization"":{""PIPE_M"":0.9643109575813082,""PIPE_MTE2"":0.18619824591094164,""PIPE_MTE3"":0.008783718761717985,""PIPE_V"":0.06859729287579683},""task_end"":1502797,""task_span_cycles"":1502797,""task_start"":0},{""active_any_pipe_cycles"":1503537,""active_any_pipe_fraction"":0.9978576619446298,""core_id"":2,""op_count"":8350,""pipe_busy_cycles"":{""PIPE_M"":1452990,""PIPE_MTE2"":290295,""PIPE_MTE3"":14567,""PIPE_V"":103360},""pipe_utilization"":{""PIPE_M"":0.9643109575813082,""PIPE_MTE2"":0.1926610984460085,""PIPE_MTE3"":0.00966773186263286,""PIPE_V"":0.06859729287579683},""task_end"":1503537,""task_span_cycles"":1503537,""task_start"":0}]",b0,1506765,29749248,0,0,0,False,0,183.7837254330516,e7afd04b46d58d4ff707aabb9b67e357df7b330c49cc92aefcbd5ef2d76a2185,1e18dfc991679eb3d4950a6c753b3221e38c2abac280e47da546f3955979e8bb,ea17b83f3bc71f1f614393af0e941cf3dce7ce1d911ad491b6694c3eaff4bca7
case_058,4,success,stage1_actual_winner,verified_stage1_global_fallback,1506765,29749248,4595712,25153536,0,0,3,"[{""active_any_pipe_cycles"":1506765,""active_any_pipe_fraction"":1.0,""core_id"":0,""op_count"":8350,""pipe_busy_cycles"":{""PIPE_M"":1452990,""PIPE_MTE2"":290353,""PIPE_MTE3"":14229,""PIPE_V"":103360},""pipe_utilization"":{""PIPE_M"":0.9643109575813082,""PIPE_MTE2"":0.19269959150896124,""PIPE_MTE3"":0.009443410219908214,""PIPE_V"":0.06859729287579683},""task_end"":1506765,""task_span_cycles"":1506765,""task_start"":0},{""active_any_pipe_cycles"":1502797,""active_any_pipe_fraction"":0.9973665435552326,""core_id"":1,""op_count"":8383,""pipe_busy_cycles"":{""PIPE_M"":1452990,""PIPE_MTE2"":280557,""PIPE_MTE3"":13235,""PIPE_V"":103360},""pipe_utilization"":{""PIPE_M"":0.9643109575813082,""PIPE_MTE2"":0.18619824591094164,""PIPE_MTE3"":0.008783718761717985,""PIPE_V"":0.06859729287579683},""task_end"":1502797,""task_span_cycles"":1502797,""task_start"":0},{""active_any_pipe_cycles"":1503537,""active_any_pipe_fraction"":0.9978576619446298,""core_id"":2,""op_count"":8350,""pipe_busy_cycles"":{""PIPE_M"":1452990,""PIPE_MTE2"":290295,""PIPE_MTE3"":14567,""PIPE_V"":103360},""pipe_utilization"":{""PIPE_M"":0.9643109575813082,""PIPE_MTE2"":0.1926610984460085,""PIPE_MTE3"":0.00966773186263286,""PIPE_V"":0.06859729287579683},""task_end"":1503537,""task_span_cycles"":1503537,""task_start"":0},{""active_any_pipe_cycles"":0,""active_any_pipe_fraction"":0.0,""core_id"":3,""op_count"":0,""pipe_busy_cycles"":{},""pipe_utilization"":{},""task_end"":0,""task_span_cycles"":0,""task_start"":0}]",inherit_k3,1506765,29749248,0,0,0,False,0,208.85459940321743,120bf687111ea049046444c881feecfa6c5513cd84d3b75b31e18af112953cec,79f4fdd282f4d91de889b10c5d3391b49da6a76315fa46b618182978d2b78471,269f6a8d85255c41ee5cd9469a206d2c77724645f61696c6d60e585f7029b519
case_058,5,success,stage1_actual_winner,verified_stage1_global_fallback,915736,30818304,9191424,21626880,0,0,5,"[{""active_any_pipe_cycles"":899709,""active_any_pipe_fraction"":0.9824982309311854,""core_id"":0,""op_count"":5052,""pipe_busy_cycles"":{""PIPE_M"":871794,""PIPE_MTE2"":369208,""PIPE_MTE3"":20153,""PIPE_V"":62016},""pipe_utilization"":{""PIPE_M"":0.9520145544130623,""PIPE_MTE2"":0.40318170302357886,""PIPE_MTE3"":0.022007434457092436,""PIPE_V"":0.06772257506530266},""task_end"":899709,""task_span_cycles"":899709,""task_start"":0},{""active_any_pipe_cycles"":915736,""active_any_pipe_fraction"":1.0,""core_id"":1,""op_count"":5049,""pipe_busy_cycles"":{""PIPE_M"":871794,""PIPE_MTE2"":417808,""PIPE_MTE3"":21141,""PIPE_V"":62016},""pipe_utilization"":{""PIPE_M"":0.9520145544130623,""PIPE_MTE2"":0.4562537674613644,""PIPE_MTE3"":0.02308634803043672,""PIPE_V"":0.06772257506530266},""task_end"":915736,""task_span_cycles"":915736,""task_start"":0},{""active_any_pipe_cycles"":907263,""active_any_pipe_fraction"":0.9907473332925647,""core_id"":2,""op_count"":5085,""pipe_busy_cycles"":{""PIPE_M"":871794,""PIPE_MTE2"":416938,""PIPE_MTE3"":21891,""PIPE_V"":62016},""pipe_utilization"":{""PIPE_M"":0.9520145544130623,""PIPE_MTE2"":0.4553037119868608,""PIPE_MTE3"":0.023905361370526002,""PIPE_V"":0.06772257506530266},""task_end"":907263,""task_span_cycles"":907263,""task_start"":0},{""active_any_pipe_cycles"":904382,""active_any_pipe_fraction"":0.987601230048835,""core_id"":3,""op_count"":5040,""pipe_busy_cycles"":{""PIPE_M"":871794,""PIPE_MTE2"":357126,""PIPE_MTE3"":16514,""PIPE_V"":62016},""pipe_utilization"":{""PIPE_M"":0.9520145544130623,""PIPE_MTE2"":0.3899879441236339,""PIPE_MTE3"":0.018033581730979235,""PIPE_V"":0.06772257506530266},""task_end"":904382,""task_span_cycles"":904382,""task_start"":0},{""active_any_pipe_cycles"":907672,""active_any_pipe_fraction"":0.99119396856736,""core_id"":4,""op_count"":5052,""pipe_busy_cycles"":{""PIPE_M"":871794,""PIPE_MTE2"":415062,""PIPE_MTE3"":21162,""PIPE_V"":62016},""pipe_utilization"":{""PIPE_M"":0.9520145544130623,""PIPE_MTE2"":0.45325508661885083,""PIPE_MTE3"":0.02310928040395922,""PIPE_V"":0.06772257506530266},""task_end"":907672,""task_span_cycles"":907672,""task_start"":0}]",b0,915736,30818304,0,0,0,False,0,318.1939968690276,4d0eacc1610f5516744530a9b20c3b09ee39e997005f15c8d7bc4f50bb74e143,4158c95a786f184989e447f45fb232fdf340e0a1a2a32711d9871c0cb36f9a7a,ebf53f88ad324399a17fa8ac447bedd12f74bde0a4698ed27b7e4c182b666353
case_059,1,success,stage1_actual_winner,verified_stage1_global_fallback,829473,1691648,0,1691648,0,0,1,"[{""active_any_pipe_cycles"":829473,""active_any_pipe_fraction"":1.0,""core_id"":0,""op_count"":3581,""pipe_busy_cycles"":{""PIPE_M"":737792,""PIPE_MTE2"":48045,""PIPE_MTE3"":5660,""PIPE_V"":102144},""pipe_utilization"":{""PIPE_M"":0.8894707844619415,""PIPE_MTE2"":0.057922319352166976,""PIPE_MTE3"":0.006823609689525759,""PIPE_V"":0.12314324878567476},""task_end"":829473,""task_span_cycles"":829473,""task_start"":0}]",single,829473,1691648,0,0,0,False,0,0.23871465399861336,2e6a67d7d77f4b2e1ea02410090335b393c7c9d2780064849fbac16238d5ce03,195a633562363c88b80ad7c2e4fe2a1785941603a05262e519452f9a1bc3f6cf,17e6329d00e7a56c407a2315747cda6aea7d6bf07664a8d2f8d75a3b946ee2b7
case_059,2,success,stage1_actual_winner,verified_stage1_global_fallback,421538,2072576,720896,1351680,0,0,2,"[{""active_any_pipe_cycles"":421538,""active_any_pipe_fraction"":1.0,""core_id"":0,""op_count"":1837,""pipe_busy_cycles"":{""PIPE_M"":368896,""PIPE_MTE2"":55006,""PIPE_MTE3"":6204,""PIPE_V"":51072},""pipe_utilization"":{""PIPE_M"":0.8751192063348975,""PIPE_MTE2"":0.13048882900236752,""PIPE_MTE3"":0.0147175343622639,""PIPE_V"":0.12115633703248581},""task_end"":421538,""task_span_cycles"":421538,""task_start"":0},{""active_any_pipe_cycles"":421538,""active_any_pipe_fraction"":1.0,""core_id"":1,""op_count"":1837,""pipe_busy_cycles"":{""PIPE_M"":368896,""PIPE_MTE2"":55006,""PIPE_MTE3"":6204,""PIPE_V"":51072},""pipe_utilization"":{""PIPE_M"":0.8751192063348975,""PIPE_MTE2"":0.13048882900236752,""PIPE_MTE3"":0.0147175343622639,""PIPE_V"":0.12115633703248581},""task_end"":421538,""task_span_cycles"":421538,""task_start"":0}]",b0,421538,2072576,0,0,0,False,0,6.4397369138896465,ae45e425b08d847e73c68d527947e861936524041795124bcde71247b1060535,7e674e0d3034da62621a26c6f6c625cbf9015460ba9e92b296b7754ace920079,7ec3133b1ff864d71871bbe7656c2c243dad899a9e0616a5aae9a5a54f0cdf5b
case_059,3,success,map_locality@b2a_w4,scene_b_fixed_partition_mapping,342534,9396224,7684096,1712128,3842048,938,3,"[{""active_any_pipe_cycles"":342534,""active_any_pipe_fraction"":1.0,""core_id"":0,""op_count"":1962,""pipe_busy_cycles"":{""PIPE_M"":268288,""PIPE_MTE2"":96624,""PIPE_MTE3"":71697,""PIPE_V"":35112},""pipe_utilization"":{""PIPE_M"":0.7832448749613177,""PIPE_MTE2"":0.2820858659286377,""PIPE_MTE3"":0.20931352800014014,""PIPE_V"":0.10250661248226453},""task_end"":342534,""task_span_cycles"":342534,""task_start"":0},{""active_any_pipe_cycles"":309263,""active_any_pipe_fraction"":0.9028680364576948,""core_id"":1,""op_count"":1750,""pipe_busy_cycles"":{""PIPE_M"":234752,""PIPE_MTE2"":91081,""PIPE_MTE3"":68069,""PIPE_V"":33516},""pipe_utilization"":{""PIPE_M"":0.685339265591153,""PIPE_MTE2"":0.26590353074439327,""PIPE_MTE3"":0.19872187870401187,""PIPE_V"":0.09784722100579797},""task_end"":334092,""task_span_cycles"":334092,""task_start"":0},{""active_any_pipe_cycles"":310047,""active_any_pipe_fraction"":0.9051568603408713,""core_id"":2,""op_count"":1750,""pipe_busy_cycles"":{""PIPE_M"":234752,""PIPE_MTE2"":91305,""PIPE_MTE3"":67991,""PIPE_V"":33516},""pipe_utilization"":{""PIPE_M"":0.685339265591153,""PIPE_MTE2"":0.26655748042530086,""PIPE_MTE3"":0.19849416408298154,""PIPE_V"":0.09784722100579797},""task_end"":336226,""task_span_cycles"":336226,""task_start"":0}]",b2a_w4,351835,9920512,-9301,-524288,8192,True,0,13.914404483512044,6e31e9570dc1406deea12edfa556e3855ff68990eb12febaae89c9f69f0e4c93,800573c0a2196d2c7e008be901b8e20e02e77ff43db86269fb37c3f56e4aa0ee,f7eb93fd2f6c0cd656269061faeb413959b73af248e4f14c00fb5fe09114b7bc
case_059,4,success,stage1_actual_winner,verified_stage1_global_fallback,185216,1081344,1081344,0,0,0,4,"[{""active_any_pipe_cycles"":185216,""active_any_pipe_fraction"":1.0,""core_id"":0,""op_count"":880,""pipe_busy_cycles"":{""PIPE_M"":184448,""PIPE_MTE2"":37352,""PIPE_MTE3"":5160,""PIPE_V"":25536},""pipe_utilization"":{""PIPE_M"":0.9958534899792675,""PIPE_MTE2"":0.2016672425708362,""PIPE_MTE3"":0.02785936420179682,""PIPE_V"":0.13787145818935728},""task_end"":185216,""task_span_cycles"":185216,""task_start"":0},{""active_any_pipe_cycles"":185216,""active_any_pipe_fraction"":1.0,""core_id"":1,""op_count"":880,""pipe_busy_cycles"":{""PIPE_M"":184448,""PIPE_MTE2"":37352,""PIPE_MTE3"":5160,""PIPE_V"":25536},""pipe_utilization"":{""PIPE_M"":0.9958534899792675,""PIPE_MTE2"":0.2016672425708362,""PIPE_MTE3"":0.02785936420179682,""PIPE_V"":0.13787145818935728},""task_end"":185216,""task_span_cycles"":185216,""task_start"":0},{""active_any_pipe_cycles"":185216,""active_any_pipe_fraction"":1.0,""core_id"":2,""op_count"":880,""pipe_busy_cycles"":{""PIPE_M"":184448,""PIPE_MTE2"":37352,""PIPE_MTE3"":5160,""PIPE_V"":25536},""pipe_utilization"":{""PIPE_M"":0.9958534899792675,""PIPE_MTE2"":0.2016672425708362,""PIPE_MTE3"":0.02785936420179682,""PIPE_V"":0.13787145818935728},""task_end"":185216,""task_span_cycles"":185216,""task_start"":0},{""active_any_pipe_cycles"":185216,""active_any_pipe_fraction"":1.0,""core_id"":3,""op_count"":880,""pipe_busy_cycles"":{""PIPE_M"":184448,""PIPE_MTE2"":37352,""PIPE_MTE3"":5160,""PIPE_V"":25536},""pipe_utilization"":{""PIPE_M"":0.9958534899792675,""PIPE_MTE2"":0.2016672425708362,""PIPE_MTE3"":0.02785936420179682,""PIPE_V"":0.13787145818935728},""task_end"":185216,""task_span_cycles"":185216,""task_start"":0}]",b0,185216,1081344,0,0,0,False,0,15.211508119478822,1917e57e0f0aca795f1f8fa9eea7cab37be3877cf78ca71cde60f8b5d1f7187e,f60ba7b523d5bc1970239d48dba0faa163eccd328256e2c2a9f75d049007301e,139f2f22c98323dd41c1d7624fd2de8ec62bc1b1f1644c3a4786c2b20f4053ed
case_059,5,success,stage1_actual_winner,verified_stage1_global_fallback,185216,1081344,1081344,0,0,0,4,"[{""active_any_pipe_cycles"":185216,""active_any_pipe_fraction"":1.0,""core_id"":0,""op_count"":880,""pipe_busy_cycles"":{""PIPE_M"":184448,""PIPE_MTE2"":37352,""PIPE_MTE3"":5160,""PIPE_V"":25536},""pipe_utilization"":{""PIPE_M"":0.9958534899792675,""PIPE_MTE2"":0.2016672425708362,""PIPE_MTE3"":0.02785936420179682,""PIPE_V"":0.13787145818935728},""task_end"":185216,""task_span_cycles"":185216,""task_start"":0},{""active_any_pipe_cycles"":185216,""active_any_pipe_fraction"":1.0,""core_id"":1,""op_count"":880,""pipe_busy_cycles"":{""PIPE_M"":184448,""PIPE_MTE2"":37352,""PIPE_MTE3"":5160,""PIPE_V"":25536},""pipe_utilization"":{""PIPE_M"":0.9958534899792675,""PIPE_MTE2"":0.2016672425708362,""PIPE_MTE3"":0.02785936420179682,""PIPE_V"":0.13787145818935728},""task_end"":185216,""task_span_cycles"":185216,""task_start"":0},{""active_any_pipe_cycles"":185216,""active_any_pipe_fraction"":1.0,""core_id"":2,""op_count"":880,""pipe_busy_cycles"":{""PIPE_M"":184448,""PIPE_MTE2"":37352,""PIPE_MTE3"":5160,""PIPE_V"":25536},""pipe_utilization"":{""PIPE_M"":0.9958534899792675,""PIPE_MTE2"":0.2016672425708362,""PIPE_MTE3"":0.02785936420179682,""PIPE_V"":0.13787145818935728},""task_end"":185216,""task_span_cycles"":185216,""task_start"":0},{""active_any_pipe_cycles"":185216,""active_any_pipe_fraction"":1.0,""core_id"":3,""op_count"":880,""pipe_busy_cycles"":{""PIPE_M"":184448,""PIPE_MTE2"":37352,""PIPE_MTE3"":5160,""PIPE_V"":25536},""pipe_utilization"":{""PIPE_M"":0.9958534899792675,""PIPE_MTE2"":0.2016672425708362,""PIPE_MTE3"":0.02785936420179682,""PIPE_V"":0.13787145818935728},""task_end"":185216,""task_span_cycles"":185216,""task_start"":0},{""active_any_pipe_cycles"":0,""active_any_pipe_fraction"":0.0,""core_id"":4,""op_count"":0,""pipe_busy_cycles"":{},""pipe_utilization"":{},""task_end"":0,""task_span_cycles"":0,""task_start"":0}]",inherit_k4,185216,1081344,0,0,0,False,0,20.632028641179204,329e4a1351ef963de711029f91c840723a459ac14cc18fc998588cb093be360b,657b9a47a4510e866abaaa77d6e59877ab3228fa8ce3052694d8dee2acc659d6,415d7262ceedf40ababc134decb6898ec86f247a6b60218245bbc2f00f0b4372
case_060,1,success,stage1_actual_winner,verified_stage1_global_fallback,888789,2068520,0,2068520,0,0,1,"[{""active_any_pipe_cycles"":888789,""active_any_pipe_fraction"":1.0,""core_id"":0,""op_count"":6862,""pipe_busy_cycles"":{""PIPE_M"":720232,""PIPE_MTE2"":70643,""PIPE_MTE3"":179,""PIPE_V"":273539},""pipe_utilization"":{""PIPE_M"":0.8103520633131148,""PIPE_MTE2"":0.07948230682422937,""PIPE_MTE3"":0.0002013976320589026,""PIPE_V"":0.3077659601997775},""task_end"":888789,""task_span_cycles"":888789,""task_start"":0}]",single,888789,2068520,0,0,0,False,0,0.4612059202045202,1bf1e8d665a7ae8b468b8fb45b8bffc663e14d7443fb16f75feb6c65e761eac8,d25f48fa82c8cb2bb3b332205dd2448506d5dcd85391ed5aeff6c8ae79636c18,7594797106b8d495e5b2302e206cac084009841705a47a9543b12fe8a2b7f004
case_060,2,success,stage1_actual_winner,verified_stage1_global_fallback,525020,3210298,1658892,1551406,278534,94,2,"[{""active_any_pipe_cycles"":457464,""active_any_pipe_fraction"":0.8713268065978439,""core_id"":0,""op_count"":3705,""pipe_busy_cycles"":{""PIPE_M"":301064,""PIPE_MTE2"":48228,""PIPE_MTE3"":7042,""PIPE_V"":195749},""pipe_utilization"":{""PIPE_M"":0.5734333930135995,""PIPE_MTE2"":0.09185935773875281,""PIPE_MTE3"":0.01341282236867167,""PIPE_V"":0.3728410346272523},""task_end"":457464,""task_span_cycles"":457464,""task_start"":0},{""active_any_pipe_cycles"":439552,""active_any_pipe_fraction"":0.8372100110471982,""core_id"":1,""op_count"":3530,""pipe_busy_cycles"":{""PIPE_M"":419168,""PIPE_MTE2"":41162,""PIPE_MTE3"":5592,""PIPE_V"":77790},""pipe_utilization"":{""PIPE_M"":0.7983848234352977,""PIPE_MTE2"":0.0784008228257971,""PIPE_MTE3"":0.010651022818178355,""PIPE_V"":0.14816578416060341},""task_end"":525020,""task_span_cycles"":525020,""task_start"":0}]",b1,525020,3210298,0,0,0,False,0,25.204482467845082,55896d22d44f68ebc1bf7b85f5122c06d9697fa745d0569a29349cb6a96ea078,9ba02a0850bfb7343bac4509fa80f187f4042760cadf7c1825d923798578df68,fb93f44e808f725a230f69cc966a1e217c4b2f9a2490bf693413198c02327c96
case_060,3,success,map_locality@b2a_w4,scene_b_fixed_partition_mapping,427280,14706504,12006644,2699860,5759930,1780,3,"[{""active_any_pipe_cycles"":427280,""active_any_pipe_fraction"":1.0,""core_id"":0,""op_count"":3694,""pipe_busy_cycles"":{""PIPE_M"":240284,""PIPE_MTE2"":182449,""PIPE_MTE3"":97788,""PIPE_V"":105567},""pipe_utilization"":{""PIPE_M"":0.5623572364725706,""PIPE_MTE2"":0.42700102976970605,""PIPE_MTE3"":0.22886163639767834,""PIPE_V"":0.24706749672346004},""task_end"":427280,""task_span_cycles"":427280,""task_start"":0},{""active_any_pipe_cycles"":397129,""active_any_pipe_fraction"":0.9294350308930912,""core_id"":1,""op_count"":3367,""pipe_busy_cycles"":{""PIPE_M"":239728,""PIPE_MTE2"":159899,""PIPE_MTE3"":89213,""PIPE_V"":84312},""pipe_utilization"":{""PIPE_M"":0.5610559820258378,""PIPE_MTE2"":0.3742253323347688,""PIPE_MTE3"":0.2087928290582288,""PIPE_V"":0.19732259876427635},""task_end"":421990,""task_span_cycles"":421990,""task_start"":0},{""active_any_pipe_cycles"":399423,""active_any_pipe_fraction"":0.9348038756787118,""core_id"":2,""op_count"":3404,""pipe_busy_cycles"":{""PIPE_M"":240220,""PIPE_MTE2"":156772,""PIPE_MTE3"":85307,""PIPE_V"":83660},""pipe_utilization"":{""PIPE_M"":0.5622074517880546,""PIPE_MTE2"":0.3669069462647444,""PIPE_MTE3"":0.19965128253136116,""PIPE_V"":0.19579666729076953},""task_end"":424879,""task_span_cycles"":424879,""task_start"":0}]",b1,427646,3937368,-366,10769136,898564,True,0,46.19456006772816,8b6df798c208687a1a7c13a44d34e42f6733d5afc35059180fe56127c1a9d661,036afe50e69c779cf7c91f748acccba43eabd5c3b460483dc166ac37565b4267,929f613b43c86184d23cd5361a8dac773c1bfb9e1fd78bdb34864192b7ced4a8
case_060,4,success,stage1_actual_winner,verified_stage1_global_fallback,348983,14168036,13492132,675904,6442962,2003,4,"[{""active_any_pipe_cycles"":346759,""active_any_pipe_fraction"":0.9936271967402424,""core_id"":0,""op_count"":2526,""pipe_busy_cycles"":{""PIPE_M"":191652,""PIPE_MTE2"":171752,""PIPE_MTE3"":116924,""PIPE_V"":63939},""pipe_utilization"":{""PIPE_M"":0.5491728823467046,""PIPE_MTE2"":0.4921500474235135,""PIPE_MTE3"":0.3350421080683013,""PIPE_V"":0.1832152282489405},""task_end"":346759,""task_span_cycles"":346759,""task_start"":0},{""active_any_pipe_cycles"":343503,""active_any_pipe_fraction"":0.9842972293779353,""core_id"":1,""op_count"":2477,""pipe_busy_cycles"":{""PIPE_M"":191128,""PIPE_MTE2"":170526,""PIPE_MTE3"":117160,""PIPE_V"":61281},""pipe_utilization"":{""PIPE_M"":0.5476713765426969,""PIPE_MTE2"":0.4886369823171902,""PIPE_MTE3"":0.3357183587739231,""PIPE_V"":0.1755988114034208},""task_end"":345073,""task_span_cycles"":345073,""task_start"":0},{""active_any_pipe_cycles"":348208,""active_any_pipe_fraction"":0.9977792614539963,""core_id"":2,""op_count"":2550,""pipe_busy_cycles"":{""PIPE_M"":190604,""PIPE_MTE2"":170192,""PIPE_MTE3"":113719,""PIPE_V"":65419},""pipe_utilization"":{""PIPE_M"":0.5461698707386893,""PIPE_MTE2"":0.48767991564058993,""PIPE_MTE3"":0.3258582796296668,""PIPE_V"":0.1874561225045346},""task_end"":348983,""task_span_cycles"":348983,""task_start"":0},{""active_any_pipe_cycles"":319922,""active_any_pipe_fraction"":0.9167266027284997,""core_id"":3,""op_count"":2742,""pipe_busy_cycles"":{""PIPE_M"":146848,""PIPE_MTE2"":195347,""PIPE_MTE3"":109851,""PIPE_V"":82900},""pipe_utilization"":{""PIPE_M"":0.4207884051658677,""PIPE_MTE2"":0.5597607906402318,""PIPE_MTE3"":0.31477464518328974,""PIPE_V"":0.2375473876951026},""task_end"":346195,""task_span_cycles"":346195,""task_start"":0}]",b2a_w4,348983,14168036,0,0,0,False,0,63.6991359423846,de9c63b8cdc4276fe21e229df4ee0fa4a8780764f6dd0ad773c9c7a788a24bc7,ea8e3a0428dcfddfacdf430b056550cdf322642b9266961593cb45b6092ad860,7a4dfa718900357c5c833319affd0faf7ccd0e93c8d1d666415aeacce8f8508f
case_060,5,success,map_locality@b1,scene_b_fixed_partition_mapping,306448,4455504,3939396,516108,406556,145,5,"[{""active_any_pipe_cycles"":306448,""active_any_pipe_fraction"":1.0,""core_id"":0,""op_count"":2967,""pipe_busy_cycles"":{""PIPE_M"":198584,""PIPE_MTE2"":48992,""PIPE_MTE3"":2771,""PIPE_V"":149293},""pipe_utilization"":{""PIPE_M"":0.6480185871665013,""PIPE_MTE2"":0.15987051636819297,""PIPE_MTE3"":0.009042317130475644,""PIPE_V"":0.4871723750848431},""task_end"":306448,""task_span_cycles"":306448,""task_start"":0},{""active_any_pipe_cycles"":94660,""active_any_pipe_fraction"":0.3088941680154545,""core_id"":1,""op_count"":986,""pipe_busy_cycles"":{""PIPE_M"":46052,""PIPE_MTE2"":35300,""PIPE_MTE3"":1820,""PIPE_V"":53547},""pipe_utilization"":{""PIPE_M"":0.15027671905184567,""PIPE_MTE2"":0.11519083172348979,""PIPE_MTE3"":0.005939017386310239,""PIPE_V"":0.1747343758157991},""task_end"":152054,""task_span_cycles"":152054,""task_start"":0},{""active_any_pipe_cycles"":232620,""active_any_pipe_fraction"":0.759084738683235,""core_id"":2,""op_count"":1792,""pipe_busy_cycles"":{""PIPE_M"":212652,""PIPE_MTE2"":45104,""PIPE_MTE3"":4160,""PIPE_V"":35599},""pipe_utilization"":{""PIPE_M"":0.6939252336448598,""PIPE_MTE2"":0.14718320889677858,""PIPE_MTE3"":0.013574896882994831,""PIPE_V"":0.11616652743695505},""task_end"":232620,""task_span_cycles"":232620,""task_start"":0},{""active_any_pipe_cycles"":176795,""active_any_pipe_fraction"":0.5769168015454498,""core_id"":3,""op_count"":1223,""pipe_busy_cycles"":{""PIPE_M"":175032,""PIPE_MTE2"":35412,""PIPE_MTE3"":6683,""PIPE_V"":23460},""pipe_utilization"":{""PIPE_M"":0.5711637863520075,""PIPE_MTE2"":0.1155563097164935,""PIPE_MTE3"":0.021807941314676553,""PIPE_V"":0.0765545867488122},""task_end"":188836,""task_span_cycles"":188836,""task_start"":0},{""active_any_pipe_cycles"":88363,""active_any_pipe_fraction"":0.2883458204980943,""core_id"":4,""op_count"":696,""pipe_busy_cycles"":{""PIPE_M"":87912,""PIPE_MTE2"":29487,""PIPE_MTE3"":3136,""PIPE_V"":11640},""pipe_utilization"":{""PIPE_M"":0.28687411893698117,""PIPE_MTE2"":0.09622187124732418,""PIPE_MTE3"":0.010233383804103796,""PIPE_V"":0.03798360570145669},""task_end"":88363,""task_span_cycles"":88363,""task_start"":0}]",b1,306965,4418640,-517,36864,183296,True,0,87.89489164948463,64c95fa6b012c8b9500d1c5744f414aab57a118b95b206e95b11f5072d8bb541,6803384037cb7ee09be6728c6ed86967064a89c692f57e59eb96e5b87516cc41,e08e74d9f84fe55142b2e2fd74626c6600eaca1c3bdb8a90931d39b063b27853
case_061,1,success,stage1_actual_winner,verified_stage1_global_fallback,77191,0,0,0,0,0,1,"[{""active_any_pipe_cycles"":77191,""active_any_pipe_fraction"":1.0,""core_id"":0,""op_count"":1450,""pipe_busy_cycles"":{""PIPE_M"":71456,""PIPE_MTE2"":9286,""PIPE_MTE3"":84,""PIPE_V"":27572},""pipe_utilization"":{""PIPE_M"":0.9257037737560079,""PIPE_MTE2"":0.12029899858791827,""PIPE_MTE3"":0.0010882097653871566,""PIPE_V"":0.35719190061017475},""task_end"":77191,""task_span_cycles"":77191,""task_start"":0}]",single,77191,0,0,0,0,False,0,0.09689406864345074,edb353981bb45230de54747db9aa340d4d2df60e2525987635147267b7b99e11,cba797eaafca9c3f1de1d713316b8d86836a0782c649a5d5709688be1562f445,10b345a4abf5d7a3aeb8284f65f7f1773490e574e2d61bd4137f50f868cb2747
case_061,2,success,stage1_actual_winner,verified_stage1_global_fallback,47435,582112,582112,0,253168,186,2,"[{""active_any_pipe_cycles"":46237,""active_any_pipe_fraction"":0.9747443870559713,""core_id"":0,""op_count"":1157,""pipe_busy_cycles"":{""PIPE_M"":34456,""PIPE_MTE2"":12420,""PIPE_MTE3"":3448,""PIPE_V"":18469},""pipe_utilization"":{""PIPE_M"":0.7263834721197429,""PIPE_MTE2"":0.2618319806050385,""PIPE_MTE3"":0.07268894276378202,""PIPE_V"":0.38935385264045536},""task_end"":47435,""task_span_cycles"":47435,""task_start"":0},{""active_any_pipe_cycles"":43708,""active_any_pipe_fraction"":0.9214293243385686,""core_id"":1,""op_count"":690,""pipe_busy_cycles"":{""PIPE_M"":37000,""PIPE_MTE2"":11925,""PIPE_MTE3"":4145,""PIPE_V"":9103},""pipe_utilization"":{""PIPE_M"":0.7800147570359439,""PIPE_MTE2"":0.25139664804469275,""PIPE_MTE3"":0.08738273426794561,""PIPE_V"":0.1919047117107621},""task_end"":45619,""task_span_cycles"":45619,""task_start"":0}]",b2a_w4,47435,582112,0,0,0,False,0,3.2962224893271923,9e66c1af0c6550350657b57f5294bd443562359b3f2937c90664057007a326cb,e4ab553b60c0e9b860804bfb7ee628f2e9e755705b5c10643acf28987912608c,4d448346baa92802a1acb2a8fdcbc1a6155cbbe9ee3d3eccaded458e93f861f5
case_061,3,success,stage1_actual_winner,verified_stage1_global_fallback,37105,991376,991376,0,434888,262,3,"[{""active_any_pipe_cycles"":35569,""active_any_pipe_fraction"":0.958603961730225,""core_id"":0,""op_count"":714,""pipe_busy_cycles"":{""PIPE_M"":23836,""PIPE_MTE2"":19148,""PIPE_MTE3"":8209,""PIPE_V"":10209},""pipe_utilization"":{""PIPE_M"":0.6423932084624714,""PIPE_MTE2"":0.5160490499932624,""PIPE_MTE3"":0.2212370300498585,""PIPE_V"":0.2751381215469613},""task_end"":35577,""task_span_cycles"":35577,""task_start"":0},{""active_any_pipe_cycles"":35311,""active_any_pipe_fraction"":0.9516507209270988,""core_id"":1,""op_count"":575,""pipe_busy_cycles"":{""PIPE_M"":28384,""PIPE_MTE2"":19144,""PIPE_MTE3"":7144,""PIPE_V"":7866},""pipe_utilization"":{""PIPE_M"":0.7649642905268832,""PIPE_MTE2"":0.5159412478102682,""PIPE_MTE3"":0.19253469882765126,""PIPE_V"":0.21199299285810538},""task_end"":37105,""task_span_cycles"":37105,""task_start"":0},{""active_any_pipe_cycles"":30026,""active_any_pipe_fraction"":0.8092170866460046,""core_id"":2,""op_count"":747,""pipe_busy_cycles"":{""PIPE_M"":19236,""PIPE_MTE2"":19668,""PIPE_MTE3"":8767,""PIPE_V"":9497},""pipe_utilization"":{""PIPE_M"":0.5184206980191349,""PIPE_MTE2"":0.5300633337825091,""PIPE_MTE3"":0.2362754345775502,""PIPE_V"":0.25594933297399275},""task_end"":36049,""task_span_cycles"":36049,""task_start"":0}]",b2a_w4,37105,991376,0,0,0,False,0,6.139047138392925,1eccccba147fffccd7a22c78f72460964fef760d0d1d7e726e99778a0bd6e292,a21856e66813701ac84be68dbece0fb5a39f0e6d4f999fdc4017af6f64950957,c6ea43ad15744df7afc44bd04023f81cfaf661fb8ddd44ded357291ce42e47b2
case_061,4,success,map_locality@b2a_w4,scene_b_fixed_partition_mapping,32914,1030100,1030100,0,449130,294,4,"[{""active_any_pipe_cycles"":27562,""active_any_pipe_fraction"":0.8373944218265783,""core_id"":0,""op_count"":622,""pipe_busy_cycles"":{""PIPE_M"":15452,""PIPE_MTE2"":21978,""PIPE_MTE3"":10369,""PIPE_V"":7695},""pipe_utilization"":{""PIPE_M"":0.4694658807802151,""PIPE_MTE2"":0.6677401713556541,""PIPE_MTE3"":0.31503311660691496,""PIPE_V"":0.23379109193656195},""task_end"":28337,""task_span_cycles"":28337,""task_start"":0},{""active_any_pipe_cycles"":26252,""active_any_pipe_fraction"":0.7975937291122319,""core_id"":1,""op_count"":485,""pipe_busy_cycles"":{""PIPE_M"":17020,""PIPE_MTE2"":19994,""PIPE_MTE3"":7680,""PIPE_V"":6951},""pipe_utilization"":{""PIPE_M"":0.5171051832047153,""PIPE_MTE2"":0.6074618703287354,""PIPE_MTE3"":0.2333353588138786,""PIPE_V"":0.21118672905146746},""task_end"":30192,""task_span_cycles"":30192,""task_start"":0},{""active_any_pipe_cycles"":27071,""active_any_pipe_fraction"":0.8224767576107431,""core_id"":2,""op_count"":530,""pipe_busy_cycles"":{""PIPE_M"":16904,""PIPE_MTE2"":19240,""PIPE_MTE3"":10199,""PIPE_V"":7141},""pipe_utilization"":{""PIPE_M"":0.5135808470559641,""PIPE_MTE2"":0.5845536853618521,""PIPE_MTE3"":0.30986814121650363,""PIPE_V"":0.21695934860545665},""task_end"":28479,""task_span_cycles"":28479,""task_start"":0},{""active_any_pipe_cycles"":26781,""active_any_pipe_fraction"":0.8136659172388649,""core_id"":3,""op_count"":465,""pipe_busy_cycles"":{""PIPE_M"":22080,""PIPE_MTE2"":17176,""PIPE_MTE3"":9905,""PIPE_V"":5785},""pipe_utilization"":{""PIPE_M"":0.670839156589901,""PIPE_MTE2"":0.5218448076806222,""PIPE_MTE3"":0.30093577201190985,""PIPE_V"":0.1757610743148812},""task_end"":32914,""task_span_cycles"":32914,""task_start"":0}]",b2a_w4,33361,1037776,-447,-7676,0,True,0,10.523610357195139,e45640163071f71b548f18c84d3ec5e9e3a40fedc97b067340ba0c1fc8205e4c,c0ca477dd4aa53b7949fb751c25a9e2cc031c0fc10cb0fcde4d82002f58a42fb,7f50b083d09ece7dccd76a0a979e9274324ceab45223a18e28df48164e8990f2
case_061,5,success,map_locality@b2a_w4,scene_b_fixed_partition_mapping,32628,919820,919820,0,409862,270,5,"[{""active_any_pipe_cycles"":19792,""active_any_pipe_fraction"":0.6065955620939071,""core_id"":0,""op_count"":347,""pipe_busy_cycles"":{""PIPE_M"":12976,""PIPE_MTE2"":17867,""PIPE_MTE3"":10873,""PIPE_V"":4918},""pipe_utilization"":{""PIPE_M"":0.3976952310898615,""PIPE_MTE2"":0.5475971558170896,""PIPE_MTE3"":0.3332413877651097,""PIPE_V"":0.15072943484124066},""task_end"":25310,""task_span_cycles"":25310,""task_start"":0},{""active_any_pipe_cycles"":25506,""active_any_pipe_fraction"":0.781721221037146,""core_id"":1,""op_count"":629,""pipe_busy_cycles"":{""PIPE_M"":11888,""PIPE_MTE2"":23968,""PIPE_MTE3"":9871,""PIPE_V"":9799},""pipe_utilization"":{""PIPE_M"":0.36434963834743167,""PIPE_MTE2"":0.7345837930611745,""PIPE_MTE3"":0.30253156797842345,""PIPE_V"":0.30032487434105676},""task_end"":25982,""task_span_cycles"":25982,""task_start"":0},{""active_any_pipe_cycles"":31571,""active_any_pipe_fraction"":0.9676045114625476,""core_id"":2,""op_count"":386,""pipe_busy_cycles"":{""PIPE_M"":20248,""PIPE_MTE2"":23177,""PIPE_MTE3"":10069,""PIPE_V"":4153},""pipe_utilization"":{""PIPE_M"":0.6205712884638961,""PIPE_MTE2"":0.7103408115728822,""PIPE_MTE3"":0.3085999754811818,""PIPE_V"":0.12728331494421968},""task_end"":32628,""task_span_cycles"":32628,""task_start"":0},{""active_any_pipe_cycles"":20456,""active_any_pipe_fraction"":0.6269461811940664,""core_id"":3,""op_count"":358,""pipe_busy_cycles"":{""PIPE_M"":10868,""PIPE_MTE2"":17722,""PIPE_MTE3"":9818,""PIPE_V"":4799},""pipe_utilization"":{""PIPE_M"":0.3330881451514037,""PIPE_MTE2"":0.543153120019615,""PIPE_MTE3"":0.3009071962731396,""PIPE_V"":0.1470822606350374},""task_end"":26468,""task_span_cycles"":26468,""task_start"":0},{""active_any_pipe_cycles"":23512,""active_any_pipe_fraction"":0.7206080666911855,""core_id"":4,""op_count"":325,""pipe_busy_cycles"":{""PIPE_M"":15476,""PIPE_MTE2"":18753,""PIPE_MTE3"":9374,""PIPE_V"":3903},""pipe_utilization"":{""PIPE_M"":0.47431653794287115,""PIPE_MTE2"":0.5747517469657962,""PIPE_MTE3"":0.28729925217604513,""PIPE_V"":0.11962118425891873},""task_end"":26784,""task_span_cycles"":26784,""task_start"":0}]",b2a_w4,32921,994572,-293,-74752,0,True,0,11.399991773068905,d7e670069f1fbfb6a217ddf80da0c4b8048e06eeb354324286549ca1f842b030,678f354cc433b052eef60c5787ed9fde5c8249d4a3732ad48531e3bf5f5c4896,9ecec5d66015823e787a28ac3d06fe9174f86c55e131f0659e82c4d1edf7f6b9
case_062,1,success,stage1_actual_winner,verified_stage1_global_fallback,2854809,0,0,0,0,0,1,"[{""active_any_pipe_cycles"":2854809,""active_any_pipe_fraction"":1.0,""core_id"":0,""op_count"":23999,""pipe_busy_cycles"":{""PIPE_M"":2618400,""PIPE_MTE2"":224643,""PIPE_MTE3"":26,""PIPE_V"":392688},""pipe_utilization"":{""PIPE_M"":0.9171892060029235,""PIPE_MTE2"":0.07868932737706796,""PIPE_MTE3"":9.107439411883598e-06,""PIPE_V"":0.13755316029899023},""task_end"":2854809,""task_span_cycles"":2854809,""task_start"":0}]",single,2854809,0,0,0,0,False,0,1.850036446005106,fd3cb50d6d81addc681279ae0a013b7060af8878acdbfd2ba99db86a91b024f5,0058b0b0a1310dc2400dc166519f401b1beb42c5139f8d5d11c82d707a3088da,2e47e682b751854b4e8bbb117b47c9f974c09eea11d93eb203431d4c5aa8dca1
case_062,2,success,stage1_actual_winner,verified_stage1_global_fallback,1784824,89088,89088,0,44544,29,2,"[{""active_any_pipe_cycles"":1784824,""active_any_pipe_fraction"":1.0,""core_id"":0,""op_count"":15049,""pipe_busy_cycles"":{""PIPE_M"":1635600,""PIPE_MTE2"":165451,""PIPE_MTE3"":26,""PIPE_V"":246348},""pipe_utilization"":{""PIPE_M"":0.9163928768326737,""PIPE_MTE2"":0.09269877590171356,""PIPE_MTE3"":1.4567262654469012e-05,""PIPE_V"":0.13802369309242815},""task_end"":1784824,""task_span_cycles"":1784824,""task_start"":0},{""active_any_pipe_cycles"":1071484,""active_any_pipe_fraction"":0.6003303406946567,""core_id"":1,""op_count"":9008,""pipe_busy_cycles"":{""PIPE_M"":982800,""PIPE_MTE2"":108683,""PIPE_MTE3"":1113,""PIPE_V"":146340},""pipe_utilization"":{""PIPE_M"":0.5506425283389287,""PIPE_MTE2"":0.06089283873367906,""PIPE_MTE3"":0.0006235908974778465,""PIPE_V"":0.08199127757134597},""task_end"":1071484,""task_span_cycles"":1071484,""task_start"":0}]",b1,1784824,89088,0,0,0,False,0,183.37192386761308,5dcda3bdaa57999deb5d869db6c71d16dc5683d14ac81c4dbdea13f3e50134dc,077c560536bed826b9b55a5368f653896f9ae27ea1c3f01f1c833fe2653e811c,3331451f643e16cdc6d0291762f1c2684ef540501f659d14bece8da296afa503
case_062,3,success,stage1_actual_winner,verified_stage1_global_fallback,1189955,167424,167424,0,81408,53,3,"[{""active_any_pipe_cycles"":1189955,""active_any_pipe_fraction"":1.0,""core_id"":0,""op_count"":10090,""pipe_busy_cycles"":{""PIPE_M"":1089300,""PIPE_MTE2"":154136,""PIPE_MTE3"":26,""PIPE_V"":165312},""pipe_utilization"":{""PIPE_M"":0.9154127677097033,""PIPE_MTE2"":0.12953094864931866,""PIPE_MTE3"":2.184956573988092e-05,""PIPE_V"":0.13892290044581518},""task_end"":1189955,""task_span_cycles"":1189955,""task_start"":0},{""active_any_pipe_cycles"":714803,""active_any_pipe_fraction"":0.60069750536785,""core_id"":1,""op_count"":6009,""pipe_busy_cycles"":{""PIPE_M"":655500,""PIPE_MTE2"":102483,""PIPE_MTE3"":962,""PIPE_V"":97380},""pipe_utilization"":{""PIPE_M"":0.5508611670189208,""PIPE_MTE2"":0.08612342483539294,""PIPE_MTE3"":0.000808433932375594,""PIPE_V"":0.08183502737498477},""task_end"":714803,""task_span_cycles"":714803,""task_start"":0},{""active_any_pipe_cycles"":952657,""active_any_pipe_fraction"":0.8005823749637592,""core_id"":2,""op_count"":8007,""pipe_busy_cycles"":{""PIPE_M"":873600,""PIPE_MTE2"":144654,""PIPE_MTE3"":1344,""PIPE_V"":129996},""pipe_utilization"":{""PIPE_M"":0.7341454088599989,""PIPE_MTE2"":0.12156258009756671,""PIPE_MTE3"":0.001129454475169229,""PIPE_V"":0.10924446722775231},""task_end"":952657,""task_span_cycles"":952657,""task_start"":0}]",b1,1189955,167424,0,0,0,False,0,317.70492160506546,3c121d34ca36a17a6f600511693dac418e78d42540083390ab92b54132718690,81bf08f5eb4910146127dc0f67463cdbbc71da5fc8a90085bf6ed3177f85d208,115d64fdb692fc948d3bc5862924d3e460bfe5e0036d8de5de39cd0277744551
case_062,4,success,stage1_actual_winner,verified_stage1_global_fallback,892782,330240,330240,0,139776,91,4,"[{""active_any_pipe_cycles"":892782,""active_any_pipe_fraction"":1.0,""core_id"":0,""op_count"":7656,""pipe_busy_cycles"":{""PIPE_M"":815400,""PIPE_MTE2"":141237,""PIPE_MTE3"":198,""PIPE_V"":125532},""pipe_utilization"":{""PIPE_M"":0.9133248654206738,""PIPE_MTE2"":0.15819875400713723,""PIPE_MTE3"":0.00022177866489243733,""PIPE_V"":0.14060767354180528},""task_end"":892782,""task_span_cycles"":892782,""task_start"":0},{""active_any_pipe_cycles"":536682,""active_any_pipe_fraction"":0.6011344314737528,""core_id"":1,""op_count"":4512,""pipe_busy_cycles"":{""PIPE_M"":492000,""PIPE_MTE2"":133977,""PIPE_MTE3"":2842,""PIPE_V"":72864},""pipe_utilization"":{""PIPE_M"":0.5510863794296929,""PIPE_MTE2"":0.15006686962774787,""PIPE_MTE3"":0.0031833079071934695,""PIPE_V"":0.08161454868041694},""task_end"":536682,""task_span_cycles"":536682,""task_start"":0},{""active_any_pipe_cycles"":714906,""active_any_pipe_fraction"":0.8007621121393577,""core_id"":2,""op_count"":6013,""pipe_busy_cycles"":{""PIPE_M"":655500,""PIPE_MTE2"":170590,""PIPE_MTE3"":3475,""PIPE_V"":97164},""pipe_utilization"":{""PIPE_M"":0.7342217921060237,""PIPE_MTE2"":0.1910768810303075,""PIPE_MTE3"":0.003892327578288989,""PIPE_V"":0.10883283937176153},""task_end"":714906,""task_span_cycles"":714906,""task_start"":0},{""active_any_pipe_cycles"":714870,""active_any_pipe_fraction"":0.8007217887457408,""core_id"":3,""op_count"":6011,""pipe_busy_cycles"":{""PIPE_M"":655500,""PIPE_MTE2"":170590,""PIPE_MTE3"":3483,""PIPE_V"":97128},""pipe_utilization"":{""PIPE_M"":0.7342217921060237,""PIPE_MTE2"":0.1910768810303075,""PIPE_MTE3"":0.003901288332426057,""PIPE_V"":0.10879251597814472},""task_end"":714870,""task_span_cycles"":714870,""task_start"":0}]",b1,892782,330240,0,0,0,False,0,534.5366878081113,df379df306718058359bbf66a49f6845162710b062a9bde7f7984a7124049262,26fa0c2dd8592fdf2b280872aa13caf7709c1a009923a428517357eaa393ea23,757a2083364bee24e7e90266485f80170d51a943097a0152c333a389df644f26
case_062,5,success,map_locality@b1,scene_b_fixed_partition_mapping,715345,410112,410112,0,170496,111,5,"[{""active_any_pipe_cycles"":572417,""active_any_pipe_fraction"":0.8001971076892967,""core_id"":0,""op_count"":4812,""pipe_busy_cycles"":{""PIPE_M"":524700,""PIPE_MTE2"":175873,""PIPE_MTE3"":3245,""PIPE_V"":77544},""pipe_utilization"":{""PIPE_M"":0.7334922310213953,""PIPE_MTE2"":0.24585759318930026,""PIPE_MTE3"":0.0045362727075746664,""PIPE_V"":0.10840084155197842},""task_end"":572417,""task_span_cycles"":572417,""task_start"":0},{""active_any_pipe_cycles"":715345,""active_any_pipe_fraction"":1.0,""core_id"":1,""op_count"":6185,""pipe_busy_cycles"":{""PIPE_M"":650700,""PIPE_MTE2"":170922,""PIPE_MTE3"":26,""PIPE_V"":101700},""pipe_utilization"":{""PIPE_M"":0.9096310172014902,""PIPE_MTE2"":0.2389364572339221,""PIPE_MTE3"":3.634609873557514e-05,""PIPE_V"":0.1421691631310766},""task_end"":715345,""task_span_cycles"":715345,""task_start"":0},{""active_any_pipe_cycles"":572399,""active_any_pipe_fraction"":0.8001719450055568,""core_id"":2,""op_count"":4814,""pipe_busy_cycles"":{""PIPE_M"":524700,""PIPE_MTE2"":192579,""PIPE_MTE3"":3640,""PIPE_V"":77616},""pipe_utilization"":{""PIPE_M"":0.7334922310213953,""PIPE_MTE2"":0.2692113595537817,""PIPE_MTE3"":0.00508845382298052,""PIPE_V"":0.10850149228693846},""task_end"":572399,""task_span_cycles"":572399,""task_start"":0},{""active_any_pipe_cycles"":572399,""active_any_pipe_fraction"":0.8001719450055568,""core_id"":3,""op_count"":4814,""pipe_busy_cycles"":{""PIPE_M"":524700,""PIPE_MTE2"":192579,""PIPE_MTE3"":3719,""PIPE_V"":77616},""pipe_utilization"":{""PIPE_M"":0.7334922310213953,""PIPE_MTE2"":0.2692113595537817,""PIPE_MTE3"":0.00519889004606169,""PIPE_V"":0.10850149228693846},""task_end"":572399,""task_span_cycles"":572399,""task_start"":0},{""active_any_pipe_cycles"":429663,""active_any_pipe_fraction"":0.600637454654747,""core_id"":4,""op_count"":3611,""pipe_busy_cycles"":{""PIPE_M"":393600,""PIPE_MTE2"":156350,""PIPE_MTE3"":2989,""PIPE_V"":58212},""pipe_utilization"":{""PIPE_M"":0.5502240177816299,""PIPE_MTE2"":0.21856586681950668,""PIPE_MTE3"":0.004178403427716696,""PIPE_V"":0.08137611921520385},""task_end"":429663,""task_span_cycles"":429663,""task_start"":0}]",b1,715381,419328,-36,-9216,0,True,0,682.5781642775983,2a7cab92a18a2cded119ac0dd5ff4f3a867193cce332ad4a3b3b84c6d0b9d53b,62ee7e81b042260abe4eae40d52a0b25d34255192642d4e3a6f2e4773da42732,4616ea3e703f9ab4df43ae2fefc63c4fddf3ae8783ccbb84e42f081df9ccc466
case_063,1,success,stage1_actual_winner,verified_stage1_global_fallback,1070397,0,0,0,0,0,1,"[{""active_any_pipe_cycles"":1070397,""active_any_pipe_fraction"":1.0,""core_id"":0,""op_count"":8995,""pipe_busy_cycles"":{""PIPE_M"":981600,""PIPE_MTE2"":84151,""PIPE_MTE3"":26,""PIPE_V"":147168},""pipe_utilization"":{""PIPE_M"":0.9170429289319757,""PIPE_MTE2"":0.07861662542028798,""PIPE_MTE3"":2.429005312982006e-05,""PIPE_V"":0.13748917457728302},""task_end"":1070397,""task_span_cycles"":1070397,""task_start"":0}]",single,1070397,0,0,0,0,False,0,0.6127602513879538,22ba1aa466d54b5388d6a4f595e2c379d9b03d96a9122f8f166ba87ce165e289,2e9f6e5c6ad286a9ccd480a1b0c777a45fe34b171855633bb43d327ee48bdec9,427c0b14d35f93fd3d02135c4fb2858360a36ae159fd69031fa13d219db46412
case_063,2,success,stage1_actual_winner,verified_stage1_global_fallback,663139,26102784,15057408,11045376,5646336,3676,2,"[{""active_any_pipe_cycles"":661082,""active_any_pipe_fraction"":0.9968980862232504,""core_id"":0,""op_count"":10459,""pipe_busy_cycles"":{""PIPE_M"":490500,""PIPE_MTE2"":429135,""PIPE_MTE3"":190827,""PIPE_V"":73836},""pipe_utilization"":{""PIPE_M"":0.7396639316945618,""PIPE_MTE2"":0.6471267713103889,""PIPE_MTE3"":0.28776319896733565,""PIPE_V"":0.11134317239673734},""task_end"":663139,""task_span_cycles"":663139,""task_start"":0},{""active_any_pipe_cycles"":659866,""active_any_pipe_fraction"":0.9950643831836161,""core_id"":1,""op_count"":10442,""pipe_busy_cycles"":{""PIPE_M"":491100,""PIPE_MTE2"":429890,""PIPE_MTE3"":189796,""PIPE_V"":73332},""pipe_utilization"":{""PIPE_M"":0.7405687193785918,""PIPE_MTE2"":0.6482652958127934,""PIPE_MTE3"":0.28620847213027734,""PIPE_V"":0.1105831507421521},""task_end"":662443,""task_span_cycles"":662443,""task_start"":0}]",b2a_w16,663139,26102784,0,0,0,False,0,37.365039598196745,caba1bc3f60bd4d8c907904f40840db1e30b640af48028b8e05799e330610e60,f52f9e06214392b7ddd20fa6d555dc020762ed7716941ba52fbdd1d4f89e945c,9e2c68efa0dc1911947311a69a370bab27ed3acf99418160e452b2a629191b08
case_063,3,success,stage1_actual_winner,verified_stage1_global_fallback,446447,201216,201216,0,84480,55,3,"[{""active_any_pipe_cycles"":446447,""active_any_pipe_fraction"":1.0,""core_id"":0,""op_count"":3838,""pipe_busy_cycles"":{""PIPE_M"":407400,""PIPE_MTE2"":59452,""PIPE_MTE3"":108,""PIPE_V"":62964},""pipe_utilization"":{""PIPE_M"":0.9125383304177204,""PIPE_MTE2"":0.13316698286694725,""PIPE_MTE3"":0.00024191001395462396,""PIPE_V"":0.14103353813554576},""task_end"":446447,""task_span_cycles"":446447,""task_start"":0},{""active_any_pipe_cycles"":268801,""active_any_pipe_fraction"":0.6020893857501562,""core_id"":1,""op_count"":2263,""pipe_busy_cycles"":{""PIPE_M"":246300,""PIPE_MTE2"":46302,""PIPE_MTE3"":1091,""PIPE_V"":36180},""pipe_utilization"":{""PIPE_M"":0.5516892262687396,""PIPE_MTE2"":0.10371219876043516,""PIPE_MTE3"":0.002443739122449025,""PIPE_V"":0.08103985467479903},""task_end"":268801,""task_span_cycles"":268801,""task_start"":0},{""active_any_pipe_cycles"":357683,""active_any_pipe_fraction"":0.8011768474197385,""core_id"":2,""op_count"":3011,""pipe_busy_cycles"":{""PIPE_M"":327900,""PIPE_MTE2"":51254,""PIPE_MTE3"":1467,""PIPE_V"":48024},""pipe_utilization"":{""PIPE_M"":0.7344656812566778,""PIPE_MTE2"":0.114804220881762,""PIPE_MTE3"":0.0032859443562169755,""PIPE_V"":0.10756931953848946},""task_end"":357683,""task_span_cycles"":357683,""task_start"":0}]",b1,446447,201216,0,0,0,False,0,92.09942200034857,69a9c2a31cd6c482f8339392a213de70b2c659972975e570e8238028f50864fe,f4f4c560f75186b8d53859d67c9f7e30f126b8c9789fdc4ec88f831c181a866f,aa269d03776539a8703fcee3239d83c5bd978736de658e23c0a582b8df0544c6
case_063,4,success,stage1_actual_winner,verified_stage1_global_fallback,335694,278016,278016,0,113664,74,4,"[{""active_any_pipe_cycles"":335694,""active_any_pipe_fraction"":1.0,""core_id"":0,""op_count"":2931,""pipe_busy_cycles"":{""PIPE_M"":304200,""PIPE_MTE2"":54978,""PIPE_MTE3"":165,""PIPE_V"":48276},""pipe_utilization"":{""PIPE_M"":0.9061824161289747,""PIPE_MTE2"":0.16377415145936478,""PIPE_MTE3"":0.0004915190620028955,""PIPE_V"":0.14380954083182898},""task_end"":335694,""task_span_cycles"":335694,""task_start"":0},{""active_any_pipe_cycles"":268832,""active_any_pipe_fraction"":0.8008245604628025,""core_id"":1,""op_count"":2262,""pipe_busy_cycles"":{""PIPE_M"":246300,""PIPE_MTE2"":66012,""PIPE_MTE3"":2473,""PIPE_V"":35892},""pipe_utilization"":{""PIPE_M"":0.7337039089170495,""PIPE_MTE2"":0.19664337164203113,""PIPE_MTE3"":0.0073668281232312765,""PIPE_V"":0.10691880105095712},""task_end"":268832,""task_span_cycles"":268832,""task_start"":0},{""active_any_pipe_cycles"":201902,""active_any_pipe_fraction"":0.6014465554939915,""core_id"":2,""op_count"":1699,""pipe_busy_cycles"":{""PIPE_M"":184800,""PIPE_MTE2"":51224,""PIPE_MTE3"":1910,""PIPE_V"":27000},""pipe_utilization"":{""PIPE_M"":0.5505013494432429,""PIPE_MTE2"":0.15259134807294739,""PIPE_MTE3"":0.005689705505609275,""PIPE_V"":0.08043039196411017},""task_end"":201902,""task_span_cycles"":201902,""task_start"":0},{""active_any_pipe_cycles"":268832,""active_any_pipe_fraction"":0.8008245604628025,""core_id"":3,""op_count"":2262,""pipe_busy_cycles"":{""PIPE_M"":246300,""PIPE_MTE2"":66012,""PIPE_MTE3"":2334,""PIPE_V"":36000},""pipe_utilization"":{""PIPE_M"":0.7337039089170495,""PIPE_MTE2"":0.19664337164203113,""PIPE_MTE3"":0.006952760549786412,""PIPE_V"":0.10724052261881356},""task_end"":268832,""task_span_cycles"":268832,""task_start"":0}]",b1,335694,278016,0,0,0,False,0,120.933543369174,5e68e85e6bb309cac5554f26d3c1b7007f20f5e898760e24df81c3caeef1811b,4a5b5fffc1a48c983933b3d212aa4248bc3288d401f2f427450cbf81bfd5535f,5d9ae0ce14e559acaba8b8bbcccd8ac2aaebe7f7edc823d16f01eddd68a531e3
case_063,5,success,stage1_actual_winner,verified_stage1_global_fallback,266761,287232,287232,0,136704,89,5,"[{""active_any_pipe_cycles"":215475,""active_any_pipe_fraction"":0.8077455100258284,""core_id"":0,""op_count"":1957,""pipe_busy_cycles"":{""PIPE_M"":193500,""PIPE_MTE2"":52503,""PIPE_MTE3"":26,""PIPE_V"":32508},""pipe_utilization"":{""PIPE_M"":0.7253684009281717,""PIPE_MTE2"":0.19681662611851058,""PIPE_MTE3"":9.7465521571744e-05,""PIPE_V"":0.12186189135593284},""task_end"":266761,""task_span_cycles"":266761,""task_start"":0},{""active_any_pipe_cycles"":215405,""active_any_pipe_fraction"":0.807483102852366,""core_id"":1,""op_count"":1806,""pipe_busy_cycles"":{""PIPE_M"":197100,""PIPE_MTE2"":61940,""PIPE_MTE3"":1459,""PIPE_V"":28836},""pipe_utilization"":{""PIPE_M"":0.7388636269919516,""PIPE_MTE2"":0.23219286177514703,""PIPE_MTE3"":0.0054693152297374805,""PIPE_V"":0.1080967607708773},""task_end"":215405,""task_span_cycles"":215405,""task_start"":0},{""active_any_pipe_cycles"":215089,""active_any_pipe_fraction"":0.8062985218978787,""core_id"":2,""op_count"":1803,""pipe_busy_cycles"":{""PIPE_M"":196800,""PIPE_MTE2"":55263,""PIPE_MTE3"":1287,""PIPE_V"":28692},""pipe_utilization"":{""PIPE_M"":0.7377390248199699,""PIPE_MTE2"":0.20716296610074186,""PIPE_MTE3"":0.0048245433178013275,""PIPE_V"":0.1075569517283261},""task_end"":215089,""task_span_cycles"":215089,""task_start"":0},{""active_any_pipe_cycles"":215405,""active_any_pipe_fraction"":0.807483102852366,""core_id"":3,""op_count"":1805,""pipe_busy_cycles"":{""PIPE_M"":197100,""PIPE_MTE2"":66041,""PIPE_MTE3"":2483,""PIPE_V"":28548},""pipe_utilization"":{""PIPE_M"":0.7388636269919516,""PIPE_MTE2"":0.24756617346613635,""PIPE_MTE3"":0.00930795731010155,""PIPE_V"":0.1070171426857749},""task_end"":215405,""task_span_cycles"":215405,""task_start"":0},{""active_any_pipe_cycles"":215405,""active_any_pipe_fraction"":0.807483102852366,""core_id"":4,""op_count"":1805,""pipe_busy_cycles"":{""PIPE_M"":197100,""PIPE_MTE2"":66041,""PIPE_MTE3"":2520,""PIPE_V"":28584},""pipe_utilization"":{""PIPE_M"":0.7388636269919516,""PIPE_MTE2"":0.24756617346613635,""PIPE_MTE3"":0.009446658244645956,""PIPE_V"":0.1071520949464127},""task_end"":215405,""task_span_cycles"":215405,""task_start"":0}]",b1,266761,287232,0,0,0,False,0,140.14413615502417,b218129a9d3229309d70a7af66c8a7f881d128c064089879316cfd571fcfabbd,fbcf6c9b3b703c30c7b38ccdc30f213e2746e7a51af7b513b0244a5359743244,db72cbb3258c2c63f199087ce1adb45d2ace62de192631c0b99a2f80355b09f1
case_064,1,success,stage1_actual_winner,verified_stage1_global_fallback,19116,0,0,0,0,0,1,"[{""active_any_pipe_cycles"":19116,""active_any_pipe_fraction"":1.0,""core_id"":0,""op_count"":972,""pipe_busy_cycles"":{""PIPE_M"":7308,""PIPE_MTE2"":630,""PIPE_MTE3"":32,""PIPE_V"":15744},""pipe_utilization"":{""PIPE_M"":0.3822975517890772,""PIPE_MTE2"":0.03295668549905838,""PIPE_MTE3"":0.0016739903745553464,""PIPE_V"":0.8236032642812304},""task_end"":19116,""task_span_cycles"":19116,""task_start"":0}]",single,19116,0,0,0,0,False,0,0.06754841282963753,8a238951c2570c526b3eb7e15370b4a18f94f353732e7bb3f7270be821613e4d,8e255667637d48dc008148e4b6ee94f9f40ae6b096eb559a555827f5c82c0b70,70a11189e8d5002b83b8f58a17108f2d3428f84988b5a9a6ed69dcb5ab72a067
case_064,2,success,map_locality@b2a_w16,scene_b_fixed_partition_mapping,14089,62086,62086,0,27952,95,2,"[{""active_any_pipe_cycles"":8518,""active_any_pipe_fraction"":0.6045851373411881,""core_id"":0,""op_count"":533,""pipe_busy_cycles"":{""PIPE_M"":2988,""PIPE_MTE2"":725,""PIPE_MTE3"":335,""PIPE_V"":7073},""pipe_utilization"":{""PIPE_M"":0.21208034636950812,""PIPE_MTE2"":0.05145858471147704,""PIPE_MTE3"":0.023777415004613528,""PIPE_V"":0.5020228547093477},""task_end"":14089,""task_span_cycles"":14089,""task_start"":0},{""active_any_pipe_cycles"":10396,""active_any_pipe_fraction"":0.7378806160834693,""core_id"":1,""op_count"":641,""pipe_busy_cycles"":{""PIPE_M"":4320,""PIPE_MTE2"":759,""PIPE_MTE3"":325,""PIPE_V"":8671},""pipe_utilization"":{""PIPE_M"":0.3066221875221804,""PIPE_MTE2"":0.05387181489104975,""PIPE_MTE3"":0.023067641422386258,""PIPE_V"":0.6154446731492654},""task_end"":13774,""task_span_cycles"":13774,""task_start"":0}]",b2a_w16,14237,63430,-148,-1344,0,True,0,1.7184551935642958,189e1b356e3b4da6eccbaa38ee7d61c7b5e345dd51211263d5f87ff3527cfd87,143ce6b9d2f10f74155141925a1ff2c50660a2b8a16a6daa60e82b6802d83cdb,9edb065167b89a8203e9642f9dc220d74d9dce173d4a0b25c5a74c0fab22cd9c
case_064,3,success,map_locality@b2a_w8,scene_b_fixed_partition_mapping,11941,71434,71434,0,28384,74,3,"[{""active_any_pipe_cycles"":6306,""active_any_pipe_fraction"":0.528096474332133,""core_id"":0,""op_count"":354,""pipe_busy_cycles"":{""PIPE_M"":2258,""PIPE_MTE2"":584,""PIPE_MTE3"":206,""PIPE_V"":4879},""pipe_utilization"":{""PIPE_M"":0.18909639058705302,""PIPE_MTE2"":0.048907126706306,""PIPE_MTE3"":0.017251486475169584,""PIPE_V"":0.4085922452055942},""task_end"":11853,""task_span_cycles"":11853,""task_start"":0},{""active_any_pipe_cycles"":9319,""active_any_pipe_fraction"":0.7804204003014823,""core_id"":1,""op_count"":584,""pipe_busy_cycles"":{""PIPE_M"":4016,""PIPE_MTE2"":680,""PIPE_MTE3"":335,""PIPE_V"":7867},""pipe_utilization"":{""PIPE_M"":0.3363202411858303,""PIPE_MTE2"":0.05694665438405494,""PIPE_MTE3"":0.028054601792144713,""PIPE_V"":0.6588225441755297},""task_end"":11775,""task_span_cycles"":9560,""task_start"":2215},{""active_any_pipe_cycles"":3594,""active_any_pipe_fraction"":0.30097981743572566,""core_id"":2,""op_count"":208,""pipe_busy_cycles"":{""PIPE_M"":1034,""PIPE_MTE2"":543,""PIPE_MTE3"":58,""PIPE_V"":2998},""pipe_utilization"":{""PIPE_M"":0.08659241269575413,""PIPE_MTE2"":0.045473578427267396,""PIPE_MTE3"":0.00485721463863998,""PIPE_V"":0.25106774976970103},""task_end"":11941,""task_span_cycles"":9522,""task_start"":2419}]",b2a_w8,12510,64330,-569,7104,0,True,0,2.86462838947773,1614c7ecb6fccec52f3a5d4063ed418d4b1b142958cc522724dbcd38936f2282,04d41b18fdf6527a11136622c50799f57df6ee261245e9b2dcc0a21be7e6d578,6db7b6124bf4030c1da6d5305f932191f755af0fc0269bacee0a2aab5b59d842
case_064,4,success,map_locality@b2a_w16,scene_b_fixed_partition_mapping,11251,93964,93964,0,39904,136,4,"[{""active_any_pipe_cycles"":8317,""active_any_pipe_fraction"":0.7392231801617634,""core_id"":0,""op_count"":481,""pipe_busy_cycles"":{""PIPE_M"":3336,""PIPE_MTE2"":768,""PIPE_MTE3"":382,""PIPE_V"":6919},""pipe_utilization"":{""PIPE_M"":0.296506977157586,""PIPE_MTE2"":0.06826059905786153,""PIPE_MTE3"":0.03395253755221758,""PIPE_V"":0.6149675584392499},""task_end"":11087,""task_span_cycles"":11087,""task_start"":0},{""active_any_pipe_cycles"":4235,""active_any_pipe_fraction"":0.37641098569016085,""core_id"":1,""op_count"":321,""pipe_busy_cycles"":{""PIPE_M"":2060,""PIPE_MTE2"":714,""PIPE_MTE3"":384,""PIPE_V"":3175},""pipe_utilization"":{""PIPE_M"":0.1830948360145765,""PIPE_MTE2"":0.06346102568660564,""PIPE_MTE3"":0.03413029952893076,""PIPE_V"":0.28219713803217494},""task_end"":11251,""task_span_cycles"":11251,""task_start"":0},{""active_any_pipe_cycles"":3298,""active_any_pipe_fraction"":0.29312949960003554,""core_id"":2,""op_count"":194,""pipe_busy_cycles"":{""PIPE_M"":928,""PIPE_MTE2"":572,""PIPE_MTE3"":104,""PIPE_V"":2503},""pipe_utilization"":{""PIPE_M"":0.08248155719491601,""PIPE_MTE2"":0.05083992533996978,""PIPE_MTE3"":0.009243622789085415,""PIPE_V"":0.22246911385654608},""task_end"":10829,""task_span_cycles"":9210,""task_start"":1619},{""active_any_pipe_cycles"":3886,""active_any_pipe_fraction"":0.34539152075371077,""core_id"":3,""op_count"":274,""pipe_busy_cycles"":{""PIPE_M"":984,""PIPE_MTE2"":603,""PIPE_MTE3"":128,""PIPE_V"":3147},""pipe_utilization"":{""PIPE_M"":0.08745889254288508,""PIPE_MTE2"":0.05359523597902409,""PIPE_MTE3"":0.011376766509643588,""PIPE_V"":0.2797084703581904},""task_end"":11146,""task_span_cycles"":9365,""task_start"":1781}]",b2a_w16,11821,97742,-570,-3778,0,True,0,3.4620425291359425,c683db0eb87c33a802f909ad6c8c7e77da339287f2b0df59aa6237fc4472d379,e0f7b23b2a765ef5ffcfdb297ecfdea21cde9ab85a8510cfe1d367e0247de01c,9c71adafb8b5435d9695c0f438c11959c1b6273d83be274f1ae006b9cc64227d
case_064,5,success,map_locality@b2a_w16,scene_b_fixed_partition_mapping,10947,91024,91024,0,38416,132,5,"[{""active_any_pipe_cycles"":8214,""active_any_pipe_fraction"":0.7503425596053713,""core_id"":0,""op_count"":477,""pipe_busy_cycles"":{""PIPE_M"":3292,""PIPE_MTE2"":745,""PIPE_MTE3"":298,""PIPE_V"":6835},""pipe_utilization"":{""PIPE_M"":0.30072165890198227,""PIPE_MTE2"":0.0680551749337718,""PIPE_MTE3"":0.027222069973508723,""PIPE_V"":0.6243719740568192},""task_end"":10781,""task_span_cycles"":10781,""task_start"":0},{""active_any_pipe_cycles"":1466,""active_any_pipe_fraction"":0.13391796839316708,""core_id"":1,""op_count"":116,""pipe_busy_cycles"":{""PIPE_M"":436,""PIPE_MTE2"":367,""PIPE_MTE3"":86,""PIPE_V"":1033},""pipe_utilization"":{""PIPE_M"":0.03982826345117384,""PIPE_MTE2"":0.03352516671234128,""PIPE_MTE3"":0.00785603361651594,""PIPE_V"":0.0943637526262903},""task_end"":9742,""task_span_cycles"":9742,""task_start"":0},{""active_any_pipe_cycles"":5019,""active_any_pipe_fraction"":0.45848177582899424,""core_id"":2,""op_count"":294,""pipe_busy_cycles"":{""PIPE_M"":2104,""PIPE_MTE2"":580,""PIPE_MTE3"":213,""PIPE_V"":3762},""pipe_utilization"":{""PIPE_M"":0.19219877592034348,""PIPE_MTE2"":0.05298255229743309,""PIPE_MTE3"":0.019457385585091806,""PIPE_V"":0.34365579610852287},""task_end"":10664,""task_span_cycles"":9036,""task_start"":1628},{""active_any_pipe_cycles"":2543,""active_any_pipe_fraction"":0.23230108705581437,""core_id"":3,""op_count"":212,""pipe_busy_cycles"":{""PIPE_M"":664,""PIPE_MTE2"":490,""PIPE_MTE3"":86,""PIPE_V"":2183},""pipe_utilization"":{""PIPE_M"":0.06065588745775098,""PIPE_MTE2"":0.04476112176852105,""PIPE_MTE3"":0.00785603361651594,""PIPE_V"":0.19941536494016626},""task_end"":10685,""task_span_cycles"":8905,""task_start"":1780},{""active_any_pipe_cycles"":2714,""active_any_pipe_fraction"":0.24792180506074724,""core_id"":4,""op_count"":166,""pipe_busy_cycles"":{""PIPE_M"":812,""PIPE_MTE2"":513,""PIPE_MTE3"":140,""PIPE_V"":1931},""pipe_utilization"":{""PIPE_M"":0.07417557321640632,""PIPE_MTE2"":0.046862154014798575,""PIPE_MTE3"":0.012788891933863159,""PIPE_V"":0.17639535945921256},""task_end"":10947,""task_span_cycles"":10947,""task_start"":0}]",inherit_k4,11821,97742,-874,-6718,0,True,0,4.646284095942974,f494621bcfdbd66819bb030031ec75f9c02f31fe49ba7c5e99150d4e116e3cf6,945c85649111ceca9024e93623d30cc5ec6ac5c858977f1d2b5065f20b2704d8,4bfc5bbcdcb38a997446317e2520f6842beceeaa2f47bd4be591a0e6b1a45908
case_065,1,success,stage1_actual_winner,verified_stage1_global_fallback,53068,0,0,0,0,0,1,"[{""active_any_pipe_cycles"":53068,""active_any_pipe_fraction"":1.0,""core_id"":0,""op_count"":914,""pipe_busy_cycles"":{""PIPE_M"":28260,""PIPE_MTE2"":5101,""PIPE_MTE3"":340,""PIPE_V"":29518},""pipe_utilization"":{""PIPE_M"":0.5325243084344614,""PIPE_MTE2"":0.0961219567347554,""PIPE_MTE3"":0.0064068741991407255,""PIPE_V"":0.5562297429712821},""task_end"":53068,""task_span_cycles"":53068,""task_start"":0}]",single,53068,0,0,0,0,False,0,0.060626259073615074,b88501b4bd402023171a82f1035f1d67955d3255d5a209d4c17c18d49a8265aa,462655786e4d45971797edaace468c25751908e507fc4c24313fcc47205031f2,9b2a7e075cbca773bde390e8ad24309434d366a7be55aed9f40933b14c587a53
case_065,2,success,stage1_actual_winner,verified_stage1_global_fallback,29524,774986,774986,0,359586,192,2,"[{""active_any_pipe_cycles"":27396,""active_any_pipe_fraction"":0.92792304565777,""core_id"":0,""op_count"":693,""pipe_busy_cycles"":{""PIPE_M"":14092,""PIPE_MTE2"":10583,""PIPE_MTE3"":6930,""PIPE_V"":15926},""pipe_utilization"":{""PIPE_M"":0.47730659802194825,""PIPE_MTE2"":0.3584541390055548,""PIPE_MTE3"":0.23472429210134127,""PIPE_V"":0.5394255520932123},""task_end"":29524,""task_span_cycles"":29524,""task_start"":0},{""active_any_pipe_cycles"":28486,""active_any_pipe_fraction"":0.9648421623086303,""core_id"":1,""op_count"":631,""pipe_busy_cycles"":{""PIPE_M"":14168,""PIPE_MTE2"":11066,""PIPE_MTE3"":6349,""PIPE_V"":13592},""pipe_utilization"":{""PIPE_M"":0.4798807749627422,""PIPE_MTE2"":0.37481371087928467,""PIPE_MTE3"":0.2150453868039561,""PIPE_V"":0.46037122341146186},""task_end"":29325,""task_span_cycles"":29325,""task_start"":0}]",b2a_w8,29524,774986,0,0,0,False,0,1.873537864536047,0009540b779f8d5e5eb50b7475c3d0dc633975bafe1d29f1d280e6ba220b04c3,a7ef2cacb2116e728c764a906a889351044899d71be399627e337ebf9074cbbf,9505024f0ce7f7c4fe1b5ee0167a56354407bca40fd2f7ab52cab72b96d5a173
case_065,3,success,stage1_actual_winner,verified_stage1_global_fallback,20797,583416,583416,0,251768,139,3,"[{""active_any_pipe_cycles"":20717,""active_any_pipe_fraction"":0.9961532913400971,""core_id"":0,""op_count"":458,""pipe_busy_cycles"":{""PIPE_M"":9712,""PIPE_MTE2"":11050,""PIPE_MTE3"":3951,""PIPE_V"":8974},""pipe_utilization"":{""PIPE_M"":0.46699043131220846,""PIPE_MTE2"":0.5313266336490841,""PIPE_MTE3"":0.18997932394095302,""PIPE_V"":0.4315045439246045},""task_end"":20717,""task_span_cycles"":20717,""task_start"":0},{""active_any_pipe_cycles"":20219,""active_any_pipe_fraction"":0.9722075299322017,""core_id"":1,""op_count"":432,""pipe_busy_cycles"":{""PIPE_M"":9256,""PIPE_MTE2"":10663,""PIPE_MTE3"":5177,""PIPE_V"":11588},""pipe_utilization"":{""PIPE_M"":0.44506419195076213,""PIPE_MTE2"":0.5127181805068038,""PIPE_MTE3"":0.2489301341539645,""PIPE_V"":0.5571957493869308},""task_end"":20219,""task_span_cycles"":20219,""task_start"":0},{""active_any_pipe_cycles"":20522,""active_any_pipe_fraction"":0.9867769389815839,""core_id"":2,""op_count"":339,""pipe_busy_cycles"":{""PIPE_M"":9292,""PIPE_MTE2"":9836,""PIPE_MTE3"":3891,""PIPE_V"":8956},""pipe_utilization"":{""PIPE_M"":0.4467952108477184,""PIPE_MTE2"":0.4729528297350579,""PIPE_MTE3"":0.18709429244602588,""PIPE_V"":0.43063903447612634},""task_end"":20797,""task_span_cycles"":20797,""task_start"":0}]",b2a_w4,20797,583416,0,0,0,False,0,4.0484927874058485,7c899fddc3eff1f67da94fe1dd9b4f26dc713aee8f764203180014ed451bedb7,85e4200da07982cb320075e424cb6dbd49611f15cb8e045bbe284b5a3adb7264,df2a38e196377e9668753aad14d517d051d2bef4f70b28c79e93a240a9f68bb5
case_065,4,success,map_locality@b2a_w4,scene_b_fixed_partition_mapping,18510,588896,588896,0,241966,126,4,"[{""active_any_pipe_cycles"":16542,""active_any_pipe_fraction"":0.893679092382496,""core_id"":0,""op_count"":250,""pipe_busy_cycles"":{""PIPE_M"":7820,""PIPE_MTE2"":10120,""PIPE_MTE3"":4118,""PIPE_V"":6490},""pipe_utilization"":{""PIPE_M"":0.42247433819556995,""PIPE_MTE2"":0.5467314964883847,""PIPE_MTE3"":0.22247433819556997,""PIPE_V"":0.35062128579146407},""task_end"":17794,""task_span_cycles"":17794,""task_start"":0},{""active_any_pipe_cycles"":17279,""active_any_pipe_fraction"":0.9334954078876283,""core_id"":1,""op_count"":311,""pipe_busy_cycles"":{""PIPE_M"":7260,""PIPE_MTE2"":11659,""PIPE_MTE3"":5427,""PIPE_V"":7173},""pipe_utilization"":{""PIPE_M"":0.39222042139384117,""PIPE_MTE2"":0.6298757428417072,""PIPE_MTE3"":0.29319286871961103,""PIPE_V"":0.38752025931928685},""task_end"":18371,""task_span_cycles"":18371,""task_start"":0},{""active_any_pipe_cycles"":16853,""active_any_pipe_fraction"":0.9104808211777418,""core_id"":2,""op_count"":258,""pipe_busy_cycles"":{""PIPE_M"":6832,""PIPE_MTE2"":9906,""PIPE_MTE3"":3266,""PIPE_V"":6654},""pipe_utilization"":{""PIPE_M"":0.3690977849810913,""PIPE_MTE2"":0.5351701782820097,""PIPE_MTE3"":0.17644516477579686,""PIPE_V"":0.3594813614262561},""task_end"":18510,""task_span_cycles"":18510,""task_start"":0},{""active_any_pipe_cycles"":16171,""active_any_pipe_fraction"":0.8736358725013507,""core_id"":3,""op_count"":387,""pipe_busy_cycles"":{""PIPE_M"":6348,""PIPE_MTE2"":8210,""PIPE_MTE3"":5112,""PIPE_V"":9201},""pipe_utilization"":{""PIPE_M"":0.34294975688816853,""PIPE_MTE2"":0.4435440302539168,""PIPE_MTE3"":0.27617504051863856,""PIPE_V"":0.4970826580226904},""task_end"":17194,""task_span_cycles"":17194,""task_start"":0}]",b2a_w4,19058,651774,-548,-62878,0,True,0,5.541983265429735,fce03b220429c578b7faf9d67dde8583526e58346e8a6ae991efbf66e1d9c73b,d6dd4eafac071c83e25efa1965c412b1d2de231be06dc976d1a23b5537e3abe2,8b5d2ccb4875dcc14505810e5871d4e303e6a8a182b60212e6189078d3ca1f41
case_065,5,success,map_locality@b2a_w4,scene_b_fixed_partition_mapping,17742,596262,596262,0,235666,130,5,"[{""active_any_pipe_cycles"":13991,""active_any_pipe_fraction"":0.7885807687972044,""core_id"":0,""op_count"":254,""pipe_busy_cycles"":{""PIPE_M"":5908,""PIPE_MTE2"":8790,""PIPE_MTE3"":3628,""PIPE_V"":5468},""pipe_utilization"":{""PIPE_M"":0.3329951527448991,""PIPE_MTE2"":0.49543456205613795,""PIPE_MTE3"":0.20448652913989404,""PIPE_V"":0.30819524292638933},""task_end"":16868,""task_span_cycles"":16868,""task_start"":0},{""active_any_pipe_cycles"":15064,""active_any_pipe_fraction"":0.8490587306955247,""core_id"":1,""op_count"":347,""pipe_busy_cycles"":{""PIPE_M"":5556,""PIPE_MTE2"":8833,""PIPE_MTE3"":4195,""PIPE_V"":8306},""pipe_utilization"":{""PIPE_M"":0.3131552248900913,""PIPE_MTE2"":0.49785818960658323,""PIPE_MTE3"":0.2364445947469282,""PIPE_V"":0.46815466125577726},""task_end"":17210,""task_span_cycles"":17210,""task_start"":0},{""active_any_pipe_cycles"":14941,""active_any_pipe_fraction"":0.8421260286326232,""core_id"":2,""op_count"":226,""pipe_busy_cycles"":{""PIPE_M"":5592,""PIPE_MTE2"":10631,""PIPE_MTE3"":3530,""PIPE_V"":5921},""pipe_utilization"":{""PIPE_M"":0.31518430842069667,""PIPE_MTE2"":0.599199639274039,""PIPE_MTE3"":0.19896291286213505,""PIPE_V"":0.3337278773531733},""task_end"":17364,""task_span_cycles"":17364,""task_start"":0},{""active_any_pipe_cycles"":10362,""active_any_pipe_fraction"":0.5840378762259046,""core_id"":3,""op_count"":142,""pipe_busy_cycles"":{""PIPE_M"":3076,""PIPE_MTE2"":5942,""PIPE_MTE3"":2275,""PIPE_V"":4336},""pipe_utilization"":{""PIPE_M"":0.17337391500394544,""PIPE_MTE2"":0.33491150941269304,""PIPE_MTE3"":0.12822680644797654,""PIPE_V"":0.24439183857513244},""task_end"":17742,""task_span_cycles"":17742,""task_start"":0},{""active_any_pipe_cycles"":15419,""active_any_pipe_fraction"":0.8690677488445496,""core_id"":4,""op_count"":251,""pipe_busy_cycles"":{""PIPE_M"":8128,""PIPE_MTE2"":9786,""PIPE_MTE3"":3369,""PIPE_V"":5487},""pipe_utilization"":{""PIPE_M"":0.45812197046556197,""PIPE_MTE2"":0.5515725397362191,""PIPE_MTE3"":0.1898884004058167,""PIPE_V"":0.3092661481230977},""task_end"":16956,""task_span_cycles"":16956,""task_start"":0}]",inherit_k4,19058,651774,-1316,-55512,0,True,0,6.389495046809316,ecd97fe5a59bd2fe5f23c11448c1d39a6a721c3c454aa512bf32816815730f04,131c60a7b72dd8c5963547829fc967bad4ea5cee7f4921d36d9421783618331a,abb5e6d2e18c34ff8607f1b06d91e6ec141da4ff04ac94c1a6e286dd212735fa
case_066,1,success,stage1_actual_winner,verified_stage1_global_fallback,359070,0,0,0,0,0,1,"[{""active_any_pipe_cycles"":359070,""active_any_pipe_fraction"":1.0,""core_id"":0,""op_count"":6181,""pipe_busy_cycles"":{""PIPE_M"":269694,""PIPE_MTE2"":17237,""PIPE_MTE3"":1364,""PIPE_V"":170683},""pipe_utilization"":{""PIPE_M"":0.7510903166513493,""PIPE_MTE2"":0.04800456735455482,""PIPE_MTE3"":0.003798702202913081,""PIPE_V"":0.47534742529311835},""task_end"":359070,""task_span_cycles"":359070,""task_start"":0}]",single,359070,0,0,0,0,False,0,0.4470030516386032,dd7381108e3f2ee3eb10c38889c5263501593f2933c63e397d51be5ad16c52cf,6cc57264c628daf6a00c579335d674f65bd9bc44d5521949cf85c18b3590ace4,e0e934fab0414da0195cf133b651d49e260bbe8f73dc163200d6462fa0c5d589
case_066,2,success,stage1_actual_winner,verified_stage1_global_fallback,185656,978376,978376,0,393856,402,2,"[{""active_any_pipe_cycles"":185656,""active_any_pipe_fraction"":1.0,""core_id"":0,""op_count"":4299,""pipe_busy_cycles"":{""PIPE_M"":137388,""PIPE_MTE2"":16511,""PIPE_MTE3"":5390,""PIPE_V"":94589},""pipe_utilization"":{""PIPE_M"":0.7400137889429913,""PIPE_MTE2"":0.0889332959882794,""PIPE_MTE3"":0.029032188563795407,""PIPE_V"":0.5094852846124014},""task_end"":185656,""task_span_cycles"":185656,""task_start"":0},{""active_any_pipe_cycles"":168018,""active_any_pipe_fraction"":0.9049963373120179,""core_id"":1,""op_count"":2703,""pipe_busy_cycles"":{""PIPE_M"":132306,""PIPE_MTE2"":19576,""PIPE_MTE3"":4791,""PIPE_V"":76094},""pipe_utilization"":{""PIPE_M"":0.7126405825828414,""PIPE_MTE2"":0.10544232343689404,""PIPE_MTE3"":0.025805791356056363,""PIPE_V"":0.40986555780583445},""task_end"":171422,""task_span_cycles"":171422,""task_start"":0}]",b2a_w8,185656,978376,0,0,0,False,0,16.627030812203884,d374296b6894820a5f74c2cd1c4bf694e6e5d9a8755711a02e7eed872ce45ee4,cdfec9dec6b47b01b10785fca5a9b1b4938e9812478c7f1e6a37b4b9205f4318,a81917d11ae401858ff3ae8dd6a0881f7e8aed1144b9597fe189a812cbc97e5d
case_066,3,success,stage1_actual_winner,verified_stage1_global_fallback,132398,1312626,1312626,0,464210,489,3,"[{""active_any_pipe_cycles"":132398,""active_any_pipe_fraction"":1.0,""core_id"":0,""op_count"":3415,""pipe_busy_cycles"":{""PIPE_M"":88536,""PIPE_MTE2"":13052,""PIPE_MTE3"":4902,""PIPE_V"":72764},""pipe_utilization"":{""PIPE_M"":0.6687110077191498,""PIPE_MTE2"":0.0985815495702352,""PIPE_MTE3"":0.037024728470218586,""PIPE_V"":0.5495853411682956},""task_end"":132398,""task_span_cycles"":132398,""task_start"":0},{""active_any_pipe_cycles"":108473,""active_any_pipe_fraction"":0.819294853396577,""core_id"":1,""op_count"":1999,""pipe_busy_cycles"":{""PIPE_M"":84918,""PIPE_MTE2"":15882,""PIPE_MTE3"":4522,""PIPE_V"":51152},""pipe_utilization"":{""PIPE_M"":0.6413843109412529,""PIPE_MTE2"":0.11995649481109986,""PIPE_MTE3"":0.03415459448027916,""PIPE_V"":0.3863502469825828},""task_end"":123070,""task_span_cycles"":123070,""task_start"":0},{""active_any_pipe_cycles"":121753,""active_any_pipe_fraction"":0.9195984833607759,""core_id"":2,""op_count"":1776,""pipe_busy_cycles"":{""PIPE_M"":96240,""PIPE_MTE2"":21961,""PIPE_MTE3"":4598,""PIPE_V"":46767},""pipe_utilization"":{""PIPE_M"":0.7268991978730797,""PIPE_MTE2"":0.1658710856659466,""PIPE_MTE3"":0.03472862127826704,""PIPE_V"":0.3532304113355187},""task_end"":124648,""task_span_cycles"":124648,""task_start"":0}]",b2a_w8,132398,1312626,0,0,0,False,0,23.309554869309068,f3df32cc88a7a0e68f4098f9e13ed001fa4baeba86e102ef5c425f8e13005471,d6e2e90cb3ac3c8dff65c009f188c2a1d289aab9e49ba0276ac7fea4e995d6cc,b3310901a3d2dd7c147dc1d4b9fc6e6caaaed92c889e4684730e8982cdefd385
case_066,4,success,stage1_actual_winner,verified_stage1_global_fallback,102860,2703412,2703412,0,967926,1146,4,"[{""active_any_pipe_cycles"":97010,""active_any_pipe_fraction"":0.9431265798172273,""core_id"":0,""op_count"":1785,""pipe_busy_cycles"":{""PIPE_M"":74324,""PIPE_MTE2"":34151,""PIPE_MTE3"":11663,""PIPE_V"":40477},""pipe_utilization"":{""PIPE_M"":0.7225743729340852,""PIPE_MTE2"":0.3320143884892086,""PIPE_MTE3"":0.11338712813532957,""PIPE_V"":0.3935154579039471},""task_end"":98532,""task_span_cycles"":98532,""task_start"":0},{""active_any_pipe_cycles"":95015,""active_any_pipe_fraction"":0.9237312852420766,""core_id"":1,""op_count"":2312,""pipe_busy_cycles"":{""PIPE_M"":66756,""PIPE_MTE2"":35615,""PIPE_MTE3"":14076,""PIPE_V"":41159},""pipe_utilization"":{""PIPE_M"":0.6489986389266965,""PIPE_MTE2"":0.3462473264631538,""PIPE_MTE3"":0.1368461987167023,""PIPE_V"":0.4001458292825199},""task_end"":99438,""task_span_cycles"":99438,""task_start"":0},{""active_any_pipe_cycles"":87368,""active_any_pipe_fraction"":0.8493875170134163,""core_id"":2,""op_count"":2499,""pipe_busy_cycles"":{""PIPE_M"":55996,""PIPE_MTE2"":27066,""PIPE_MTE3"":10245,""PIPE_V"":49154},""pipe_utilization"":{""PIPE_M"":0.5443904335990667,""PIPE_MTE2"":0.2631343573789617,""PIPE_MTE3"":0.0996013999611122,""PIPE_V"":0.47787283686564264},""task_end"":102860,""task_span_cycles"":102860,""task_start"":0},{""active_any_pipe_cycles"":94147,""active_any_pipe_fraction"":0.9152926307602567,""core_id"":3,""op_count"":1993,""pipe_busy_cycles"":{""PIPE_M"":72618,""PIPE_MTE2"":33763,""PIPE_MTE3"":10130,""PIPE_V"":39893},""pipe_utilization"":{""PIPE_M"":0.7059887225354852,""PIPE_MTE2"":0.32824227104802645,""PIPE_MTE3"":0.09848337546179273,""PIPE_V"":0.3878378378378378},""task_end"":99140,""task_span_cycles"":99140,""task_start"":0}]",b2a_w16,102860,2703412,0,0,0,False,0,33.667487351223826,ec5860a9c3d3efd7510db31810ae26376543c62098fb9378ef08f8360787567f,8be4e11e3db14d7bf6fcadaea543b2cba06884c908efe6f9190cbd3ca963f1d1,42594e6b937a13780076e0713d8b3e213fb0d766d298dfce99788f4ee5d9f87a
case_066,5,success,map_locality@b2a_w16,scene_b_fixed_partition_mapping,93375,2864840,2864840,0,1021588,1196,5,"[{""active_any_pipe_cycles"":73704,""active_any_pipe_fraction"":0.7893333333333333,""core_id"":0,""op_count"":1516,""pipe_busy_cycles"":{""PIPE_M"":48892,""PIPE_MTE2"":28604,""PIPE_MTE3"":10889,""PIPE_V"":30967},""pipe_utilization"":{""PIPE_M"":0.5236091030789826,""PIPE_MTE2"":0.306334672021419,""PIPE_MTE3"":0.11661579651941098,""PIPE_V"":0.3316412315930388},""task_end"":92637,""task_span_cycles"":92637,""task_start"":0},{""active_any_pipe_cycles"":89018,""active_any_pipe_fraction"":0.953338688085676,""core_id"":1,""op_count"":1632,""pipe_busy_cycles"":{""PIPE_M"":63784,""PIPE_MTE2"":34109,""PIPE_MTE3"":12045,""PIPE_V"":30868},""pipe_utilization"":{""PIPE_M"":0.683095046854083,""PIPE_MTE2"":0.3652904953145917,""PIPE_MTE3"":0.12899598393574296,""PIPE_V"":0.3305809906291834},""task_end"":92142,""task_span_cycles"":92142,""task_start"":0},{""active_any_pipe_cycles"":77057,""active_any_pipe_fraction"":0.8252423025435074,""core_id"":2,""op_count"":2260,""pipe_busy_cycles"":{""PIPE_M"":51464,""PIPE_MTE2"":22640,""PIPE_MTE3"":9914,""PIPE_V"":40578},""pipe_utilization"":{""PIPE_M"":0.5511539491298527,""PIPE_MTE2"":0.24246318607764392,""PIPE_MTE3"":0.10617402945113788,""PIPE_V"":0.43457028112449797},""task_end"":93331,""task_span_cycles"":93331,""task_start"":0},{""active_any_pipe_cycles"":79714,""active_any_pipe_fraction"":0.8536974564926372,""core_id"":3,""op_count"":1641,""pipe_busy_cycles"":{""PIPE_M"":59074,""PIPE_MTE2"":30934,""PIPE_MTE3"":10285,""PIPE_V"":34226},""pipe_utilization"":{""PIPE_M"":0.6326532797858099,""PIPE_MTE2"":0.3312878179384203,""PIPE_MTE3"":0.11014725568942436,""PIPE_V"":0.36654350736278446},""task_end"":93375,""task_span_cycles"":93375,""task_start"":0},{""active_any_pipe_cycles"":72119,""active_any_pipe_fraction"":0.7723587684069612,""core_id"":4,""op_count"":1666,""pipe_busy_cycles"":{""PIPE_M"":46480,""PIPE_MTE2"":30378,""PIPE_MTE3"":8213,""PIPE_V"":34044},""pipe_utilization"":{""PIPE_M"":0.49777777777777776,""PIPE_MTE2"":0.3253333333333333,""PIPE_MTE3"":0.08795716198125837,""PIPE_V"":0.36459437751004015},""task_end"":92219,""task_span_cycles"":92219,""task_start"":0}]",b2a_w16,94032,2718832,-657,146008,0,True,0,39.886613480746746,78d355c2d482fbf6e1489d0e712c2423e6e61044cb35528128851db18b07a65a,c5aba334144a95acbee65c72d8cd42dc468126184faad2136d33ccde132f3a2e,4fe6f5eb55b608143ad4e4da2ada46038cd3451435c0d7bdbf15103914d678c4
case_067,1,success,stage1_actual_winner,verified_stage1_global_fallback,63834834,264449408,0,264449408,0,0,1,"[{""active_any_pipe_cycles"":63834834,""active_any_pipe_fraction"":1.0,""core_id"":0,""op_count"":13035,""pipe_busy_cycles"":{""PIPE_M"":58915232,""PIPE_MTE2"":4489049,""PIPE_MTE3"":89072,""PIPE_V"":2360608},""pipe_utilization"":{""PIPE_M"":0.9229323287658271,""PIPE_MTE2"":0.07032287418496302,""PIPE_MTE3"":0.0013953510085104944,""PIPE_V"":0.03697993481114089},""task_end"":63834834,""task_span_cycles"":63834834,""task_start"":0}]",single,63834834,264449408,0,0,0,False,0,0.8448584545403719,c4941c88134f54ccb49298297c83fd8be8bceed0dd301c300e3ed04e74f0316c,7e1066d4c23ce36241e0ef0b25bf2d814fcd59851bebdae8830017511176f488,70e4a20dacb10826e7261542c0e0ca317b083bc421e2a0c3af68a1791464cf65
case_067,2,success,stage1_actual_winner,verified_stage1_global_fallback,31892152,260989568,10701184,250288384,3489792,710,2,"[{""active_any_pipe_cycles"":31886254,""active_any_pipe_fraction"":0.9998150642201881,""core_id"":0,""op_count"":6415,""pipe_busy_cycles"":{""PIPE_M"":29457616,""PIPE_MTE2"":2348546,""PIPE_MTE3"":89810,""PIPE_V"":1179040},""pipe_utilization"":{""PIPE_M"":0.9236634768327957,""PIPE_MTE2"":0.07364024854766778,""PIPE_MTE3"":0.002816053303646615,""PIPE_V"":0.036969596783559794},""task_end"":31886254,""task_span_cycles"":31886254,""task_start"":0},{""active_any_pipe_cycles"":31892152,""active_any_pipe_fraction"":1.0,""core_id"":1,""op_count"":6419,""pipe_busy_cycles"":{""PIPE_M"":29457616,""PIPE_MTE2"":2348748,""PIPE_MTE3"":85965,""PIPE_V"":1181568},""pipe_utilization"":{""PIPE_M"":0.9236634768327957,""PIPE_MTE2"":0.07364658239431444,""PIPE_MTE3"":0.0026954907276247773,""PIPE_V"":0.03704886393367246},""task_end"":31892152,""task_span_cycles"":31892152,""task_start"":0}]",b2a_w4,31892152,260989568,0,0,0,False,0,21.527479199692607,573e0d9b9fe7c25ebcea461d187473d6511cb1218e04561bd5157069a058cd24,f2faab65d2db28133c84b1eb5051b3ed9c4c97f3df13249e367026cef63518dc,efc4145ffcaa26fa0448f3a542e6b8a977c6bc09ccfc5d58b9546a400d97299c
case_067,3,success,map_locality@b2a_w4,scene_b_fixed_partition_mapping,21616404,260199168,10146560,250052608,1351680,472,3,"[{""active_any_pipe_cycles"":21480704,""active_any_pipe_fraction"":0.9937223601113303,""core_id"":0,""op_count"":4228,""pipe_busy_cycles"":{""PIPE_M"":19693200,""PIPE_MTE2"":1853166,""PIPE_MTE3"":57762,""PIPE_V"":794640},""pipe_utilization"":{""PIPE_M"":0.9110303452877732,""PIPE_MTE2"":0.08572961534212628,""PIPE_MTE3"":0.0026721373268190213,""PIPE_V"":0.03676097097371052},""task_end"":21480704,""task_span_cycles"":21480704,""task_start"":0},{""active_any_pipe_cycles"":21616404,""active_any_pipe_fraction"":1.0,""core_id"":1,""op_count"":4269,""pipe_busy_cycles"":{""PIPE_M"":19703440,""PIPE_MTE2"":1867022,""PIPE_MTE3"":46139,""PIPE_V"":794624},""pipe_utilization"":{""PIPE_M"":0.9115040596021429,""PIPE_MTE2"":0.08637061002375788,""PIPE_MTE3"":0.0021344438233112223,""PIPE_V"":0.03676023079509432},""task_end"":21616404,""task_span_cycles"":21616404,""task_start"":0},{""active_any_pipe_cycles"":21371511,""active_any_pipe_fraction"":0.988670964883891,""core_id"":2,""op_count"":4260,""pipe_busy_cycles"":{""PIPE_M"":19518592,""PIPE_MTE2"":1940726,""PIPE_MTE3"":56552,""PIPE_V"":771344},""pipe_utilization"":{""PIPE_M"":0.9029527760491523,""PIPE_MTE2"":0.08978024281929593,""PIPE_MTE3"":0.002616161318968687,""PIPE_V"":0.03568327090851929},""task_end"":21371511,""task_span_cycles"":21371511,""task_start"":0}]",b2a_w8,21738388,218084096,-121984,42115072,46245888,True,0,37.101345328614116,eaf0b7da7ce5827bfba431a5b7c34cb7e9c27c9bf689dc3498c7375428bf6e70,aa46b298fc73b7db8f6b3be1a5f3b8e19491b65a7f4edaef1422da50fbda24de,3f8ab9f421013d5dd5c9fbfdabcec5f9aba02a19768d9c27730c32e2600277ac
case_067,4,success,stage1_actual_winner,verified_stage1_global_fallback,16654103,219229312,20890752,198338560,4862976,993,4,"[{""active_any_pipe_cycles"":16654103,""active_any_pipe_fraction"":1.0,""core_id"":0,""op_count"":3079,""pipe_busy_cycles"":{""PIPE_M"":14738048,""PIPE_MTE2"":1660374,""PIPE_MTE3"":54314,""PIPE_V"":587120},""pipe_utilization"":{""PIPE_M"":0.8849499729886383,""PIPE_MTE2"":0.09969759404033948,""PIPE_MTE3"":0.003261298431983998,""PIPE_V"":0.035253775000671006},""task_end"":16654103,""task_span_cycles"":16654103,""task_start"":0},{""active_any_pipe_cycles"":16650079,""active_any_pipe_fraction"":0.9997583778603987,""core_id"":1,""op_count"":3087,""pipe_busy_cycles"":{""PIPE_M"":14719568,""PIPE_MTE2"":1663539,""PIPE_MTE3"":56393,""PIPE_V"":591920},""pipe_utilization"":{""PIPE_M"":0.8838403365224774,""PIPE_MTE2"":0.09988763729874854,""PIPE_MTE3"":0.003386132534427102,""PIPE_V"":0.035541992264608906},""task_end"":16650079,""task_span_cycles"":16650079,""task_start"":0},{""active_any_pipe_cycles"":16615505,""active_any_pipe_fraction"":0.9976823729263593,""core_id"":2,""op_count"":3085,""pipe_busy_cycles"":{""PIPE_M"":14733904,""PIPE_MTE2"":1716869,""PIPE_MTE3"":35697,""PIPE_V"":591504},""pipe_utilization"":{""PIPE_M"":0.8847011454174386,""PIPE_MTE2"":0.10308985119162527,""PIPE_MTE3"":0.0021434357647481823,""PIPE_V"":0.03551701343506762},""task_end"":16615505,""task_span_cycles"":16615505,""task_start"":0},{""active_any_pipe_cycles"":16591629,""active_any_pipe_fraction"":0.9962487322193215,""core_id"":3,""op_count"":3025,""pipe_busy_cycles"":{""PIPE_M"":14723712,""PIPE_MTE2"":1595079,""PIPE_MTE3"":41916,""PIPE_V"":590064},""pipe_utilization"":{""PIPE_M"":0.8840891640936771,""PIPE_MTE2"":0.09577693857183422,""PIPE_MTE3"":0.002516857257337726,""PIPE_V"":0.03543054825588625},""task_end"":16591629,""task_span_cycles"":16591629,""task_start"":0}]",b2a_w8,16654103,219229312,0,0,0,False,0,46.95550908707082,c1f7f926e1f5cd0660e6a6d4d7cb30a3f1627b2893550021dc71e737bd13827a,5a80b899fc3e49347427446f83802ec395ad3985f0f0b33c03795d06479150c5,4d2be1b37d97bf0f2d54b1734d0e04b5874de3313b477cea0038bc9cd7a8adbf
case_067,5,success,stage1_actual_winner,verified_stage1_global_fallback,13549289,210654720,30832128,179822592,7972864,1033,5,"[{""active_any_pipe_cycles"":13493906,""active_any_pipe_fraction"":0.9959124792452209,""core_id"":0,""op_count"":2365,""pipe_busy_cycles"":{""PIPE_M"":11774192,""PIPE_MTE2"":1366631,""PIPE_MTE3"":28607,""PIPE_V"":471968},""pipe_utilization"":{""PIPE_M"":0.868989656948051,""PIPE_MTE2"":0.10086366893495297,""PIPE_MTE3"":0.002111328498491692,""PIPE_V"":0.03483341450610434},""task_end"":13493906,""task_span_cycles"":13493906,""task_start"":0},{""active_any_pipe_cycles"":13488469,""active_any_pipe_fraction"":0.9955112035768076,""core_id"":1,""op_count"":2553,""pipe_busy_cycles"":{""PIPE_M"":11778144,""PIPE_MTE2"":1418943,""PIPE_MTE3"":81345,""PIPE_V"":445168},""pipe_utilization"":{""PIPE_M"":0.8692813327695645,""PIPE_MTE2"":0.10472453573025123,""PIPE_MTE3"":0.0060036360579510855,""PIPE_V"":0.03285545093915998},""task_end"":13488469,""task_span_cycles"":13488469,""task_start"":0},{""active_any_pipe_cycles"":13362505,""active_any_pipe_fraction"":0.9862144795937263,""core_id"":2,""op_count"":2496,""pipe_busy_cycles"":{""PIPE_M"":11782624,""PIPE_MTE2"":1240782,""PIPE_MTE3"":80645,""PIPE_V"":508448},""pipe_utilization"":{""PIPE_M"":0.8696119774255313,""PIPE_MTE2"":0.09157543248210294,""PIPE_MTE3"":0.0059519728304562695,""PIPE_V"":0.03752580670469129},""task_end"":13362505,""task_span_cycles"":13362505,""task_start"":0},{""active_any_pipe_cycles"":13506139,""active_any_pipe_fraction"":0.9968153310479981,""core_id"":3,""op_count"":2636,""pipe_busy_cycles"":{""PIPE_M"":11815296,""PIPE_MTE2"":1403265,""PIPE_MTE3"":91617,""PIPE_V"":471296},""pipe_utilization"":{""PIPE_M"":0.8720233216665465,""PIPE_MTE2"":0.10356742704358878,""PIPE_MTE3"":0.0067617570191321474,""PIPE_V"":0.03478381780770932},""task_end"":13506139,""task_span_cycles"":13506139,""task_start"":0},{""active_any_pipe_cycles"":13549289,""active_any_pipe_fraction"":1.0,""core_id"":4,""op_count"":2607,""pipe_busy_cycles"":{""PIPE_M"":11764976,""PIPE_MTE2"":1497477,""PIPE_MTE3"":87098,""PIPE_V"":463728},""pipe_utilization"":{""PIPE_M"":0.8683094736557764,""PIPE_MTE2"":0.11052070702750529,""PIPE_MTE3"":0.006428233983347761,""PIPE_V"":0.03422526451387966},""task_end"":13549289,""task_span_cycles"":13549289,""task_start"":0}]",b2a_w16,13549289,210654720,0,0,0,False,0,52.35269219428301,e2b5fcef67f51cd566452873845199262a6fc3bb363a17e23cd4a595c1c23985,8dfc4304e8ff7b945240d73e329013baf35394010911818cd441a2e5e86c8d37,158928cda6ecb127a8bbd31334f42118cb281b35f766cfeee9e2c0427ce3824b
case_068,1,success,stage1_actual_winner,verified_stage1_global_fallback,362095,0,0,0,0,0,1,"[{""active_any_pipe_cycles"":362095,""active_any_pipe_fraction"":1.0,""core_id"":0,""op_count"":5853,""pipe_busy_cycles"":{""PIPE_M"":249101,""PIPE_MTE2"":45978,""PIPE_MTE3"":623,""PIPE_V"":154696},""pipe_utilization"":{""PIPE_M"":0.6879437716621328,""PIPE_MTE2"":0.12697772683964154,""PIPE_MTE3"":0.0017205429514353969,""PIPE_V"":0.42722489954293763},""task_end"":362095,""task_span_cycles"":362095,""task_start"":0}]",single,362095,0,0,0,0,False,0,0.4299907963722944,d639723b36690dff7eb2f7c0058fe0f6f97bcb5af40b1421d33bee41e8464da2,0a7c7b63e8a12964e4e020363366b8c87e6f80b097ed19bca06d80fb49aae469,279c937e50a1ec416c365d875236acbb93fd12b87dea08e4d07dcd22e05d0f89
case_068,2,success,stage1_actual_winner,verified_stage1_global_fallback,204037,1672660,1638344,34316,463584,388,2,"[{""active_any_pipe_cycles"":192045,""active_any_pipe_fraction"":0.9412263462019144,""core_id"":0,""op_count"":3599,""pipe_busy_cycles"":{""PIPE_M"":141224,""PIPE_MTE2"":49261,""PIPE_MTE3"":6005,""PIPE_V"":74347},""pipe_utilization"":{""PIPE_M"":0.6921489729803908,""PIPE_MTE2"":0.24143170111303341,""PIPE_MTE3"":0.029430936545822572,""PIPE_V"":0.36437998990379195},""task_end"":199191,""task_span_cycles"":199191,""task_start"":0},{""active_any_pipe_cycles"":167291,""active_any_pipe_fraction"":0.8199052132701422,""core_id"":1,""op_count"":3127,""pipe_busy_cycles"":{""PIPE_M"":107877,""PIPE_MTE2"":37761,""PIPE_MTE3"":6845,""PIPE_V"":80349},""pipe_utilization"":{""PIPE_M"":0.5287129295176856,""PIPE_MTE2"":0.18506937467224083,""PIPE_MTE3"":0.03354783691193264,""PIPE_V"":0.3937962232340213},""task_end"":204037,""task_span_cycles"":204037,""task_start"":0}]",b2a_w16,204037,1672660,0,0,0,False,0,13.710988404229283,f7fecdf26ae6277a9579e6f4fa1fe22a27d60e1ba9a4ffb72e58a44d429a451f,3ba96ded5bb66e32d240dbe2b13ec8ebc981ece3a9c4b51912c4561ccb26ca44,9f123d507d26204ce2466e793cbfa3fecc41b93d942c807600fd933c35fbca57
case_068,3,success,map_locality@b2a_w16,scene_b_fixed_partition_mapping,163496,2561662,2561662,0,604724,538,3,"[{""active_any_pipe_cycles"":160334,""active_any_pipe_fraction"":0.9806600773107599,""core_id"":0,""op_count"":3239,""pipe_busy_cycles"":{""PIPE_M"":108836,""PIPE_MTE2"":60263,""PIPE_MTE3"":6763,""PIPE_V"":61463},""pipe_utilization"":{""PIPE_M"":0.6656798943093409,""PIPE_MTE2"":0.36859005724910704,""PIPE_MTE3"":0.04136492635905466,""PIPE_V"":0.37592968635318297},""task_end"":163496,""task_span_cycles"":163496,""task_start"":0},{""active_any_pipe_cycles"":98776,""active_any_pipe_fraction"":0.6041493369868376,""core_id"":1,""op_count"":1938,""pipe_busy_cycles"":{""PIPE_M"":65948,""PIPE_MTE2"":38241,""PIPE_MTE3"":6043,""PIPE_V"":43553},""pipe_utilization"":{""PIPE_M"":0.4033615501296668,""PIPE_MTE2"":0.23389563047414005,""PIPE_MTE3"":0.03696114889660909,""PIPE_V"":0.26638572197484955},""task_end"":162123,""task_span_cycles"":162123,""task_start"":0},{""active_any_pipe_cycles"":112700,""active_any_pipe_fraction"":0.6893135000244655,""core_id"":2,""op_count"":1914,""pipe_busy_cycles"":{""PIPE_M"":74317,""PIPE_MTE2"":40484,""PIPE_MTE3"":8041,""PIPE_V"":49680},""pipe_utilization"":{""PIPE_M"":0.45454934677300973,""PIPE_MTE2"":0.2476146205411753,""PIPE_MTE3"":0.04918163135489553,""PIPE_V"":0.3038606449087439},""task_end"":163288,""task_span_cycles"":163288,""task_start"":0}]",b2a_w16,165324,2613640,-1828,-51978,0,True,0,25.69753708690405,fd686464fd3fbd1682d08c0153c14f4668444125f93cbc19aad385ee2f1ee51e,23685e34217b6938f1ca72deab9ba8e3d655dcc592ad6b06369d73917c563e26,5ec301679223b7bd84eb27c6f409f497e8bcd06a8ed58508ff55b6ae35198bed
case_068,4,success,map_locality@b2a_w16,scene_b_fixed_partition_mapping,137240,2450062,2450062,0,514364,567,4,"[{""active_any_pipe_cycles"":130063,""active_any_pipe_fraction"":0.9477047508015156,""core_id"":0,""op_count"":2333,""pipe_busy_cycles"":{""PIPE_M"":88248,""PIPE_MTE2"":63128,""PIPE_MTE3"":5623,""PIPE_V"":39688},""pipe_utilization"":{""PIPE_M"":0.6430195278344506,""PIPE_MTE2"":0.4599825123870592,""PIPE_MTE3"":0.040972019819294665,""PIPE_V"":0.28918682599825124},""task_end"":137240,""task_span_cycles"":137240,""task_start"":0},{""active_any_pipe_cycles"":91896,""active_any_pipe_fraction"":0.6696006995045176,""core_id"":1,""op_count"":1568,""pipe_busy_cycles"":{""PIPE_M"":60916,""PIPE_MTE2"":55750,""PIPE_MTE3"":4994,""PIPE_V"":34965},""pipe_utilization"":{""PIPE_M"":0.44386476245992423,""PIPE_MTE2"":0.4062226756047799,""PIPE_MTE3"":0.03638880792771786,""PIPE_V"":0.25477266103176915},""task_end"":136417,""task_span_cycles"":136417,""task_start"":0},{""active_any_pipe_cycles"":97242,""active_any_pipe_fraction"":0.7085543573302244,""core_id"":2,""op_count"":1608,""pipe_busy_cycles"":{""PIPE_M"":64749,""PIPE_MTE2"":55415,""PIPE_MTE3"":7519,""PIPE_V"":37877},""pipe_utilization"":{""PIPE_M"":0.47179393762751387,""PIPE_MTE2"":0.4037816962984553,""PIPE_MTE3"":0.054787234042553194,""PIPE_V"":0.2759909647333139},""task_end"":135437,""task_span_cycles"":135437,""task_start"":0},{""active_any_pipe_cycles"":83021,""active_any_pipe_fraction"":0.6049329641503934,""core_id"":3,""op_count"":1627,""pipe_busy_cycles"":{""PIPE_M"":35188,""PIPE_MTE2"":48986,""PIPE_MTE3"":7865,""PIPE_V"":42166},""pipe_utilization"":{""PIPE_M"":0.25639755173418827,""PIPE_MTE2"":0.35693675313319734,""PIPE_MTE3"":0.05730836490819003,""PIPE_V"":0.3072427863596619},""task_end"":135085,""task_span_cycles"":135085,""task_start"":0}]",b2a_w16,137870,2496122,-630,-46060,0,True,0,37.59817038103938,0c67fa8df21e06cafd765b8d2d5af43b63e73a2ba5b40bb4c9b96eb8a63ad7e2,9e238808ae18a7eb2af43f7821019f3d00b866ac73e21a874f8bab9bb4b91dab,d292553586027262bfb2d987bcfc217778b7ab22b85e7090176e59b10675d410
case_068,5,success,inherit_final_k4,recursive_final_winner_inheritance,137240,2450062,2450062,0,514364,567,4,"[{""active_any_pipe_cycles"":130063,""active_any_pipe_fraction"":0.9477047508015156,""core_id"":0,""op_count"":2333,""pipe_busy_cycles"":{""PIPE_M"":88248,""PIPE_MTE2"":63128,""PIPE_MTE3"":5623,""PIPE_V"":39688},""pipe_utilization"":{""PIPE_M"":0.6430195278344506,""PIPE_MTE2"":0.4599825123870592,""PIPE_MTE3"":0.040972019819294665,""PIPE_V"":0.28918682599825124},""task_end"":137240,""task_span_cycles"":137240,""task_start"":0},{""active_any_pipe_cycles"":91896,""active_any_pipe_fraction"":0.6696006995045176,""core_id"":1,""op_count"":1568,""pipe_busy_cycles"":{""PIPE_M"":60916,""PIPE_MTE2"":55750,""PIPE_MTE3"":4994,""PIPE_V"":34965},""pipe_utilization"":{""PIPE_M"":0.44386476245992423,""PIPE_MTE2"":0.4062226756047799,""PIPE_MTE3"":0.03638880792771786,""PIPE_V"":0.25477266103176915},""task_end"":136417,""task_span_cycles"":136417,""task_start"":0},{""active_any_pipe_cycles"":97242,""active_any_pipe_fraction"":0.7085543573302244,""core_id"":2,""op_count"":1608,""pipe_busy_cycles"":{""PIPE_M"":64749,""PIPE_MTE2"":55415,""PIPE_MTE3"":7519,""PIPE_V"":37877},""pipe_utilization"":{""PIPE_M"":0.47179393762751387,""PIPE_MTE2"":0.4037816962984553,""PIPE_MTE3"":0.054787234042553194,""PIPE_V"":0.2759909647333139},""task_end"":135437,""task_span_cycles"":135437,""task_start"":0},{""active_any_pipe_cycles"":83021,""active_any_pipe_fraction"":0.6049329641503934,""core_id"":3,""op_count"":1627,""pipe_busy_cycles"":{""PIPE_M"":35188,""PIPE_MTE2"":48986,""PIPE_MTE3"":7865,""PIPE_V"":42166},""pipe_utilization"":{""PIPE_M"":0.25639755173418827,""PIPE_MTE2"":0.35693675313319734,""PIPE_MTE3"":0.05730836490819003,""PIPE_V"":0.3072427863596619},""task_end"":135085,""task_span_cycles"":135085,""task_start"":0},{""active_any_pipe_cycles"":0,""active_any_pipe_fraction"":0.0,""core_id"":4,""op_count"":0,""pipe_busy_cycles"":{},""pipe_utilization"":{},""task_end"":0,""task_span_cycles"":0,""task_start"":0}]",inherit_k4,137870,2496122,-630,-46060,0,True,0,38.840811878442764,b8e16bf7897f313a69d22165fb5c57279306e7bc5bef9412242558753904bf70,ec7ff60414db30a14d8de4322b422ed9d423e531f475135f9fe3fd103473cc18,34b7fbd6974ed37b2119404e69d519f0116a5d6e9e6f62c150162532da6ae71f
case_069,1,success,stage1_actual_winner,verified_stage1_global_fallback,25144,0,0,0,0,0,1,"[{""active_any_pipe_cycles"":25144,""active_any_pipe_fraction"":1.0,""core_id"":0,""op_count"":1074,""pipe_busy_cycles"":{""PIPE_M"":16674,""PIPE_MTE2"":1915,""PIPE_MTE3"":208,""PIPE_V"":15288},""pipe_utilization"":{""PIPE_M"":0.6631403118040089,""PIPE_MTE2"":0.07616131084950684,""PIPE_MTE3"":0.008272351256761056,""PIPE_V"":0.6080178173719376},""task_end"":25144,""task_span_cycles"":25144,""task_start"":0}]",single,25144,0,0,0,0,False,0,0.07719857059419155,af30ca687893924576b2272888779253902b1079d5f535e1e765c51d2adef0f8,9a4617c063a728654291de0a0ccbe2c26b0a04bb90eb8f4f99f56e9018790af7,2a06a93e6553e4e04bc3a9d6ea8a7d9e8723ac888102f94806ede95eb178f524
case_069,2,success,stage1_actual_winner,verified_stage1_global_fallback,16328,314726,314726,0,140800,197,2,"[{""active_any_pipe_cycles"":15179,""active_any_pipe_fraction"":0.9296300832925036,""core_id"":0,""op_count"":766,""pipe_busy_cycles"":{""PIPE_M"":9624,""PIPE_MTE2"":4057,""PIPE_MTE3"":2121,""PIPE_V"":8011},""pipe_utilization"":{""PIPE_M"":0.5894169524742773,""PIPE_MTE2"":0.248468887800098,""PIPE_MTE3"":0.12989955903968642,""PIPE_V"":0.4906295933365997},""task_end"":16128,""task_span_cycles"":16128,""task_start"":0},{""active_any_pipe_cycles"":12493,""active_any_pipe_fraction"":0.7651273885350318,""core_id"":1,""op_count"":715,""pipe_busy_cycles"":{""PIPE_M"":7050,""PIPE_MTE2"":3737,""PIPE_MTE3"":1907,""PIPE_V"":7277},""pipe_utilization"":{""PIPE_M"":0.4317736403723665,""PIPE_MTE2"":0.22887065164135229,""PIPE_MTE3"":0.11679323860852524,""PIPE_V"":0.4456761391474767},""task_end"":16328,""task_span_cycles"":16328,""task_start"":0}]",b2a_w8,16328,314726,0,0,0,False,0,1.9484614301472902,05e608a5a433be8510bef42f041f03bbef0290fadc3c83c1bfeab75915b60850,ad518af612e9b65cae56606e8b92a5993fe4f74e917ff4d025f545b222627194,ee786cb856c40f9ebe3fc6b55bb029f6ef7c335d80fc86c36df0f4eb7a9b8085
case_069,3,success,stage1_actual_winner,verified_stage1_global_fallback,13774,309992,309992,0,118848,124,3,"[{""active_any_pipe_cycles"":12894,""active_any_pipe_fraction"":0.9361115144475098,""core_id"":0,""op_count"":605,""pipe_busy_cycles"":{""PIPE_M"":10467,""PIPE_MTE2"":2623,""PIPE_MTE3"":2835,""PIPE_V"":6099},""pipe_utilization"":{""PIPE_M"":0.7599099753158124,""PIPE_MTE2"":0.19043124727747932,""PIPE_MTE3"":0.20582256425148832,""PIPE_V"":0.4427907652098156},""task_end"":13568,""task_span_cycles"":13568,""task_start"":0},{""active_any_pipe_cycles"":6641,""active_any_pipe_fraction"":0.4821402642660084,""core_id"":1,""op_count"":415,""pipe_busy_cycles"":{""PIPE_M"":2991,""PIPE_MTE2"":2971,""PIPE_MTE3"":788,""PIPE_V"":4775},""pipe_utilization"":{""PIPE_M"":0.21714825032670249,""PIPE_MTE2"":0.21569623929141862,""PIPE_MTE3"":0.05720923479018441,""PIPE_V"":0.3466676346740235},""task_end"":13318,""task_span_cycles"":13318,""task_start"":0},{""active_any_pipe_cycles"":7580,""active_any_pipe_fraction"":0.5503121823725861,""core_id"":2,""op_count"":321,""pipe_busy_cycles"":{""PIPE_M"":3216,""PIPE_MTE2"":2590,""PIPE_MTE3"":700,""PIPE_V"":4414},""pipe_utilization"":{""PIPE_M"":0.233483374473646,""PIPE_MTE2"":0.18803542906926093,""PIPE_MTE3"":0.050820386234935386,""PIPE_V"":0.3204588354871497},""task_end"":13774,""task_span_cycles"":13774,""task_start"":0}]",b2a_w4,13774,309992,0,0,0,False,0,3.7115877997130156,a1f8f59d264c67938c548e65ac30eb75d999426fd63a3ce0f337dc4ec262d2a6,0d0e74adc0aa8b7a390dee5bcb3581d701f0bf2fc1cb1dce91df40f2522976b1,9494c24de3777a968a446394b539ac679fa8eacad16beec735ffba1e3b605281
case_069,4,success,stage1_actual_winner,verified_stage1_global_fallback,13774,309992,309992,0,118848,124,3,"[{""active_any_pipe_cycles"":12894,""active_any_pipe_fraction"":0.9361115144475098,""core_id"":0,""op_count"":605,""pipe_busy_cycles"":{""PIPE_M"":10467,""PIPE_MTE2"":2623,""PIPE_MTE3"":2835,""PIPE_V"":6099},""pipe_utilization"":{""PIPE_M"":0.7599099753158124,""PIPE_MTE2"":0.19043124727747932,""PIPE_MTE3"":0.20582256425148832,""PIPE_V"":0.4427907652098156},""task_end"":13568,""task_span_cycles"":13568,""task_start"":0},{""active_any_pipe_cycles"":6641,""active_any_pipe_fraction"":0.4821402642660084,""core_id"":1,""op_count"":415,""pipe_busy_cycles"":{""PIPE_M"":2991,""PIPE_MTE2"":2971,""PIPE_MTE3"":788,""PIPE_V"":4775},""pipe_utilization"":{""PIPE_M"":0.21714825032670249,""PIPE_MTE2"":0.21569623929141862,""PIPE_MTE3"":0.05720923479018441,""PIPE_V"":0.3466676346740235},""task_end"":13318,""task_span_cycles"":13318,""task_start"":0},{""active_any_pipe_cycles"":7580,""active_any_pipe_fraction"":0.5503121823725861,""core_id"":2,""op_count"":321,""pipe_busy_cycles"":{""PIPE_M"":3216,""PIPE_MTE2"":2590,""PIPE_MTE3"":700,""PIPE_V"":4414},""pipe_utilization"":{""PIPE_M"":0.233483374473646,""PIPE_MTE2"":0.18803542906926093,""PIPE_MTE3"":0.050820386234935386,""PIPE_V"":0.3204588354871497},""task_end"":13774,""task_span_cycles"":13774,""task_start"":0},{""active_any_pipe_cycles"":0,""active_any_pipe_fraction"":0.0,""core_id"":3,""op_count"":0,""pipe_busy_cycles"":{},""pipe_utilization"":{},""task_end"":0,""task_span_cycles"":0,""task_start"":0}]",inherit_k3,13774,309992,0,0,0,False,0,4.484690085053444,8c04777bee053e33ec15c6553d7eb9952678a6df708705f0dbc6283db9a956ae,b59915956d170dd8c3dae9a147187d6a003bb4130c331fe1c7a68706bf77272d,a5c01a4f6cf90e0b070bb52e45a8346eb22d18cd44908771ba763662bbea39a5
case_069,5,success,stage1_actual_winner,verified_stage1_global_fallback,13774,309992,309992,0,118848,124,3,"[{""active_any_pipe_cycles"":12894,""active_any_pipe_fraction"":0.9361115144475098,""core_id"":0,""op_count"":605,""pipe_busy_cycles"":{""PIPE_M"":10467,""PIPE_MTE2"":2623,""PIPE_MTE3"":2835,""PIPE_V"":6099},""pipe_utilization"":{""PIPE_M"":0.7599099753158124,""PIPE_MTE2"":0.19043124727747932,""PIPE_MTE3"":0.20582256425148832,""PIPE_V"":0.4427907652098156},""task_end"":13568,""task_span_cycles"":13568,""task_start"":0},{""active_any_pipe_cycles"":6641,""active_any_pipe_fraction"":0.4821402642660084,""core_id"":1,""op_count"":415,""pipe_busy_cycles"":{""PIPE_M"":2991,""PIPE_MTE2"":2971,""PIPE_MTE3"":788,""PIPE_V"":4775},""pipe_utilization"":{""PIPE_M"":0.21714825032670249,""PIPE_MTE2"":0.21569623929141862,""PIPE_MTE3"":0.05720923479018441,""PIPE_V"":0.3466676346740235},""task_end"":13318,""task_span_cycles"":13318,""task_start"":0},{""active_any_pipe_cycles"":7580,""active_any_pipe_fraction"":0.5503121823725861,""core_id"":2,""op_count"":321,""pipe_busy_cycles"":{""PIPE_M"":3216,""PIPE_MTE2"":2590,""PIPE_MTE3"":700,""PIPE_V"":4414},""pipe_utilization"":{""PIPE_M"":0.233483374473646,""PIPE_MTE2"":0.18803542906926093,""PIPE_MTE3"":0.050820386234935386,""PIPE_V"":0.3204588354871497},""task_end"":13774,""task_span_cycles"":13774,""task_start"":0},{""active_any_pipe_cycles"":0,""active_any_pipe_fraction"":0.0,""core_id"":3,""op_count"":0,""pipe_busy_cycles"":{},""pipe_utilization"":{},""task_end"":0,""task_span_cycles"":0,""task_start"":0},{""active_any_pipe_cycles"":0,""active_any_pipe_fraction"":0.0,""core_id"":4,""op_count"":0,""pipe_busy_cycles"":{},""pipe_utilization"":{},""task_end"":0,""task_span_cycles"":0,""task_start"":0}]",inherit_k3,13774,309992,0,0,0,False,0,5.7920082826167345,bc9112db6c468e98e803b6be6dfc8358b977ba4c90d4065060305980430980e0,85a848c138c131671967c0b57abf413b66c174dce13ca72a20d1e096f90d71e0,ae47a5d1aee62584cb5376b4be092e202b9d87a0311843648080551959783e87
case_070,1,success,stage1_actual_winner,verified_stage1_global_fallback,117300,0,0,0,0,0,1,"[{""active_any_pipe_cycles"":117300,""active_any_pipe_fraction"":1.0,""core_id"":0,""op_count"":1437,""pipe_busy_cycles"":{""PIPE_M"":91832,""PIPE_MTE2"":7155,""PIPE_MTE3"":54,""PIPE_V"":47214},""pipe_utilization"":{""PIPE_M"":0.7828815004262575,""PIPE_MTE2"":0.06099744245524297,""PIPE_MTE3"":0.00046035805626598467,""PIPE_V"":0.4025063938618926},""task_end"":117300,""task_span_cycles"":117300,""task_start"":0}]",single,117300,0,0,0,0,False,0,0.09981102496385574,7c7f74954adf5d659bdacfc0445d9844032e7e2c046d0246eda7627371080aaf,35503e8a606ef5a291c9918249aab3d458cd03475cbbc72620b0ae2c93d4de5d,c43f39a57959d43323e900c14107954647052fc242f85faea8304ca4b300efad
case_070,2,success,stage1_actual_winner,verified_stage1_global_fallback,68604,950774,950774,0,414714,224,2,"[{""active_any_pipe_cycles"":61071,""active_any_pipe_fraction"":0.8901959069442015,""core_id"":0,""op_count"":1014,""pipe_busy_cycles"":{""PIPE_M"":42472,""PIPE_MTE2"":11457,""PIPE_MTE3"":7210,""PIPE_V"":24704},""pipe_utilization"":{""PIPE_M"":0.6190892659320156,""PIPE_MTE2"":0.16700192408605913,""PIPE_MTE3"":0.10509591277476532,""PIPE_V"":0.36009562124657457},""task_end"":65948,""task_span_cycles"":65948,""task_start"":0},{""active_any_pipe_cycles"":65989,""active_any_pipe_fraction"":0.9618826890560317,""core_id"":1,""op_count"":909,""pipe_busy_cycles"":{""PIPE_M"":49360,""PIPE_MTE2"":12863,""PIPE_MTE3"":2434,""PIPE_V"":22510},""pipe_utilization"":{""PIPE_M"":0.7194915748352866,""PIPE_MTE2"":0.1874963558976153,""PIPE_MTE3"":0.03547898081744505,""PIPE_V"":0.3281149787184421},""task_end"":68604,""task_span_cycles"":68604,""task_start"":0}]",b2a_w4,68604,950774,0,0,0,False,0,3.468793733045459,691056aebf67691aa9bebee2df3415c1302ea1925287755c98ee50f93a42bda8,73c5c3f98f2c08d611c75e0303099040225f9229eb1c11ff44d07666a603c302,5f087288d07bbfbb3bcee3eeea1c0768c7b43ecf005bb0dfe030da6f4fdc5dba
case_070,3,success,stage1_actual_winner,verified_stage1_global_fallback,46238,1167554,1167554,0,506590,263,3,"[{""active_any_pipe_cycles"":44068,""active_any_pipe_fraction"":0.9530689043643756,""core_id"":0,""op_count"":520,""pipe_busy_cycles"":{""PIPE_M"":35900,""PIPE_MTE2"":18148,""PIPE_MTE3"":6419,""PIPE_V"":11866},""pipe_utilization"":{""PIPE_M"":0.7764176651239241,""PIPE_MTE2"":0.3924910246983001,""PIPE_MTE3"":0.13882520870279857,""PIPE_V"":0.2566287469181193},""task_end"":44068,""task_span_cycles"":44068,""task_start"":0},{""active_any_pipe_cycles"":43115,""active_any_pipe_fraction"":0.9324581513041221,""core_id"":1,""op_count"":902,""pipe_busy_cycles"":{""PIPE_M"":25640,""PIPE_MTE2"":14964,""PIPE_MTE3"":8937,""PIPE_V"":22696},""pipe_utilization"":{""PIPE_M"":0.5545222544227691,""PIPE_MTE2"":0.32362991478870196,""PIPE_MTE3"":0.1932825814265323,""PIPE_V"":0.490851680436005},""task_end"":46238,""task_span_cycles"":46238,""task_start"":0},{""active_any_pipe_cycles"":41643,""active_any_pipe_fraction"":0.9006228643107401,""core_id"":2,""op_count"":588,""pipe_busy_cycles"":{""PIPE_M"":30292,""PIPE_MTE2"":15479,""PIPE_MTE3"":7080,""PIPE_V"":12652},""pipe_utilization"":{""PIPE_M"":0.6551321423937021,""PIPE_MTE2"":0.3347679397897833,""PIPE_MTE3"":0.15312080972360395,""PIPE_V"":0.27362775206540074},""task_end"":42796,""task_span_cycles"":42796,""task_start"":0}]",b2a_w4,46238,1167554,0,0,0,False,0,5.79884416423738,20fc0cade41a6bbcf1aa16d3c8a429e2a04f9924f96a1ab3818404ef6ac64ffe,15e668a6d2ea2de1c609090ec7fe15370c290d84405fcfbe6971282bb6dc1ea5,abcfc1536da31236679fbf806915415cd7c8586b07f3656ca0244e290298e88a
case_070,4,success,map_locality@b2a_w4,scene_b_fixed_partition_mapping,43398,1454004,1454004,0,583320,286,4,"[{""active_any_pipe_cycles"":37629,""active_any_pipe_fraction"":0.8670676068021568,""core_id"":0,""op_count"":524,""pipe_busy_cycles"":{""PIPE_M"":26124,""PIPE_MTE2"":23738,""PIPE_MTE3"":7770,""PIPE_V"":10828},""pipe_utilization"":{""PIPE_M"":0.6019632241117102,""PIPE_MTE2"":0.5469837319692151,""PIPE_MTE3"":0.1790405087792064,""PIPE_V"":0.24950458546476798},""task_end"":38011,""task_span_cycles"":38011,""task_start"":0},{""active_any_pipe_cycles"":38292,""active_any_pipe_fraction"":0.8823448085165215,""core_id"":1,""op_count"":454,""pipe_busy_cycles"":{""PIPE_M"":25772,""PIPE_MTE2"":22557,""PIPE_MTE3"":7587,""PIPE_V"":9234},""pipe_utilization"":{""PIPE_M"":0.5938522512558182,""PIPE_MTE2"":0.5197704963362367,""PIPE_MTE3"":0.1748237245956035,""PIPE_V"":0.21277478224802987},""task_end"":39281,""task_span_cycles"":39281,""task_start"":0},{""active_any_pipe_cycles"":34198,""active_any_pipe_fraction"":0.7880086639937325,""core_id"":2,""op_count"":302,""pipe_busy_cycles"":{""PIPE_M"":22532,""PIPE_MTE2"":20294,""PIPE_MTE3"":9482,""PIPE_V"":7044},""pipe_utilization"":{""PIPE_M"":0.5191944329231761,""PIPE_MTE2"":0.4676252361859994,""PIPE_MTE3"":0.21848933130559012,""PIPE_V"":0.16231162726392923},""task_end"":38706,""task_span_cycles"":38706,""task_start"":0},{""active_any_pipe_cycles"":40939,""active_any_pipe_fraction"":0.9433384026913683,""core_id"":3,""op_count"":787,""pipe_busy_cycles"":{""PIPE_M"":17404,""PIPE_MTE2"":20120,""PIPE_MTE3"":9588,""PIPE_V"":20108},""pipe_utilization"":{""PIPE_M"":0.40103230563620446,""PIPE_MTE2"":0.4636158348310982,""PIPE_MTE3"":0.22093184017696668,""PIPE_V"":0.46333932439282915},""task_end"":43398,""task_span_cycles"":43398,""task_start"":0}]",b2a_w4,43948,1569172,-550,-115168,0,True,0,9.147129347547889,48301c1d53282140ec02347cd6dec64b232993417b770324f37697f829c5ca57,36cf7b3211e7574f4191238ec1895aea50d98d2a39a7a252e44baf68a442e22d,f80db8a1781901b81e58bb132bad9a6bc12fe1b81c696e1fa904d6f6784600b9
case_070,5,success,stage1_actual_winner,verified_stage1_global_fallback,40250,1619718,1619718,0,662336,333,5,"[{""active_any_pipe_cycles"":34715,""active_any_pipe_fraction"":0.8624844720496895,""core_id"":0,""op_count"":362,""pipe_busy_cycles"":{""PIPE_M"":18400,""PIPE_MTE2"":22832,""PIPE_MTE3"":12326,""PIPE_V"":7220},""pipe_utilization"":{""PIPE_M"":0.45714285714285713,""PIPE_MTE2"":0.5672546583850931,""PIPE_MTE3"":0.3062360248447205,""PIPE_V"":0.17937888198757765},""task_end"":37835,""task_span_cycles"":37835,""task_start"":0},{""active_any_pipe_cycles"":33795,""active_any_pipe_fraction"":0.8396273291925466,""core_id"":1,""op_count"":331,""pipe_busy_cycles"":{""PIPE_M"":19176,""PIPE_MTE2"":26852,""PIPE_MTE3"":11971,""PIPE_V"":6119},""pipe_utilization"":{""PIPE_M"":0.4764223602484472,""PIPE_MTE2"":0.6671304347826087,""PIPE_MTE3"":0.297416149068323,""PIPE_V"":0.1520248447204969},""task_end"":36722,""task_span_cycles"":36722,""task_start"":0},{""active_any_pipe_cycles"":37747,""active_any_pipe_fraction"":0.9378136645962732,""core_id"":2,""op_count"":479,""pipe_busy_cycles"":{""PIPE_M"":15492,""PIPE_MTE2"":23760,""PIPE_MTE3"":12503,""PIPE_V"":13608},""pipe_utilization"":{""PIPE_M"":0.3848944099378882,""PIPE_MTE2"":0.5903105590062112,""PIPE_MTE3"":0.3106335403726708,""PIPE_V"":0.33808695652173915},""task_end"":40250,""task_span_cycles"":40250,""task_start"":0},{""active_any_pipe_cycles"":33220,""active_any_pipe_fraction"":0.8253416149068323,""core_id"":3,""op_count"":581,""pipe_busy_cycles"":{""PIPE_M"":19748,""PIPE_MTE2"":24939,""PIPE_MTE3"":13551,""PIPE_V"":12680},""pipe_utilization"":{""PIPE_M"":0.4906335403726708,""PIPE_MTE2"":0.6196024844720497,""PIPE_MTE3"":0.33667080745341615,""PIPE_V"":0.31503105590062114},""task_end"":37076,""task_span_cycles"":37076,""task_start"":0},{""active_any_pipe_cycles"":30791,""active_any_pipe_fraction"":0.7649937888198758,""core_id"":4,""op_count"":420,""pipe_busy_cycles"":{""PIPE_M"":19016,""PIPE_MTE2"":21646,""PIPE_MTE3"":11919,""PIPE_V"":7587},""pipe_utilization"":{""PIPE_M"":0.4724472049689441,""PIPE_MTE2"":0.5377888198757764,""PIPE_MTE3"":0.29612422360248447,""PIPE_V"":0.1884968944099379},""task_end"":35702,""task_span_cycles"":35702,""task_start"":0}]",b2a_w4,40250,1619718,0,0,0,False,0,11.668598691001534,734907d971a2209bb2dd03a5d9ac3fd7b726aa5f88f491c2fade54c433923370,042728e15b57922ed34095cfc899572d8021dedf7d383010e982d6e5ddc453c8,6efc2c226553bfe6b02f59a26a3f3acd8e0678d6dd0e2104f8b34228d18ff309
case_071,1,success,stage1_actual_winner,verified_stage1_global_fallback,18919,0,0,0,0,0,1,"[{""active_any_pipe_cycles"":18919,""active_any_pipe_fraction"":1.0,""core_id"":0,""op_count"":781,""pipe_busy_cycles"":{""PIPE_M"":12534,""PIPE_MTE2"":1876,""PIPE_MTE3"":169,""PIPE_V"":10954},""pipe_utilization"":{""PIPE_M"":0.6625085892489032,""PIPE_MTE2"":0.09915957503039273,""PIPE_MTE3"":0.008932818859347746,""PIPE_V"":0.578994661451451},""task_end"":18919,""task_span_cycles"":18919,""task_start"":0}]",single,18919,0,0,0,0,False,0,0.05933723971247673,0bb6856ec887b768f441d834d34df78e6b9630a7775746bc926014951c23b9a7,f82d04a4b9d570fa5e42fc7121974485d556bb64fcf661523a3561120b3e4572,5839fd5a5fcf1f595904198e0a140e6b9b77756137d383cbe6591eadf05c3d2f
case_071,2,success,map_locality@b2a_w4,scene_b_fixed_partition_mapping,12795,153252,153252,0,62752,68,2,"[{""active_any_pipe_cycles"":11739,""active_any_pipe_fraction"":0.9174677608440798,""core_id"":0,""op_count"":570,""pipe_busy_cycles"":{""PIPE_M"":9255,""PIPE_MTE2"":2281,""PIPE_MTE3"":977,""PIPE_V"":6269},""pipe_utilization"":{""PIPE_M"":0.7233294255568582,""PIPE_MTE2"":0.17827276279796794,""PIPE_MTE3"":0.076357952325127,""PIPE_V"":0.48995701445877293},""task_end"":12407,""task_span_cycles"":12407,""task_start"":0},{""active_any_pipe_cycles"":7214,""active_any_pipe_fraction"":0.5638139898397811,""core_id"":1,""op_count"":356,""pipe_busy_cycles"":{""PIPE_M"":3279,""PIPE_MTE2"":1637,""PIPE_MTE3"":530,""PIPE_V"":4685},""pipe_utilization"":{""PIPE_M"":0.2562719812426729,""PIPE_MTE2"":0.12794060179757719,""PIPE_MTE3"":0.041422430636967565,""PIPE_V"":0.36615865572489253},""task_end"":12795,""task_span_cycles"":12795,""task_start"":0}]",b2a_w8,13128,197350,-333,-44098,0,True,0,1.68634750880301,581f28bde2092296caa8641247fd20a12161a6e52fe46435a7db9b1cbbcf91f5,7997690f3b250d732193e6d233523009ba8207df2aef2d4c83aa58aa40683930,111abf103c3bd99120b57de01886e31f166aa13ac00206b6737ca8c6cb439c2d
case_071,3,success,stage1_actual_winner,verified_stage1_global_fallback,10300,207624,207624,0,69248,77,3,"[{""active_any_pipe_cycles"":9714,""active_any_pipe_fraction"":0.9431067961165048,""core_id"":0,""op_count"":534,""pipe_busy_cycles"":{""PIPE_M"":8094,""PIPE_MTE2"":2348,""PIPE_MTE3"":1476,""PIPE_V"":5168},""pipe_utilization"":{""PIPE_M"":0.7858252427184466,""PIPE_MTE2"":0.2279611650485437,""PIPE_MTE3"":0.1433009708737864,""PIPE_V"":0.501747572815534},""task_end"":9714,""task_span_cycles"":9714,""task_start"":0},{""active_any_pipe_cycles"":5463,""active_any_pipe_fraction"":0.5303883495145632,""core_id"":1,""op_count"":212,""pipe_busy_cycles"":{""PIPE_M"":2220,""PIPE_MTE2"":2399,""PIPE_MTE3"":410,""PIPE_V"":2893},""pipe_utilization"":{""PIPE_M"":0.21553398058252426,""PIPE_MTE2"":0.2329126213592233,""PIPE_MTE3"":0.039805825242718446,""PIPE_V"":0.280873786407767},""task_end"":9966,""task_span_cycles"":9966,""task_start"":0},{""active_any_pipe_cycles"":4772,""active_any_pipe_fraction"":0.4633009708737864,""core_id"":2,""op_count"":205,""pipe_busy_cycles"":{""PIPE_M"":2220,""PIPE_MTE2"":2105,""PIPE_MTE3"":236,""PIPE_V"":2893},""pipe_utilization"":{""PIPE_M"":0.21553398058252426,""PIPE_MTE2"":0.20436893203883494,""PIPE_MTE3"":0.0229126213592233,""PIPE_V"":0.280873786407767},""task_end"":10300,""task_span_cycles"":10300,""task_start"":0}]",b2a_w4,10300,207624,0,0,0,False,0,2.8210891280323267,446d608a57a89add9c3ce30aea7f9ffb33477af1608f2897c8ae094a4735b08b,c5309f552e49b8b288662dbb55eb78e5a487dd2ea9e9dd2277d7cd284be72365,eb2b7ee92f42ae68f07b7ba829f6b4d6df55aadecbdc70dfae9855ac315e597f
case_071,4,success,stage1_actual_winner,verified_stage1_global_fallback,10300,207624,207624,0,69248,77,3,"[{""active_any_pipe_cycles"":9714,""active_any_pipe_fraction"":0.9431067961165048,""core_id"":0,""op_count"":534,""pipe_busy_cycles"":{""PIPE_M"":8094,""PIPE_MTE2"":2348,""PIPE_MTE3"":1476,""PIPE_V"":5168},""pipe_utilization"":{""PIPE_M"":0.7858252427184466,""PIPE_MTE2"":0.2279611650485437,""PIPE_MTE3"":0.1433009708737864,""PIPE_V"":0.501747572815534},""task_end"":9714,""task_span_cycles"":9714,""task_start"":0},{""active_any_pipe_cycles"":5463,""active_any_pipe_fraction"":0.5303883495145632,""core_id"":1,""op_count"":212,""pipe_busy_cycles"":{""PIPE_M"":2220,""PIPE_MTE2"":2399,""PIPE_MTE3"":410,""PIPE_V"":2893},""pipe_utilization"":{""PIPE_M"":0.21553398058252426,""PIPE_MTE2"":0.2329126213592233,""PIPE_MTE3"":0.039805825242718446,""PIPE_V"":0.280873786407767},""task_end"":9966,""task_span_cycles"":9966,""task_start"":0},{""active_any_pipe_cycles"":4772,""active_any_pipe_fraction"":0.4633009708737864,""core_id"":2,""op_count"":205,""pipe_busy_cycles"":{""PIPE_M"":2220,""PIPE_MTE2"":2105,""PIPE_MTE3"":236,""PIPE_V"":2893},""pipe_utilization"":{""PIPE_M"":0.21553398058252426,""PIPE_MTE2"":0.20436893203883494,""PIPE_MTE3"":0.0229126213592233,""PIPE_V"":0.280873786407767},""task_end"":10300,""task_span_cycles"":10300,""task_start"":0},{""active_any_pipe_cycles"":0,""active_any_pipe_fraction"":0.0,""core_id"":3,""op_count"":0,""pipe_busy_cycles"":{},""pipe_utilization"":{},""task_end"":0,""task_span_cycles"":0,""task_start"":0}]",inherit_k3,10300,207624,0,0,0,False,0,3.169672267511487,d60201bf05f4538ba0d1d832d0673a52be428848d1659e2938e6e9aaf6c0b1cc,35b6fdc054daaea2e3d4b0d6b607389fac2e2b4cced574162089355b7ab1022c,5b730235b60e0d92bab4dd3f5b8562d2929232bcb90f70497c8b5d6fad03a506
case_071,5,success,stage1_actual_winner,verified_stage1_global_fallback,10300,207624,207624,0,69248,77,3,"[{""active_any_pipe_cycles"":9714,""active_any_pipe_fraction"":0.9431067961165048,""core_id"":0,""op_count"":534,""pipe_busy_cycles"":{""PIPE_M"":8094,""PIPE_MTE2"":2348,""PIPE_MTE3"":1476,""PIPE_V"":5168},""pipe_utilization"":{""PIPE_M"":0.7858252427184466,""PIPE_MTE2"":0.2279611650485437,""PIPE_MTE3"":0.1433009708737864,""PIPE_V"":0.501747572815534},""task_end"":9714,""task_span_cycles"":9714,""task_start"":0},{""active_any_pipe_cycles"":5463,""active_any_pipe_fraction"":0.5303883495145632,""core_id"":1,""op_count"":212,""pipe_busy_cycles"":{""PIPE_M"":2220,""PIPE_MTE2"":2399,""PIPE_MTE3"":410,""PIPE_V"":2893},""pipe_utilization"":{""PIPE_M"":0.21553398058252426,""PIPE_MTE2"":0.2329126213592233,""PIPE_MTE3"":0.039805825242718446,""PIPE_V"":0.280873786407767},""task_end"":9966,""task_span_cycles"":9966,""task_start"":0},{""active_any_pipe_cycles"":4772,""active_any_pipe_fraction"":0.4633009708737864,""core_id"":2,""op_count"":205,""pipe_busy_cycles"":{""PIPE_M"":2220,""PIPE_MTE2"":2105,""PIPE_MTE3"":236,""PIPE_V"":2893},""pipe_utilization"":{""PIPE_M"":0.21553398058252426,""PIPE_MTE2"":0.20436893203883494,""PIPE_MTE3"":0.0229126213592233,""PIPE_V"":0.280873786407767},""task_end"":10300,""task_span_cycles"":10300,""task_start"":0},{""active_any_pipe_cycles"":0,""active_any_pipe_fraction"":0.0,""core_id"":3,""op_count"":0,""pipe_busy_cycles"":{},""pipe_utilization"":{},""task_end"":0,""task_span_cycles"":0,""task_start"":0},{""active_any_pipe_cycles"":0,""active_any_pipe_fraction"":0.0,""core_id"":4,""op_count"":0,""pipe_busy_cycles"":{},""pipe_utilization"":{},""task_end"":0,""task_span_cycles"":0,""task_start"":0}]",inherit_k3,10300,207624,0,0,0,False,0,4.351580742746592,afcf52112dec2abc9e41d00e8dce52bb6323f5e11ba9af68aed177f9300d5d22,8f470905cd7110442e3634b423e39fa21bfd6397102af40989c7d18d9b1f9545,277a10aa97000ef44624583102ba49f86ca1c9e8fa0a38c415a5189fb6e303b1
case_072,1,success,stage1_actual_winner,verified_stage1_global_fallback,23897828,108613680,0,108613680,0,0,1,"[{""active_any_pipe_cycles"":23897828,""active_any_pipe_fraction"":1.0,""core_id"":0,""op_count"":44299,""pipe_busy_cycles"":{""PIPE_M"":22928094,""PIPE_MTE2"":2002030,""PIPE_MTE3"":927,""PIPE_V"":1708199},""pipe_utilization"":{""PIPE_M"":0.9594216679440492,""PIPE_MTE2"":0.08377455892644302,""PIPE_MTE3"":3.8790136074290934e-05,""PIPE_V"":0.07147925744548835},""task_end"":23897828,""task_span_cycles"":23897828,""task_start"":0}]",single,23897828,108613680,0,0,0,False,0,3.116777351126075,ad063b0cdf68d42138e79be4c3ecf6eb375242ae6616a4f06fb8bdfceb76d2c1,0fd024830f492dc03333049ae974ba60fec3388291f09ed82ca798f152e15c07,a810324af873b0ab3d4e9296f9a0eddcb621ef30a2039ab1183953263fcc3273
case_072,2,success,stage1_actual_winner,verified_stage1_global_fallback,14399738,264586770,113342034,151244736,55620608,6896,2,"[{""active_any_pipe_cycles"":14399738,""active_any_pipe_fraction"":1.0,""core_id"":0,""op_count"":34283,""pipe_busy_cycles"":{""PIPE_M"":11991408,""PIPE_MTE2"":2436183,""PIPE_MTE3"":1597967,""PIPE_V"":862788},""pipe_utilization"":{""PIPE_M"":0.8327518181233575,""PIPE_MTE2"":0.16918245318074537,""PIPE_MTE3"":0.11097194962852797,""PIPE_V"":0.059916923488469026},""task_end"":14399738,""task_span_cycles"":14399738,""task_start"":0},{""active_any_pipe_cycles"":13404222,""active_any_pipe_fraction"":0.9308656865840198,""core_id"":1,""op_count"":29262,""pipe_busy_cycles"":{""PIPE_M"":10936686,""PIPE_MTE2"":2523890,""PIPE_MTE3"":1493153,""PIPE_V"":845411},""pipe_utilization"":{""PIPE_M"":0.7595059021212747,""PIPE_MTE2"":0.17527332788971578,""PIPE_MTE3"":0.10369306719330589,""PIPE_V"":0.0587101654210653},""task_end"":14324890,""task_span_cycles"":14324890,""task_start"":0}]",b2a_w4,14399738,264586770,0,0,0,False,0,177.22065188735723,7e453ed80ad38fb97966aca59ddcc2c0bc2e9606372dbac8849e88a15ed74a2f,d6c4cebac99b7d2fa41eedb3fe01a8f460e958daa7b157c231762a5c65c33d06,902d952e6579a7f3e500038369016e30a5bd0b9e82aef75d1c4b008d253856c6
case_072,3,success,stage1_actual_winner,verified_stage1_global_fallback,10386946,233970658,156868930,77101728,76336336,9449,3,"[{""active_any_pipe_cycles"":10386117,""active_any_pipe_fraction"":0.9999201882824845,""core_id"":0,""op_count"":18789,""pipe_busy_cycles"":{""PIPE_M"":7939428,""PIPE_MTE2"":2300872,""PIPE_MTE3"":1240405,""PIPE_V"":546984},""pipe_utilization"":{""PIPE_M"":0.7643659647407428,""PIPE_MTE2"":0.22151573715700457,""PIPE_MTE3"":0.11941960610943775,""PIPE_V"":0.052660714708635245},""task_end"":10386117,""task_span_cycles"":10386117,""task_start"":0},{""active_any_pipe_cycles"":10386946,""active_any_pipe_fraction"":1.0,""core_id"":1,""op_count"":23380,""pipe_busy_cycles"":{""PIPE_M"":8035548,""PIPE_MTE2"":2157411,""PIPE_MTE3"":1212329,""PIPE_V"":613309},""pipe_utilization"":{""PIPE_M"":0.7736198878861987,""PIPE_MTE2"":0.20770407394050186,""PIPE_MTE3"":0.11671659792974759,""PIPE_V"":0.059046133483316464},""task_end"":10386946,""task_span_cycles"":10386946,""task_start"":0},{""active_any_pipe_cycles"":9151418,""active_any_pipe_fraction"":0.8810499255507827,""core_id"":2,""op_count"":17647,""pipe_busy_cycles"":{""PIPE_M"":6953118,""PIPE_MTE2"":2153987,""PIPE_MTE3"":1034064,""PIPE_V"":547906},""pipe_utilization"":{""PIPE_M"":0.6694092758352648,""PIPE_MTE2"":0.20737442940398457,""PIPE_MTE3"":0.09955419042324856,""PIPE_V"":0.05274947997226519},""task_end"":10283974,""task_span_cycles"":10283974,""task_start"":0}]",b2a_w4,10386946,233970658,0,0,0,False,0,333.58258627541363,98590025468ed51552df5fd09d7f24ab3a6fbbbf8546d500ce04b8bb063d8a81,083dc833d0812be06cea6fa3f72bf42df0c6874caa90de8c5ce205bf68f4565c,9d6290255ee869a25123cd4479538253572d7e63035f917341af8334726e54b2
case_072,4,success,stage1_actual_winner,verified_stage1_global_fallback,7596894,232963952,174105768,58858184,84957072,10489,4,"[{""active_any_pipe_cycles"":6878527,""active_any_pipe_fraction"":0.9054393808838191,""core_id"":0,""op_count"":14678,""pipe_busy_cycles"":{""PIPE_M"":6056628,""PIPE_MTE2"":906557,""PIPE_MTE3"":1186461,""PIPE_V"":265807},""pipe_utilization"":{""PIPE_M"":0.7972505605580386,""PIPE_MTE2"":0.11933258513281876,""PIPE_MTE3"":0.15617711659528222,""PIPE_V"":0.034988904676042605},""task_end"":7389338,""task_span_cycles"":7389338,""task_start"":0},{""active_any_pipe_cycles"":7381848,""active_any_pipe_fraction"":0.9716929050214469,""core_id"":1,""op_count"":12408,""pipe_busy_cycles"":{""PIPE_M"":5961168,""PIPE_MTE2"":1571033,""PIPE_MTE3"":1353398,""PIPE_V"":329027},""pipe_utilization"":{""PIPE_M"":0.7846848988547162,""PIPE_MTE2"":0.20679938406406617,""PIPE_MTE3"":0.1781514919123526,""PIPE_V"":0.04331072672594879},""task_end"":7556358,""task_span_cycles"":7556358,""task_start"":0},{""active_any_pipe_cycles"":7082837,""active_any_pipe_fraction"":0.9323332667271651,""core_id"":2,""op_count"":10832,""pipe_busy_cycles"":{""PIPE_M"":5932800,""PIPE_MTE2"":1229601,""PIPE_MTE3"":1170264,""PIPE_V"":252878},""pipe_utilization"":{""PIPE_M"":0.7809507411844894,""PIPE_MTE2"":0.16185575315385473,""PIPE_MTE3"":0.1540450610473175,""PIPE_V"":0.03328702493413756},""task_end"":7531519,""task_span_cycles"":7531519,""task_start"":0},{""active_any_pipe_cycles"":7596894,""active_any_pipe_fraction"":1.0,""core_id"":3,""op_count"":21758,""pipe_busy_cycles"":{""PIPE_M"":4977498,""PIPE_MTE2"":2605930,""PIPE_MTE3"":1194733,""PIPE_V"":860487},""pipe_utilization"":{""PIPE_M"":0.6552017179652632,""PIPE_MTE2"":0.3430257155095227,""PIPE_MTE3"":0.15726598265027786,""PIPE_V"":0.11326826463552078},""task_end"":7596894,""task_span_cycles"":7596894,""task_start"":0}]",b2a_w4,7596894,232963952,0,0,0,False,0,438.0117162913084,28962f571c2464cee5b9478fce3892a91a9a432d46a89cf30c1b90a10e73f2f9,7953727c6cb3067a635aac750659e909a89c842807ad1926cc4692eea47a4c09,00298b7504bb8fe9d6e8a8bf9c27f0395e295ae0e66e875e9150c71ed5b7d98a
case_072,5,success,stage1_actual_winner,verified_stage1_global_fallback,7185795,229404840,181249912,48154928,88526000,10929,5,"[{""active_any_pipe_cycles"":7185795,""active_any_pipe_fraction"":1.0,""core_id"":0,""op_count"":12317,""pipe_busy_cycles"":{""PIPE_M"":4971708,""PIPE_MTE2"":2200574,""PIPE_MTE3"":941764,""PIPE_V"":382228},""pipe_utilization"":{""PIPE_M"":0.6918800216259996,""PIPE_MTE2"":0.3062394627177647,""PIPE_MTE3"":0.1310591242861785,""PIPE_V"":0.053192165932927395},""task_end"":7185795,""task_span_cycles"":7185795,""task_start"":0},{""active_any_pipe_cycles"":6907764,""active_any_pipe_fraction"":0.9613082477304181,""core_id"":1,""op_count"":11297,""pipe_busy_cycles"":{""PIPE_M"":4946490,""PIPE_MTE2"":2025639,""PIPE_MTE3"":909387,""PIPE_V"":322315},""pipe_utilization"":{""PIPE_M"":0.6883705978252929,""PIPE_MTE2"":0.28189490515663196,""PIPE_MTE3"":0.12655342937002795,""PIPE_V"":0.04485446634645158},""task_end"":7077387,""task_span_cycles"":7077387,""task_start"":0},{""active_any_pipe_cycles"":7042635,""active_any_pipe_fraction"":0.9800773609600608,""core_id"":2,""op_count"":11127,""pipe_busy_cycles"":{""PIPE_M"":4972368,""PIPE_MTE2"":2090248,""PIPE_MTE3"":819173,""PIPE_V"":321358},""pipe_utilization"":{""PIPE_M"":0.6919718695008694,""PIPE_MTE2"":0.290886116289151,""PIPE_MTE3"":0.11399893818290113,""PIPE_V"":0.044721286927890375},""task_end"":7163550,""task_span_cycles"":7163550,""task_start"":0},{""active_any_pipe_cycles"":5647750,""active_any_pipe_fraction"":0.7859603565089179,""core_id"":3,""op_count"":14414,""pipe_busy_cycles"":{""PIPE_M"":4053300,""PIPE_MTE2"":1602152,""PIPE_MTE3"":755989,""PIPE_V"":360703},""pipe_utilization"":{""PIPE_M"":0.5640711988026377,""PIPE_MTE2"":0.22296099457332139,""PIPE_MTE3"":0.10520603496203274,""PIPE_V"":0.05019667274115112},""task_end"":7007766,""task_span_cycles"":7007766,""task_start"":0},{""active_any_pipe_cycles"":5952352,""active_any_pipe_fraction"":0.8283498207226897,""core_id"":4,""op_count"":10110,""pipe_busy_cycles"":{""PIPE_M"":3984228,""PIPE_MTE2"":1956983,""PIPE_MTE3"":715335,""PIPE_V"":321595},""pipe_utilization"":{""PIPE_M"":0.5544589012071733,""PIPE_MTE2"":0.2723404995550249,""PIPE_MTE3"":0.0995484841969469,""PIPE_V"":0.044754268664775436},""task_end"":7145998,""task_span_cycles"":7145998,""task_start"":0}]",b2a_w4,7185795,229404840,0,0,0,False,0,509.0496363155544,fd99d17c9f881cfdbe91d5d83f718bfeaa134e10dbbcf5b484d0eed583c97077,15702f4218a75997aad88edfbc575707bf3bfddf51d0ef2e27c2a5113b2fbc72,b55102ff210566c6230d9cf903510fed9500100472068d3c4c82dc7f65324159
case_073,1,success,stage1_actual_winner,verified_stage1_global_fallback,10081626,141570432,0,141570432,0,0,1,"[{""active_any_pipe_cycles"":10081626,""active_any_pipe_fraction"":1.0,""core_id"":0,""op_count"":7146,""pipe_busy_cycles"":{""PIPE_M"":8160672,""PIPE_MTE2"":2420949,""PIPE_MTE3"":7993,""PIPE_V"":428064},""pipe_utilization"":{""PIPE_M"":0.809459902599045,""PIPE_MTE2"":0.24013477587841486,""PIPE_MTE3"":0.000792828458425258,""PIPE_V"":0.04245981749372572},""task_end"":10081626,""task_span_cycles"":10081626,""task_start"":0}]",single,10081626,141570432,0,0,0,False,0,0.4289434179663658,100881ab473afdd2ce8319d0b66657708836433823172e17d45689ef1ef58c2d,7116f5343d2950424bff808dabe9fc6e571b40be367cff74ab106678902556dd,d31f6acfa593a3cdaecf6f5d758e2bdf32ce25b621a07277c1961b6bd582d614
case_073,2,success,stage1_actual_winner,verified_stage1_global_fallback,5343686,137847680,4680064,133167616,479232,390,2,"[{""active_any_pipe_cycles"":5339896,""active_any_pipe_fraction"":0.9992907517395296,""core_id"":0,""op_count"":3518,""pipe_busy_cycles"":{""PIPE_M"":4080336,""PIPE_MTE2"":1745029,""PIPE_MTE3"":9955,""PIPE_V"":213680},""pipe_utilization"":{""PIPE_M"":0.7635807942307987,""PIPE_MTE2"":0.32655904557266274,""PIPE_MTE3"":0.001862946288385957,""PIPE_V"":0.039987379497972},""task_end"":5339896,""task_span_cycles"":5339896,""task_start"":0},{""active_any_pipe_cycles"":5343686,""active_any_pipe_fraction"":1.0,""core_id"":1,""op_count"":3524,""pipe_busy_cycles"":{""PIPE_M"":4080336,""PIPE_MTE2"":1742031,""PIPE_MTE3"":10181,""PIPE_V"":214384},""pipe_utilization"":{""PIPE_M"":0.7635807942307987,""PIPE_MTE2"":0.3259980096135888,""PIPE_MTE3"":0.001905239192572318,""PIPE_V"":0.040119123765879956},""task_end"":5343686,""task_span_cycles"":5343686,""task_start"":0}]",b2a_w4,5343686,137847680,0,0,0,False,0,10.661247106269002,dc960f5ccd7dc9b093b75d8fa71f62e9c572e84825c7cbc5377a99734ea44c34,5de389192bfdbc26b3ed6329b4fa2a8f5f88896fc985b1553c50a1eead64e782,5e76de7745e8fccec0315dc68feb2c5301ac44021143dcc152bf3f16ffad1f10
case_073,3,success,stage1_actual_winner,verified_stage1_global_fallback,4326521,137554688,7443200,130111488,0,0,3,"[{""active_any_pipe_cycles"":4326521,""active_any_pipe_fraction"":1.0,""core_id"":0,""op_count"":2243,""pipe_busy_cycles"":{""PIPE_M"":2720224,""PIPE_MTE2"":2353185,""PIPE_MTE3"":13305,""PIPE_V"":142688},""pipe_utilization"":{""PIPE_M"":0.6287324157215463,""PIPE_MTE2"":0.5438977413954538,""PIPE_MTE3"":0.0030752190963594076,""PIPE_V"":0.03297984685616919},""task_end"":4326521,""task_span_cycles"":4326521,""task_start"":0},{""active_any_pipe_cycles"":4326521,""active_any_pipe_fraction"":1.0,""core_id"":1,""op_count"":2243,""pipe_busy_cycles"":{""PIPE_M"":2720224,""PIPE_MTE2"":2353185,""PIPE_MTE3"":13305,""PIPE_V"":142688},""pipe_utilization"":{""PIPE_M"":0.6287324157215463,""PIPE_MTE2"":0.5438977413954538,""PIPE_MTE3"":0.0030752190963594076,""PIPE_V"":0.03297984685616919},""task_end"":4326521,""task_span_cycles"":4326521,""task_start"":0},{""active_any_pipe_cycles"":4326521,""active_any_pipe_fraction"":1.0,""core_id"":2,""op_count"":2243,""pipe_busy_cycles"":{""PIPE_M"":2720224,""PIPE_MTE2"":2353185,""PIPE_MTE3"":13305,""PIPE_V"":142688},""pipe_utilization"":{""PIPE_M"":0.6287324157215463,""PIPE_MTE2"":0.5438977413954538,""PIPE_MTE3"":0.0030752190963594076,""PIPE_V"":0.03297984685616919},""task_end"":4326521,""task_span_cycles"":4326521,""task_start"":0}]",b2a_w4,4326521,137554688,0,0,0,False,0,16.21982162632048,d4ee1786bdf2663a405950ee8a497e6a12248b5552b36ec49aa9a6d75af637e7,b5d30887e189e66d82fcd4e3f28239c3ad40bc043d72016a1e2bf0388997bd70,7d74d24f899c2a99cdc88c216e88f21cf189d1f5c08f2342583a2286678f43ec
case_073,4,success,stage1_actual_winner,verified_stage1_global_fallback,3456740,137723520,11959424,125764096,397312,350,4,"[{""active_any_pipe_cycles"":3456740,""active_any_pipe_fraction"":1.0,""core_id"":0,""op_count"":1773,""pipe_busy_cycles"":{""PIPE_M"":2043776,""PIPE_MTE2"":2019909,""PIPE_MTE3"":10932,""PIPE_V"":105360},""pipe_utilization"":{""PIPE_M"":0.591243773034709,""PIPE_MTE2"":0.5843392907768591,""PIPE_MTE3"":0.003162517285072062,""PIPE_V"":0.030479584811122618},""task_end"":3456740,""task_span_cycles"":3456740,""task_start"":0},{""active_any_pipe_cycles"":3358312,""active_any_pipe_fraction"":0.9715257728379919,""core_id"":1,""op_count"":1757,""pipe_busy_cycles"":{""PIPE_M"":2039120,""PIPE_MTE2"":1807488,""PIPE_MTE3"":7553,""PIPE_V"":108208},""pipe_utilization"":{""PIPE_M"":0.5898968392184544,""PIPE_MTE2"":0.5228880390194229,""PIPE_MTE3"":0.0021850066825968976,""PIPE_V"":0.03130348247192442},""task_end"":3358312,""task_span_cycles"":3358312,""task_start"":0},{""active_any_pipe_cycles"":3393092,""active_any_pipe_fraction"":0.981587275872643,""core_id"":2,""op_count"":1736,""pipe_busy_cycles"":{""PIPE_M"":2036560,""PIPE_MTE2"":1939044,""PIPE_MTE3"":10293,""PIPE_V"":108320},""pipe_utilization"":{""PIPE_M"":0.5891562570514415,""PIPE_MTE2"":0.5609458622864317,""PIPE_MTE3"":0.002977661033227839,""PIPE_V"":0.03133588294173122},""task_end"":3393092,""task_span_cycles"":3393092,""task_start"":0},{""active_any_pipe_cycles"":3438963,""active_any_pipe_fraction"":0.9948572932878955,""core_id"":3,""op_count"":1778,""pipe_busy_cycles"":{""PIPE_M"":2041216,""PIPE_MTE2"":2001990,""PIPE_MTE3"":10066,""PIPE_V"":106176},""pipe_utilization"":{""PIPE_M"":0.5905031908676962,""PIPE_MTE2"":0.5791555048976782,""PIPE_MTE3"":0.0029119922238872464,""PIPE_V"":0.030715645376857965},""task_end"":3438963,""task_span_cycles"":3438963,""task_start"":0}]",b2a_w4,3456740,137723520,0,0,0,False,0,23.446109618991613,87ff91191ef6f368232f27e64d07f33af311eb5f1a98459d21255a34c3b06137,87ce909489386392b00a78ed92d15dc5799c4436b580237cc9e621d5b2b966c8,c540a0bf17959a2d8a8b7e5197cda9ff27e4e9f8b9afb8723ca35ae6aaacd205
case_073,5,success,map_locality@b2a_w8,scene_b_fixed_partition_mapping,3167472,119178752,15891456,103287296,502528,356,5,"[{""active_any_pipe_cycles"":3096592,""active_any_pipe_fraction"":0.9776225330484374,""core_id"":0,""op_count"":1231,""pipe_busy_cycles"":{""PIPE_M"":1622720,""PIPE_MTE2"":1462268,""PIPE_MTE3"":4839,""PIPE_V"":90496},""pipe_utilization"":{""PIPE_M"":0.5123076068233594,""PIPE_MTE2"":0.46165143685563753,""PIPE_MTE3"":0.0015277167406688994,""PIPE_V"":0.02857041830204024},""task_end"":3096592,""task_span_cycles"":3096592,""task_start"":0},{""active_any_pipe_cycles"":3083759,""active_any_pipe_fraction"":0.9735710370920406,""core_id"":1,""op_count"":1345,""pipe_busy_cycles"":{""PIPE_M"":1648352,""PIPE_MTE2"":1544951,""PIPE_MTE3"":6251,""PIPE_V"":86928},""pipe_utilization"":{""PIPE_M"":0.520399864623902,""PIPE_MTE2"":0.4877552193042275,""PIPE_MTE3"":0.00197349810827057,""PIPE_V"":0.027443967934049615},""task_end"":3083759,""task_span_cycles"":3083759,""task_start"":0},{""active_any_pipe_cycles"":3167472,""active_any_pipe_fraction"":1.0,""core_id"":2,""op_count"":1271,""pipe_busy_cycles"":{""PIPE_M"":1621248,""PIPE_MTE2"":1664509,""PIPE_MTE3"":5714,""PIPE_V"":84816},""pipe_utilization"":{""PIPE_M"":0.5118428829047266,""PIPE_MTE2"":0.525500777907429,""PIPE_MTE3"":0.0018039622765410397,""PIPE_V"":0.02677719013775023},""task_end"":3167472,""task_span_cycles"":3167472,""task_start"":0},{""active_any_pipe_cycles"":3128117,""active_any_pipe_fraction"":0.9875752650694307,""core_id"":3,""op_count"":1299,""pipe_busy_cycles"":{""PIPE_M"":1624208,""PIPE_MTE2"":1584488,""PIPE_MTE3"":6061,""PIPE_V"":83808},""pipe_utilization"":{""PIPE_M"":0.512777382088934,""PIPE_MTE2"":0.5002374133062581,""PIPE_MTE3"":0.0019135133633383342,""PIPE_V"":0.026458955280425526},""task_end"":3128117,""task_span_cycles"":3128117,""task_start"":0},{""active_any_pipe_cycles"":3098016,""active_any_pipe_fraction"":0.9780721029262452,""core_id"":4,""op_count"":1408,""pipe_busy_cycles"":{""PIPE_M"":1644144,""PIPE_MTE2"":1532416,""PIPE_MTE3"":4576,""PIPE_V"":82016},""pipe_utilization"":{""PIPE_M"":0.5190713603782449,""PIPE_MTE2"":0.48379780468461914,""PIPE_MTE3"":0.0014446852253153304,""PIPE_V"":0.025893204422959382},""task_end"":3099528,""task_span_cycles"":3099528,""task_start"":0}]",b2a_w8,3186716,119359488,-19244,-180736,-66048,True,0,23.849198227748275,8552cf0a1b34f7e9f94ab95616b0ea1b0d72982de04fcc1a9f59648afa5dd8e9,612de0d0d9588b2c2f68599dfa7992d8be696159caa0de4fd0543c3d2ca40487,8cfcaa15ffc279cb6b9fce6021ca4d2759c3ba5326422f24228c684b3aef7ffa
case_074,1,success,stage1_actual_winner,verified_stage1_global_fallback,1682239,6070280,0,6070280,0,0,1,"[{""active_any_pipe_cycles"":1682239,""active_any_pipe_fraction"":1.0,""core_id"":0,""op_count"":5135,""pipe_busy_cycles"":{""PIPE_M"":1579424,""PIPE_MTE2"":164932,""PIPE_MTE3"":130,""PIPE_V"":198420},""pipe_utilization"":{""PIPE_M"":0.938882049459084,""PIPE_MTE2"":0.09804314369123532,""PIPE_MTE3"":7.727796109827438e-05,""PIPE_V"":0.1179499464701508},""task_end"":1682239,""task_span_cycles"":1682239,""task_start"":0}]",single,1682239,6070280,0,0,0,False,0,0.3386460840702057,b02f51279acc25929809f62ef45cdf9fd885f724ef2eaef7f79e4e06947e6913,50162acfddc34ebe39d098811889ed0570e5908c33bafc78408aecfd4cd049d5,4cc2cf569a0ad94b2ef647a96945cc7bead047b700a7360d51077c3162e9abac
case_074,2,success,stage1_actual_winner,verified_stage1_global_fallback,925398,15892720,7266508,8626212,3506278,809,2,"[{""active_any_pipe_cycles"":925398,""active_any_pipe_fraction"":1.0,""core_id"":0,""op_count"":3748,""pipe_busy_cycles"":{""PIPE_M"":789712,""PIPE_MTE2"":180539,""PIPE_MTE3"":94550,""PIPE_V"":104504},""pipe_utilization"":{""PIPE_M"":0.8533755205868178,""PIPE_MTE2"":0.19509335442696008,""PIPE_MTE3"":0.10217225453264434,""PIPE_V"":0.11292870743182933},""task_end"":925398,""task_span_cycles"":925398,""task_start"":0},{""active_any_pipe_cycles"":914015,""active_any_pipe_fraction"":0.9876993466594913,""core_id"":1,""op_count"":4008,""pipe_busy_cycles"":{""PIPE_M"":789712,""PIPE_MTE2"":200239,""PIPE_MTE3"":91490,""PIPE_V"":93916},""pipe_utilization"":{""PIPE_M"":0.8533755205868178,""PIPE_MTE2"":0.2163814920715195,""PIPE_MTE3"":0.09886556919293105,""PIPE_V"":0.10148714390997171},""task_end"":919473,""task_span_cycles"":919473,""task_start"":0}]",b2a_w4,925398,15892720,0,0,0,False,0,15.577007187530398,43f3067f510da9016bc0acaf7da05f914c62c89547ac47bdf9558ccf2b76923a,14b65368af516fcbfcd3d252215b1c385316d61b907c156e9ebbb6786da52df0,ec2a93e71b0fc4c6cff76a1bb18784637565686b8d1073b5caa3ae3ace42af3c
case_074,3,success,map_locality@b2a_w4,scene_b_fixed_partition_mapping,666433,13279460,9937104,3342356,4866152,1101,3,"[{""active_any_pipe_cycles"":666433,""active_any_pipe_fraction"":1.0,""core_id"":0,""op_count"":2513,""pipe_busy_cycles"":{""PIPE_M"":543396,""PIPE_MTE2"":161316,""PIPE_MTE3"":76192,""PIPE_V"":60479},""pipe_utilization"":{""PIPE_M"":0.8153797906166111,""PIPE_MTE2"":0.24205884162398922,""PIPE_MTE3"":0.11432807198923223,""PIPE_V"":0.09075030798294802},""task_end"":666433,""task_span_cycles"":666433,""task_start"":0},{""active_any_pipe_cycles"":666295,""active_any_pipe_fraction"":0.9997929274210611,""core_id"":1,""op_count"":2480,""pipe_busy_cycles"":{""PIPE_M"":543396,""PIPE_MTE2"":159443,""PIPE_MTE3"":63012,""PIPE_V"":60673},""pipe_utilization"":{""PIPE_M"":0.8153797906166111,""PIPE_MTE2"":0.23924835654897042,""PIPE_MTE3"":0.0945511401746312,""PIPE_V"":0.09104141001420998},""task_end"":666295,""task_span_cycles"":666295,""task_start"":0},{""active_any_pipe_cycles"":596018,""active_any_pipe_fraction"":0.8943404663334499,""core_id"":2,""op_count"":2267,""pipe_busy_cycles"":{""PIPE_M"":492632,""PIPE_MTE2"":129364,""PIPE_MTE3"":66847,""PIPE_V"":77268},""pipe_utilization"":{""PIPE_M"":0.7392070920857761,""PIPE_MTE2"":0.19411403696995796,""PIPE_MTE3"":0.10030565713282505,""PIPE_V"":0.11594263789458205},""task_end"":643432,""task_span_cycles"":643432,""task_start"":0}]",b2a_w4,666888,13246672,-455,32788,155668,True,0,20.3716611713171,6c94274b45dbf70c404d0e7387da8b14ceef0fe6a6681bb5a832508c9f911d4a,6553b7b5853626bfc9aceb1c884e39c11987f2e42bac915fb74ecf2f087f4b76,1b4b6ac376decbe45b4d228b3ef949feff99931e922426b3b7e6512a481a1403
case_074,4,success,stage1_actual_winner,verified_stage1_global_fallback,527458,13979860,11083968,2895892,5406816,1223,4,"[{""active_any_pipe_cycles"":491978,""active_any_pipe_fraction"":0.9327339807150522,""core_id"":0,""op_count"":1901,""pipe_busy_cycles"":{""PIPE_M"":375948,""PIPE_MTE2"":147610,""PIPE_MTE3"":52461,""PIPE_V"":60153},""pipe_utilization"":{""PIPE_M"":0.7127543804435614,""PIPE_MTE2"":0.27985166591463206,""PIPE_MTE3"":0.09946005179559321,""PIPE_V"":0.11404320343989474},""task_end"":518090,""task_span_cycles"":518090,""task_start"":0},{""active_any_pipe_cycles"":483443,""active_any_pipe_fraction"":0.916552597552791,""core_id"":1,""op_count"":1810,""pipe_busy_cycles"":{""PIPE_M"":375948,""PIPE_MTE2"":153357,""PIPE_MTE3"":50203,""PIPE_V"":44827},""pipe_utilization"":{""PIPE_M"":0.7127543804435614,""PIPE_MTE2"":0.29074732016577626,""PIPE_MTE3"":0.09517914222554213,""PIPE_V"":0.08498686151314418},""task_end"":527458,""task_span_cycles"":527458,""task_start"":0},{""active_any_pipe_cycles"":515769,""active_any_pipe_fraction"":0.9778389938156213,""core_id"":2,""op_count"":1794,""pipe_busy_cycles"":{""PIPE_M"":413764,""PIPE_MTE2"":159189,""PIPE_MTE3"":71467,""PIPE_V"":48215},""pipe_utilization"":{""PIPE_M"":0.7844491883713964,""PIPE_MTE2"":0.3018041246886008,""PIPE_MTE3"":0.13549325254333047,""PIPE_V"":0.09141012175376997},""task_end"":515769,""task_span_cycles"":515769,""task_start"":0},{""active_any_pipe_cycles"":527149,""active_any_pipe_fraction"":0.999414171365303,""core_id"":3,""op_count"":1928,""pipe_busy_cycles"":{""PIPE_M"":413764,""PIPE_MTE2"":169819,""PIPE_MTE3"":60847,""PIPE_V"":45225},""pipe_utilization"":{""PIPE_M"":0.7844491883713964,""PIPE_MTE2"":0.3219573880763966,""PIPE_MTE3"":0.11535894801102647,""PIPE_V"":0.08574142396171829},""task_end"":527149,""task_span_cycles"":527149,""task_start"":0}]",b2a_w4,527458,13979860,0,0,0,False,0,30.55609405040741,bf0bf149a8ac040d59052186d2e531c146f67617f6d88a0c759f1fadaab38a65,da66f6bc0080f53e7bdf499db374090c03d113cb55953826535edf61d6d24925,e8ede693f835327d740e7a811f8e25f73f0771298b8779e961dd92b7f72d6d4b
case_074,5,success,stage1_actual_winner,verified_stage1_global_fallback,431365,11837664,11509944,327720,5611612,1275,5,"[{""active_any_pipe_cycles"":423948,""active_any_pipe_fraction"":0.9828057445550752,""core_id"":0,""op_count"":1377,""pipe_busy_cycles"":{""PIPE_M"":347844,""PIPE_MTE2"":121556,""PIPE_MTE3"":43828,""PIPE_V"":36355},""pipe_utilization"":{""PIPE_M"":0.8063797480092265,""PIPE_MTE2"":0.28179384048311756,""PIPE_MTE3"":0.10160305078066138,""PIPE_V"":0.08427897488206043},""task_end"":423948,""task_span_cycles"":423948,""task_start"":0},{""active_any_pipe_cycles"":431365,""active_any_pipe_fraction"":1.0,""core_id"":1,""op_count"":1467,""pipe_busy_cycles"":{""PIPE_M"":347844,""PIPE_MTE2"":123674,""PIPE_MTE3"":42338,""PIPE_V"":35249},""pipe_utilization"":{""PIPE_M"":0.8063797480092265,""PIPE_MTE2"":0.2867038354989394,""PIPE_MTE3"":0.09814889942392174,""PIPE_V"":0.08171502092195704},""task_end"":431365,""task_span_cycles"":431365,""task_start"":0},{""active_any_pipe_cycles"":364572,""active_any_pipe_fraction"":0.8451589721001935,""core_id"":2,""op_count"":1480,""pipe_busy_cycles"":{""PIPE_M"":266916,""PIPE_MTE2"":126216,""PIPE_MTE3"":47208,""PIPE_V"":51777},""pipe_utilization"":{""PIPE_M"":0.6187706466681349,""PIPE_MTE2"":0.29259675680688046,""PIPE_MTE3"":0.10943864244897013,""PIPE_V"":0.12003060053550937},""task_end"":428410,""task_span_cycles"":428410,""task_start"":0},{""active_any_pipe_cycles"":363364,""active_any_pipe_fraction"":0.8423585594566086,""core_id"":3,""op_count"":1309,""pipe_busy_cycles"":{""PIPE_M"":266916,""PIPE_MTE2"":132189,""PIPE_MTE3"":28326,""PIPE_V"":35571},""pipe_utilization"":{""PIPE_M"":0.6187706466681349,""PIPE_MTE2"":0.30644349912487107,""PIPE_MTE3"":0.06566596733624656,""PIPE_V"":0.08246148853059473},""task_end"":422207,""task_span_cycles"":422207,""task_start"":0},{""active_any_pipe_cycles"":409806,""active_any_pipe_fraction"":0.9500214435570804,""core_id"":4,""op_count"":1293,""pipe_busy_cycles"":{""PIPE_M"":349904,""PIPE_MTE2"":88994,""PIPE_MTE3"":49921,""PIPE_V"":39468},""pipe_utilization"":{""PIPE_M"":0.8111552861265982,""PIPE_MTE2"":0.20630788311522724,""PIPE_MTE3"":0.11572797978510078,""PIPE_V"":0.09149560117302052},""task_end"":425645,""task_span_cycles"":425645,""task_start"":0}]",b2a_w4,431365,11837664,0,0,0,False,0,40.738053392618895,e55597918ee306eeeed3085fe1b29f24bc9bc1b45619525e069bc188577d24d1,0b91ddb6a6d8e121b59151ef03aa95d2ba35ff6646003761b17a27ea8df3e082,5cccb1de3956a2290c3dbc5038f18f7f1cf0f4f967ba41a3f018d95f750c6c9a
case_075,1,success,stage1_actual_winner,verified_stage1_global_fallback,1441809,0,0,0,0,0,1,"[{""active_any_pipe_cycles"":1441809,""active_any_pipe_fraction"":1.0,""core_id"":0,""op_count"":7684,""pipe_busy_cycles"":{""PIPE_M"":1107520,""PIPE_MTE2"":30520,""PIPE_MTE3"":294,""PIPE_V"":644660},""pipe_utilization"":{""PIPE_M"":0.768146127538391,""PIPE_MTE2"":0.02116785232995494,""PIPE_MTE3"":0.0002039105040958962,""PIPE_V"":0.44711886248455934},""task_end"":1441809,""task_span_cycles"":1441809,""task_start"":0}]",single,1441809,0,0,0,0,False,0,0.5664465520530939,5c6febfc5697a5325aaeeb2418ef066756a0ddab66423c47b65687021d1cc9e7,ed02a53377dab05accf5e971d7e7d48b35e69d472a4f2ad4c4ff128b3c91a4fc,18d72c681c8e5ac4c045abd55c4f8bfa1391b5d86b4f70cbea0767bd5b5af683
case_075,2,success,stage1_actual_winner,verified_stage1_global_fallback,992854,1565828,1565828,0,590336,351,2,"[{""active_any_pipe_cycles"":710351,""active_any_pipe_fraction"":0.7154637036261122,""core_id"":0,""op_count"":4411,""pipe_busy_cycles"":{""PIPE_M"":543736,""PIPE_MTE2"":28830,""PIPE_MTE3"":5428,""PIPE_V"":336057},""pipe_utilization"":{""PIPE_M"":0.5476495033509459,""PIPE_MTE2"":0.02903750198921493,""PIPE_MTE3"":0.005467067665537934,""PIPE_V"":0.3384757476930143},""task_end"":987550,""task_span_cycles"":987550,""task_start"":0},{""active_any_pipe_cycles"":731270,""active_any_pipe_fraction"":0.7365332667240098,""core_id"":1,""op_count"":4030,""pipe_busy_cycles"":{""PIPE_M"":563784,""PIPE_MTE2"":31301,""PIPE_MTE3"":5858,""PIPE_V"":308603},""pipe_utilization"":{""PIPE_M"":0.5678417974848265,""PIPE_MTE2"":0.03152628684580009,""PIPE_MTE3"":0.005900162561665663,""PIPE_V"":0.31082414937140806},""task_end"":992854,""task_span_cycles"":992854,""task_start"":0}]",b2a_w16,992854,1565828,0,0,0,False,0,13.149748127907515,7021ee0b9a79995ce6d3ee32a315f51d4b7821b5449f07f9551de4f9c96c392f,f33d71630647ecb1220b0ede618dc572edea49840d1101cfd0f0d17814328228,aeb2febfd67cfc3eba2f86872bad4028724f32160c2e480a00b27afcfa6a5295
case_075,3,success,map_locality@b2a_w16,scene_b_fixed_partition_mapping,933856,2434120,2434120,0,835488,561,3,"[{""active_any_pipe_cycles"":618468,""active_any_pipe_fraction"":0.6622734126032279,""core_id"":0,""op_count"":4041,""pipe_busy_cycles"":{""PIPE_M"":475720,""PIPE_MTE2"":28522,""PIPE_MTE3"":7211,""PIPE_V"":293822},""pipe_utilization"":{""PIPE_M"":0.5094147277524587,""PIPE_MTE2"":0.03054218209231402,""PIPE_MTE3"":0.007721747250111366,""PIPE_V"":0.31463309118322313},""task_end"":919960,""task_span_cycles"":919960,""task_start"":0},{""active_any_pipe_cycles"":625820,""active_any_pipe_fraction"":0.6701461467292602,""core_id"":1,""op_count"":3730,""pipe_busy_cycles"":{""PIPE_M"":485264,""PIPE_MTE2"":33359,""PIPE_MTE3"":7751,""PIPE_V"":264404},""pipe_utilization"":{""PIPE_M"":0.5196347188431621,""PIPE_MTE2"":0.035721781516636394,""PIPE_MTE3"":0.008299994860021245,""PIPE_V"":0.2831314463900216},""task_end"":933856,""task_span_cycles"":933856,""task_start"":0},{""active_any_pipe_cycles"":207298,""active_any_pipe_fraction"":0.22198069081314464,""core_id"":2,""op_count"":1144,""pipe_busy_cycles"":{""PIPE_M"":146536,""PIPE_MTE2"":23344,""PIPE_MTE3"":3021,""PIPE_V"":86434},""pipe_utilization"":{""PIPE_M"":0.15691498475139637,""PIPE_MTE2"":0.024997430010622622,""PIPE_MTE3"":0.003234974128773601,""PIPE_V"":0.09255602576842682},""task_end"":914477,""task_span_cycles"":914477,""task_start"":0}]",b2a_w16,933924,2435912,-68,-1792,0,True,0,27.039178738370538,75ec01102d20c953f33045b1ce76b7f225b771347d0ce6ac39fc3fa28382ab48,89328155cc46ea62150f823859d7164db6b2c3aba328602d1baa59524a4c550e,16faa99f1fc5c196bdfd712a7f58c21cfd6bec9549e6dce7553c9c87dac6d114
case_075,4,success,map_locality@b2a_w16,scene_b_fixed_partition_mapping,800233,3475340,3475340,0,1166208,679,4,"[{""active_any_pipe_cycles"":519323,""active_any_pipe_fraction"":0.6489647390197605,""core_id"":0,""op_count"":3721,""pipe_busy_cycles"":{""PIPE_M"":399136,""PIPE_MTE2"":39613,""PIPE_MTE3"":11718,""PIPE_V"":250919},""pipe_utilization"":{""PIPE_M"":0.49877473185934595,""PIPE_MTE2"":0.049501832591257795,""PIPE_MTE3"":0.014643235157760302,""PIPE_V"":0.31355742639956113},""task_end"":795062,""task_span_cycles"":795062,""task_start"":0},{""active_any_pipe_cycles"":533482,""active_any_pipe_fraction"":0.66665833575971,""core_id"":1,""op_count"":3247,""pipe_busy_cycles"":{""PIPE_M"":416544,""PIPE_MTE2"":39686,""PIPE_MTE3"":13999,""PIPE_V"":221833},""pipe_utilization"":{""PIPE_M"":0.5205283961046345,""PIPE_MTE2"":0.04959305602243347,""PIPE_MTE3"":0.017493654972989117,""PIPE_V"":0.27721051243825234},""task_end"":800233,""task_span_cycles"":800233,""task_start"":0},{""active_any_pipe_cycles"":207451,""active_any_pipe_fraction"":0.2592382468606019,""core_id"":2,""op_count"":1117,""pipe_busy_cycles"":{""PIPE_M"":145920,""PIPE_MTE2"":33877,""PIPE_MTE3"":5170,""PIPE_V"":85954},""pipe_utilization"":{""PIPE_M"":0.18234689146785998,""PIPE_MTE2"":0.042333920245728435,""PIPE_MTE3"":0.006460618344907046,""PIPE_V"":0.10741121648319926},""task_end"":795166,""task_span_cycles"":795166,""task_start"":0},{""active_any_pipe_cycles"":207338,""active_any_pipe_fraction"":0.2590970379876861,""core_id"":3,""op_count"":1117,""pipe_busy_cycles"":{""PIPE_M"":145920,""PIPE_MTE2"":34638,""PIPE_MTE3"":4894,""PIPE_V"":85954},""pipe_utilization"":{""PIPE_M"":0.18234689146785998,""PIPE_MTE2"":0.0432848932748337,""PIPE_MTE3"":0.0061157187969004025,""PIPE_V"":0.10741121648319926},""task_end"":795177,""task_span_cycles"":795177,""task_start"":0}]",b2a_w16,800301,3475468,-68,-128,0,True,0,32.275956846773624,1b8596cf6f2d531dbf7566a5cc63441448c424a5cae82af84687cb8baed8e703,229f0aa47d246b7ee47c677676e34c2a3209c8bdaf3fe35781551a3b96e81814,68f56137db3f1acd5d094b47c786c2882dabc1f6ea60496cdc2923ac23520bba
case_075,5,success,stage1_actual_winner,verified_stage1_global_fallback,751559,3953872,3953872,0,1404832,886,5,"[{""active_any_pipe_cycles"":751070,""active_any_pipe_fraction"":0.999349352479313,""core_id"":0,""op_count"":4601,""pipe_busy_cycles"":{""PIPE_M"":593944,""PIPE_MTE2"":30955,""PIPE_MTE3"":27023,""PIPE_V"":330275},""pipe_utilization"":{""PIPE_M"":0.7902825992370526,""PIPE_MTE2"":0.04118771779727207,""PIPE_MTE3"":0.035955926281236734,""PIPE_V"":0.43945318996911753},""task_end"":751070,""task_span_cycles"":751070,""task_start"":0},{""active_any_pipe_cycles"":245404,""active_any_pipe_fraction"":0.3265265933878777,""core_id"":1,""op_count"":1466,""pipe_busy_cycles"":{""PIPE_M"":179472,""PIPE_MTE2"":43490,""PIPE_MTE3"":6619,""PIPE_V"":106942},""pipe_utilization"":{""PIPE_M"":0.2387996151998712,""PIPE_MTE2"":0.057866381747806894,""PIPE_MTE3"":0.008807026460996408,""PIPE_V"":0.14229355246893458},""task_end"":751424,""task_span_cycles"":751424,""task_start"":0},{""active_any_pipe_cycles"":209253,""active_any_pipe_fraction"":0.2784252467204837,""core_id"":2,""op_count"":1150,""pipe_busy_cycles"":{""PIPE_M"":146272,""PIPE_MTE2"":42736,""PIPE_MTE3"":6975,""PIPE_V"":86194},""pipe_utilization"":{""PIPE_M"":0.1946247733045576,""PIPE_MTE2"":0.056863133832473566,""PIPE_MTE3"":0.009280708500596759,""PIPE_V"":0.1146869374194175},""task_end"":751527,""task_span_cycles"":751527,""task_start"":0},{""active_any_pipe_cycles"":206584,""active_any_pipe_fraction"":0.274873961991008,""core_id"":3,""op_count"":1129,""pipe_busy_cycles"":{""PIPE_M"":145920,""PIPE_MTE2"":40319,""PIPE_MTE3"":6858,""PIPE_V"":85954},""pipe_utilization"":{""PIPE_M"":0.1941564135350651,""PIPE_MTE2"":0.05364715211979366,""PIPE_MTE3"":0.009125032099941588,""PIPE_V"":0.11436760121294536},""task_end"":751559,""task_span_cycles"":751559,""task_start"":0},{""active_any_pipe_cycles"":76754,""active_any_pipe_fraction"":0.1021263799648464,""core_id"":4,""op_count"":1275,""pipe_busy_cycles"":{""PIPE_M"":41912,""PIPE_MTE2"":44065,""PIPE_MTE3"":1175,""PIPE_V"":35295},""pipe_utilization"":{""PIPE_M"":0.05576674619025253,""PIPE_MTE2"":0.058631458075813075,""PIPE_MTE3"":0.001563416844186551,""PIPE_V"":0.04696238086431005},""task_end"":738961,""task_span_cycles"":738961,""task_start"":0}]",b2a_w16,751559,3953872,0,0,0,False,0,46.84370396099985,c17d9cefdec938a241870ea13d7264dc58a6d1d43104d5a65db5392377a3cb57,16c2eab9bcd0f2d4fbd9e1e6b1afda59c479b453160473564dcaf0a76c61a622,c195e6fc05b45dc78cbbcfb20a9eaa6f27f9dba9b939f5b9a0d832ee8d53ee3a
case_076,1,success,stage1_actual_winner,verified_stage1_global_fallback,6185113,28280832,0,28280832,0,0,1,"[{""active_any_pipe_cycles"":6185113,""active_any_pipe_fraction"":1.0,""core_id"":0,""op_count"":45876,""pipe_busy_cycles"":{""PIPE_M"":6061644,""PIPE_MTE2"":553049,""PIPE_MTE3"":923,""PIPE_V"":947248},""pipe_utilization"":{""PIPE_M"":0.9800377131347479,""PIPE_MTE2"":0.08941615132981402,""PIPE_MTE3"":0.000149229286514248,""PIPE_V"":0.15314966759701884},""task_end"":6185113,""task_span_cycles"":6185113,""task_start"":0}]",single,6185113,28280832,0,0,0,False,0,3.4902918320149183,906537f45248d4fe0114ea7ed18e61d05ad0d55d1c5fb682fee585fb65cd667a,42404e20f9ca22bd1c4f6e9e730238514cfe0cca06eedc8cf026a94f7359be29,a8b534f26e6aa0fa7d44f6df09a8da9a129da42909a616738c1cabe7561e9231
case_076,2,success,stage1_actual_winner,verified_stage1_global_fallback,4590971,48705536,15350784,33354752,6918144,2252,2,"[{""active_any_pipe_cycles"":3976572,""active_any_pipe_fraction"":0.8661723195376316,""core_id"":0,""op_count"":29594,""pipe_busy_cycles"":{""PIPE_M"":3919740,""PIPE_MTE2"":504090,""PIPE_MTE3"":450724,""PIPE_V"":461036},""pipe_utilization"":{""PIPE_M"":0.8537932389466194,""PIPE_MTE2"":0.10980030150484506,""PIPE_MTE3"":0.09817618103011323,""PIPE_V"":0.10042232895829663},""task_end"":3976572,""task_span_cycles"":3976572,""task_start"":0},{""active_any_pipe_cycles"":2179057,""active_any_pipe_fraction"":0.4746396786213635,""core_id"":1,""op_count"":22123,""pipe_busy_cycles"":{""PIPE_M"":2141904,""PIPE_MTE2"":311916,""PIPE_MTE3"":80386,""PIPE_V"":486212},""pipe_utilization"":{""PIPE_M"":0.46654705507832656,""PIPE_MTE2"":0.06794118281296048,""PIPE_MTE3"":0.01750958566281512,""PIPE_V"":0.1059061361964604},""task_end"":4590971,""task_span_cycles"":4590971,""task_start"":0}]",b1,4590971,48705536,0,0,0,False,0,199.9825105369091,2376b4ff23596449e7442614ae093af0a90d5982c747b25191f01786269edf0c,d607a174a2e96d11789827960d5d7f454a18875110b0804d8d0efc724a0e23dd,466abed2911333e45d032df7c3f37462acac94d92a45633f7d50bb968c4e2ab7
case_076,3,success,map_locality@b1,scene_b_fixed_partition_mapping,3566014,51259400,16559112,34700288,5756932,1876,3,"[{""active_any_pipe_cycles"":2053903,""active_any_pipe_fraction"":0.5759660506100088,""core_id"":0,""op_count"":18822,""pipe_busy_cycles"":{""PIPE_M"":2024088,""PIPE_MTE2"":399114,""PIPE_MTE3"":270623,""PIPE_V"":312701},""pipe_utilization"":{""PIPE_M"":0.5676051748534919,""PIPE_MTE2"":0.11192160210251559,""PIPE_MTE3"":0.07588949454488962,""PIPE_V"":0.08768922387853777},""task_end"":2306455,""task_span_cycles"":2306455,""task_start"":0},{""active_any_pipe_cycles"":3566014,""active_any_pipe_fraction"":1.0,""core_id"":1,""op_count"":30571,""pipe_busy_cycles"":{""PIPE_M"":3494244,""PIPE_MTE2"":554605,""PIPE_MTE3"":329397,""PIPE_V"":593447},""pipe_utilization"":{""PIPE_M"":0.9798738872029106,""PIPE_MTE2"":0.1555251886279751,""PIPE_MTE3"":0.09237120213212847,""PIPE_V"":0.16641746218607106},""task_end"":3566014,""task_span_cycles"":3566014,""task_start"":0},{""active_any_pipe_cycles"":550443,""active_any_pipe_fraction"":0.1543580591663409,""core_id"":2,""op_count"":3339,""pipe_busy_cycles"":{""PIPE_M"":543312,""PIPE_MTE2"":74894,""PIPE_MTE3"":81028,""PIPE_V"":41100},""pipe_utilization"":{""PIPE_M"":0.15235834744339197,""PIPE_MTE2"":0.021002160956182448,""PIPE_MTE3"":0.02272228880761545,""PIPE_V"":0.011525473539924409},""task_end"":550443,""task_span_cycles"":550443,""task_start"":0}]",b1,3605984,49486856,-39970,1772544,12063744,True,0,699.5975600481033,ddf52aafbc32c4321f67dd9646e6a1c300b3bce31f2fb52ead98ec6e81f0fa8a,2a1a56f12f7fc2d4d3e2605c4db4fb2f276d8740ec5fafcc9a9a7c5552632f1f,22a51e2f9625717f42faed46b044972685c4164a59fcf63ba7172f6e2e476f3a
case_076,4,success,map_locality@b2a_w4,scene_b_fixed_partition_mapping,3082213,137127936,105940992,31186944,52898816,17244,4,"[{""active_any_pipe_cycles"":2689792,""active_any_pipe_fraction"":0.8726820631799295,""core_id"":0,""op_count"":19265,""pipe_busy_cycles"":{""PIPE_M"":1392872,""PIPE_MTE2"":1370915,""PIPE_MTE3"":928934,""PIPE_V"":236816},""pipe_utilization"":{""PIPE_M"":0.45190647109722787,""PIPE_MTE2"":0.4447826934738125,""PIPE_MTE3"":0.3013854006845082,""PIPE_V"":0.07683310660230165},""task_end"":3064002,""task_span_cycles"":3064002,""task_start"":0},{""active_any_pipe_cycles"":3082213,""active_any_pipe_fraction"":1.0,""core_id"":1,""op_count"":21057,""pipe_busy_cycles"":{""PIPE_M"":1705788,""PIPE_MTE2"":1425768,""PIPE_MTE3"":1122144,""PIPE_V"":236849},""pipe_utilization"":{""PIPE_M"":0.5534296299444588,""PIPE_MTE2"":0.4625793220650228,""PIPE_MTE3"":0.3640708802409178,""PIPE_V"":0.07684381319525938},""task_end"":3082213,""task_span_cycles"":3082213,""task_start"":0},{""active_any_pipe_cycles"":2955890,""active_any_pipe_fraction"":0.95901548660005,""core_id"":2,""op_count"":20210,""pipe_busy_cycles"":{""PIPE_M"":1570112,""PIPE_MTE2"":1410869,""PIPE_MTE3"":994586,""PIPE_V"":236772},""pipe_utilization"":{""PIPE_M"":0.5094106085465216,""PIPE_MTE2"":0.4577454575657166,""PIPE_MTE3"":0.32268568071058035,""PIPE_V"":0.07681883114502469},""task_end"":3069637,""task_span_cycles"":3069637,""task_start"":0},{""active_any_pipe_cycles"":2766958,""active_any_pipe_fraction"":0.8977179708216142,""core_id"":3,""op_count"":19240,""pipe_busy_cycles"":{""PIPE_M"":1392872,""PIPE_MTE2"":1427991,""PIPE_MTE3"":883547,""PIPE_V"":236811},""pipe_utilization"":{""PIPE_M"":0.45190647109722787,""PIPE_MTE2"":0.46330055709972023,""PIPE_MTE3"":0.28665994206111,""PIPE_V"":0.07683148439124746},""task_end"":3067741,""task_span_cycles"":3067741,""task_start"":0}]",b2a_w4,3094752,136957952,-12539,169984,22528,True,0,757.274516236037,3c4a2b18f5681505eb93d66d81683833cd88019b7260bc7e0107e6544796deca,5727b57a04a90a37b753e0bb1123504dcb9598993e4b2da53f82fa430ddd76c3,08685e528e60861f2130a9b35218abddbec2a81c9e858d8f283b91ab485277a5
case_076,5,success,map_locality@b1,scene_b_fixed_partition_mapping,2188435,51603460,33000452,18603008,11572226,3768,5,"[{""active_any_pipe_cycles"":2188435,""active_any_pipe_fraction"":1.0,""core_id"":0,""op_count"":18370,""pipe_busy_cycles"":{""PIPE_M"":2109432,""PIPE_MTE2"":492490,""PIPE_MTE3"":308918,""PIPE_V"":342941},""pipe_utilization"":{""PIPE_M"":0.9638997731255441,""PIPE_MTE2"":0.2250420962925561,""PIPE_MTE3"":0.14115932161567513,""PIPE_V"":0.15670604792922796},""task_end"":2188435,""task_span_cycles"":2188435,""task_start"":0},{""active_any_pipe_cycles"":1595215,""active_any_pipe_fraction"":0.7289295775291476,""core_id"":1,""op_count"":13011,""pipe_busy_cycles"":{""PIPE_M"":1538064,""PIPE_MTE2"":453355,""PIPE_MTE3"":329636,""PIPE_V"":214482},""pipe_utilization"":{""PIPE_M"":0.7028145684016204,""PIPE_MTE2"":0.2071594541304631,""PIPE_MTE3"":0.1506263608469066,""PIPE_V"":0.09800702328376214},""task_end"":1595215,""task_span_cycles"":1595215,""task_start"":0},{""active_any_pipe_cycles"":1562729,""active_any_pipe_fraction"":0.7140851795918087,""core_id"":2,""op_count"":12645,""pipe_busy_cycles"":{""PIPE_M"":1543344,""PIPE_MTE2"":478954,""PIPE_MTE3"":322803,""PIPE_V"":209756},""pipe_utilization"":{""PIPE_M"":0.7052272514376712,""PIPE_MTE2"":0.21885685432740748,""PIPE_MTE3"":0.14750403827392636,""PIPE_V"":0.09584748918747872},""task_end"":1562729,""task_span_cycles"":1562729,""task_start"":0},{""active_any_pipe_cycles"":598727,""active_any_pipe_fraction"":0.27358683259955174,""core_id"":3,""op_count"":6352,""pipe_busy_cycles"":{""PIPE_M"":569448,""PIPE_MTE2"":176757,""PIPE_MTE3"":32034,""PIPE_V"":131169},""pipe_utilization"":{""PIPE_M"":0.26020786543808705,""PIPE_MTE2"":0.08076867715970545,""PIPE_MTE3"":0.014637857647131398,""PIPE_V"":0.05993735249162072},""task_end"":1580897,""task_span_cycles"":1580897,""task_start"":0},{""active_any_pipe_cycles"":351126,""active_any_pipe_fraction"":0.16044616358265154,""core_id"":4,""op_count"":2502,""pipe_busy_cycles"":{""PIPE_M"":301356,""PIPE_MTE2"":146406,""PIPE_MTE3"":39936,""PIPE_V"":48900},""pipe_utilization"":{""PIPE_M"":0.13770388428260377,""PIPE_MTE2"":0.06689986223031527,""PIPE_MTE3"":0.018248657145402993,""PIPE_V"":0.022344734936153004},""task_end"":937643,""task_span_cycles"":937643,""task_start"":0}]",b1,2219114,51168260,-30679,435200,5396480,True,0,965.6466504968703,56fbdd5b4937dbcabc24ba3848b51836cd81c022d6f53119a55041966e4d7dd6,4ba4361f5d253bbbd8557c4e2b963a316ddd7bca9bdb7655839e71bdc2e2e8b6,65df5364edd4a79f0f1119aca6b8c61706cdbfe1411ee690d63ff9943d30db1d
case_077,1,success,stage1_actual_winner,verified_stage1_global_fallback,495320,0,0,0,0,0,1,"[{""active_any_pipe_cycles"":495320,""active_any_pipe_fraction"":1.0,""core_id"":0,""op_count"":4872,""pipe_busy_cycles"":{""PIPE_M"":415406,""PIPE_MTE2"":35857,""PIPE_MTE3"":55,""PIPE_V"":136672},""pipe_utilization"":{""PIPE_M"":0.8386618751514172,""PIPE_MTE2"":0.07239158523782604,""PIPE_MTE3"":0.00011103932811112008,""PIPE_V"":0.27592667366550916},""task_end"":495320,""task_span_cycles"":495320,""task_start"":0}]",single,495320,0,0,0,0,False,0,0.3595395293086767,bf0059b3edaebc36c32fbc606e9c219af7e835f4bc1153952bdf0e581d28bd94,954c5ccc3c2558a22a3b7ade097361d59c996622f923a3e2857ebf856764000f,b1f86ed032d98a09e8413e00ede9ab5326954369d87318431cb2a00e90d7aa2b
case_077,2,success,stage1_actual_winner,verified_stage1_global_fallback,295128,2266538,2266538,0,1020946,314,2,"[{""active_any_pipe_cycles"":287712,""active_any_pipe_fraction"":0.9748719199804831,""core_id"":0,""op_count"":2241,""pipe_busy_cycles"":{""PIPE_M"":239480,""PIPE_MTE2"":52177,""PIPE_MTE3"":23230,""PIPE_V"":60600},""pipe_utilization"":{""PIPE_M"":0.8114445257650917,""PIPE_MTE2"":0.17679447561735925,""PIPE_MTE3"":0.07871160987774796,""PIPE_V"":0.20533463446369032},""task_end"":295128,""task_span_cycles"":295128,""task_start"":0},{""active_any_pipe_cycles"":237400,""active_any_pipe_fraction"":0.8043967363313546,""core_id"":1,""op_count"":3312,""pipe_busy_cycles"":{""PIPE_M"":175926,""PIPE_MTE2"":47867,""PIPE_MTE3"":16661,""PIPE_V"":76072},""pipe_utilization"":{""PIPE_M"":0.5961006749613726,""PIPE_MTE2"":0.1621906427041826,""PIPE_MTE3"":0.05645347103629612,""PIPE_V"":0.2577593450977203},""task_end"":294184,""task_span_cycles"":294184,""task_start"":0}]",b2a_w8,295128,2266538,0,0,0,False,0,13.058227851986885,808abe639be8af7e269c87fedc54c836c5ead600b5b19f7a8577bd1248caa418,3f41e7428de1f00dac06cd3ba39fc767cee0f3099b7a97ffc1e514ee5bc93346,18927c19ac66c25d08309918b3d06de5e6349b251cbb8427b0866e628449c209
case_077,3,success,map_locality@b2a_w16,scene_b_fixed_partition_mapping,217510,3569164,3569164,0,1566846,740,3,"[{""active_any_pipe_cycles"":211789,""active_any_pipe_fraction"":0.9736977610224817,""core_id"":0,""op_count"":2154,""pipe_busy_cycles"":{""PIPE_M"":182172,""PIPE_MTE2"":55214,""PIPE_MTE3"":21819,""PIPE_V"":43534},""pipe_utilization"":{""PIPE_M"":0.837533906487058,""PIPE_MTE2"":0.25384580019309455,""PIPE_MTE3"":0.1003126293043998,""PIPE_V"":0.20014711967265872},""task_end"":217329,""task_span_cycles"":217329,""task_start"":0},{""active_any_pipe_cycles"":172359,""active_any_pipe_fraction"":0.7924187393683049,""core_id"":1,""op_count"":2116,""pipe_busy_cycles"":{""PIPE_M"":118942,""PIPE_MTE2"":59392,""PIPE_MTE3"":17863,""PIPE_V"":52443},""pipe_utilization"":{""PIPE_M"":0.546834628292952,""PIPE_MTE2"":0.27305411245459976,""PIPE_MTE3"":0.0821249597719645,""PIPE_V"":0.2411061560388028},""task_end"":217510,""task_span_cycles"":217510,""task_start"":0},{""active_any_pipe_cycles"":152077,""active_any_pipe_fraction"":0.6991724518412946,""core_id"":2,""op_count"":2170,""pipe_busy_cycles"":{""PIPE_M"":114292,""PIPE_MTE2"":43305,""PIPE_MTE3"":14688,""PIPE_V"":40695},""pipe_utilization"":{""PIPE_M"":0.5254563008597306,""PIPE_MTE2"":0.1990942945151947,""PIPE_MTE3"":0.0675279297503563,""PIPE_V"":0.1870948462139672},""task_end"":217245,""task_span_cycles"":217245,""task_start"":0}]",b2a_w8,218216,3015054,-706,554110,0,True,0,22.090353813022375,7c043ef6335b5cdf731b9f18c3e501b8c3e78d7fd280c3a87ad446189369b839,ddc2bf98e8a0b5d09cc9f7b373a15039d31b713b4f3c98307b3f89145d247cd8,e910134acb5805a77c035ef348353c078eb2049de4b32fd2c8058491bbe4f98a
case_077,4,success,map_locality@b2a_w8,scene_b_fixed_partition_mapping,158052,3343092,3343092,0,1444402,515,4,"[{""active_any_pipe_cycles"":149339,""active_any_pipe_fraction"":0.9448725735833776,""core_id"":0,""op_count"":2345,""pipe_busy_cycles"":{""PIPE_M"":116212,""PIPE_MTE2"":51682,""PIPE_MTE3"":25148,""PIPE_V"":44539},""pipe_utilization"":{""PIPE_M"":0.7352769974438792,""PIPE_MTE2"":0.32699364766026373,""PIPE_MTE3"":0.15911219092450585,""PIPE_V"":0.2817996608711057},""task_end"":157647,""task_span_cycles"":157647,""task_start"":0},{""active_any_pipe_cycles"":138872,""active_any_pipe_fraction"":0.8786475337230785,""core_id"":1,""op_count"":1137,""pipe_busy_cycles"":{""PIPE_M"":103252,""PIPE_MTE2"":60502,""PIPE_MTE3"":20027,""PIPE_V"":34032},""pipe_utilization"":{""PIPE_M"":0.6532786677802243,""PIPE_MTE2"":0.38279806645914005,""PIPE_MTE3"":0.1267114620504644,""PIPE_V"":0.21532153974641258},""task_end"":158052,""task_span_cycles"":158052,""task_start"":0},{""active_any_pipe_cycles"":115512,""active_any_pipe_fraction"":0.7308480753169843,""core_id"":2,""op_count"":1298,""pipe_busy_cycles"":{""PIPE_M"":93990,""PIPE_MTE2"":52366,""PIPE_MTE3"":21560,""PIPE_V"":28479},""pipe_utilization"":{""PIPE_M"":0.5946777010097942,""PIPE_MTE2"":0.33132133728140106,""PIPE_MTE3"":0.13641080150836435,""PIPE_V"":0.18018753321691594},""task_end"":157713,""task_span_cycles"":157713,""task_start"":0},{""active_any_pipe_cycles"":134597,""active_any_pipe_fraction"":0.8515994735909701,""core_id"":3,""op_count"":1229,""pipe_busy_cycles"":{""PIPE_M"":101952,""PIPE_MTE2"":52455,""PIPE_MTE3"":19602,""PIPE_V"":29622},""pipe_utilization"":{""PIPE_M"":0.6450535266874193,""PIPE_MTE2"":0.3318844430946777,""PIPE_MTE3"":0.12402247361627819,""PIPE_V"":0.18741933034697442},""task_end"":157535,""task_span_cycles"":157535,""task_start"":0}]",b2a_w8,160028,3598066,-1976,-254974,0,True,0,26.91388907469809,b9c8ed041752daf194497c935bc58f3439fcf59673ed41dc3bc2cb86da783972,045bf59d7c16001a889d8b88464fce08fcc4e68b474e9b9998fa53a753c3e582,ea32bdef14bba5538401491c1ab24228728088e742b61ba3a5ace01bec9ce72b
case_077,5,success,map_locality@b2a_w8,scene_b_fixed_partition_mapping,138699,3527222,3527222,0,1528976,565,5,"[{""active_any_pipe_cycles"":114832,""active_any_pipe_fraction"":0.8279223354169821,""core_id"":0,""op_count"":1048,""pipe_busy_cycles"":{""PIPE_M"":80628,""PIPE_MTE2"":72349,""PIPE_MTE3"":33688,""PIPE_V"":25509},""pipe_utilization"":{""PIPE_M"":0.5813163757489239,""PIPE_MTE2"":0.5216259670221126,""PIPE_MTE3"":0.24288567329252553,""PIPE_V"":0.1839162502974066},""task_end"":138622,""task_span_cycles"":138622,""task_start"":0},{""active_any_pipe_cycles"":137218,""active_any_pipe_fraction"":0.989322201313636,""core_id"":1,""op_count"":1203,""pipe_busy_cycles"":{""PIPE_M"":112836,""PIPE_MTE2"":61779,""PIPE_MTE3"":33187,""PIPE_V"":22351},""pipe_utilization"":{""PIPE_M"":0.8135314602124024,""PIPE_MTE2"":0.44541777518222914,""PIPE_MTE3"":0.23927353477674676,""PIPE_V"":0.16114752089056159},""task_end"":138139,""task_span_cycles"":138139,""task_start"":0},{""active_any_pipe_cycles"":113058,""active_any_pipe_fraction"":0.8151320485367595,""core_id"":2,""op_count"":932,""pipe_busy_cycles"":{""PIPE_M"":78720,""PIPE_MTE2"":63852,""PIPE_MTE3"":27902,""PIPE_V"":26109},""pipe_utilization"":{""PIPE_M"":0.5675599679882335,""PIPE_MTE2"":0.460363809400212,""PIPE_MTE3"":0.20116943885680502,""PIPE_V"":0.18824216468756083},""task_end"":124287,""task_span_cycles"":124287,""task_start"":0},{""active_any_pipe_cycles"":127424,""active_any_pipe_fraction"":0.9187088587516853,""core_id"":3,""op_count"":1939,""pipe_busy_cycles"":{""PIPE_M"":83736,""PIPE_MTE2"":61853,""PIPE_MTE3"":29752,""PIPE_V"":40531},""pipe_utilization"":{""PIPE_M"":0.6037246122899228,""PIPE_MTE2"":0.4459513046236815,""PIPE_MTE3"":0.21450767489311387,""PIPE_V"":0.2922227269122344},""task_end"":138655,""task_span_cycles"":138655,""task_start"":0},{""active_any_pipe_cycles"":114398,""active_any_pipe_fraction"":0.8247932573414372,""core_id"":4,""op_count"":990,""pipe_busy_cycles"":{""PIPE_M"":59486,""PIPE_MTE2"":71764,""PIPE_MTE3"":17573,""PIPE_V"":22172},""pipe_utilization"":{""PIPE_M"":0.4288855723545231,""PIPE_MTE2"":0.5174082004917123,""PIPE_MTE3"":0.12669882263030013,""PIPE_V"":0.15985695643083223},""task_end"":138699,""task_span_cycles"":138699,""task_start"":0}]",b2a_w8,140814,3614258,-2115,-87036,0,True,0,32.92755880206823,d4dcb369ed64a6fee2e8eb4428c69d542c53fe753dcfe65fa9261ee06227aa46,b2634a5c8d255da7d647843c43ab649cb597a9b4b4106ed46e45c0e00784d742,70fd664d530c4cd241caecaf69798994ba6df6ed9a5876b42a9c66806a1e89c7
case_078,1,success,stage1_actual_winner,verified_stage1_global_fallback,2296143,12644568,0,12644568,0,0,1,"[{""active_any_pipe_cycles"":2296143,""active_any_pipe_fraction"":1.0,""core_id"":0,""op_count"":1433,""pipe_busy_cycles"":{""PIPE_M"":2037888,""PIPE_MTE2"":247569,""PIPE_MTE3"":4699,""PIPE_V"":103296},""pipe_utilization"":{""PIPE_M"":0.8875266043970258,""PIPE_MTE2"":0.10781950427303526,""PIPE_MTE3"":0.002046475328409424,""PIPE_V"":0.044986745163519866},""task_end"":2296143,""task_span_cycles"":2296143,""task_start"":0}]",single,2296143,12644568,0,0,0,False,0,0.08783897198736668,c421ea96a08fb13dbfd15bd12ea3ef49f49cbdc02856cc4c6032b9e4b9c67d0e,7395af0f84e8df20ccc8d47ee4ad7a012b77bbb4c064bbe6f87ba64d9ae77700,137294fc1825303134194b1516f192977d392ee9170c519331a4f9925975e629
case_078,2,success,stage1_actual_winner,verified_stage1_global_fallback,1069122,2482176,2211840,270336,36864,14,2,"[{""active_any_pipe_cycles"":1058932,""active_any_pipe_fraction"":0.9904688145973987,""core_id"":0,""op_count"":598,""pipe_busy_cycles"":{""PIPE_M"":1013712,""PIPE_MTE2"":49310,""PIPE_MTE3"":3840,""PIPE_V"":51360},""pipe_utilization"":{""PIPE_M"":0.948172425597827,""PIPE_MTE2"":0.04612195801788758,""PIPE_MTE3"":0.003591732281255086,""PIPE_V"":0.04803941926178677},""task_end"":1058932,""task_span_cycles"":1058932,""task_start"":0},{""active_any_pipe_cycles"":1069122,""active_any_pipe_fraction"":1.0,""core_id"":1,""op_count"":605,""pipe_busy_cycles"":{""PIPE_M"":1024176,""PIPE_MTE2"":48931,""PIPE_MTE3"":3634,""PIPE_V"":51936},""pipe_utilization"":{""PIPE_M"":0.9579598960642471,""PIPE_MTE2"":0.04576746152450328,""PIPE_MTE3"":0.0033990508099169224,""PIPE_V"":0.048578179103975036},""task_end"":1069122,""task_span_cycles"":1069122,""task_start"":0}]",b2a_w16,1069122,2482176,0,0,0,False,0,1.5548118650913239,9d7917dba0d77eacfba2a846af1585956e24ec70c2b735026d2189128ba1a760,672c3c2e8134806a3680bf5f1e681f6e2f1b2f9b859185653d57fc895879f110,e1c83cf72031c57ce79f261c8a3bc315e700906292acd378fa31b3322386110f
case_078,3,success,stage1_actual_winner,verified_stage1_global_fallback,717204,6368928,5423520,945408,577536,113,3,"[{""active_any_pipe_cycles"":706837,""active_any_pipe_fraction"":0.9855452563008572,""core_id"":0,""op_count"":474,""pipe_busy_cycles"":{""PIPE_M"":676800,""PIPE_MTE2"":50998,""PIPE_MTE3"":4896,""PIPE_V"":35424},""pipe_utilization"":{""PIPE_M"":0.9436645640570883,""PIPE_MTE2"":0.07110668652154757,""PIPE_MTE3"":0.006826509612327873,""PIPE_V"":0.04939180484213696},""task_end"":706837,""task_span_cycles"":706837,""task_start"":0},{""active_any_pipe_cycles"":710902,""active_any_pipe_fraction"":0.9912130997596221,""core_id"":1,""op_count"":472,""pipe_busy_cycles"":{""PIPE_M"":682584,""PIPE_MTE2"":52663,""PIPE_MTE3"":4601,""PIPE_V"":32352},""pipe_utilization"":{""PIPE_M"":0.951729215118711,""PIPE_MTE2"":0.07342820173897524,""PIPE_MTE3"":0.006415190099330176,""PIPE_V"":0.04510850469322536},""task_end"":717204,""task_span_cycles"":717204,""task_start"":0},{""active_any_pipe_cycles"":715478,""active_any_pipe_fraction"":0.997593432273105,""core_id"":2,""op_count"":493,""pipe_busy_cycles"":{""PIPE_M"":678504,""PIPE_MTE2"":69059,""PIPE_MTE3"":4557,""PIPE_V"":35520},""pipe_utilization"":{""PIPE_M"":0.9460404571084378,""PIPE_MTE2"":0.09628920084104384,""PIPE_MTE3"":0.0063538407482389946,""PIPE_V"":0.049525657971790454},""task_end"":715478,""task_span_cycles"":715478,""task_start"":0}]",b2a_w16,717204,6368928,0,0,0,False,0,3.080346416682005,38997ff14fc621b338b0d3ad47ea8928ac25dc8c76277a2aa14f90a999523571,bf2b4584ef0f03db990e1a8a9230a491afef537f57c0fffbbac36a5a07ba0fed,2c69e1d2fda5387e5c1bb0815d344cb6c5ac060a24c6ca36032a3d2ae739cb5e
case_078,4,success,map_locality@b2a_w16,scene_b_fixed_partition_mapping,545355,6888960,6888960,0,237312,55,4,"[{""active_any_pipe_cycles"":544855,""active_any_pipe_fraction"":0.9990831660111303,""core_id"":0,""op_count"":335,""pipe_busy_cycles"":{""PIPE_M"":509448,""PIPE_MTE2"":92389,""PIPE_MTE3"":3576,""PIPE_V"":25320},""pipe_utilization"":{""PIPE_M"":0.934158483923316,""PIPE_MTE2"":0.16941075079535348,""PIPE_MTE3"":0.0065571966883956325,""PIPE_V"":0.04642847319635834},""task_end"":545355,""task_span_cycles"":545355,""task_start"":0},{""active_any_pipe_cycles"":539758,""active_any_pipe_fraction"":0.9897369603285933,""core_id"":1,""op_count"":352,""pipe_busy_cycles"":{""PIPE_M"":513264,""PIPE_MTE2"":69640,""PIPE_MTE3"":3718,""PIPE_V"":26808},""pipe_utilization"":{""PIPE_M"":0.9411557609263691,""PIPE_MTE2"":0.12769663796976283,""PIPE_MTE3"":0.006817577541234608,""PIPE_V"":0.04915697114723437},""task_end"":539758,""task_span_cycles"":539758,""task_start"":0},{""active_any_pipe_cycles"":534849,""active_any_pipe_fraction"":0.9807354842258712,""core_id"":2,""op_count"":341,""pipe_busy_cycles"":{""PIPE_M"":503088,""PIPE_MTE2"":95049,""PIPE_MTE3"":3771,""PIPE_V"":25200},""pipe_utilization"":{""PIPE_M"":0.9224963555848943,""PIPE_MTE2"":0.17428830761613995,""PIPE_MTE3"":0.00691476194405479,""PIPE_V"":0.04620843303902962},""task_end"":534849,""task_span_cycles"":534849,""task_start"":0},{""active_any_pipe_cycles"":540580,""active_any_pipe_fraction"":0.991244235406295,""core_id"":3,""op_count"":335,""pipe_busy_cycles"":{""PIPE_M"":512088,""PIPE_MTE2"":95595,""PIPE_MTE3"":3342,""PIPE_V"":25968},""pipe_utilization"":{""PIPE_M"":0.9389993673845477,""PIPE_MTE2"":0.1752894903319856,""PIPE_MTE3"":0.006128118381604643,""PIPE_V"":0.047616690045933385},""task_end"":540580,""task_span_cycles"":540580,""task_start"":0}]",b2a_w16,545355,6931968,0,-43008,0,False,0,3.319284735247493,389cce1e5316564ef386a1df1e71e7068ffdfd36d9052aec4c556744bd8ec324,e77d23f57c0f0a4d265f3b73210ae55859f335187403ba53f40c37e089a98005,60b2e95fe510a2b742d963603452b18334649d0826aa7fd528b186c8521a67ce
case_078,5,success,map_locality@b2a_w16,scene_b_fixed_partition_mapping,473703,10492032,10492032,0,964608,203,5,"[{""active_any_pipe_cycles"":468183,""active_any_pipe_fraction"":0.9883471288972204,""core_id"":0,""op_count"":342,""pipe_busy_cycles"":{""PIPE_M"":412176,""PIPE_MTE2"":114119,""PIPE_MTE3"":8217,""PIPE_V"":19776},""pipe_utilization"":{""PIPE_M"":0.8701148187788551,""PIPE_MTE2"":0.24090833285835217,""PIPE_MTE3"":0.017346311929626792,""PIPE_V"":0.0417476773421321},""task_end"":473703,""task_span_cycles"":473703,""task_start"":0},{""active_any_pipe_cycles"":461057,""active_any_pipe_fraction"":0.9733039478322916,""core_id"":1,""op_count"":333,""pipe_busy_cycles"":{""PIPE_M"":404112,""PIPE_MTE2"":118894,""PIPE_MTE3"":7450,""PIPE_V"":20616},""pipe_utilization"":{""PIPE_M"":0.8530914940374031,""PIPE_MTE2"":0.25098848856773126,""PIPE_MTE3"":0.01572715393400506,""PIPE_V"":0.043520940336033334},""task_end"":467349,""task_span_cycles"":467349,""task_start"":0},{""active_any_pipe_cycles"":472756,""active_any_pipe_fraction"":0.9980008570771137,""core_id"":2,""op_count"":333,""pipe_busy_cycles"":{""PIPE_M"":410760,""PIPE_MTE2"":118045,""PIPE_MTE3"":4540,""PIPE_V"":21120},""pipe_utilization"":{""PIPE_M"":0.8671256040177073,""PIPE_MTE2"":0.2491962263274668,""PIPE_MTE3"":0.009584064276561475,""PIPE_V"":0.04458489813237408},""task_end"":472756,""task_span_cycles"":472756,""task_start"":0},{""active_any_pipe_cycles"":459648,""active_any_pipe_fraction"":0.9703295102627596,""core_id"":3,""op_count"":354,""pipe_busy_cycles"":{""PIPE_M"":400080,""PIPE_MTE2"":125906,""PIPE_MTE3"":6672,""PIPE_V"":20832},""pipe_utilization"":{""PIPE_M"":0.8445798316666773,""PIPE_MTE2"":0.2657910125120592,""PIPE_MTE3"":0.014084774637272722,""PIPE_V"":0.0439769222487508},""task_end"":461640,""task_span_cycles"":461640,""task_start"":0},{""active_any_pipe_cycles"":471732,""active_any_pipe_fraction"":0.9958391650464532,""core_id"":4,""op_count"":351,""pipe_busy_cycles"":{""PIPE_M"":410760,""PIPE_MTE2"":127517,""PIPE_MTE3"":6381,""PIPE_V"":20952},""pipe_utilization"":{""PIPE_M"":0.8671256040177073,""PIPE_MTE2"":0.269191877611077,""PIPE_MTE3"":0.013470465671528363,""PIPE_V"":0.04423024553359384},""task_end"":472232,""task_span_cycles"":472232,""task_start"":0}]",b2a_w16,474566,10668672,-863,-176640,0,True,0,4.597169553861022,64ce8f5e03ed471afefa9e66b1b59b000ad09c0c5719fb1a3f6ebb2cbce5ce1c,7c6e6b8e1fe81f02cc0e9d55820cb88ba5cc551378483b5af0c7228103614c21,e6dfb0771279f58bc282fe4f59df70b5425a6ed41b415989464e4faa69b1c4ed
case_079,1,success,stage1_actual_winner,verified_stage1_global_fallback,31052251,32448512,0,32448512,0,0,1,"[{""active_any_pipe_cycles"":31052251,""active_any_pipe_fraction"":1.0,""core_id"":0,""op_count"":28052,""pipe_busy_cycles"":{""PIPE_M"":29424384,""PIPE_MTE2"":662680,""PIPE_MTE3"":77488,""PIPE_V"":3760128},""pipe_utilization"":{""PIPE_M"":0.9475765219081863,""PIPE_MTE2"":0.02134080392432742,""PIPE_MTE3"":0.002495406854723672,""PIPE_V"":0.1210903518717532},""task_end"":31052251,""task_span_cycles"":31052251,""task_start"":0}]",single,31052251,32448512,0,0,0,False,0,2.0447511840611696,1acd8e64b3eba2173611c94b57450892ab8b46cd571b84a93ebe557a557fa7a2,6bcfd48508248d8c3fa3b67dbd85d671359da77cd2ea2a932edeebf9ef77d31a,9c403d230fd94dd53a39eac8caf4eda3f2d81ba9561ac3473c71fe3b6379176a
case_079,2,success,stage1_actual_winner,verified_stage1_global_fallback,15449228,33280000,3379200,29900800,0,0,2,"[{""active_any_pipe_cycles"":15449228,""active_any_pipe_fraction"":1.0,""core_id"":0,""op_count"":14078,""pipe_busy_cycles"":{""PIPE_M"":14712192,""PIPE_MTE2"":372204,""PIPE_MTE3"":41158,""PIPE_V"":1880064},""pipe_utilization"":{""PIPE_M"":0.9522930207256958,""PIPE_MTE2"":0.02409207761060941,""PIPE_MTE3"":0.002664081337915396,""PIPE_V"":0.12169307100652538},""task_end"":15449228,""task_span_cycles"":15449228,""task_start"":0},{""active_any_pipe_cycles"":15438478,""active_any_pipe_fraction"":0.9993041723508773,""core_id"":1,""op_count"":14078,""pipe_busy_cycles"":{""PIPE_M"":14712192,""PIPE_MTE2"":371383,""PIPE_MTE3"":40951,""PIPE_V"":1880064},""pipe_utilization"":{""PIPE_M"":0.9522930207256958,""PIPE_MTE2"":0.024038935796662463,""PIPE_MTE3"":0.002650682610160197,""PIPE_V"":0.12169307100652538},""task_end"":15438478,""task_span_cycles"":15438478,""task_start"":0}]",b0,15449228,33280000,0,0,0,False,0,132.48004795238376,b654a1caa9b7a278876cc43aca1a50b557ceb150d3596e82c8a888d1a133a747,65491a038a3eb22284e4b696d5ae99646d9223b5f4976186e0e07efafddf8b73,7681d0db06529d5ccc5a2ca4955a0390f2c30c5d54c4b1b9c62127821d5c2fb7
case_079,3,success,stage1_actual_winner,verified_stage1_global_fallback,10278153,33878016,5541888,28336128,0,0,3,"[{""active_any_pipe_cycles"":10278153,""active_any_pipe_fraction"":1.0,""core_id"":0,""op_count"":9434,""pipe_busy_cycles"":{""PIPE_M"":9808128,""PIPE_MTE2"":483980,""PIPE_MTE3"":54231,""PIPE_V"":1253376},""pipe_utilization"":{""PIPE_M"":0.9542695073716065,""PIPE_MTE2"":0.047088226843869714,""PIPE_MTE3"":0.005276337100644445,""PIPE_V"":0.12194564529249564},""task_end"":10278153,""task_span_cycles"":10278153,""task_start"":0},{""active_any_pipe_cycles"":10255182,""active_any_pipe_fraction"":0.9977650653770186,""core_id"":1,""op_count"":9434,""pipe_busy_cycles"":{""PIPE_M"":9808128,""PIPE_MTE2"":281863,""PIPE_MTE3"":31120,""PIPE_V"":1253376},""pipe_utilization"":{""PIPE_M"":0.9542695073716065,""PIPE_MTE2"":0.027423506927752486,""PIPE_MTE3"":0.003027781353322917,""PIPE_V"":0.12194564529249564},""task_end"":10255182,""task_span_cycles"":10255182,""task_start"":0},{""active_any_pipe_cycles"":10278153,""active_any_pipe_fraction"":1.0,""core_id"":2,""op_count"":9434,""pipe_busy_cycles"":{""PIPE_M"":9808128,""PIPE_MTE2"":483980,""PIPE_MTE3"":54231,""PIPE_V"":1253376},""pipe_utilization"":{""PIPE_M"":0.9542695073716065,""PIPE_MTE2"":0.047088226843869714,""PIPE_MTE3"":0.005276337100644445,""PIPE_V"":0.12194564529249564},""task_end"":10278153,""task_span_cycles"":10278153,""task_start"":0}]",b0,10278153,33878016,0,0,0,False,0,205.75279424153268,7c77aa343e6ea99c1ed0eaf3c6719b9bbaf7b7ac49b37005c302fe61acb95401,7ea85218be9a47f9cf5d20958271c85c23dd563cd780b8eb82c8f3fbf8e106d5,2c87fdc3aeefc0ba13409e17aaa0b205f169abac4f2bc2d8ace436284c35e6b8
case_079,4,success,stage1_actual_winner,verified_stage1_global_fallback,7688095,34131968,9326592,24805376,0,0,4,"[{""active_any_pipe_cycles"":7688095,""active_any_pipe_fraction"":1.0,""core_id"":0,""op_count"":7058,""pipe_busy_cycles"":{""PIPE_M"":7356096,""PIPE_MTE2"":268915,""PIPE_MTE3"":28451,""PIPE_V"":940032},""pipe_utilization"":{""PIPE_M"":0.9568164805455708,""PIPE_MTE2"":0.03497810575961926,""PIPE_MTE3"":0.0037006566646223807,""PIPE_V"":0.12227112177984273},""task_end"":7688095,""task_span_cycles"":7688095,""task_start"":0},{""active_any_pipe_cycles"":7684259,""active_any_pipe_fraction"":0.9995010467482517,""core_id"":1,""op_count"":7058,""pipe_busy_cycles"":{""PIPE_M"":7356096,""PIPE_MTE2"":271695,""PIPE_MTE3"":28439,""PIPE_V"":940032},""pipe_utilization"":{""PIPE_M"":0.9568164805455708,""PIPE_MTE2"":0.03533970378877992,""PIPE_MTE3"":0.003699095809820248,""PIPE_V"":0.12227112177984273},""task_end"":7684259,""task_span_cycles"":7684259,""task_start"":0},{""active_any_pipe_cycles"":7683668,""active_any_pipe_fraction"":0.9994241746492467,""core_id"":2,""op_count"":7058,""pipe_busy_cycles"":{""PIPE_M"":7356096,""PIPE_MTE2"":265783,""PIPE_MTE3"":27820,""PIPE_V"":940032},""pipe_utilization"":{""PIPE_M"":0.9568164805455708,""PIPE_MTE2"":0.0345707226562627,""PIPE_MTE3"":0.003618581716276919,""PIPE_V"":0.12227112177984273},""task_end"":7683668,""task_span_cycles"":7683668,""task_start"":0},{""active_any_pipe_cycles"":7687861,""active_any_pipe_fraction"":0.9999695633313584,""core_id"":3,""op_count"":7058,""pipe_busy_cycles"":{""PIPE_M"":7356096,""PIPE_MTE2"":261937,""PIPE_MTE3"":25917,""PIPE_V"":940032},""pipe_utilization"":{""PIPE_M"":0.9568164805455708,""PIPE_MTE2"":0.03407046869217927,""PIPE_MTE3"":0.0033710561589054247,""PIPE_V"":0.12227112177984273},""task_end"":7687861,""task_span_cycles"":7687861,""task_start"":0}]",b0,7688095,34131968,0,0,0,False,0,326.2306859511882,369b613becfda3cb8e730a2301a0c32c6b82880c0b76fa2435d15f7a03f12d6c,6a992b3b643c860538cad96404485b2c05f20c4c25ecb50ff23ed387594eebd2,6f5faa41b60149057cd040e94494d69f0657d51ed14189fb2e41f2b578186215
case_079,5,success,stage1_actual_winner,verified_stage1_global_fallback,7688095,34131968,9326592,24805376,0,0,4,"[{""active_any_pipe_cycles"":7688095,""active_any_pipe_fraction"":1.0,""core_id"":0,""op_count"":7058,""pipe_busy_cycles"":{""PIPE_M"":7356096,""PIPE_MTE2"":268915,""PIPE_MTE3"":28451,""PIPE_V"":940032},""pipe_utilization"":{""PIPE_M"":0.9568164805455708,""PIPE_MTE2"":0.03497810575961926,""PIPE_MTE3"":0.0037006566646223807,""PIPE_V"":0.12227112177984273},""task_end"":7688095,""task_span_cycles"":7688095,""task_start"":0},{""active_any_pipe_cycles"":7684259,""active_any_pipe_fraction"":0.9995010467482517,""core_id"":1,""op_count"":7058,""pipe_busy_cycles"":{""PIPE_M"":7356096,""PIPE_MTE2"":271695,""PIPE_MTE3"":28439,""PIPE_V"":940032},""pipe_utilization"":{""PIPE_M"":0.9568164805455708,""PIPE_MTE2"":0.03533970378877992,""PIPE_MTE3"":0.003699095809820248,""PIPE_V"":0.12227112177984273},""task_end"":7684259,""task_span_cycles"":7684259,""task_start"":0},{""active_any_pipe_cycles"":7683668,""active_any_pipe_fraction"":0.9994241746492467,""core_id"":2,""op_count"":7058,""pipe_busy_cycles"":{""PIPE_M"":7356096,""PIPE_MTE2"":265783,""PIPE_MTE3"":27820,""PIPE_V"":940032},""pipe_utilization"":{""PIPE_M"":0.9568164805455708,""PIPE_MTE2"":0.0345707226562627,""PIPE_MTE3"":0.003618581716276919,""PIPE_V"":0.12227112177984273},""task_end"":7683668,""task_span_cycles"":7683668,""task_start"":0},{""active_any_pipe_cycles"":7687861,""active_any_pipe_fraction"":0.9999695633313584,""core_id"":3,""op_count"":7058,""pipe_busy_cycles"":{""PIPE_M"":7356096,""PIPE_MTE2"":261937,""PIPE_MTE3"":25917,""PIPE_V"":940032},""pipe_utilization"":{""PIPE_M"":0.9568164805455708,""PIPE_MTE2"":0.03407046869217927,""PIPE_MTE3"":0.0033710561589054247,""PIPE_V"":0.12227112177984273},""task_end"":7687861,""task_span_cycles"":7687861,""task_start"":0},{""active_any_pipe_cycles"":0,""active_any_pipe_fraction"":0.0,""core_id"":4,""op_count"":0,""pipe_busy_cycles"":{},""pipe_utilization"":{},""task_end"":0,""task_span_cycles"":0,""task_start"":0}]",inherit_k4,7688095,34131968,0,0,0,False,0,245.40105117484927,c675d215b1746065e0bafbe589c04fb41b8f432a634772971b56c233d938b993,10cc2b52e69ce9c7b64ae4911e0bbf1ccc217f11e223068361dd56512d2a0c77,49cfbbd4829934bdeae2e716896f1cb8ddcec057d4463eb53f2e5eb24448bd89
case_080,1,success,stage1_actual_winner,verified_stage1_global_fallback,292138,548864,0,548864,0,0,1,"[{""active_any_pipe_cycles"":292138,""active_any_pipe_fraction"":1.0,""core_id"":0,""op_count"":1529,""pipe_busy_cycles"":{""PIPE_M"":289044,""PIPE_MTE2"":41614,""PIPE_MTE3"":1711,""PIPE_V"":20520},""pipe_utilization"":{""PIPE_M"":0.9894091148703695,""PIPE_MTE2"":0.14244637808159158,""PIPE_MTE3"":0.005856821091402008,""PIPE_V"":0.07024077661926897},""task_end"":292138,""task_span_cycles"":292138,""task_start"":0}]",single,292138,548864,0,0,0,False,0,0.10181447118520737,a771387827ddd8112fee5b7fd5c49d10d61d67a3c6bc59e36ba1eba28d01a2be,c5c67eb6e7810bb4f0652235585b7066576e77f2cb7aab78ce3b23bfd347f0d9,05ad89ddea2728cd9b87770f76ba8a019b0a4c5712cbb36b3a7d367c85999d1a
case_080,2,success,stage1_actual_winner,verified_stage1_global_fallback,190690,4980736,3465216,1515520,1732608,423,2,"[{""active_any_pipe_cycles"":176683,""active_any_pipe_fraction"":0.926545702449001,""core_id"":0,""op_count"":1062,""pipe_busy_cycles"":{""PIPE_M"":149184,""PIPE_MTE2"":61140,""PIPE_MTE3"":42120,""PIPE_V"":7524},""pipe_utilization"":{""PIPE_M"":0.7823378257905501,""PIPE_MTE2"":0.3206250983271278,""PIPE_MTE3"":0.22088205988777598,""PIPE_V"":0.03945670984320101},""task_end"":189422,""task_span_cycles"":189422,""task_start"":0},{""active_any_pipe_cycles"":190690,""active_any_pipe_fraction"":1.0,""core_id"":1,""op_count"":1549,""pipe_busy_cycles"":{""PIPE_M"":139860,""PIPE_MTE2"":89166,""PIPE_MTE3"":50847,""PIPE_V"":12996},""pipe_utilization"":{""PIPE_M"":0.7334417116786407,""PIPE_MTE2"":0.4675966227909172,""PIPE_MTE3"":0.26664743825056375,""PIPE_V"":0.06815249882007447},""task_end"":190690,""task_span_cycles"":190690,""task_start"":0}]",b2a_w4,190690,4980736,0,0,0,False,0,4.24795363470912,ef727b9857fe0d3a0e6e019722e075b07ae80fc6cdb7f3be9fc90091539d03e2,21927015bbc811cec14b77ec88184929426212387c95e086c0874682ed7c8abd,d04ce11148cbdf0ddf7f200e913c8f5ca3a7bb087d09c2a2b899a7362415d115
case_080,3,success,stage1_actual_winner,verified_stage1_global_fallback,108282,1228800,761856,466944,0,0,3,"[{""active_any_pipe_cycles"":108282,""active_any_pipe_fraction"":1.0,""core_id"":0,""op_count"":546,""pipe_busy_cycles"":{""PIPE_M"":96348,""PIPE_MTE2"":53370,""PIPE_MTE3"":2070,""PIPE_V"":6840},""pipe_utilization"":{""PIPE_M"":0.8897877763617221,""PIPE_MTE2"":0.49287970299772815,""PIPE_MTE3"":0.019116750706488612,""PIPE_V"":0.06316839363883194},""task_end"":108282,""task_span_cycles"":108282,""task_start"":0},{""active_any_pipe_cycles"":108282,""active_any_pipe_fraction"":1.0,""core_id"":1,""op_count"":546,""pipe_busy_cycles"":{""PIPE_M"":96348,""PIPE_MTE2"":53370,""PIPE_MTE3"":2070,""PIPE_V"":6840},""pipe_utilization"":{""PIPE_M"":0.8897877763617221,""PIPE_MTE2"":0.49287970299772815,""PIPE_MTE3"":0.019116750706488612,""PIPE_V"":0.06316839363883194},""task_end"":108282,""task_span_cycles"":108282,""task_start"":0},{""active_any_pipe_cycles"":108282,""active_any_pipe_fraction"":1.0,""core_id"":2,""op_count"":546,""pipe_busy_cycles"":{""PIPE_M"":96348,""PIPE_MTE2"":53370,""PIPE_MTE3"":2070,""PIPE_V"":6840},""pipe_utilization"":{""PIPE_M"":0.8897877763617221,""PIPE_MTE2"":0.49287970299772815,""PIPE_MTE3"":0.019116750706488612,""PIPE_V"":0.06316839363883194},""task_end"":108282,""task_span_cycles"":108282,""task_start"":0}]",b0,108282,1228800,0,0,0,False,0,4.978742141276598,05e2e8e20d42dc3634f9babf1fa231d1baa654fc14be9f51709467438e0d4a3b,7a0c5a6339a68206c734396e1627ff1774b86a07e8dedbc5077859e9d7ef1b7b,d29800f8f63c0076d63463f3c4f3d8f36e10ec1e4f0793d608f981ac92de106d
case_080,4,success,stage1_actual_winner,verified_stage1_global_fallback,108282,1228800,761856,466944,0,0,3,"[{""active_any_pipe_cycles"":108282,""active_any_pipe_fraction"":1.0,""core_id"":0,""op_count"":546,""pipe_busy_cycles"":{""PIPE_M"":96348,""PIPE_MTE2"":53370,""PIPE_MTE3"":2070,""PIPE_V"":6840},""pipe_utilization"":{""PIPE_M"":0.8897877763617221,""PIPE_MTE2"":0.49287970299772815,""PIPE_MTE3"":0.019116750706488612,""PIPE_V"":0.06316839363883194},""task_end"":108282,""task_span_cycles"":108282,""task_start"":0},{""active_any_pipe_cycles"":108282,""active_any_pipe_fraction"":1.0,""core_id"":1,""op_count"":546,""pipe_busy_cycles"":{""PIPE_M"":96348,""PIPE_MTE2"":53370,""PIPE_MTE3"":2070,""PIPE_V"":6840},""pipe_utilization"":{""PIPE_M"":0.8897877763617221,""PIPE_MTE2"":0.49287970299772815,""PIPE_MTE3"":0.019116750706488612,""PIPE_V"":0.06316839363883194},""task_end"":108282,""task_span_cycles"":108282,""task_start"":0},{""active_any_pipe_cycles"":108282,""active_any_pipe_fraction"":1.0,""core_id"":2,""op_count"":546,""pipe_busy_cycles"":{""PIPE_M"":96348,""PIPE_MTE2"":53370,""PIPE_MTE3"":2070,""PIPE_V"":6840},""pipe_utilization"":{""PIPE_M"":0.8897877763617221,""PIPE_MTE2"":0.49287970299772815,""PIPE_MTE3"":0.019116750706488612,""PIPE_V"":0.06316839363883194},""task_end"":108282,""task_span_cycles"":108282,""task_start"":0},{""active_any_pipe_cycles"":0,""active_any_pipe_fraction"":0.0,""core_id"":3,""op_count"":0,""pipe_busy_cycles"":{},""pipe_utilization"":{},""task_end"":0,""task_span_cycles"":0,""task_start"":0}]",inherit_k3,108282,1228800,0,0,0,False,0,9.17840956710279,1c86de16ca9db3456470c0ffc2bc7de71c75bd36df068cf5c18b9e6b620bab75,e529a5d1233b7b3b3c8a8ad67fb7bea19d98f6726fcdfdeab9cdda24787f0123,c61bb3508a1c9bdaba06a1088fd3a6d1890a2b31678c79d3766f0f2e3fc7d79e
case_080,5,success,stage1_actual_winner,verified_stage1_global_fallback,101701,3887104,3887104,0,765952,187,5,"[{""active_any_pipe_cycles"":86978,""active_any_pipe_fraction"":0.8552324952557006,""core_id"":0,""op_count"":407,""pipe_busy_cycles"":{""PIPE_M"":59052,""PIPE_MTE2"":85654,""PIPE_MTE3"":21060,""PIPE_V"":3192},""pipe_utilization"":{""PIPE_M"":0.5806432581783857,""PIPE_MTE2"":0.8422139408658715,""PIPE_MTE3"":0.2070776098563436,""PIPE_V"":0.03138612206369652},""task_end"":86978,""task_span_cycles"":86978,""task_start"":0},{""active_any_pipe_cycles"":91016,""active_any_pipe_fraction"":0.8949371195956776,""core_id"":1,""op_count"":415,""pipe_busy_cycles"":{""PIPE_M"":58534,""PIPE_MTE2"":88208,""PIPE_MTE3"":15279,""PIPE_V"":3610},""pipe_utilization"":{""PIPE_M"":0.5755498962645401,""PIPE_MTE2"":0.8673267716148317,""PIPE_MTE3"":0.15023451096842705,""PIPE_V"":0.035496209476799635},""task_end"":91016,""task_span_cycles"":91016,""task_start"":0},{""active_any_pipe_cycles"":93135,""active_any_pipe_fraction"":0.9157727062664084,""core_id"":2,""op_count"":423,""pipe_busy_cycles"":{""PIPE_M"":58534,""PIPE_MTE2"":88775,""PIPE_MTE3"":18007,""PIPE_V"":3496},""pipe_utilization"":{""PIPE_M"":0.5755498962645401,""PIPE_MTE2"":0.8729019380340409,""PIPE_MTE3"":0.17705823934867898,""PIPE_V"":0.034375276545953334},""task_end"":93135,""task_span_cycles"":93135,""task_start"":0},{""active_any_pipe_cycles"":101701,""active_any_pipe_fraction"":1.0,""core_id"":3,""op_count"":618,""pipe_busy_cycles"":{""PIPE_M"":69930,""PIPE_MTE2"":97971,""PIPE_MTE3"":16825,""PIPE_V"":7068},""pipe_utilization"":{""PIPE_M"":0.687603858369141,""PIPE_MTE2"":0.9633238611223095,""PIPE_MTE3"":0.16543593474990412,""PIPE_V"":0.06949784171247086},""task_end"":101701,""task_span_cycles"":101701,""task_start"":0},{""active_any_pipe_cycles"":84377,""active_any_pipe_fraction"":0.8296575254913914,""core_id"":4,""op_count"":364,""pipe_busy_cycles"":{""PIPE_M"":42994,""PIPE_MTE2"":80908,""PIPE_MTE3"":15182,""PIPE_V"":3154},""pipe_utilization"":{""PIPE_M"":0.42274903884917553,""PIPE_MTE2"":0.7955477330606385,""PIPE_MTE3"":0.14928073470270695,""PIPE_V"":0.03101247775341442},""task_end"":95878,""task_span_cycles"":95878,""task_start"":0}]",b1,101701,3887104,0,0,0,False,0,11.255259556695819,a2ad4d1761fde1ad5b2ff0d04c5c85be644614a080a9727af02cefdc7b16b21c,7f06952edfee085adb43e68e020750f74a2acb0047eb61db06b37b3f5d53c3f2,8af9e212ac57f70afc990ac1122691e69c0f5bae6c1f5e135551ecea7c345fb9
case_081,1,success,stage1_actual_winner,verified_stage1_global_fallback,151795,0,0,0,0,0,1,"[{""active_any_pipe_cycles"":151795,""active_any_pipe_fraction"":1.0,""core_id"":0,""op_count"":4505,""pipe_busy_cycles"":{""PIPE_MTE2"":20890,""PIPE_MTE3"":14770,""PIPE_V"":151725},""pipe_utilization"":{""PIPE_MTE2"":0.13761981619947955,""PIPE_MTE3"":0.09730228268388287,""PIPE_V"":0.9995388517408347},""task_end"":151795,""task_span_cycles"":151795,""task_start"":0}]",single,151795,0,0,0,0,False,0,0.306209459900856,a99f8cb4f2f3c9330df5e3fc99547a33e5589295870de36205af4f8d3c1ee67c,60f6a58b2ad79a0387989c34d0acd20d3cf083d5f7ec0a8ddf4c665b1c48b61e,5a8ea86f0449b2f97a0de874f2a2955b5baaea49f455394b17ae5f425c339e96
case_081,2,success,stage1_actual_winner,verified_stage1_global_fallback,83829,614820,500048,114772,32882,73,2,"[{""active_any_pipe_cycles"":76084,""active_any_pipe_fraction"":0.907609538465209,""core_id"":0,""op_count"":2698,""pipe_busy_cycles"":{""PIPE_MTE2"":22377,""PIPE_MTE3"":7452,""PIPE_V"":75939},""pipe_utilization"":{""PIPE_MTE2"":0.26693626310703933,""PIPE_MTE3"":0.08889525104677379,""PIPE_V"":0.9058798267902516},""task_end"":76084,""task_span_cycles"":76084,""task_start"":0},{""active_any_pipe_cycles"":75958,""active_any_pipe_fraction"":0.9061064786649011,""core_id"":1,""op_count"":2317,""pipe_busy_cycles"":{""PIPE_MTE2"":19811,""PIPE_MTE3"":13587,""PIPE_V"":75786},""pipe_utilization"":{""PIPE_MTE2"":0.23632633098331127,""PIPE_MTE3"":0.16207994846652113,""PIPE_V"":0.9040546827470207},""task_end"":83829,""task_span_cycles"":83829,""task_start"":0}]",b1,83829,614820,0,0,0,False,0,18.85089143179357,cde28903132ce939363d783a21063dc6adde1597a794fbe20e8fae9a853c34cb,4604a0e3ebfde619ae9b91e72ded309c89aeb375e2b8bf2657a214fec3d5d810,a67ccb986410743d3ddc1a9455ebdc02a556a79078fd6f29ce0eb5eca2cace7e
case_081,3,success,stage1_actual_winner,verified_stage1_global_fallback,63616,541062,541062,0,10376,73,3,"[{""active_any_pipe_cycles"":50754,""active_any_pipe_fraction"":0.7978181589537223,""core_id"":0,""op_count"":1769,""pipe_busy_cycles"":{""PIPE_MTE2"":23977,""PIPE_MTE3"":7544,""PIPE_V"":50610},""pipe_utilization"":{""PIPE_MTE2"":0.37690203722334004,""PIPE_MTE3"":0.11858651911468814,""PIPE_V"":0.7955545774647887},""task_end"":50754,""task_span_cycles"":50754,""task_start"":0},{""active_any_pipe_cycles"":63616,""active_any_pipe_fraction"":1.0,""core_id"":1,""op_count"":2025,""pipe_busy_cycles"":{""PIPE_MTE2"":23620,""PIPE_MTE3"":10609,""PIPE_V"":63209},""pipe_utilization"":{""PIPE_MTE2"":0.37129024144869216,""PIPE_MTE3"":0.166766222334004,""PIPE_V"":0.9936022384305835},""task_end"":63616,""task_span_cycles"":63616,""task_start"":0},{""active_any_pipe_cycles"":38184,""active_any_pipe_fraction"":0.6002263581488934,""core_id"":2,""op_count"":1170,""pipe_busy_cycles"":{""PIPE_MTE2"":13853,""PIPE_MTE3"":10781,""PIPE_V"":37906},""pipe_utilization"":{""PIPE_MTE2"":0.21775968309859156,""PIPE_MTE3"":0.16946994466800805,""PIPE_V"":0.5958563883299799},""task_end"":43566,""task_span_cycles"":43566,""task_start"":0}]",b1,63616,541062,0,0,0,False,0,40.16275873221457,a0d138290a2a98b05b4794897b331f2c4dc48a502d7348f42b898fdcf116abd7,93d4bed827127a1a64814d954e68f7fc8e41ca06aa50d2b6261374163ed20362,e2c79181fbc1db59475df8e56b8a5ea85d51e2b25c7658d55d64ba7f03780ad1
case_081,4,success,stage1_actual_winner,verified_stage1_global_fallback,51008,612682,612682,0,84080,97,4,"[{""active_any_pipe_cycles"":41021,""active_any_pipe_fraction"":0.8042071831869511,""core_id"":0,""op_count"":1302,""pipe_busy_cycles"":{""PIPE_MTE2"":26488,""PIPE_MTE3"":7525,""PIPE_V"":37954},""pipe_utilization"":{""PIPE_MTE2"":0.5192910915934755,""PIPE_MTE3"":0.147525878293601,""PIPE_V"":0.7440793601003765},""task_end"":41021,""task_span_cycles"":41021,""task_start"":0},{""active_any_pipe_cycles"":51008,""active_any_pipe_fraction"":1.0,""core_id"":1,""op_count"":1589,""pipe_busy_cycles"":{""PIPE_MTE2"":28118,""PIPE_MTE3"":13104,""PIPE_V"":47471},""pipe_utilization"":{""PIPE_MTE2"":0.5512468632371392,""PIPE_MTE3"":0.256900878293601,""PIPE_V"":0.9306579360100377},""task_end"":51008,""task_span_cycles"":51008,""task_start"":0},{""active_any_pipe_cycles"":41325,""active_any_pipe_fraction"":0.8101670326223338,""core_id"":2,""op_count"":1212,""pipe_busy_cycles"":{""PIPE_MTE2"":21894,""PIPE_MTE3"":9847,""PIPE_V"":37871},""pipe_utilization"":{""PIPE_MTE2"":0.4292267879548306,""PIPE_MTE3"":0.19304814930991218,""PIPE_V"":0.742452164366374},""task_end"":41350,""task_span_cycles"":41350,""task_start"":0},{""active_any_pipe_cycles"":28971,""active_any_pipe_fraction"":0.567969730238394,""core_id"":3,""op_count"":866,""pipe_busy_cycles"":{""PIPE_MTE2"":18590,""PIPE_MTE3"":12556,""PIPE_V"":28429},""pipe_utilization"":{""PIPE_MTE2"":0.364452634880803,""PIPE_MTE3"":0.24615746549560852,""PIPE_V"":0.5573439460476788},""task_end"":33738,""task_span_cycles"":33738,""task_start"":0}]",b1,51008,612682,0,0,0,False,0,43.8426692597568,7af13076412a23973bcb4bd85206d7b60eb40c21b11b65712acbe334459cfb44,7330360bd82a4ab658ab0a70192a597515273ee1f1c3e2f6756faf49b783a75b,0b37a21538003056bed73691bb6f84da884c2cd02dbdb5ff324ab852dc28c198
case_081,5,success,map_locality@b1,scene_b_fixed_partition_mapping,45713,688560,688560,0,108704,133,5,"[{""active_any_pipe_cycles"":40169,""active_any_pipe_fraction"":0.8787215890446919,""core_id"":0,""op_count"":1069,""pipe_busy_cycles"":{""PIPE_MTE2"":37559,""PIPE_MTE3"":15363,""PIPE_V"":30361},""pipe_utilization"":{""PIPE_MTE2"":0.8216262332378098,""PIPE_MTE3"":0.3360750771115438,""PIPE_V"":0.6641655546562247},""task_end"":40169,""task_span_cycles"":40169,""task_start"":0},{""active_any_pipe_cycles"":30298,""active_any_pipe_fraction"":0.662787390895369,""core_id"":1,""op_count"":735,""pipe_busy_cycles"":{""PIPE_MTE2"":28547,""PIPE_MTE3"":18270,""PIPE_V"":22732},""pipe_utilization"":{""PIPE_MTE2"":0.6244831885896791,""PIPE_MTE3"":0.3996674906481745,""PIPE_V"":0.49727648590116597},""task_end"":39332,""task_span_cycles"":39332,""task_start"":0},{""active_any_pipe_cycles"":35107,""active_any_pipe_fraction"":0.767987224640693,""core_id"":2,""op_count"":1003,""pipe_busy_cycles"":{""PIPE_MTE2"":30771,""PIPE_MTE3"":21555,""PIPE_V"":30324},""pipe_utilization"":{""PIPE_MTE2"":0.673134556909413,""PIPE_MTE3"":0.47152888674993987,""PIPE_V"":0.6633561568919126},""task_end"":35107,""task_span_cycles"":35107,""task_start"":0},{""active_any_pipe_cycles"":44865,""active_any_pipe_fraction"":0.9814494782665762,""core_id"":3,""op_count"":1231,""pipe_busy_cycles"":{""PIPE_MTE2"":35284,""PIPE_MTE3"":20884,""PIPE_V"":37893},""pipe_utilization"":{""PIPE_MTE2"":0.7718592085402401,""PIPE_MTE3"":0.45685034891606324,""PIPE_V"":0.8289326887318705},""task_end"":45713,""task_span_cycles"":45713,""task_start"":0},{""active_any_pipe_cycles"":36894,""active_any_pipe_fraction"":0.8070789490954433,""core_id"":4,""op_count"":1019,""pipe_busy_cycles"":{""PIPE_MTE2"":33950,""PIPE_MTE3"":20871,""PIPE_V"":30415},""pipe_utilization"":{""PIPE_MTE2"":0.7426771377945005,""PIPE_MTE3"":0.4565659659177914,""PIPE_V"":0.6653468378798154},""task_end"":36894,""task_span_cycles"":36894,""task_start"":0}]",b1,46855,717246,-1142,-28686,0,True,0,69.29244634322822,49c162f3d7c2cbb2969469cccda964a52f897a5083ba1c6606967c0276fb8f32,98787571e95ddffe9363d18324541f8df5ac1b4dc71b7a036d79455476ace1a0,90d73d2097aec17ff24d3a359685798d7406d47d8b817358297effa06114d70f
case_082,1,success,stage1_actual_winner,verified_stage1_global_fallback,721041,0,0,0,0,0,1,"[{""active_any_pipe_cycles"":721041,""active_any_pipe_fraction"":1.0,""core_id"":0,""op_count"":4209,""pipe_busy_cycles"":{""PIPE_M"":567936,""PIPE_MTE2"":9504,""PIPE_MTE3"":432,""PIPE_V"":359766},""pipe_utilization"":{""PIPE_M"":0.7876611732203855,""PIPE_MTE2"":0.013180942553890834,""PIPE_MTE3"":0.0005991337524495833,""PIPE_V"":0.4989535962587426},""task_end"":721041,""task_span_cycles"":721041,""task_start"":0}]",single,721041,0,0,0,0,False,0,0.3159095477312803,f5ef7fed6dfc1dcefef4ff6e9f93c69f9c8700ae9023887c297987bd655cab19,211f957dba459390e4ce523f4c2fef4afd01dd3b8380d80aabdd3d6e313d3a13,90755dfaf284b00bafe492632d9d0c2e1fe3790ae5a58b6b9b24d16849eab2f1
case_082,2,success,map_locality@b2a_w16,scene_b_fixed_partition_mapping,426701,1876902,1876902,0,856464,438,2,"[{""active_any_pipe_cycles"":392563,""active_any_pipe_fraction"":0.9199955003620802,""core_id"":0,""op_count"":2513,""pipe_busy_cycles"":{""PIPE_M"":295128,""PIPE_MTE2"":14719,""PIPE_MTE3"":9448,""PIPE_V"":182210},""pipe_utilization"":{""PIPE_M"":0.6916505937412849,""PIPE_MTE2"":0.03449488049008556,""PIPE_MTE3"":0.022141968263491296,""PIPE_V"":0.42702032570816567},""task_end"":426701,""task_span_cycles"":426701,""task_start"":0},{""active_any_pipe_cycles"":378022,""active_any_pipe_fraction"":0.8859177738041392,""core_id"":1,""op_count"":2598,""pipe_busy_cycles"":{""PIPE_M"":272808,""PIPE_MTE2"":16454,""PIPE_MTE3"":7421,""PIPE_V"":177556},""pipe_utilization"":{""PIPE_M"":0.6393423029240616,""PIPE_MTE2"":0.03856095954778639,""PIPE_MTE3"":0.01739156927216013,""PIPE_V"":0.41611339087557797},""task_end"":421593,""task_span_cycles"":421593,""task_start"":0}]",b2a_w16,428639,1811366,-1938,65536,0,True,0,8.144792851060629,1cd22ee4cd0ba3cec393100680a51ffd0c12a2f3af389122563ec7072cdf6831,f8185fd0df0b5e3a05b025b020370afc85697451ee7fde2cd477b43c8307a889,ae60c0a998c2c8e0d2cf42d6e91eb171e8268da0acd180ca9f54a2177d4e3785
case_082,3,success,stage1_actual_winner,verified_stage1_global_fallback,337625,2769962,2769962,0,1225104,687,3,"[{""active_any_pipe_cycles"":285746,""active_any_pipe_fraction"":0.8463413550536838,""core_id"":0,""op_count"":2005,""pipe_busy_cycles"":{""PIPE_M"":210480,""PIPE_MTE2"":15717,""PIPE_MTE3"":10807,""PIPE_V"":130789},""pipe_utilization"":{""PIPE_M"":0.6234135505368382,""PIPE_MTE2"":0.04655164753794891,""PIPE_MTE3"":0.032008885597926695,""PIPE_V"":0.3873794890781192},""task_end"":337625,""task_span_cycles"":337625,""task_start"":0},{""active_any_pipe_cycles"":224948,""active_any_pipe_fraction"":0.6662658274713069,""core_id"":1,""op_count"":1755,""pipe_busy_cycles"":{""PIPE_M"":164896,""PIPE_MTE2"":15026,""PIPE_MTE3"":7180,""PIPE_V"":109684},""pipe_utilization"":{""PIPE_M"":0.4883998519067012,""PIPE_MTE2"":0.04450499814883377,""PIPE_MTE3"":0.021266197704553867,""PIPE_V"":0.3248693076638282},""task_end"":326679,""task_span_cycles"":326679,""task_start"":0},{""active_any_pipe_cycles"":257789,""active_any_pipe_fraction"":0.7635364679748241,""core_id"":2,""op_count"":1872,""pipe_busy_cycles"":{""PIPE_M"":192560,""PIPE_MTE2"":13699,""PIPE_MTE3"":7528,""PIPE_V"":119293},""pipe_utilization"":{""PIPE_M"":0.5703369122547205,""PIPE_MTE2"":0.04057460199925953,""PIPE_MTE3"":0.022296927064050353,""PIPE_V"":0.3533298778230285},""task_end"":330904,""task_span_cycles"":299503,""task_start"":31401}]",b2a_w16,337625,2769962,0,0,0,False,0,16.931999577209353,704cb45ff193a30ac6c7947318dd285ca50be6b37a44086fa32d15e0d0409fbf,20a5718ca7c729ee1d6019dc0a43f8193e35fcc71d66e42adc7b55b7741322fe,9434839297ec5a062a2919c2dec3815ddc8a516cd33d070bb2a24f55c363d235
case_082,4,success,map_locality@b2a_w16,scene_b_fixed_partition_mapping,267185,3062670,3062670,0,1285440,695,4,"[{""active_any_pipe_cycles"":225355,""active_any_pipe_fraction"":0.8434418099818478,""core_id"":0,""op_count"":1560,""pipe_busy_cycles"":{""PIPE_M"":169864,""PIPE_MTE2"":16162,""PIPE_MTE3"":7452,""PIPE_V"":101737},""pipe_utilization"":{""PIPE_M"":0.63575425267137,""PIPE_MTE2"":0.060489922712727136,""PIPE_MTE3"":0.027890787282220185,""PIPE_V"":0.38077362127364933},""task_end"":257176,""task_span_cycles"":257176,""task_start"":0},{""active_any_pipe_cycles"":183584,""active_any_pipe_fraction"":0.6871044407433052,""core_id"":1,""op_count"":1359,""pipe_busy_cycles"":{""PIPE_M"":142656,""PIPE_MTE2"":14976,""PIPE_MTE3"":8732,""PIPE_V"":84132},""pipe_utilization"":{""PIPE_M"":0.5339221887456257,""PIPE_MTE2"":0.05605105077006568,""PIPE_MTE3"":0.0326814753822258,""PIPE_V"":0.31488294627318153},""task_end"":256534,""task_span_cycles"":256534,""task_start"":0},{""active_any_pipe_cycles"":197868,""active_any_pipe_fraction"":0.7405655257593053,""core_id"":2,""op_count"":1560,""pipe_busy_cycles"":{""PIPE_M"":143080,""PIPE_MTE2"":13314,""PIPE_MTE3"":7485,""PIPE_V"":95855},""pipe_utilization"":{""PIPE_M"":0.5355091041787525,""PIPE_MTE2"":0.049830641690214644,""PIPE_MTE3"":0.028014297209798453,""PIPE_V"":0.3587589123640923},""task_end"":267185,""task_span_cycles"":267185,""task_start"":0},{""active_any_pipe_cycles"":165007,""active_any_pipe_fraction"":0.6175758369668956,""core_id"":3,""op_count"":1195,""pipe_busy_cycles"":{""PIPE_M"":112336,""PIPE_MTE2"":12149,""PIPE_MTE3"":6032,""PIPE_V"":78042},""pipe_utilization"":{""PIPE_M"":0.4204427643767427,""PIPE_MTE2"":0.04547036697419391,""PIPE_MTE3"":0.022576117671276458,""PIPE_V"":0.2920897505473735},""task_end"":254821,""task_span_cycles"":254821,""task_start"":0}]",b2a_w16,267431,3264526,-246,-201856,0,True,0,17.796168668195605,73b405cf603c4217c56fb4d1f02637fc11c07ecd7c68e5a51c6ada0faf886209,a68b5073110b5ba07dd76df27244f8def9b2c966af34b3a1d2167c5fc52239da,b7f339fc6f6cb9d3420152628607346b79ba5fedec6b1c6b60cf6b1d7d01146f
case_082,5,success,stage1_actual_winner,verified_stage1_global_fallback,233808,3658004,3658004,0,1503168,830,5,"[{""active_any_pipe_cycles"":198711,""active_any_pipe_fraction"":0.8498896530486553,""core_id"":0,""op_count"":1392,""pipe_busy_cycles"":{""PIPE_M"":155840,""PIPE_MTE2"":23207,""PIPE_MTE3"":9906,""PIPE_V"":84576},""pipe_utilization"":{""PIPE_M"":0.6665298022308903,""PIPE_MTE2"":0.09925665503318963,""PIPE_MTE3"":0.04236809690002053,""PIPE_V"":0.3617327037569288},""task_end"":226597,""task_span_cycles"":226597,""task_start"":0},{""active_any_pipe_cycles"":164233,""active_any_pipe_fraction"":0.7024267775268597,""core_id"":1,""op_count"":1225,""pipe_busy_cycles"":{""PIPE_M"":120536,""PIPE_MTE2"":20592,""PIPE_MTE3"":8634,""PIPE_V"":74645},""pipe_utilization"":{""PIPE_M"":0.5155341134606173,""PIPE_MTE2"":0.08807226442208992,""PIPE_MTE3"":0.03692773557791008,""PIPE_V"":0.31925768151645795},""task_end"":233808,""task_span_cycles"":233808,""task_start"":0},{""active_any_pipe_cycles"":164781,""active_any_pipe_fraction"":0.7047705809895298,""core_id"":2,""op_count"":1220,""pipe_busy_cycles"":{""PIPE_M"":114624,""PIPE_MTE2"":16302,""PIPE_MTE3"":8481,""PIPE_V"":75938},""pipe_utilization"":{""PIPE_M"":0.4902484089509341,""PIPE_MTE2"":0.06972387600082118,""PIPE_MTE3"":0.036273352494354344,""PIPE_V"":0.32478786012454663},""task_end"":224334,""task_span_cycles"":224334,""task_start"":0},{""active_any_pipe_cycles"":136400,""active_any_pipe_fraction"":0.5833846574967495,""core_id"":3,""op_count"":1075,""pipe_busy_cycles"":{""PIPE_M"":91408,""PIPE_MTE2"":17197,""PIPE_MTE3"":7271,""PIPE_V"":60629},""pipe_utilization"":{""PIPE_M"":0.3909532607951824,""PIPE_MTE2"":0.07355180318894135,""PIPE_MTE3"":0.031098166016560597,""PIPE_V"":0.25931105864641074},""task_end"":227754,""task_span_cycles"":227754,""task_start"":0},{""active_any_pipe_cycles"":136170,""active_any_pipe_fraction"":0.5824009443646069,""core_id"":4,""op_count"":1057,""pipe_busy_cycles"":{""PIPE_M"":85528,""PIPE_MTE2"":18615,""PIPE_MTE3"":6909,""PIPE_V"":63978},""pipe_utilization"":{""PIPE_M"":0.36580442072127556,""PIPE_MTE2"":0.07961660849928145,""PIPE_MTE3"":0.029549887086840483,""PIPE_V"":0.2736347772531308},""task_end"":220204,""task_span_cycles"":220204,""task_start"":0}]",b2a_w16,233808,3658004,0,0,0,False,0,24.007203863933682,e33bfafc2be6466689328984cbf67529fc22a2d46dab41621d29ab2e45359e90,e496929205842d53e652354cad4a2b9f3dad6acee5d6dff01a10a8dcf88ef2f2,1c6578cc254d45314baca438909b528fd57dd753c71dc9bc1c190860a1d86dd6
case_083,1,success,stage1_actual_winner,verified_stage1_global_fallback,1057993,13934688,0,13934688,0,0,1,"[{""active_any_pipe_cycles"":1057993,""active_any_pipe_fraction"":1.0,""core_id"":0,""op_count"":5056,""pipe_busy_cycles"":{""PIPE_M"":810836,""PIPE_MTE2"":252568,""PIPE_MTE3"":12850,""PIPE_V"":71300},""pipe_utilization"":{""PIPE_M"":0.7663907039082489,""PIPE_MTE2"":0.23872369665961873,""PIPE_MTE3"":0.012145638014618244,""PIPE_V"":0.06739175022897127},""task_end"":1057993,""task_span_cycles"":1057993,""task_start"":0}]",single,1057993,13934688,0,0,0,False,0,0.3478731829673052,6a0028bd6228a0618028627ffcd493f37c395b3fbcf399cea19306b4850d1254,2e3f9f587077b06c39a9fa8e44a2a5fb3986913711e0c2eb20bb2e9e32e4bd56,8b3be513b97b1616c91167d573947028a499e82e9ec3d5c42807637918151246
case_083,2,success,stage1_actual_winner,verified_stage1_global_fallback,438433,2725472,2725472,0,897536,227,2,"[{""active_any_pipe_cycles"":438433,""active_any_pipe_fraction"":1.0,""core_id"":0,""op_count"":2234,""pipe_busy_cycles"":{""PIPE_M"":407426,""PIPE_MTE2"":33356,""PIPE_MTE3"":17738,""PIPE_V"":36582},""pipe_utilization"":{""PIPE_M"":0.9292776775470825,""PIPE_MTE2"":0.07608003959555965,""PIPE_MTE3"":0.04045772102008745,""PIPE_V"":0.08343806237212983},""task_end"":438433,""task_span_cycles"":438433,""task_start"":0},{""active_any_pipe_cycles"":434361,""active_any_pipe_fraction"":0.9907123779460032,""core_id"":1,""op_count"":2226,""pipe_busy_cycles"":{""PIPE_M"":403410,""PIPE_MTE2"":33439,""PIPE_MTE3"":13500,""PIPE_V"":34718},""pipe_utilization"":{""PIPE_M"":0.9201177831048302,""PIPE_MTE2"":0.07626935016296675,""PIPE_MTE3"":0.030791477831276386,""PIPE_V"":0.07918655758120396},""task_end"":435350,""task_span_cycles"":435350,""task_start"":0}]",b2a_w16,438433,2725472,0,0,0,False,0,6.237905856221914,de8176722bdee6bac6ecbcd7384d14052bae742f6da1f0297c31addc0e2db7e2,5f0a08de76f11a1d5001b9b549ed3be72ddeac98b733447b1861832ca91b11c5,e46c91c81d8f8894dd31dbe2195ea60ab8b102715d665574452d2eccf5841e6f
case_083,3,success,map_locality@b2a_w16,scene_b_fixed_partition_mapping,297463,3701952,3701952,0,920576,251,3,"[{""active_any_pipe_cycles"":289095,""active_any_pipe_fraction"":0.9718687702336088,""core_id"":0,""op_count"":1504,""pipe_busy_cycles"":{""PIPE_M"":269714,""PIPE_MTE2"":33992,""PIPE_MTE3"":7231,""PIPE_V"":22536},""pipe_utilization"":{""PIPE_M"":0.9067144485196478,""PIPE_MTE2"":0.11427303563804574,""PIPE_MTE3"":0.024308905645408,""PIPE_V"":0.0757606828412273},""task_end"":289095,""task_span_cycles"":289095,""task_start"":0},{""active_any_pipe_cycles"":297463,""active_any_pipe_fraction"":1.0,""core_id"":1,""op_count"":1501,""pipe_busy_cycles"":{""PIPE_M"":270814,""PIPE_MTE2"":37358,""PIPE_MTE3"":11484,""PIPE_V"":24204},""pipe_utilization"":{""PIPE_M"":0.9104123874229736,""PIPE_MTE2"":0.12558872868222265,""PIPE_MTE3"":0.038606482150721266,""PIPE_V"":0.08136810292372497},""task_end"":297463,""task_span_cycles"":297463,""task_start"":0},{""active_any_pipe_cycles"":292240,""active_any_pipe_fraction"":0.9824415137344813,""core_id"":2,""op_count"":1553,""pipe_busy_cycles"":{""PIPE_M"":270308,""PIPE_MTE2"":33693,""PIPE_MTE3"":8427,""PIPE_V"":24560},""pipe_utilization"":{""PIPE_M"":0.9087113355274438,""PIPE_MTE2"":0.113267868608869,""PIPE_MTE3"":0.02832957376211495,""PIPE_V"":0.08256489042334676},""task_end"":292320,""task_span_cycles"":292320,""task_start"":0}]",b2a_w16,298400,3599552,-937,102400,0,True,0,13.093967143446207,a1b2561b8ee0237132e699652e449de33d3a8f68e835bb84792d1915dcd5c0c2,ed892af28148016db28c0177b174c2e7a692d959fab6e9b6c488d28fe7132625,ad845a947cbe10e1895b2ac506a81eb9fa94701ae8c2eedb281e103f2bee1687
case_083,4,success,map_locality@b2a_w16,scene_b_fixed_partition_mapping,224139,5094176,4930336,163840,1069568,342,4,"[{""active_any_pipe_cycles"":218710,""active_any_pipe_fraction"":0.975778423210597,""core_id"":0,""op_count"":1215,""pipe_busy_cycles"":{""PIPE_M"":203434,""PIPE_MTE2"":52997,""PIPE_MTE3"":13689,""PIPE_V"":17294},""pipe_utilization"":{""PIPE_M"":0.9076242867149403,""PIPE_MTE2"":0.2364470261757213,""PIPE_MTE3"":0.061073708725389156,""PIPE_V"":0.07715747817202719},""task_end"":218710,""task_span_cycles"":218710,""task_start"":0},{""active_any_pipe_cycles"":220324,""active_any_pipe_fraction"":0.9829793119448199,""core_id"":1,""op_count"":1225,""pipe_busy_cycles"":{""PIPE_M"":203434,""PIPE_MTE2"":49344,""PIPE_MTE3"":12325,""PIPE_V"":19264},""pipe_utilization"":{""PIPE_M"":0.9076242867149403,""PIPE_MTE2"":0.2201491039042737,""PIPE_MTE3"":0.05498819928704955,""PIPE_V"":0.08594666702358804},""task_end"":220324,""task_span_cycles"":220324,""task_start"":0},{""active_any_pipe_cycles"":218730,""active_any_pipe_fraction"":0.9758676535542676,""core_id"":2,""op_count"":1142,""pipe_busy_cycles"":{""PIPE_M"":203416,""PIPE_MTE2"":46456,""PIPE_MTE3"":8989,""PIPE_V"":17768},""pipe_utilization"":{""PIPE_M"":0.9075439794056367,""PIPE_MTE2"":0.20726424227822912,""PIPE_MTE3"":0.04010457796278202,""PIPE_V"":0.07927223731702203},""task_end"":218730,""task_span_cycles"":218730,""task_start"":0},{""active_any_pipe_cycles"":224139,""active_any_pipe_fraction"":1.0,""core_id"":3,""op_count"":1218,""pipe_busy_cycles"":{""PIPE_M"":200552,""PIPE_MTE2"":45035,""PIPE_MTE3"":14830,""PIPE_V"":16974},""pipe_utilization"":{""PIPE_M"":0.8947661941919969,""PIPE_MTE2"":0.20092442636042812,""PIPE_MTE3"":0.0661642998318008,""PIPE_V"":0.07572979267329648},""task_end"":224139,""task_span_cycles"":224139,""task_start"":0}]",b2a_w16,226115,5336864,-1976,-242688,-18432,True,0,16.758947744965553,f9891fad272206c21cedcfa7d773055dc5ac8b1fcc490a4d4309aff45cbe4ffc,48fad8bd13b94c83e235c83eaee3ccf3ed24a782601f1f65df15efb3a95ec02b,711d5452a10d1505bc6df2fc8470b4be154871b1dc71e8f9855982c0e7e0608c
case_083,5,success,map_locality@b2a_w8,scene_b_fixed_partition_mapping,200381,5380480,5159296,221184,718848,260,5,"[{""active_any_pipe_cycles"":188633,""active_any_pipe_fraction"":0.9413716869363862,""core_id"":0,""op_count"":903,""pipe_busy_cycles"":{""PIPE_M"":160140,""PIPE_MTE2"":49497,""PIPE_MTE3"":4712,""PIPE_V"":12734},""pipe_utilization"":{""PIPE_M"":0.7991775667353691,""PIPE_MTE2"":0.24701443749656904,""PIPE_MTE3"":0.02351520353726152,""PIPE_V"":0.06354893927068933},""task_end"":188633,""task_span_cycles"":188633,""task_start"":0},{""active_any_pipe_cycles"":196978,""active_any_pipe_fraction"":0.9830173519445456,""core_id"":1,""op_count"":890,""pipe_busy_cycles"":{""PIPE_M"":166548,""PIPE_MTE2"":51189,""PIPE_MTE3"":6883,""PIPE_V"":15270},""pipe_utilization"":{""PIPE_M"":0.8311566465882494,""PIPE_MTE2"":0.2554583518397453,""PIPE_MTE3"":0.03434956408042679,""PIPE_V"":0.07620482979923246},""task_end"":196978,""task_span_cycles"":196978,""task_start"":0},{""active_any_pipe_cycles"":200381,""active_any_pipe_fraction"":1.0,""core_id"":2,""op_count"":941,""pipe_busy_cycles"":{""PIPE_M"":161292,""PIPE_MTE2"":68888,""PIPE_MTE3"":10269,""PIPE_V"":13884},""pipe_utilization"":{""PIPE_M"":0.8049266147988082,""PIPE_MTE2"":0.34378508940468405,""PIPE_MTE3"":0.051247373753000536,""PIPE_V"":0.06928800634790723},""task_end"":200381,""task_span_cycles"":200381,""task_start"":0},{""active_any_pipe_cycles"":184429,""active_any_pipe_fraction"":0.9203916538993218,""core_id"":3,""op_count"":966,""pipe_busy_cycles"":{""PIPE_M"":159980,""PIPE_MTE2"":61119,""PIPE_MTE3"":11523,""PIPE_V"":14138},""pipe_utilization"":{""PIPE_M"":0.7983790878376692,""PIPE_MTE2"":0.3050139484282442,""PIPE_MTE3"":0.057505452113723356,""PIPE_V"":0.0705555915980058},""task_end"":184429,""task_span_cycles"":184429,""task_start"":0},{""active_any_pipe_cycles"":190035,""active_any_pipe_fraction"":0.9483683582774814,""core_id"":4,""op_count"":979,""pipe_busy_cycles"":{""PIPE_M"":162876,""PIPE_MTE2"":56944,""PIPE_MTE3"":9594,""PIPE_V"":15274},""pipe_utilization"":{""PIPE_M"":0.8128315558860371,""PIPE_MTE2"":0.2841786396913879,""PIPE_MTE3"":0.04787879090332916,""PIPE_V"":0.07622479177167496},""task_end"":190035,""task_span_cycles"":190035,""task_start"":0}]",b2a_w8,201312,5644672,-931,-264192,-98304,True,0,19.962351121008396,0c2ffe6f7651fe55a90986d05c85507c88a170b8fbfef07ce8b644937d3eb74b,17f9b065cd97486f5561b86b2ef83cb6ce4fe3c7eefa87cf5c333af4baf9f8f6,81769fcda8d2c7dca30fe17d554c2a030fc1050ea0c66129dfaa2f8924241672
case_084,1,success,stage1_actual_winner,verified_stage1_global_fallback,2507412,0,0,0,0,0,1,"[{""active_any_pipe_cycles"":2507412,""active_any_pipe_fraction"":1.0,""core_id"":0,""op_count"":14001,""pipe_busy_cycles"":{""PIPE_M"":1266552,""PIPE_MTE2"":224677,""PIPE_MTE3"":111592,""PIPE_V"":1240704},""pipe_utilization"":{""PIPE_M"":0.5051232107049021,""PIPE_MTE2"":0.08960513868482722,""PIPE_MTE3"":0.04450485201474668,""PIPE_V"":0.4948145737517408},""task_end"":2507412,""task_span_cycles"":2507412,""task_start"":0}]",single,2507412,0,0,0,0,False,0,1.0234803184866905,6d7e072fb61762200589548fae1c4ebf894c95d1e0a0a690fe440d121260af6f,1f8ee2c4cb58dffd7f353047816d76ac7024f988f6d3512479e3b6418d5f0e20,db9757e1ef8e9acdbc3f3a46fccb96c78d76c9a75275c207559ba6b1526e6d41
case_084,2,success,stage1_actual_winner,verified_stage1_global_fallback,1276489,27233280,19851264,7382016,9925632,2154,2,"[{""active_any_pipe_cycles"":1276489,""active_any_pipe_fraction"":1.0,""core_id"":0,""op_count"":9954,""pipe_busy_cycles"":{""PIPE_M"":633864,""PIPE_MTE2"":388771,""PIPE_MTE3"":299037,""PIPE_V"":619776},""pipe_utilization"":{""PIPE_M"":0.4965683213878067,""PIPE_MTE2"":0.30456274985526705,""PIPE_MTE3"":0.23426523847835742,""PIPE_V"":0.48553179855055545},""task_end"":1276489,""task_span_cycles"":1276489,""task_start"":0},{""active_any_pipe_cycles"":1276447,""active_any_pipe_fraction"":0.9999670972487816,""core_id"":1,""op_count"":9957,""pipe_busy_cycles"":{""PIPE_M"":632688,""PIPE_MTE2"":414378,""PIPE_MTE3"":273168,""PIPE_V"":620928},""pipe_utilization"":{""PIPE_M"":0.49564704435369206,""PIPE_MTE2"":0.32462324391357855,""PIPE_MTE3"":0.2139994939243503,""PIPE_V"":0.48643427401254535},""task_end"":1276447,""task_span_cycles"":1276447,""task_start"":0}]",b2a_w4,1276489,27233280,0,0,0,False,0,126.30334919318557,cc633df38cbbc86158f883a3eb55151598dce7f4880f1ae3cc2ddf0f30baf5e7,a8bc3385514b95d9a25309cb8620cece047170d9711dfeba565900907d37a511,1df0530579dbf6224a86600d0ef24e7db852865843351ec84a6c7600429c46a5
case_084,3,success,stage1_actual_winner,verified_stage1_global_fallback,836220,0,0,0,0,0,3,"[{""active_any_pipe_cycles"":836220,""active_any_pipe_fraction"":1.0,""core_id"":0,""op_count"":4667,""pipe_busy_cycles"":{""PIPE_M"":422184,""PIPE_MTE2"":223845,""PIPE_MTE3"":110760,""PIPE_V"":413568},""pipe_utilization"":{""PIPE_M"":0.5048719236564541,""PIPE_MTE2"":0.2676867331563464,""PIPE_MTE3"":0.13245318217693908,""PIPE_V"":0.49456841501040394},""task_end"":836220,""task_span_cycles"":836220,""task_start"":0},{""active_any_pipe_cycles"":836220,""active_any_pipe_fraction"":1.0,""core_id"":1,""op_count"":4667,""pipe_busy_cycles"":{""PIPE_M"":422184,""PIPE_MTE2"":223845,""PIPE_MTE3"":110760,""PIPE_V"":413568},""pipe_utilization"":{""PIPE_M"":0.5048719236564541,""PIPE_MTE2"":0.2676867331563464,""PIPE_MTE3"":0.13245318217693908,""PIPE_V"":0.49456841501040394},""task_end"":836220,""task_span_cycles"":836220,""task_start"":0},{""active_any_pipe_cycles"":836220,""active_any_pipe_fraction"":1.0,""core_id"":2,""op_count"":4667,""pipe_busy_cycles"":{""PIPE_M"":422184,""PIPE_MTE2"":223845,""PIPE_MTE3"":110760,""PIPE_V"":413568},""pipe_utilization"":{""PIPE_M"":0.5048719236564541,""PIPE_MTE2"":0.2676867331563464,""PIPE_MTE3"":0.13245318217693908,""PIPE_V"":0.49456841501040394},""task_end"":836220,""task_span_cycles"":836220,""task_start"":0}]",b0,836220,0,0,0,0,False,0,223.20408866927028,5f897b3e5c150244d8f1e6289ccdb0c08681480f1a6a675cf1d46b695633ea95,45b4b82c127e32680d8ad275a0338d1b14209616c95f74cae191030c522c4a09,b67919042b22a3b80dff6c89e758b89a785095351d84d66d91608e80e2567e90
case_084,4,success,stage1_actual_winner,verified_stage1_global_fallback,625992,92160,92160,0,46080,10,4,"[{""active_any_pipe_cycles"":625832,""active_any_pipe_fraction"":0.9997444056793058,""core_id"":0,""op_count"":3507,""pipe_busy_cycles"":{""PIPE_M"":316932,""PIPE_MTE2"":173854,""PIPE_MTE3"":82618,""PIPE_V"":310188},""pipe_utilization"":{""PIPE_M"":0.5062876202890771,""PIPE_MTE2"":0.27772559393730273,""PIPE_MTE3"":0.13197932241945584,""PIPE_V"":0.4955143196718169},""task_end"":625832,""task_span_cycles"":625832,""task_start"":0},{""active_any_pipe_cycles"":625832,""active_any_pipe_fraction"":0.9997444056793058,""core_id"":1,""op_count"":3503,""pipe_busy_cycles"":{""PIPE_M"":316344,""PIPE_MTE2"":174700,""PIPE_MTE3"":82890,""PIPE_V"":310272},""pipe_utilization"":{""PIPE_M"":0.505348311160526,""PIPE_MTE2"":0.27907704890797325,""PIPE_MTE3"":0.13241383276463597,""PIPE_V"":0.49564850669018135},""task_end"":625832,""task_span_cycles"":625832,""task_start"":0},{""active_any_pipe_cycles"":625992,""active_any_pipe_fraction"":1.0,""core_id"":2,""op_count"":3506,""pipe_busy_cycles"":{""PIPE_M"":316344,""PIPE_MTE2"":174754,""PIPE_MTE3"":85891,""PIPE_V"":310356},""pipe_utilization"":{""PIPE_M"":0.505348311160526,""PIPE_MTE2"":0.27916331199120753,""PIPE_MTE3"":0.13720782374215645,""PIPE_V"":0.4957826937085458},""task_end"":625992,""task_span_cycles"":625992,""task_start"":0},{""active_any_pipe_cycles"":625832,""active_any_pipe_fraction"":0.9997444056793058,""core_id"":3,""op_count"":3505,""pipe_busy_cycles"":{""PIPE_M"":316932,""PIPE_MTE2"":187232,""PIPE_MTE3"":89379,""PIPE_V"":309888},""pipe_utilization"":{""PIPE_M"":0.5062876202890771,""PIPE_MTE2"":0.29909647407634604,""PIPE_MTE3"":0.14277977993328989,""PIPE_V"":0.4950350803205153},""task_end"":625832,""task_span_cycles"":625832,""task_start"":0}]",b0,625992,92160,0,0,0,False,0,421.72012139484286,166f8729cf7d32d37b1b3535d0eb05a653873f5071f80de5d7b4ff7d82186bbc,618ac4af8d08aa379b01572e8d5ccf73c54e23bd1d3e94611fa6f2349f3f1efd,41fa6e540efc222008e93f07d4f7554f5d048db2afe3e14ad2ba191f91ac6f44
case_084,5,success,stage1_actual_winner,verified_stage1_global_fallback,501224,73728,73728,0,36864,8,5,"[{""active_any_pipe_cycles"":499964,""active_any_pipe_fraction"":0.9974861538952644,""core_id"":0,""op_count"":2801,""pipe_busy_cycles"":{""PIPE_M"":255192,""PIPE_MTE2"":94442,""PIPE_MTE3"":64949,""PIPE_V"":245376},""pipe_utilization"":{""PIPE_M"":0.5091376310791184,""PIPE_MTE2"":0.18842274112971447,""PIPE_MTE3"":0.129580786235296,""PIPE_V"":0.48955357285365425},""task_end"":499964,""task_span_cycles"":499964,""task_start"":0},{""active_any_pipe_cycles"":501224,""active_any_pipe_fraction"":1.0,""core_id"":1,""op_count"":2804,""pipe_busy_cycles"":{""PIPE_M"":252840,""PIPE_MTE2"":193999,""PIPE_MTE3"":96443,""PIPE_V"":248832},""pipe_utilization"":{""PIPE_M"":0.5044451183502785,""PIPE_MTE2"":0.3870505003750818,""PIPE_MTE3"":0.19241496815794934,""PIPE_V"":0.4964486935980719},""task_end"":501224,""task_span_cycles"":501224,""task_start"":0},{""active_any_pipe_cycles"":501224,""active_any_pipe_fraction"":1.0,""core_id"":2,""op_count"":2804,""pipe_busy_cycles"":{""PIPE_M"":252840,""PIPE_MTE2"":193999,""PIPE_MTE3"":96443,""PIPE_V"":248832},""pipe_utilization"":{""PIPE_M"":0.5044451183502785,""PIPE_MTE2"":0.3870505003750818,""PIPE_MTE3"":0.19241496815794934,""PIPE_V"":0.4964486935980719},""task_end"":501224,""task_span_cycles"":501224,""task_start"":0},{""active_any_pipe_cycles"":501224,""active_any_pipe_fraction"":1.0,""core_id"":3,""op_count"":2804,""pipe_busy_cycles"":{""PIPE_M"":252840,""PIPE_MTE2"":193999,""PIPE_MTE3"":96443,""PIPE_V"":248832},""pipe_utilization"":{""PIPE_M"":0.5044451183502785,""PIPE_MTE2"":0.3870505003750818,""PIPE_MTE3"":0.19241496815794934,""PIPE_V"":0.4964486935980719},""task_end"":501224,""task_span_cycles"":501224,""task_start"":0},{""active_any_pipe_cycles"":501224,""active_any_pipe_fraction"":1.0,""core_id"":4,""op_count"":2804,""pipe_busy_cycles"":{""PIPE_M"":252840,""PIPE_MTE2"":193999,""PIPE_MTE3"":96443,""PIPE_V"":248832},""pipe_utilization"":{""PIPE_M"":0.5044451183502785,""PIPE_MTE2"":0.3870505003750818,""PIPE_MTE3"":0.19241496815794934,""PIPE_V"":0.4964486935980719},""task_end"":501224,""task_span_cycles"":501224,""task_start"":0}]",b1,501224,73728,0,0,0,False,0,597.8984040487558,42282360a725e29da7809b515f569ebf503fdab2f23ad206190aee5dec615af1,3144b20f65505f5d585966dbc8f82db4eb3749e4c00faeca1bbe2cef510a59ef,317fa0449a94ff89d933fca0c65754c2ab70221e6b97c7f55ae698a36477c06f
case_085,1,success,stage1_actual_winner,verified_stage1_global_fallback,3187899,0,0,0,0,0,1,"[{""active_any_pipe_cycles"":3187899,""active_any_pipe_fraction"":1.0,""core_id"":0,""op_count"":19993,""pipe_busy_cycles"":{""PIPE_M"":2565216,""PIPE_MTE2"":27774,""PIPE_MTE3"":570,""PIPE_V"":1724706},""pipe_utilization"":{""PIPE_M"":0.804672920942602,""PIPE_MTE2"":0.008712321187089051,""PIPE_MTE3"":0.0001788011477151566,""PIPE_V"":0.5410165127565209},""task_end"":3187899,""task_span_cycles"":3187899,""task_start"":0}]",single,3187899,0,0,0,0,False,0,1.615699652582407,8884046da863df8fbda6891818008b49910f5269413999e4ac9f47a26aa2ea03,a0023ff55bf1c1cd9c262b3209d319923d8fa7556249ad0f1e7288e7d44c2d64,bd410b5d60b9be1dec60b6b25bd4d7f52ece26eea6f3dcd4ef26545c94801c89
case_085,2,success,stage1_actual_winner,verified_stage1_global_fallback,2388498,4934406,3994052,940354,1853600,1113,2,"[{""active_any_pipe_cycles"":2388498,""active_any_pipe_fraction"":1.0,""core_id"":0,""op_count"":16268,""pipe_busy_cycles"":{""PIPE_M"":1928144,""PIPE_MTE2"":47922,""PIPE_MTE3"":34590,""PIPE_V"":1230066},""pipe_utilization"":{""PIPE_M"":0.8072621371255073,""PIPE_MTE2"":0.020063655066908156,""PIPE_MTE3"":0.014481904527447794,""PIPE_V"":0.5149956164920381},""task_end"":2388498,""task_span_cycles"":2388498,""task_start"":0},{""active_any_pipe_cycles"":858015,""active_any_pipe_fraction"":0.35922784946857816,""core_id"":1,""op_count"":6631,""pipe_busy_cycles"":{""PIPE_M"":637072,""PIPE_MTE2"":40080,""PIPE_MTE3"":10204,""PIPE_V"":494640},""pipe_utilization"":{""PIPE_M"":0.266724945970229,""PIPE_MTE2"":0.016780420163634218,""PIPE_MTE3"":0.004272140901939211,""PIPE_V"":0.20709249076197678},""task_end"":2381809,""task_span_cycles"":2381809,""task_start"":0}]",b2a_w16,2388498,4934406,0,0,0,False,0,38.942026041448116,9757bab0eac5155c61436c2a9db2035faa05d212f933f8277257c353dc319ee7,740fb3096df854c83c677a06922e8be597680d006c6cd514f6d7e478e71159c0,898b962d8ed1806a2ab77bfbbdcafc5686e5f707f75a102c4dd8b420628b3c96
case_085,3,success,map_locality@b2a_w16,scene_b_fixed_partition_mapping,2146417,6446602,5796360,650242,2617024,1631,3,"[{""active_any_pipe_cycles"":1453273,""active_any_pipe_fraction"":0.6770692740506621,""core_id"":0,""op_count"":10735,""pipe_busy_cycles"":{""PIPE_M"":1162624,""PIPE_MTE2"":49366,""PIPE_MTE3"":34557,""PIPE_V"":770985},""pipe_utilization"":{""PIPE_M"":0.5416580282396198,""PIPE_MTE2"":0.02299925876472279,""PIPE_MTE3"":0.016099853849461686,""PIPE_V"":0.35919627919458336},""task_end"":2145392,""task_span_cycles"":2145392,""task_start"":0},{""active_any_pipe_cycles"":847651,""active_any_pipe_fraction"":0.39491440852360005,""core_id"":1,""op_count"":6136,""pipe_busy_cycles"":{""PIPE_M"":655248,""PIPE_MTE2"":43053,""PIPE_MTE3"":12127,""PIPE_V"":419302},""pipe_utilization"":{""PIPE_M"":0.30527525639239717,""PIPE_MTE2"":0.02005807818331666,""PIPE_MTE3"":0.005649880708175532,""PIPE_V"":0.19534973865749292},""task_end"":2129130,""task_span_cycles"":2030734,""task_start"":98396},{""active_any_pipe_cycles"":972741,""active_any_pipe_fraction"":0.4531929256989672,""core_id"":2,""op_count"":6918,""pipe_busy_cycles"":{""PIPE_M"":747344,""PIPE_MTE2"":43312,""PIPE_MTE3"":18622,""PIPE_V"":534419},""pipe_utilization"":{""PIPE_M"":0.34818211000006055,""PIPE_MTE2"":0.02017874439123432,""PIPE_MTE3"":0.008675853760010286,""PIPE_V"":0.24898190798898817},""task_end"":2146417,""task_span_cycles"":2146417,""task_start"":0}]",b2a_w16,2147544,6448266,-1127,-1664,3328,True,0,83.42683533579111,b9b439cf86cd52114b19f13381ea02ed84dc5f26a9737e5f49bec7d75b6fccb7,5c5ae751516f98b777239487238bb423c29e6ad5ac550a1c0cc002a8af7de267,28b71c369e8abb236c017a6775797c1626191bdeedc2ce457f6d65302ffb1a99
case_085,4,success,map_locality@b2a_w16,scene_b_fixed_partition_mapping,2023024,7635598,7150412,485186,3157280,1807,4,"[{""active_any_pipe_cycles"":2023024,""active_any_pipe_fraction"":1.0,""core_id"":0,""op_count"":14354,""pipe_busy_cycles"":{""PIPE_M"":1649168,""PIPE_MTE2"":60311,""PIPE_MTE3"":73636,""PIPE_V"":1017870},""pipe_utilization"":{""PIPE_M"":0.815199424228284,""PIPE_MTE2"":0.0298123007932679,""PIPE_MTE3"":0.036398974999802276,""PIPE_V"":0.5031428198577971},""task_end"":2023024,""task_span_cycles"":2023024,""task_start"":0},{""active_any_pipe_cycles"":428035,""active_any_pipe_fraction"":0.21158177065620576,""core_id"":1,""op_count"":3373,""pipe_busy_cycles"":{""PIPE_M"":303584,""PIPE_MTE2"":64971,""PIPE_MTE3"":8999,""PIPE_V"":235692},""pipe_utilization"":{""PIPE_M"":0.1500644579599649,""PIPE_MTE2"":0.032115783104896434,""PIPE_MTE3"":0.00444829127088952,""PIPE_V"":0.11650479677947469},""task_end"":2016382,""task_span_cycles"":2016382,""task_start"":0},{""active_any_pipe_cycles"":438053,""active_any_pipe_fraction"":0.21653376331669816,""core_id"":2,""op_count"":3228,""pipe_busy_cycles"":{""PIPE_M"":314496,""PIPE_MTE2"":60525,""PIPE_MTE3"":10843,""PIPE_V"":242244},""pipe_utilization"":{""PIPE_M"":0.15545836332144355,""PIPE_MTE2"":0.029918083028179596,""PIPE_MTE3"":0.0053597980053622695,""PIPE_V"":0.11974351268200475},""task_end"":2016486,""task_span_cycles"":1919659,""task_start"":96827},{""active_any_pipe_cycles"":422243,""active_any_pipe_fraction"":0.2087187299804649,""core_id"":3,""op_count"":3117,""pipe_busy_cycles"":{""PIPE_M"":297968,""PIPE_MTE2"":63168,""PIPE_MTE3"":10104,""PIPE_V"":228900},""pipe_utilization"":{""PIPE_M"":0.14728841575779625,""PIPE_MTE2"":0.031224543060289944,""PIPE_MTE3"":0.004994503278260664,""PIPE_V"":0.11314744659480065},""task_end"":2016497,""task_span_cycles"":2016497,""task_start"":0}]",b2a_w16,2023093,7635726,-69,-128,0,True,0,93.54878490045667,449a0cea3e840bbfa2c9d979a24d5f78ea64ed0703b787bf7b8057fbc37e0950,da0bfec9f829fbea538ba5b5645ee196bedba7ee4df8c45245bcdf5b8871e76f,a929ab8b1aa8ae31b25ab183c6ac7c580fb45e379c4e4c1835f12037355b38bb
case_085,5,success,stage1_actual_winner,verified_stage1_global_fallback,1871755,8938514,8496912,441602,3694784,2289,5,"[{""active_any_pipe_cycles"":1867245,""active_any_pipe_fraction"":0.9975904966194827,""core_id"":0,""op_count"":12806,""pipe_busy_cycles"":{""PIPE_M"":1524800,""PIPE_MTE2"":54402,""PIPE_MTE3"":81177,""PIPE_V"":902419},""pipe_utilization"":{""PIPE_M"":0.8146365309562416,""PIPE_MTE2"":0.02906470130973338,""PIPE_MTE3"":0.04336945807544257,""PIPE_V"":0.48212453018691015},""task_end"":1871185,""task_span_cycles"":1871185,""task_start"":0},{""active_any_pipe_cycles"":452312,""active_any_pipe_fraction"":0.24165128448969014,""core_id"":1,""op_count"":3459,""pipe_busy_cycles"":{""PIPE_M"":332432,""PIPE_MTE2"":70264,""PIPE_MTE3"":10257,""PIPE_V"":257700},""pipe_utilization"":{""PIPE_M"":0.17760444075212836,""PIPE_MTE2"":0.03753910100413783,""PIPE_MTE3"":0.005479883852320416,""PIPE_V"":0.1376782752016156},""task_end"":1871669,""task_span_cycles"":1871669,""task_start"":0},{""active_any_pipe_cycles"":425982,""active_any_pipe_fraction"":0.22758427251429808,""core_id"":2,""op_count"":3325,""pipe_busy_cycles"":{""PIPE_M"":302880,""PIPE_MTE2"":74166,""PIPE_MTE3"":9910,""PIPE_V"":234780},""pipe_utilization"":{""PIPE_M"":0.16181604964324925,""PIPE_MTE2"":0.039623775547547625,""PIPE_MTE3"":0.0052944963416686475,""PIPE_V"":0.12543308285539506},""task_end"":1871755,""task_span_cycles"":1871755,""task_start"":0},{""active_any_pipe_cycles"":316749,""active_any_pipe_fraction"":0.1692256732318065,""core_id"":3,""op_count"":3266,""pipe_busy_cycles"":{""PIPE_M"":219456,""PIPE_MTE2"":70397,""PIPE_MTE3"":7008,""PIPE_V"":183989},""pipe_utilization"":{""PIPE_M"":0.11724611394119423,""PIPE_MTE2"":0.037610157312255074,""PIPE_MTE3"":0.003744079754027637,""PIPE_V"":0.09829758702394277},""task_end"":1854528,""task_span_cycles"":1743021,""task_start"":111507},{""active_any_pipe_cycles"":265657,""active_any_pipe_fraction"":0.1419293657556678,""core_id"":4,""op_count"":2184,""pipe_busy_cycles"":{""PIPE_M"":185648,""PIPE_MTE2"":64976,""PIPE_MTE3"":6939,""PIPE_V"":145818},""pipe_utilization"":{""PIPE_M"":0.09918392097256318,""PIPE_MTE2"":0.0347139449340325,""PIPE_MTE3"":0.003707215955079591,""PIPE_V"":0.07790442659429252},""task_end"":1847756,""task_span_cycles"":1763321,""task_start"":84435}]",b2a_w16,1871755,8938514,0,0,0,False,0,148.5758304912597,8680cdc5de82407d09678cd4a7ea759493c071ebea2a5c27663e8400afe13be6,94b0a54d93de87be4365260f4af8ff677d3ac2b6710d568d60995af251234bf3,7e6ee91736fd85a161a9ae4c502dd6ec268a21f6024cdb09b2b839f940d924cd
case_086,1,success,stage1_actual_winner,verified_stage1_global_fallback,118403,0,0,0,0,0,1,"[{""active_any_pipe_cycles"":118403,""active_any_pipe_fraction"":1.0,""core_id"":0,""op_count"":5372,""pipe_busy_cycles"":{""PIPE_M"":79182,""PIPE_MTE2"":5397,""PIPE_MTE3"":286,""PIPE_V"":78060},""pipe_utilization"":{""PIPE_M"":0.6687499472141754,""PIPE_MTE2"":0.04558161533069263,""PIPE_MTE3"":0.0024154793375167857,""PIPE_V"":0.6592738359669941},""task_end"":118403,""task_span_cycles"":118403,""task_start"":0}]",single,118403,0,0,0,0,False,0,0.39706398360431194,0d563e6559f9527077a694ea99a33a07d9edeba4b7a2b92223f4385789f34c4a,ca06a209093f4c06dc42dce2de0f1de94249bc05d4d0e32764fc6a929fe5a42b,df8351326a74672dad774930f6c9c43466a2c5e3d2c03b107cc25998f11e367e
case_086,2,success,stage1_actual_winner,verified_stage1_global_fallback,72293,1407014,1407014,0,648928,612,2,"[{""active_any_pipe_cycles"":69877,""active_any_pipe_fraction"":0.9665804434730887,""core_id"":0,""op_count"":3414,""pipe_busy_cycles"":{""PIPE_M"":42156,""PIPE_MTE2"":15274,""PIPE_MTE3"":8380,""PIPE_V"":40484},""pipe_utilization"":{""PIPE_M"":0.5831269970813219,""PIPE_MTE2"":0.21127910032783256,""PIPE_MTE3"":0.11591717040377353,""PIPE_V"":0.559998893392168},""task_end"":72293,""task_span_cycles"":72293,""task_start"":0},{""active_any_pipe_cycles"":63241,""active_any_pipe_fraction"":0.8747873238072843,""core_id"":1,""op_count"":3216,""pipe_busy_cycles"":{""PIPE_M"":37026,""PIPE_MTE2"":14315,""PIPE_MTE3"":8014,""PIPE_V"":37576},""pipe_utilization"":{""PIPE_M"":0.5121657698532361,""PIPE_MTE2"":0.1980136389415296,""PIPE_MTE3"":0.11085443957229607,""PIPE_V"":0.5197736986983525},""task_end"":69540,""task_span_cycles"":69540,""task_start"":0}]",b2a_w16,72293,1407014,0,0,0,False,0,16.012408580631018,7c8ddf60ef90a217335cfba32cc129941ca071b36f0b3cf0017456b58239513c,189b5e46159ea4ef64e6e53c8b97d539ba3deec039be2873e3b249cdec2b04e0,e1f4ccb900d22199c76a80859be37660e338602cfe4e1450cf34e28ab1a11b75
case_086,3,success,map_locality@b2a_w16,scene_b_fixed_partition_mapping,58004,1846186,1846186,0,821232,828,3,"[{""active_any_pipe_cycles"":46824,""active_any_pipe_fraction"":0.8072546720915799,""core_id"":0,""op_count"":2445,""pipe_busy_cycles"":{""PIPE_M"":27996,""PIPE_MTE2"":18242,""PIPE_MTE3"":11158,""PIPE_V"":27490},""pipe_utilization"":{""PIPE_M"":0.48265636852630855,""PIPE_MTE2"":0.3144955520308944,""PIPE_MTE3"":0.19236604372112268,""PIPE_V"":0.4739328322184677},""task_end"":55123,""task_span_cycles"":55123,""task_start"":0},{""active_any_pipe_cycles"":50867,""active_any_pipe_fraction"":0.8769567616026481,""core_id"":1,""op_count"":2661,""pipe_busy_cycles"":{""PIPE_M"":30717,""PIPE_MTE2"":18159,""PIPE_MTE3"":9907,""PIPE_V"":29106},""pipe_utilization"":{""PIPE_M"":0.5295669264188677,""PIPE_MTE2"":0.31306461623336324,""PIPE_MTE3"":0.1707985656161644,""PIPE_V"":0.5017929797944969},""task_end"":58004,""task_span_cycles"":58004,""task_start"":0},{""active_any_pipe_cycles"":37773,""active_any_pipe_fraction"":0.6512137093993517,""core_id"":2,""op_count"":1982,""pipe_busy_cycles"":{""PIPE_M"":20469,""PIPE_MTE2"":15992,""PIPE_MTE3"":9626,""PIPE_V"":21464},""pipe_utilization"":{""PIPE_M"":0.35288945589959314,""PIPE_MTE2"":0.2757051237845666,""PIPE_MTE3"":0.16595407213295635,""PIPE_V"":0.3700434452796359},""task_end"":55251,""task_span_cycles"":48225,""task_start"":7026}]",b2a_w16,59591,1887018,-1587,-40832,0,True,0,23.00725781545043,bd7b07369d087cb605939a5f2bf3fdfc0aad2ab55bd74c5cddb9b29d38cc93f2,413121bd292faa7dce786e9d7c06d4370e2b3e4e29bb40e5fa0555c9d45d3ac0,0281e4d2fbd0fc94bc1decda5bccd5be02e9ab31556ca0a7521f6981503f1842
case_086,4,success,map_locality@b2a_w16,scene_b_fixed_partition_mapping,47955,2006064,2006064,0,817024,836,4,"[{""active_any_pipe_cycles"":44432,""active_any_pipe_fraction"":0.926535293504327,""core_id"":0,""op_count"":2049,""pipe_busy_cycles"":{""PIPE_M"":26394,""PIPE_MTE2"":23191,""PIPE_MTE3"":16966,""PIPE_V"":23435},""pipe_utilization"":{""PIPE_M"":0.5503909915545824,""PIPE_MTE2"":0.4835992075904494,""PIPE_MTE3"":0.3537900114690856,""PIPE_V"":0.48868731102074864},""task_end"":47955,""task_span_cycles"":47955,""task_start"":0},{""active_any_pipe_cycles"":39873,""active_any_pipe_fraction"":0.8314670003127932,""core_id"":1,""op_count"":1816,""pipe_busy_cycles"":{""PIPE_M"":18504,""PIPE_MTE2"":21943,""PIPE_MTE3"":14795,""PIPE_V"":20021},""pipe_utilization"":{""PIPE_M"":0.38586174538629964,""PIPE_MTE2"":0.4575748097174434,""PIPE_MTE3"":0.308518402669169,""PIPE_V"":0.4174955687623814},""task_end"":47524,""task_span_cycles"":47524,""task_start"":0},{""active_any_pipe_cycles"":34713,""active_any_pipe_fraction"":0.723866124491711,""core_id"":2,""op_count"":1598,""pipe_busy_cycles"":{""PIPE_M"":16134,""PIPE_MTE2"":26481,""PIPE_MTE3"":11634,""PIPE_V"":17316},""pipe_utilization"":{""PIPE_M"":0.33644041288708165,""PIPE_MTE2"":0.5522051923678448,""PIPE_MTE3"":0.2426024397873006,""PIPE_V"":0.3610885204879575},""task_end"":47520,""task_span_cycles"":47520,""task_start"":0},{""active_any_pipe_cycles"":36876,""active_any_pipe_fraction"":0.7689709102283391,""core_id"":3,""op_count"":1685,""pipe_busy_cycles"":{""PIPE_M"":18150,""PIPE_MTE2"":23087,""PIPE_MTE3"":12991,""PIPE_V"":17288},""pipe_utilization"":{""PIPE_M"":0.3784798248357836,""PIPE_MTE2"":0.4814305077676989,""PIPE_MTE3"":0.27089980189761237,""PIPE_V"":0.3605046397664477},""task_end"":47789,""task_span_cycles"":47789,""task_start"":0}]",b2a_w16,50307,2207726,-2352,-201662,0,True,0,26.096163036301732,b4d0906a518648eb1ecba46f6806a54afb1b8ff46228e7fdf79d7021b3174e2a,7d0be868f051448001973e507e286f43ad4806647d2056d9092455de0fa979c8,0b5788de5044afb3d3c78ca82b6a1f0720ff80e3cd78a1f40a0d97014a84ccd5
case_086,5,success,inherit_final_k4,recursive_final_winner_inheritance,47955,2006064,2006064,0,817024,836,4,"[{""active_any_pipe_cycles"":44432,""active_any_pipe_fraction"":0.926535293504327,""core_id"":0,""op_count"":2049,""pipe_busy_cycles"":{""PIPE_M"":26394,""PIPE_MTE2"":23191,""PIPE_MTE3"":16966,""PIPE_V"":23435},""pipe_utilization"":{""PIPE_M"":0.5503909915545824,""PIPE_MTE2"":0.4835992075904494,""PIPE_MTE3"":0.3537900114690856,""PIPE_V"":0.48868731102074864},""task_end"":47955,""task_span_cycles"":47955,""task_start"":0},{""active_any_pipe_cycles"":39873,""active_any_pipe_fraction"":0.8314670003127932,""core_id"":1,""op_count"":1816,""pipe_busy_cycles"":{""PIPE_M"":18504,""PIPE_MTE2"":21943,""PIPE_MTE3"":14795,""PIPE_V"":20021},""pipe_utilization"":{""PIPE_M"":0.38586174538629964,""PIPE_MTE2"":0.4575748097174434,""PIPE_MTE3"":0.308518402669169,""PIPE_V"":0.4174955687623814},""task_end"":47524,""task_span_cycles"":47524,""task_start"":0},{""active_any_pipe_cycles"":34713,""active_any_pipe_fraction"":0.723866124491711,""core_id"":2,""op_count"":1598,""pipe_busy_cycles"":{""PIPE_M"":16134,""PIPE_MTE2"":26481,""PIPE_MTE3"":11634,""PIPE_V"":17316},""pipe_utilization"":{""PIPE_M"":0.33644041288708165,""PIPE_MTE2"":0.5522051923678448,""PIPE_MTE3"":0.2426024397873006,""PIPE_V"":0.3610885204879575},""task_end"":47520,""task_span_cycles"":47520,""task_start"":0},{""active_any_pipe_cycles"":36876,""active_any_pipe_fraction"":0.7689709102283391,""core_id"":3,""op_count"":1685,""pipe_busy_cycles"":{""PIPE_M"":18150,""PIPE_MTE2"":23087,""PIPE_MTE3"":12991,""PIPE_V"":17288},""pipe_utilization"":{""PIPE_M"":0.3784798248357836,""PIPE_MTE2"":0.4814305077676989,""PIPE_MTE3"":0.27089980189761237,""PIPE_V"":0.3605046397664477},""task_end"":47789,""task_span_cycles"":47789,""task_start"":0},{""active_any_pipe_cycles"":0,""active_any_pipe_fraction"":0.0,""core_id"":4,""op_count"":0,""pipe_busy_cycles"":{},""pipe_utilization"":{},""task_end"":0,""task_span_cycles"":0,""task_start"":0}]",inherit_k4,50307,2207726,-2352,-201662,0,True,0,29.507695138454437,ca13ab3ba278f8470a708fb58f1108044851f7f1a7fc0ad62ca1e00a5f3abea2,fd23ff8e9cbbb2d9c90f87d68b444bcf87fb5b4412148ce5354fa72a1fe3665a,8593e6ec8bcc1385987201293ab33cb9332a8f9b66f7585d65291a7ea846d701
case_087,1,success,stage1_actual_winner,verified_stage1_global_fallback,3974071,7902720,0,7902720,0,0,1,"[{""active_any_pipe_cycles"":3974071,""active_any_pipe_fraction"":1.0,""core_id"":0,""op_count"":30381,""pipe_busy_cycles"":{""PIPE_M"":3593280,""PIPE_MTE2"":231102,""PIPE_MTE3"":297,""PIPE_V"":882784},""pipe_utilization"":{""PIPE_M"":0.9041811281177412,""PIPE_MTE2"":0.05815245877590008,""PIPE_MTE3"":7.473444737147374e-05,""PIPE_V"":0.22213594070161302},""task_end"":3974071,""task_span_cycles"":3974071,""task_start"":0}]",single,3974071,7902720,0,0,0,False,0,2.7353715784847736,63ab0b24258b66da659e7926849e78ee6353de8548fd2d3602dd94b4f8febdce,795f398b72807e931429c714134052cd499ee676c3f5439284a9270f9e93a1a9,1403bfc48acd9e82efe2381bd791aad64e4b81558a631536f0ff4d22060a8a6f
case_087,2,success,stage1_actual_winner,verified_stage1_global_fallback,2287771,27330880,13659712,13671168,6809824,1551,2,"[{""active_any_pipe_cycles"":2287771,""active_any_pipe_fraction"":1.0,""core_id"":0,""op_count"":16015,""pipe_busy_cycles"":{""PIPE_M"":1927680,""PIPE_MTE2"":198560,""PIPE_MTE3"":139110,""PIPE_V"":498089},""pipe_utilization"":{""PIPE_M"":0.8426018163531227,""PIPE_MTE2"":0.08679190356027766,""PIPE_MTE3"":0.060805911081135304,""PIPE_V"":0.21771803209324708},""task_end"":2287771,""task_span_cycles"":2287771,""task_start"":0},{""active_any_pipe_cycles"":1953212,""active_any_pipe_fraction"":0.8537620242585469,""core_id"":1,""op_count"":18897,""pipe_busy_cycles"":{""PIPE_M"":1665600,""PIPE_MTE2"":180238,""PIPE_MTE3"":119946,""PIPE_V"":384695},""pipe_utilization"":{""PIPE_M"":0.7280448961019262,""PIPE_MTE2"":0.0787832348604821,""PIPE_MTE3"":0.052429198551778126,""PIPE_V"":0.1681527565477489},""task_end"":2110681,""task_span_cycles"":2110681,""task_start"":0}]",b2a_w4,2287771,27330880,0,0,0,False,0,136.0907887481153,b9a5c7e9f216b9addb5a42fdf920e6c059df66c93c53fff759e6eb230a39d0b1,4e3e60e723404d7f8c975ff057edb58c956e3b72f59f0052771f753e5dd180b0,141847a08ac19e4a3fa0777c3a3f03ab1a411b9aed5b3a6635508a1c5d121a12
case_087,3,success,stage1_actual_winner,verified_stage1_global_fallback,1577719,26520992,18375680,8145312,9157056,2074,3,"[{""active_any_pipe_cycles"":1577719,""active_any_pipe_fraction"":1.0,""core_id"":0,""op_count"":10891,""pipe_busy_cycles"":{""PIPE_M"":1409880,""PIPE_MTE2"":73116,""PIPE_MTE3"":120171,""PIPE_V"":346920},""pipe_utilization"":{""PIPE_M"":0.893619205954926,""PIPE_MTE2"":0.04634285319502396,""PIPE_MTE3"":0.07616755581950906,""PIPE_V"":0.2198870648068509},""task_end"":1577719,""task_span_cycles"":1577719,""task_start"":0},{""active_any_pipe_cycles"":1568960,""active_any_pipe_fraction"":0.9944483143069203,""core_id"":1,""op_count"":16632,""pipe_busy_cycles"":{""PIPE_M"":1316160,""PIPE_MTE2"":174697,""PIPE_MTE3"":89863,""PIPE_V"":338581},""pipe_utilization"":{""PIPE_M"":0.8342169930133313,""PIPE_MTE2"":0.11072757569630587,""PIPE_MTE3"":0.05695754440429506,""PIPE_V"":0.21460158621402164},""task_end"":1569332,""task_span_cycles"":1569332,""task_start"":0},{""active_any_pipe_cycles"":1120927,""active_any_pipe_fraction"":0.710473157767638,""core_id"":2,""op_count"":7161,""pipe_busy_cycles"":{""PIPE_M"":867240,""PIPE_MTE2"":258152,""PIPE_MTE3"":115476,""PIPE_V"":197283},""pipe_utilization"":{""PIPE_M"":0.5496796324313772,""PIPE_MTE2"":0.16362356034249445,""PIPE_MTE3"":0.0731917407345668,""PIPE_V"":0.12504317942548704},""task_end"":1120927,""task_span_cycles"":1120927,""task_start"":0}]",b2a_w4,1577719,26520992,0,0,0,False,0,153.8844431862235,5f5725ce4836278207e3feb8b521a19b4323643ae0f4cc6e4f2c739a0c5329d7,ed38de740c931b86bea1b850937f9c2613bf338c181a523d9954e213eeaf6904,6e331ec7923d60bc026fb893f37f232f798025d8c11e698afb66e7c58cc4c2d6
case_087,4,success,stage1_actual_winner,verified_stage1_global_fallback,1349330,30983720,26254760,4728960,11908682,3669,4,"[{""active_any_pipe_cycles"":1328710,""active_any_pipe_fraction"":0.9847183416955081,""core_id"":0,""op_count"":9727,""pipe_busy_cycles"":{""PIPE_M"":1048716,""PIPE_MTE2"":269553,""PIPE_MTE3"":186117,""PIPE_V"":293243},""pipe_utilization"":{""PIPE_M"":0.777212394299393,""PIPE_MTE2"":0.199768033023797,""PIPE_MTE3"":0.13793290003186767,""PIPE_V"":0.21732489457730875},""task_end"":1349330,""task_span_cycles"":1349330,""task_start"":0},{""active_any_pipe_cycles"":1297994,""active_any_pipe_fraction"":0.9619544514685066,""core_id"":1,""op_count"":12549,""pipe_busy_cycles"":{""PIPE_M"":972108,""PIPE_MTE2"":330114,""PIPE_MTE3"":183257,""PIPE_V"":258491},""pipe_utilization"":{""PIPE_M"":0.7204375504880199,""PIPE_MTE2"":0.2446503079306026,""PIPE_MTE3"":0.13581332957838335,""PIPE_V"":0.19156989024182372},""task_end"":1300076,""task_span_cycles"":1300076,""task_start"":0},{""active_any_pipe_cycles"":1074722,""active_any_pipe_fraction"":0.796485663255097,""core_id"":2,""op_count"":7246,""pipe_busy_cycles"":{""PIPE_M"":870420,""PIPE_MTE2"":244902,""PIPE_MTE3"":168256,""PIPE_V"":149343},""pipe_utilization"":{""PIPE_M"":0.6450757042383998,""PIPE_MTE2"":0.18149896615357253,""PIPE_MTE3"":0.12469596021729303,""PIPE_V"":0.11067937420794023},""task_end"":1283830,""task_span_cycles"":1283830,""task_start"":0},{""active_any_pipe_cycles"":982872,""active_any_pipe_fraction"":0.7284148429220428,""core_id"":3,""op_count"":7839,""pipe_busy_cycles"":{""PIPE_M"":702036,""PIPE_MTE2"":327954,""PIPE_MTE3"":151499,""PIPE_V"":181707},""pipe_utilization"":{""PIPE_M"":0.5202848821266851,""PIPE_MTE2"":0.24304951346223683,""PIPE_MTE3"":0.11227720424210534,""PIPE_V"":0.13466461132562085},""task_end"":1283879,""task_span_cycles"":1283879,""task_start"":0}]",b2a_w8,1349330,30983720,0,0,0,False,0,199.5033801831305,8b732c5ccac14e1c7533a0a1deec89ed886b5273e03cffa19f2fdaf905fed0d7,a8d14188b9e127738be414d446ce66fbb8609e2094e14fee77618584b46a4d5c,33ca4f92db639f58ce632ae9ff5de8a39853143450680efd6881a7cadb78dd00
case_087,5,success,stage1_actual_winner,verified_stage1_global_fallback,1166481,31414764,29026668,2388096,12940138,3965,5,"[{""active_any_pipe_cycles"":1050649,""active_any_pipe_fraction"":0.9006996256261354,""core_id"":0,""op_count"":8324,""pipe_busy_cycles"":{""PIPE_M"":894528,""PIPE_MTE2"":134144,""PIPE_MTE3"":97722,""PIPE_V"":250152},""pipe_utilization"":{""PIPE_M"":0.766860326057604,""PIPE_MTE2"":0.11499887267773758,""PIPE_MTE3"":0.08377504648596934,""PIPE_V"":0.21445012820611736},""task_end"":1166481,""task_span_cycles"":1166481,""task_start"":0},{""active_any_pipe_cycles"":975687,""active_any_pipe_fraction"":0.8364362557126949,""core_id"":1,""op_count"":8211,""pipe_busy_cycles"":{""PIPE_M"":690708,""PIPE_MTE2"":363739,""PIPE_MTE3"":93979,""PIPE_V"":175291},""pipe_utilization"":{""PIPE_M"":0.5921296617776028,""PIPE_MTE2"":0.3118259105806267,""PIPE_MTE3"":0.0805662501146611,""PIPE_V"":0.15027334350066568},""task_end"":981436,""task_span_cycles"":981436,""task_start"":0},{""active_any_pipe_cycles"":935158,""active_any_pipe_fraction"":0.8016915834891438,""core_id"":2,""op_count"":6701,""pipe_busy_cycles"":{""PIPE_M"":672792,""PIPE_MTE2"":324476,""PIPE_MTE3"":86497,""PIPE_V"":151714},""pipe_utilization"":{""PIPE_M"":0.5767706460713891,""PIPE_MTE2"":0.2781665539344404,""PIPE_MTE3"":0.0741520864891927,""PIPE_V"":0.13006126975064317},""task_end"":980667,""task_span_cycles"":980667,""task_start"":0},{""active_any_pipe_cycles"":949213,""active_any_pipe_fraction"":0.8137406438681813,""core_id"":3,""op_count"":7109,""pipe_busy_cycles"":{""PIPE_M"":681732,""PIPE_MTE2"":349579,""PIPE_MTE3"":79675,""PIPE_V"":164099},""pipe_utilization"":{""PIPE_M"":0.5844347228973297,""PIPE_MTE2"":0.29968683587645234,""PIPE_MTE3"":0.06830372719315617,""PIPE_V"":0.14067867372036064},""task_end"":976364,""task_span_cycles"":976364,""task_start"":0},{""active_any_pipe_cycles"":912385,""active_any_pipe_fraction"":0.7821687622858838,""core_id"":4,""op_count"":7156,""pipe_busy_cycles"":{""PIPE_M"":653520,""PIPE_MTE2"":322345,""PIPE_MTE3"":104353,""PIPE_V"":141528},""pipe_utilization"":{""PIPE_M"":0.5602491596519789,""PIPE_MTE2"":0.27633969177380513,""PIPE_MTE3"":0.08945966543818545,""PIPE_V"":0.1213290229330782},""task_end"":975670,""task_span_cycles"":975670,""task_start"":0}]",b2a_w8,1166481,31414764,0,0,0,False,0,265.40291887149215,992b0be33a8712c3fa20d779110ae438c31ed0853c66e12eef0dd67c96911f0b,f0e52fd705584a88f8bc591500344163b6b04270f603c1679540f298353600b9,596bb7fbef1e48a9c48c3dedf686ad94c216704afe07a0bed4d4706bdcbead4f
case_088,1,success,stage1_actual_winner,verified_stage1_global_fallback,243623,0,0,0,0,0,1,"[{""active_any_pipe_cycles"":243623,""active_any_pipe_fraction"":1.0,""core_id"":0,""op_count"":3577,""pipe_busy_cycles"":{""PIPE_M"":173608,""PIPE_MTE2"":30650,""PIPE_MTE3"":37,""PIPE_V"":99744},""pipe_utilization"":{""PIPE_M"":0.7126092364021459,""PIPE_MTE2"":0.12580913953116085,""PIPE_MTE3"":0.00015187400204414199,""PIPE_V"":0.4094194718889432},""task_end"":243623,""task_span_cycles"":243623,""task_start"":0}]",single,243623,0,0,0,0,False,0,0.23833011649549007,fbc8f541d36e9683489b327888fc9fa266e6c3025176d0e02c5daaa7c4b2f76c,e4a76454d8084136fa297dd748542420e09ee0df4ab8bbf2eb2aa505357853f5,6aee6aa43cf8cbd955f6710538ba8723f9c8e14008da0cb012319ca85dba49d1
case_088,2,success,stage1_actual_winner,verified_stage1_global_fallback,135090,1448280,1448280,0,462698,336,2,"[{""active_any_pipe_cycles"":135090,""active_any_pipe_fraction"":1.0,""core_id"":0,""op_count"":2654,""pipe_busy_cycles"":{""PIPE_M"":91664,""PIPE_MTE2"":40111,""PIPE_MTE3"":5249,""PIPE_V"":56797},""pipe_utilization"":{""PIPE_M"":0.6785402324376342,""PIPE_MTE2"":0.29692057147087125,""PIPE_MTE3"":0.03885557776297283,""PIPE_V"":0.4204382263676068},""task_end"":135090,""task_span_cycles"":135090,""task_start"":0},{""active_any_pipe_cycles"":110842,""active_any_pipe_fraction"":0.8205048486194388,""core_id"":1,""op_count"":1645,""pipe_busy_cycles"":{""PIPE_M"":81944,""PIPE_MTE2"":25802,""PIPE_MTE3"":6755,""PIPE_V"":42947},""pipe_utilization"":{""PIPE_M"":0.6065882004589533,""PIPE_MTE2"":0.1909985935302391,""PIPE_MTE3"":0.050003701236212894,""PIPE_V"":0.3179139832704123},""task_end"":132535,""task_span_cycles"":132535,""task_start"":0}]",b2a_w16,135090,1448280,0,0,0,False,0,6.0513662081211805,19579274ce35a386a0e507187371498127af62ee859407f4398652f54646cfb2,8a91e14e128f4d31bc9b4dfbc8f0792fd8b9bb8dc9540a678b160792a875b423,f5da4bab1ef6ffee162c43fdc53ca33a58eced8d5b17c86c2bd62ef05715ccfd
case_088,3,success,stage1_actual_winner,verified_stage1_global_fallback,103380,2190628,2190628,0,566030,437,3,"[{""active_any_pipe_cycles"":95434,""active_any_pipe_fraction"":0.9231379377055523,""core_id"":0,""op_count"":1709,""pipe_busy_cycles"":{""PIPE_M"":60352,""PIPE_MTE2"":42255,""PIPE_MTE3"":4792,""PIPE_V"":36107},""pipe_utilization"":{""PIPE_M"":0.583787966724705,""PIPE_MTE2"":0.4087347649448636,""PIPE_MTE3"":0.04635325981814664,""PIPE_V"":0.34926484813310116},""task_end"":102907,""task_span_cycles"":102907,""task_start"":0},{""active_any_pipe_cycles"":90802,""active_any_pipe_fraction"":0.8783323660282453,""core_id"":1,""op_count"":1638,""pipe_busy_cycles"":{""PIPE_M"":62504,""PIPE_MTE2"":35947,""PIPE_MTE3"":6730,""PIPE_V"":36072},""pipe_utilization"":{""PIPE_M"":0.6046043722189979,""PIPE_MTE2"":0.34771715999226155,""PIPE_MTE3"":0.06509963242406655,""PIPE_V"":0.34892629135229253},""task_end"":103380,""task_span_cycles"":103380,""task_start"":0},{""active_any_pipe_cycles"":75873,""active_any_pipe_fraction"":0.7339233894370284,""core_id"":2,""op_count"":1195,""pipe_busy_cycles"":{""PIPE_M"":50752,""PIPE_MTE2"":29963,""PIPE_MTE3"":6924,""PIPE_V"":27565},""pipe_utilization"":{""PIPE_M"":0.49092667827432773,""PIPE_MTE2"":0.28983362352485975,""PIPE_MTE3"":0.06697620429483458,""PIPE_V"":0.2666376475140259},""task_end"":99410,""task_span_cycles"":99410,""task_start"":0}]",b2a_w16,103380,2190628,0,0,0,False,0,14.900437735021114,0644b33bac9f8f6a150cb3287e3fccf24370ae27f8f98ec0b3f26bda8e62b696,b51acbbad1d580f869abe4526ee3fdc39b9bfbd9b46dd1e935ab8b81c98a46c4,acc1293779ee109b76c9325d2794d965179b49ef3bd0bb64eac10c7e56ab5810
case_088,4,success,map_locality@b2a_w16,scene_b_fixed_partition_mapping,88183,2121308,2121308,0,546728,497,4,"[{""active_any_pipe_cycles"":69599,""active_any_pipe_fraction"":0.7892564326457481,""core_id"":0,""op_count"":1170,""pipe_busy_cycles"":{""PIPE_M"":41584,""PIPE_MTE2"":40062,""PIPE_MTE3"":5001,""PIPE_V"":26588},""pipe_utilization"":{""PIPE_M"":0.4715648140798113,""PIPE_MTE2"":0.45430525157910256,""PIPE_MTE3"":0.05671161108150097,""PIPE_V"":0.3015093612147466},""task_end"":88183,""task_span_cycles"":88183,""task_start"":0},{""active_any_pipe_cycles"":64603,""active_any_pipe_fraction"":0.7326015218352744,""core_id"":1,""op_count"":1135,""pipe_busy_cycles"":{""PIPE_M"":39852,""PIPE_MTE2"":40230,""PIPE_MTE3"":3736,""PIPE_V"":22154},""pipe_utilization"":{""PIPE_M"":0.45192384019595616,""PIPE_MTE2"":0.4562103806856197,""PIPE_MTE3"":0.04236644251159521,""PIPE_V"":0.25122756086774095},""task_end"":87077,""task_span_cycles"":87077,""task_start"":0},{""active_any_pipe_cycles"":63963,""active_any_pipe_fraction"":0.7253438871437805,""core_id"":2,""op_count"":935,""pipe_busy_cycles"":{""PIPE_M"":41028,""PIPE_MTE2"":37219,""PIPE_MTE3"":3716,""PIPE_V"":17999},""pipe_utilization"":{""PIPE_M"":0.46525974394157604,""PIPE_MTE2"":0.42206547747298234,""PIPE_MTE3"":0.042139641427486024,""PIPE_V"":0.20410963564405837},""task_end"":85727,""task_span_cycles"":85727,""task_start"":0},{""active_any_pipe_cycles"":83639,""active_any_pipe_fraction"":0.9484707936903939,""core_id"":3,""op_count"":1423,""pipe_busy_cycles"":{""PIPE_M"":51144,""PIPE_MTE2"":48063,""PIPE_MTE3"":6404,""PIPE_V"":33003},""pipe_utilization"":{""PIPE_M"":0.5799757322840003,""PIPE_MTE2"":0.5450370252769808,""PIPE_MTE3"":0.0726217071317601,""PIPE_V"":0.3742558089427667},""task_end"":85962,""task_span_cycles"":85962,""task_start"":0}]",b2a_w16,89258,2328100,-1075,-206792,0,True,0,18.047092743217945,653db999ddb1eee7ee334f23d8fd6f5b0eb2bd458d43e8dbc48f781ad93363a6,1778df5b92d3542f85ba52abf762040b0584bf0e3132c8cf568ef9e2e5ce52cf,272b8bbac508ad9e8b5fed30bd978e62c5a04e89e5e96ded676f698f9efebf40
case_088,5,success,stage1_actual_winner,verified_stage1_global_fallback,81894,2269000,2269000,0,610332,539,5,"[{""active_any_pipe_cycles"":78573,""active_any_pipe_fraction"":0.9594475785771851,""core_id"":0,""op_count"":1131,""pipe_busy_cycles"":{""PIPE_M"":43668,""PIPE_MTE2"":55965,""PIPE_MTE3"":6910,""PIPE_V"":22458},""pipe_utilization"":{""PIPE_M"":0.5332258773536522,""PIPE_MTE2"":0.6833833980511392,""PIPE_MTE3"":0.084377365863189,""PIPE_V"":0.2742325445087552},""task_end"":81724,""task_span_cycles"":81724,""task_start"":0},{""active_any_pipe_cycles"":66035,""active_any_pipe_fraction"":0.8063472293452512,""core_id"":1,""op_count"":991,""pipe_busy_cycles"":{""PIPE_M"":44840,""PIPE_MTE2"":42770,""PIPE_MTE3"":5360,""PIPE_V"":20864},""pipe_utilization"":{""PIPE_M"":0.5475370601020831,""PIPE_MTE2"":0.5222604830634723,""PIPE_MTE3"":0.06545046035118568,""PIPE_V"":0.25476835909834666},""task_end"":81894,""task_span_cycles"":81894,""task_start"":0},{""active_any_pipe_cycles"":67276,""active_any_pipe_fraction"":0.8215009646616358,""core_id"":2,""op_count"":1042,""pipe_busy_cycles"":{""PIPE_M"":44116,""PIPE_MTE2"":43214,""PIPE_MTE3"":5174,""PIPE_V"":20336},""pipe_utilization"":{""PIPE_M"":0.5386963635919604,""PIPE_MTE2"":0.5276821256746526,""PIPE_MTE3"":0.06317923168974528,""PIPE_V"":0.24832100031748358},""task_end"":81321,""task_span_cycles"":81321,""task_start"":0},{""active_any_pipe_cycles"":51913,""active_any_pipe_fraction"":0.633904803770728,""core_id"":3,""op_count"":901,""pipe_busy_cycles"":{""PIPE_M"":23928,""PIPE_MTE2"":41122,""PIPE_MTE3"":8124,""PIPE_V"":16403},""pipe_utilization"":{""PIPE_M"":0.29218257747820353,""PIPE_MTE2"":0.5021369086868391,""PIPE_MTE3"":0.09920140669646128,""PIPE_V"":0.20029550394412288},""task_end"":79983,""task_span_cycles"":79983,""task_start"":0},{""active_any_pipe_cycles"":40888,""active_any_pipe_fraction"":0.49927955649986566,""core_id"":4,""op_count"":688,""pipe_busy_cycles"":{""PIPE_M"":17056,""PIPE_MTE2"":26528,""PIPE_MTE3"":9537,""PIPE_V"":19683},""pipe_utilization"":{""PIPE_M"":0.20826922607272816,""PIPE_MTE2"":0.3239309351112414,""PIPE_MTE3"":0.11645541797933914,""PIPE_V"":0.2403472781888783},""task_end"":74202,""task_span_cycles"":74202,""task_start"":0}]",b2a_w16,81894,2269000,0,0,0,False,0,20.123884918168187,c317e9cb47610285f0a92c36b04de8b727fbff63635cc79d3306ac8970c7dd46,837c430a28b3e552b5feb73f6610e5ba9a8f7855a249c2234cee44a29a92cef8,0ec0f664a423382b50e42e1145c57a6ef1b4b899ac3610779b45a790ca7dca64
case_089,1,success,stage1_actual_winner,verified_stage1_global_fallback,693092,0,0,0,0,0,1,"[{""active_any_pipe_cycles"":693092,""active_any_pipe_fraction"":1.0,""core_id"":0,""op_count"":5254,""pipe_busy_cycles"":{""PIPE_M"":589120,""PIPE_MTE2"":6770,""PIPE_MTE3"":2760,""PIPE_V"":109760},""pipe_utilization"":{""PIPE_M"":0.8499881689588107,""PIPE_MTE2"":0.009767823030708766,""PIPE_MTE3"":0.003982155327142717,""PIPE_V"":0.15836281474897992},""task_end"":693092,""task_span_cycles"":693092,""task_start"":0}]",single,693092,0,0,0,0,False,0,0.40329778380692005,18454e681cf07a9862e583f7bae3c56e001968a53e885384408412508053a2cd,137963c26643e06da4dac2fdc3998fececcc67d6a8201593698ea4c92d8b37f4,44c478a3bd9d34647b95df0591b22cb059a7a1d91a903c9f05108888a3eb8568
case_089,2,success,stage1_actual_winner,verified_stage1_global_fallback,339435,295552,295552,0,30720,70,2,"[{""active_any_pipe_cycles"":335675,""active_any_pipe_fraction"":0.988922768718606,""core_id"":0,""op_count"":2694,""pipe_busy_cycles"":{""PIPE_M"":293000,""PIPE_MTE2"":9421,""PIPE_MTE3"":1808,""PIPE_V"":54560},""pipe_utilization"":{""PIPE_M"":0.8631991397469324,""PIPE_MTE2"":0.02775494571862065,""PIPE_MTE3"":0.0053264984459469415,""PIPE_V"":0.16073769646618646},""task_end"":335675,""task_span_cycles"":335675,""task_start"":0},{""active_any_pipe_cycles"":339435,""active_any_pipe_fraction"":1.0,""core_id"":1,""op_count"":2753,""pipe_busy_cycles"":{""PIPE_M"":296120,""PIPE_MTE2"":9271,""PIPE_MTE3"":1755,""PIPE_V"":55200},""pipe_utilization"":{""PIPE_M"":0.87239088485277,""PIPE_MTE2"":0.02731303489622461,""PIPE_MTE3"":0.005170356622033674,""PIPE_V"":0.16262318264174289},""task_end"":339435,""task_span_cycles"":339435,""task_start"":0}]",b2a_w16,339435,295552,0,0,0,False,0,8.569349063560367,d0c842d1e000df3332842ccc2beb5126ab188b1df9672069167b04bf2e56f0ab,df5edb867928f0024bd731911dd8c3238cf9cbd70547f84865342e844275c4ec,7b20da134b96da5ec36fd62595471a57010427e84e3f4112a91c1752df0bab56
case_089,3,success,stage1_actual_winner,verified_stage1_global_fallback,226846,2037504,2037504,0,784640,453,3,"[{""active_any_pipe_cycles"":223419,""active_any_pipe_fraction"":0.9848928347865953,""core_id"":0,""op_count"":2084,""pipe_busy_cycles"":{""PIPE_M"":194764,""PIPE_MTE2"":16549,""PIPE_MTE3"":11452,""PIPE_V"":36572},""pipe_utilization"":{""PIPE_M"":0.8585736579000732,""PIPE_MTE2"":0.07295257575623991,""PIPE_MTE3"":0.05048358798480026,""PIPE_V"":0.16121950574398491},""task_end"":223419,""task_span_cycles"":223419,""task_start"":0},{""active_any_pipe_cycles"":226846,""active_any_pipe_fraction"":1.0,""core_id"":1,""op_count"":2046,""pipe_busy_cycles"":{""PIPE_M"":196824,""PIPE_MTE2"":17900,""PIPE_MTE3"":12195,""PIPE_V"":37844},""pipe_utilization"":{""PIPE_M"":0.8676547084806433,""PIPE_MTE2"":0.07890815795738078,""PIPE_MTE3"":0.05375893778157869,""PIPE_V"":0.16682683406363788},""task_end"":226846,""task_span_cycles"":226846,""task_start"":0},{""active_any_pipe_cycles"":224682,""active_any_pipe_fraction"":0.9904604886134205,""core_id"":2,""op_count"":2136,""pipe_busy_cycles"":{""PIPE_M"":197532,""PIPE_MTE2"":16402,""PIPE_MTE3"":12158,""PIPE_V"":35344},""pipe_utilization"":{""PIPE_M"":0.8707757685830916,""PIPE_MTE2"":0.0723045590400536,""PIPE_MTE3"":0.0535958315332869,""PIPE_V"":0.15580614161148973},""task_end"":224682,""task_span_cycles"":224682,""task_start"":0}]",b2a_w16,226846,2037504,0,0,0,False,0,16.32517051510513,d9859fd94ea6f2ef9e1ae6119555581c6cabc6a2ccbd0dc389521887f8891b3d,7b7bac62a7877de5b7f4e8b826dbb9fc0583b9eb5b1445f4a37c30c1c8b84df3,7a4362c536aed18755960d352dd076574ff89b915aaa2e891a2c997f234f7b9a
case_089,4,success,stage1_actual_winner,verified_stage1_global_fallback,170137,1575296,1575296,0,436480,375,4,"[{""active_any_pipe_cycles"":169078,""active_any_pipe_fraction"":0.9937756043658934,""core_id"":0,""op_count"":1499,""pipe_busy_cycles"":{""PIPE_M"":148000,""PIPE_MTE2"":14891,""PIPE_MTE3"":7322,""PIPE_V"":26800},""pipe_utilization"":{""PIPE_M"":0.869887208543703,""PIPE_MTE2"":0.0875235839352992,""PIPE_MTE3"":0.043035906357817524,""PIPE_V"":0.15752011614169759},""task_end"":169078,""task_span_cycles"":169078,""task_start"":0},{""active_any_pipe_cycles"":169877,""active_any_pipe_fraction"":0.9984718197687745,""core_id"":1,""op_count"":1503,""pipe_busy_cycles"":{""PIPE_M"":148060,""PIPE_MTE2"":12770,""PIPE_MTE3"":1767,""PIPE_V"":27600},""pipe_utilization"":{""PIPE_M"":0.8702398655201397,""PIPE_MTE2"":0.07505715981826411,""PIPE_MTE3"":0.010385747956058941,""PIPE_V"":0.16222220916085273},""task_end"":169877,""task_span_cycles"":169877,""task_start"":0},{""active_any_pipe_cycles"":166779,""active_any_pipe_fraction"":0.9802629645520963,""core_id"":2,""op_count"":1553,""pipe_busy_cycles"":{""PIPE_M"":145400,""PIPE_MTE2"":15338,""PIPE_MTE3"":7696,""PIPE_V"":26340},""pipe_utilization"":{""PIPE_M"":0.8546054062314488,""PIPE_MTE2"":0.09015087840975214,""PIPE_MTE3"":0.04523413484427256,""PIPE_V"":0.15481641265568336},""task_end"":166779,""task_span_cycles"":166779,""task_start"":0},{""active_any_pipe_cycles"":170137,""active_any_pipe_fraction"":1.0,""core_id"":3,""op_count"":1608,""pipe_busy_cycles"":{""PIPE_M"":147660,""PIPE_MTE2"":16461,""PIPE_MTE3"":8478,""PIPE_V"":29020},""pipe_utilization"":{""PIPE_M"":0.867888819010562,""PIPE_MTE2"":0.09675144148539118,""PIPE_MTE3"":0.04983043077049672,""PIPE_V"":0.1705684242698531},""task_end"":170137,""task_span_cycles"":170137,""task_start"":0}]",b2a_w16,170137,1575296,0,0,0,False,0,18.912126880139112,24facf9911977774f4081aca787280b00294b691a5188d707495019cc75b94d2,09784b537b2b5f96451bd56cb782fe5ee8c8a10b234ba29d14bb2d6993a9a976,cd10be96266a95472a8160f55ad3c9c4958ea13bf0f131c172a1960bd5a8c7c7
case_089,5,success,map_locality@b2a_w16,scene_b_fixed_partition_mapping,136648,1860096,1860096,0,461824,344,5,"[{""active_any_pipe_cycles"":133965,""active_any_pipe_fraction"":0.98036561091271,""core_id"":0,""op_count"":1166,""pipe_busy_cycles"":{""PIPE_M"":117200,""PIPE_MTE2"":19331,""PIPE_MTE3"":6484,""PIPE_V"":21120},""pipe_utilization"":{""PIPE_M"":0.8576781218898191,""PIPE_MTE2"":0.14146566360283355,""PIPE_MTE3"":0.04745038346701013,""PIPE_V"":0.15455769568526434},""task_end"":133965,""task_span_cycles"":133965,""task_start"":0},{""active_any_pipe_cycles"":133480,""active_any_pipe_fraction"":0.9768163456472103,""core_id"":1,""op_count"":1221,""pipe_busy_cycles"":{""PIPE_M"":116320,""PIPE_MTE2"":18430,""PIPE_MTE3"":6734,""PIPE_V"":21072},""pipe_utilization"":{""PIPE_M"":0.8512382179029331,""PIPE_MTE2"":0.13487208008898777,""PIPE_MTE3"":0.04927990164510274,""PIPE_V"":0.15420642819507055},""task_end"":133480,""task_span_cycles"":133480,""task_start"":0},{""active_any_pipe_cycles"":136648,""active_any_pipe_fraction"":1.0,""core_id"":2,""op_count"":1233,""pipe_busy_cycles"":{""PIPE_M"":119024,""PIPE_MTE2"":19924,""PIPE_MTE3"":6069,""PIPE_V"":22272},""pipe_utilization"":{""PIPE_M"":0.8710262865171828,""PIPE_MTE2"":0.14580528072126925,""PIPE_MTE3"":0.04441338329137638,""PIPE_V"":0.16298811544991512},""task_end"":136648,""task_span_cycles"":136648,""task_start"":0},{""active_any_pipe_cycles"":136216,""active_any_pipe_fraction"":0.9968385925882559,""core_id"":3,""op_count"":1281,""pipe_busy_cycles"":{""PIPE_M"":118128,""PIPE_MTE2"":20347,""PIPE_MTE3"":6944,""PIPE_V"":23216},""pipe_utilization"":{""PIPE_M"":0.8644692933668989,""PIPE_MTE2"":0.14890082547860195,""PIPE_MTE3"":0.050816696914700546,""PIPE_V"":0.16989637609039285},""task_end"":136216,""task_span_cycles"":136216,""task_start"":0},{""active_any_pipe_cycles"":136008,""active_any_pipe_fraction"":0.9953164334640829,""core_id"":4,""op_count"":1253,""pipe_busy_cycles"":{""PIPE_M"":118448,""PIPE_MTE2"":21475,""PIPE_MTE3"":6431,""PIPE_V"":22080},""pipe_utilization"":{""PIPE_M"":0.8668110766348575,""PIPE_MTE2"":0.15715561149815585,""PIPE_MTE3"":0.0470625256132545,""PIPE_V"":0.16158304548914},""task_end"":136008,""task_span_cycles"":136008,""task_start"":0}]",b2a_w8,137328,954880,-680,905216,0,True,0,20.205712048336864,3911550e74a1ae3259e0773362618fef026122b09393f618918db2b9c662ec02,1d79c372cca0bb1ec4ed18efb58322671de7f6d815521650669b8a7b05a9b67a,ccdf0e6d0797f4d52dbf9587215f37d3c062ebf1f4043b3cfd849bce5686dd5f
case_090,1,success,stage1_actual_winner,verified_stage1_global_fallback,1178363,21233592,0,21233592,0,0,1,"[{""active_any_pipe_cycles"":1178363,""active_any_pipe_fraction"":1.0,""core_id"":0,""op_count"":2373,""pipe_busy_cycles"":{""PIPE_M"":840528,""PIPE_MTE2"":390102,""PIPE_MTE3"":2009,""PIPE_V"":59280},""pipe_utilization"":{""PIPE_M"":0.7133014190024636,""PIPE_MTE2"":0.3310541827942663,""PIPE_MTE3"":0.0017049075709267857,""PIPE_V"":0.05030707854880033},""task_end"":1178363,""task_span_cycles"":1178363,""task_start"":0}]",single,1178363,21233592,0,0,0,False,0,0.15360484085977077,2839b41224031af7807c6fb13d7344b4583a48845bdb5f103aee490248ab22da,52828aaeac47b2ef8da5b3993a2c969b3366f0cf3a44bf11f2fe6f166b7128e9,893772109920df1b109064e12917fc719c47637920b7fceb3ee07a15c2aa65e4
case_090,2,success,stage1_actual_winner,verified_stage1_global_fallback,457842,4480896,2436864,2044032,144192,160,2,"[{""active_any_pipe_cycles"":457842,""active_any_pipe_fraction"":1.0,""core_id"":0,""op_count"":1108,""pipe_busy_cycles"":{""PIPE_M"":420240,""PIPE_MTE2"":70895,""PIPE_MTE3"":2148,""PIPE_V"":29268},""pipe_utilization"":{""PIPE_M"":0.9178712306865687,""PIPE_MTE2"":0.1548459949065398,""PIPE_MTE3"":0.004691574822755448,""PIPE_V"":0.06392598319944436},""task_end"":457842,""task_span_cycles"":457842,""task_start"":0},{""active_any_pipe_cycles"":456735,""active_any_pipe_fraction"":0.9975821353217922,""core_id"":1,""op_count"":1084,""pipe_busy_cycles"":{""PIPE_M"":420288,""PIPE_MTE2"":61766,""PIPE_MTE3"":2453,""PIPE_V"":30012},""pipe_utilization"":{""PIPE_M"":0.9179760703474125,""PIPE_MTE2"":0.13490680190982915,""PIPE_MTE3"":0.005357743501033107,""PIPE_V"":0.06555099794252166},""task_end"":456735,""task_span_cycles"":456735,""task_start"":0}]",b2a_w16,457842,4480896,0,0,0,False,0,3.2847873605787754,10a1730a573c7afbcf7f1692defe79685b640a3521b93a1933b6b0135a4a3815,342e96eaacafcf88d96be0c0ce98fa18a96e48d1ab6e25709439a0e5080ad44e,40865dd8d5ed635fa2cf52a0847a0ecfe042da1f9a47682ee9dabdfd0a4ef654
case_090,3,success,stage1_actual_winner,verified_stage1_global_fallback,338995,6867840,4819968,2047872,261504,194,3,"[{""active_any_pipe_cycles"":338995,""active_any_pipe_fraction"":1.0,""core_id"":0,""op_count"":712,""pipe_busy_cycles"":{""PIPE_M"":279768,""PIPE_MTE2"":104310,""PIPE_MTE3"":1071,""PIPE_V"":18168},""pipe_utilization"":{""PIPE_M"":0.8252865086505701,""PIPE_MTE2"":0.30770365344621603,""PIPE_MTE3"":0.0031593386333131756,""PIPE_V"":0.053593710821693535},""task_end"":338995,""task_span_cycles"":338995,""task_start"":0},{""active_any_pipe_cycles"":324379,""active_any_pipe_fraction"":0.956884319827726,""core_id"":1,""op_count"":788,""pipe_busy_cycles"":{""PIPE_M"":280992,""PIPE_MTE2"":78911,""PIPE_MTE3"":3017,""PIPE_V"":21384},""pipe_utilization"":{""PIPE_M"":0.8288971813743565,""PIPE_MTE2"":0.23277924453163026,""PIPE_MTE3"":0.008899836280771102,""PIPE_V"":0.06308057640968155},""task_end"":332814,""task_span_cycles"":332814,""task_start"":0},{""active_any_pipe_cycles"":336102,""active_any_pipe_fraction"":0.9914659508252334,""core_id"":2,""op_count"":776,""pipe_busy_cycles"":{""PIPE_M"":279768,""PIPE_MTE2"":94214,""PIPE_MTE3"":3167,""PIPE_V"":19728},""pipe_utilization"":{""PIPE_M"":0.8252865086505701,""PIPE_MTE2"":0.2779215032670098,""PIPE_MTE3"":0.009342320683195918,""PIPE_V"":0.058195548606911604},""task_end"":336102,""task_span_cycles"":336102,""task_start"":0}]",b2a_w16,338995,6867840,0,0,0,False,0,4.746273109689355,ec02c1518bbb578873d98a911f273d20c9f062622239ae026d8dc33e3982b802,1cebd7129a01906709739958648376e3b7a460f0e85e91bc9f8c442399b77e52,015b40381c1a8e3421adbb7ab3ce4c9d48f3f9807efb97ba3770d090270773f8
case_090,4,success,map_locality@b2a_w16,scene_b_fixed_partition_mapping,323214,11752512,6899328,4853184,307584,277,4,"[{""active_any_pipe_cycles"":314394,""active_any_pipe_fraction"":0.9727115780875828,""core_id"":0,""op_count"":635,""pipe_busy_cycles"":{""PIPE_M"":209808,""PIPE_MTE2"":173245,""PIPE_MTE3"":3201,""PIPE_V"":15144},""pipe_utilization"":{""PIPE_M"":0.6491302975737437,""PIPE_MTE2"":0.5360071036526883,""PIPE_MTE3"":0.009903655163452079,""PIPE_V"":0.046854406059143476},""task_end"":320637,""task_span_cycles"":320637,""task_start"":0},{""active_any_pipe_cycles"":306008,""active_any_pipe_fraction"":0.9467659197930782,""core_id"":1,""op_count"":643,""pipe_busy_cycles"":{""PIPE_M"":209544,""PIPE_MTE2"":154853,""PIPE_MTE3"":3333,""PIPE_V"":15036},""pipe_utilization"":{""PIPE_M"":0.6483135012716034,""PIPE_MTE2"":0.4791036279369087,""PIPE_MTE3"":0.010312053314522267,""PIPE_V"":0.046520262117358775},""task_end"":315407,""task_span_cycles"":315407,""task_start"":0},{""active_any_pipe_cycles"":319967,""active_any_pipe_fraction"":0.9899540242687508,""core_id"":2,""op_count"":633,""pipe_busy_cycles"":{""PIPE_M"":210432,""PIPE_MTE2"":165968,""PIPE_MTE3"":3392,""PIPE_V"":14556},""pipe_utilization"":{""PIPE_M"":0.6510609070151664,""PIPE_MTE2"":0.5134926086122507,""PIPE_MTE3"":0.010494594912349093,""PIPE_V"":0.045035177931649004},""task_end"":322688,""task_span_cycles"":322688,""task_start"":0},{""active_any_pipe_cycles"":289733,""active_any_pipe_fraction"":0.8964122841213561,""core_id"":3,""op_count"":641,""pipe_busy_cycles"":{""PIPE_M"":210744,""PIPE_MTE2"":123937,""PIPE_MTE3"":3517,""PIPE_V"":14544},""pipe_utilization"":{""PIPE_M"":0.6520262117358778,""PIPE_MTE2"":0.3834518306756514,""PIPE_MTE3"":0.010881335585711015,""PIPE_V"":0.04499805082700625},""task_end"":323214,""task_span_cycles"":323214,""task_start"":0}]",b2a_w16,331069,12221280,-7855,-468768,-465696,True,0,6.180396536365151,fcbe8779ee636d8cbf2ff6a0b7c3af53180693b9f7df9e371232a03a27084b8f,d66131679e40170c77c5ed52a3c8a16d50d7dc81ee85d7b074896382b71cc44b,9d851f22c6e809b71016a5b9ef193e8b6a84ed39508bf9b7cf8dfbe6b9acf5e6
case_090,5,success,inherit_final_k4,recursive_final_winner_inheritance,323214,11752512,6899328,4853184,307584,277,4,"[{""active_any_pipe_cycles"":314394,""active_any_pipe_fraction"":0.9727115780875828,""core_id"":0,""op_count"":635,""pipe_busy_cycles"":{""PIPE_M"":209808,""PIPE_MTE2"":173245,""PIPE_MTE3"":3201,""PIPE_V"":15144},""pipe_utilization"":{""PIPE_M"":0.6491302975737437,""PIPE_MTE2"":0.5360071036526883,""PIPE_MTE3"":0.009903655163452079,""PIPE_V"":0.046854406059143476},""task_end"":320637,""task_span_cycles"":320637,""task_start"":0},{""active_any_pipe_cycles"":306008,""active_any_pipe_fraction"":0.9467659197930782,""core_id"":1,""op_count"":643,""pipe_busy_cycles"":{""PIPE_M"":209544,""PIPE_MTE2"":154853,""PIPE_MTE3"":3333,""PIPE_V"":15036},""pipe_utilization"":{""PIPE_M"":0.6483135012716034,""PIPE_MTE2"":0.4791036279369087,""PIPE_MTE3"":0.010312053314522267,""PIPE_V"":0.046520262117358775},""task_end"":315407,""task_span_cycles"":315407,""task_start"":0},{""active_any_pipe_cycles"":319967,""active_any_pipe_fraction"":0.9899540242687508,""core_id"":2,""op_count"":633,""pipe_busy_cycles"":{""PIPE_M"":210432,""PIPE_MTE2"":165968,""PIPE_MTE3"":3392,""PIPE_V"":14556},""pipe_utilization"":{""PIPE_M"":0.6510609070151664,""PIPE_MTE2"":0.5134926086122507,""PIPE_MTE3"":0.010494594912349093,""PIPE_V"":0.045035177931649004},""task_end"":322688,""task_span_cycles"":322688,""task_start"":0},{""active_any_pipe_cycles"":289733,""active_any_pipe_fraction"":0.8964122841213561,""core_id"":3,""op_count"":641,""pipe_busy_cycles"":{""PIPE_M"":210744,""PIPE_MTE2"":123937,""PIPE_MTE3"":3517,""PIPE_V"":14544},""pipe_utilization"":{""PIPE_M"":0.6520262117358778,""PIPE_MTE2"":0.3834518306756514,""PIPE_MTE3"":0.010881335585711015,""PIPE_V"":0.04499805082700625},""task_end"":323214,""task_span_cycles"":323214,""task_start"":0},{""active_any_pipe_cycles"":0,""active_any_pipe_fraction"":0.0,""core_id"":4,""op_count"":0,""pipe_busy_cycles"":{},""pipe_utilization"":{},""task_end"":0,""task_span_cycles"":0,""task_start"":0}]",inherit_k4,331069,12221280,-7855,-468768,-465696,True,0,9.02366397716105,1c87a4a7e91cc08f53f2660639d5a6c5ba3dde4e33d9858c5519db9cfc023201,6e0ef4d49005de6c76a578958288570fd20047d8c7ac1e3d177ffbf150ad2d6a,71b6125a0a0afd3f443900d9b11569d9897db56f48b0758767e18f77c28838db
case_091,1,success,stage1_actual_winner,verified_stage1_global_fallback,9186769,53947008,0,53947008,0,0,1,"[{""active_any_pipe_cycles"":9186769,""active_any_pipe_fraction"":1.0,""core_id"":0,""op_count"":47526,""pipe_busy_cycles"":{""PIPE_M"":8981360,""PIPE_MTE2"":1016595,""PIPE_MTE3"":1547,""PIPE_V"":931710},""pipe_utilization"":{""PIPE_M"":0.9776407788200617,""PIPE_MTE2"":0.11065860042850756,""PIPE_MTE3"":0.00016839435061445434,""PIPE_V"":0.10141868158435245},""task_end"":9186769,""task_span_cycles"":9186769,""task_start"":0}]",single,9186769,53947008,0,0,0,False,0,3.487678110599518,fd52d50c08487e3193ff37d3e2f6e7636213d1cd3cc95faec0dd934d4594fdb2,83059801f17b3e1453a3883bd33063fd1742348321deba9e6d65bcaa13888b7b,6326930f9eab548063e01a403dc1bb22ad9d3273bb1cb868ab46659fd11c19be
case_091,2,success,stage1_actual_winner,verified_stage1_global_fallback,5702896,52064896,9203712,42861184,1935360,630,2,"[{""active_any_pipe_cycles"":5702896,""active_any_pipe_fraction"":1.0,""core_id"":0,""op_count"":32686,""pipe_busy_cycles"":{""PIPE_M"":5573312,""PIPE_MTE2"":788048,""PIPE_MTE3"":73443,""PIPE_V"":621750},""pipe_utilization"":{""PIPE_M"":0.9772775095319992,""PIPE_MTE2"":0.13818382800598153,""PIPE_MTE3"":0.01287819381591388,""PIPE_V"":0.10902355575132354},""task_end"":5702896,""task_span_cycles"":5702896,""task_start"":0},{""active_any_pipe_cycles"":3432289,""active_any_pipe_fraction"":0.6018501827843257,""core_id"":1,""op_count"":14784,""pipe_busy_cycles"":{""PIPE_M"":3408048,""PIPE_MTE2"":256460,""PIPE_MTE3"":51521,""PIPE_V"":309960},""pipe_utilization"":{""PIPE_M"":0.5975995353939472,""PIPE_MTE2"":0.044970134472029646,""PIPE_MTE3"":0.009034181931425718,""PIPE_V"":0.05435133307708925},""task_end"":3432289,""task_span_cycles"":3432289,""task_start"":0}]",b1,5702896,52064896,0,0,0,False,0,343.22782795503736,9224a977ef929a09ed96417bfcf8a5f0520c52c16432523d3b9f88b2f7baa7b7,1adb180ba487d506ab0e9f9826f1dd39bb61a3da3c7a604d0eb7f0239cd44d6e,5215844461f4125adb5eae8e9f90f21ac895348590a6d6221f6eae9fccdf9fa7
case_091,3,success,stage1_actual_winner,verified_stage1_global_fallback,4650425,144634984,96738312,47896672,47410180,15409,3,"[{""active_any_pipe_cycles"":4624750,""active_any_pipe_fraction"":0.994478999231253,""core_id"":0,""op_count"":25512,""pipe_busy_cycles"":{""PIPE_M"":3109244,""PIPE_MTE2"":1536383,""PIPE_MTE3"":1045429,""PIPE_V"":284792},""pipe_utilization"":{""PIPE_M"":0.6685935156464194,""PIPE_MTE2"":0.33037475069482897,""PIPE_MTE3"":0.2248028943591177,""PIPE_V"":0.06123999419407904},""task_end"":4624750,""task_span_cycles"":4624750,""task_start"":0},{""active_any_pipe_cycles"":4529475,""active_any_pipe_fraction"":0.9739916244214238,""core_id"":1,""op_count"":29209,""pipe_busy_cycles"":{""PIPE_M"":3059260,""PIPE_MTE2"":1563713,""PIPE_MTE3"":1012628,""PIPE_V"":361630},""pipe_utilization"":{""PIPE_M"":0.6578452507028928,""PIPE_MTE2"":0.33625163291527116,""PIPE_MTE3"":0.21774956052403813,""PIPE_V"":0.07776278512178994},""task_end"":4650425,""task_span_cycles"":4650425,""task_start"":0},{""active_any_pipe_cycles"":4288627,""active_any_pipe_fraction"":0.9222010891477661,""core_id"":2,""op_count"":24573,""pipe_busy_cycles"":{""PIPE_M"":2812856,""PIPE_MTE2"":1534659,""PIPE_MTE3"":931001,""PIPE_V"":285288},""pipe_utilization"":{""PIPE_M"":0.6048599859152658,""PIPE_MTE2"":0.33000403188955846,""PIPE_MTE3"":0.20019697124456368,""PIPE_V"":0.06134665111253273},""task_end"":4515646,""task_span_cycles"":4515646,""task_start"":0}]",b2a_w4,4650425,144634984,0,0,0,False,0,360.07954430766404,975bf484e7bf33b3c9bd53431115e41c4f0478b4b63a65d0f72482409ddf78b3,6a39ffb459d7be31c79f4cdad646037a72eab3c9e2d0456ff57d5e28b8586118,a182590b03d7eb3983f1a3a7f80f4e07eed3967435ea98984daf05dd625acd3f
case_091,4,success,stage1_actual_winner,verified_stage1_global_fallback,4022789,141415884,99718668,41697216,48422918,15741,4,"[{""active_any_pipe_cycles"":4022789,""active_any_pipe_fraction"":1.0,""core_id"":0,""op_count"":20691,""pipe_busy_cycles"":{""PIPE_M"":2456008,""PIPE_MTE2"":1599131,""PIPE_MTE3"":903133,""PIPE_V"":238549},""pipe_utilization"":{""PIPE_M"":0.6105236938850136,""PIPE_MTE2"":0.3975179906278952,""PIPE_MTE3"":0.22450419348367512,""PIPE_V"":0.05929940645656533},""task_end"":4022789,""task_span_cycles"":4022789,""task_start"":0},{""active_any_pipe_cycles"":4007722,""active_any_pipe_fraction"":0.9962545885454097,""core_id"":1,""op_count"":20601,""pipe_busy_cycles"":{""PIPE_M"":2456008,""PIPE_MTE2"":1596827,""PIPE_MTE3"":911073,""PIPE_V"":238743},""pipe_utilization"":{""PIPE_M"":0.6105236938850136,""PIPE_MTE2"":0.3969452536536219,""PIPE_MTE3"":0.22647794850786357,""PIPE_V"":0.05934763170526717},""task_end"":4007722,""task_span_cycles"":4007722,""task_start"":0},{""active_any_pipe_cycles"":3625572,""active_any_pipe_fraction"":0.9012583061154835,""core_id"":2,""op_count"":19523,""pipe_busy_cycles"":{""PIPE_M"":2156128,""PIPE_MTE2"":1567037,""PIPE_MTE3"":792497,""PIPE_V"":238474},""pipe_utilization"":{""PIPE_M"":0.5359783970772516,""PIPE_MTE2"":0.38953994355657234,""PIPE_MTE3"":0.19700188103328312,""PIPE_V"":0.059280762674850704},""task_end"":3998341,""task_span_cycles"":3998341,""task_start"":0},{""active_any_pipe_cycles"":3414662,""active_any_pipe_fraction"":0.8488295060963923,""core_id"":3,""op_count"":17459,""pipe_busy_cycles"":{""PIPE_M"":1913216,""PIPE_MTE2"":1549416,""PIPE_MTE3"":744115,""PIPE_V"":215944},""pipe_utilization"":{""PIPE_M"":0.47559441969240746,""PIPE_MTE2"":0.3851596491886599,""PIPE_MTE3"":0.18497490174105577,""PIPE_V"":0.05368017064777695},""task_end"":4001312,""task_span_cycles"":4001312,""task_start"":0}]",b2a_w4,4022789,141415884,0,0,0,False,0,450.2022065166384,4ca69395065a76e5afc301537659c692372024f58a727b834b64c0e56cec4ce9,c524339e49023692f1085e19a04f2e9d460351a3058c4c6e49b1ffe6eeb03b2f,6a891933fdb60e13163964b5526e94fc4d1058f70044fd8966ca2170b96a5bce
case_091,5,success,stage1_actual_winner,verified_stage1_global_fallback,3126021,46014084,22542852,23471232,3259394,1062,5,"[{""active_any_pipe_cycles"":3126021,""active_any_pipe_fraction"":1.0,""core_id"":0,""op_count"":18569,""pipe_busy_cycles"":{""PIPE_M"":3072888,""PIPE_MTE2"":359771,""PIPE_MTE3"":48485,""PIPE_V"":394323},""pipe_utilization"":{""PIPE_M"":0.9830029932620414,""PIPE_MTE2"":0.11508911808333981,""PIPE_MTE3"":0.015510132529499962,""PIPE_V"":0.12614214683778516},""task_end"":3126021,""task_span_cycles"":3126021,""task_start"":0},{""active_any_pipe_cycles"":1900960,""active_any_pipe_fraction"":0.6081085187847427,""core_id"":1,""op_count"":8128,""pipe_busy_cycles"":{""PIPE_M"":1817756,""PIPE_MTE2"":294317,""PIPE_MTE3"":30310,""PIPE_V"":165867},""pipe_utilization"":{""PIPE_M"":0.5814919349550115,""PIPE_MTE2"":0.09415067909012767,""PIPE_MTE3"":0.009696032112388241,""PIPE_V"":0.05306010420275488},""task_end"":1900960,""task_span_cycles"":1900960,""task_start"":0},{""active_any_pipe_cycles"":1416818,""active_any_pipe_fraction"":0.4532336794922363,""core_id"":2,""op_count"":6540,""pipe_busy_cycles"":{""PIPE_M"":1363572,""PIPE_MTE2"":219172,""PIPE_MTE3"":28067,""PIPE_V"":123780},""pipe_utilization"":{""PIPE_M"":0.4362005245646142,""PIPE_MTE2"":0.07011213296391802,""PIPE_MTE3"":0.008978506542342486,""PIPE_V"":0.03959666297827174},""task_end"":1416818,""task_span_cycles"":1416818,""task_start"":0},{""active_any_pipe_cycles"":1403721,""active_any_pipe_fraction"":0.44904400834159464,""core_id"":3,""op_count"":6609,""pipe_busy_cycles"":{""PIPE_M"":1363572,""PIPE_MTE2"":231797,""PIPE_MTE3"":28385,""PIPE_V"":123840},""pipe_utilization"":{""PIPE_M"":0.4362005245646142,""PIPE_MTE2"":0.07415081344623085,""PIPE_MTE3"":0.009080233306174208,""PIPE_V"":0.039615856707296594},""task_end"":1403721,""task_span_cycles"":1403721,""task_start"":0},{""active_any_pipe_cycles"":1368088,""active_any_pipe_fraction"":0.4376451725692182,""core_id"":4,""op_count"":6474,""pipe_busy_cycles"":{""PIPE_M"":1363572,""PIPE_MTE2"":212706,""PIPE_MTE3"":31012,""PIPE_V"":123900},""pipe_utilization"":{""PIPE_M"":0.4362005245646142,""PIPE_MTE2"":0.06804368876600637,""PIPE_MTE3"":0.00992059874197902,""PIPE_V"":0.03963505043632144},""task_end"":1403806,""task_span_cycles"":1403806,""task_start"":0}]",b1,3126021,46014084,0,0,0,False,0,751.9248298108578,fa9c28cb78205f309796b1316735b72551a6984fd5ae23735fafecf902aa9c6a,a4f5b1a8d99a4f2043457932f24df5aa1bd4c12ef9604b46c1dbbde821e9d38c,25a92a40ec3f6bd5ba494fa4247cb5d4e26e3f0e96f87fab9708ce32b67ecfc5
case_092,1,success,stage1_actual_winner,verified_stage1_global_fallback,4815554,66000096,0,66000096,0,0,1,"[{""active_any_pipe_cycles"":4815554,""active_any_pipe_fraction"":1.0,""core_id"":0,""op_count"":23531,""pipe_busy_cycles"":{""PIPE_M"":3714152,""PIPE_MTE2"":1135537,""PIPE_MTE3"":62332,""PIPE_V"":326600},""pipe_utilization"":{""PIPE_M"":0.7712823903542563,""PIPE_MTE2"":0.23580609832222835,""PIPE_MTE3"":0.0129438897372971,""PIPE_V"":0.06782189546623296},""task_end"":4815554,""task_span_cycles"":4815554,""task_start"":0}]",single,4815554,66000096,0,0,0,False,0,1.6234425157308578,0b957fd9c80e858061ac34b590feb368eb80eb7ebfb72e395da4446f9564a63e,35b11588f2a2679e2c867d9bb4df228a8dd6e831edddf66fa52151ea365eee72,599415e29c4d350580703b16724e089765a7483ecddee9abce753ca7eb25ed3f
case_092,2,success,stage1_actual_winner,verified_stage1_global_fallback,2015242,5567072,930400,4636672,0,0,2,"[{""active_any_pipe_cycles"":2015242,""active_any_pipe_fraction"":1.0,""core_id"":0,""op_count"":9590,""pipe_busy_cycles"":{""PIPE_M"":1857076,""PIPE_MTE2"":99944,""PIPE_MTE3"":68884,""PIPE_V"":163300},""pipe_utilization"":{""PIPE_M"":0.9215151331701106,""PIPE_MTE2"":0.04959404379225919,""PIPE_MTE3"":0.03418150276740957,""PIPE_V"":0.08103245168570325},""task_end"":2015242,""task_span_cycles"":2015242,""task_start"":0},{""active_any_pipe_cycles"":2015242,""active_any_pipe_fraction"":1.0,""core_id"":1,""op_count"":9590,""pipe_busy_cycles"":{""PIPE_M"":1857076,""PIPE_MTE2"":99944,""PIPE_MTE3"":68884,""PIPE_V"":163300},""pipe_utilization"":{""PIPE_M"":0.9215151331701106,""PIPE_MTE2"":0.04959404379225919,""PIPE_MTE3"":0.03418150276740957,""PIPE_V"":0.08103245168570325},""task_end"":2015242,""task_span_cycles"":2015242,""task_start"":0}]",b2a_w8,2015242,5567072,0,0,0,False,0,36.878157656639814,3713c5ca7c29f50377ffe6256e5357efb33886ac347a2cb92eeeffa74c83fe84,53b5f676d1e15b142b37ed658a8a121f64a26211df79ac412afb2799407fd5ee,4029290babe9d6867b2721a0265140cf7ae2280df117c30c75517e5c5094c355
case_092,3,success,stage1_actual_winner,verified_stage1_global_fallback,1334168,25523392,24990912,532480,11565056,3693,3,"[{""active_any_pipe_cycles"":1330721,""active_any_pipe_fraction"":0.9974163673540364,""core_id"":0,""op_count"":8474,""pipe_busy_cycles"":{""PIPE_M"":1237748,""PIPE_MTE2"":218793,""PIPE_MTE3"":210120,""PIPE_V"":108788},""pipe_utilization"":{""PIPE_M"":0.9277302408692158,""PIPE_MTE2"":0.16399209095106462,""PIPE_MTE3"":0.15749141037710393,""PIPE_V"":0.08153995598755179},""task_end"":1330721,""task_span_cycles"":1330721,""task_start"":0},{""active_any_pipe_cycles"":1334168,""active_any_pipe_fraction"":1.0,""core_id"":1,""op_count"":8485,""pipe_busy_cycles"":{""PIPE_M"":1238496,""PIPE_MTE2"":218944,""PIPE_MTE3"":196270,""PIPE_V"":109236},""pipe_utilization"":{""PIPE_M"":0.9282908899029207,""PIPE_MTE2"":0.16410527010091683,""PIPE_MTE3"":0.1471104088840386,""PIPE_V"":0.08187574578313976},""task_end"":1334168,""task_span_cycles"":1334168,""task_start"":0},{""active_any_pipe_cycles"":1332570,""active_any_pipe_fraction"":0.9988022497916305,""core_id"":2,""op_count"":8535,""pipe_busy_cycles"":{""PIPE_M"":1237908,""PIPE_MTE2"":193726,""PIPE_MTE3"":191961,""PIPE_V"":108576},""pipe_utilization"":{""PIPE_M"":0.9278501657962116,""PIPE_MTE2"":0.14520360254480696,""PIPE_MTE3"":0.14388068069388563,""PIPE_V"":0.0813810554592825},""task_end"":1332570,""task_span_cycles"":1332570,""task_start"":0}]",b2a_w16,1334168,25523392,0,0,0,False,0,76.30041140504181,359871f10710ba9a0ab4b2408c91a141c7c97b11647636fc214c1b552cb12ffb,b1fce184982e1cd0c55fdf0b38c694f1fcdc6614bf5db3cff0da8b4cc4feb512,905f0cc85cb4760aee1ae3b475cedd681182bd38c1865a9fddf6995e5f176be7
case_092,4,success,stage1_actual_winner,verified_stage1_global_fallback,1018974,13405984,13405984,0,5307392,1988,4,"[{""active_any_pipe_cycles"":1018894,""active_any_pipe_fraction"":0.9999214896552807,""core_id"":0,""op_count"":5515,""pipe_busy_cycles"":{""PIPE_M"":928404,""PIPE_MTE2"":146163,""PIPE_MTE3"":103705,""PIPE_V"":81584},""pipe_utilization"":{""PIPE_M"":0.9111164759846669,""PIPE_MTE2"":0.1434413439400809,""PIPE_MTE3"":0.10177394123893249,""PIPE_V"":0.08006484954473814},""task_end"":1018894,""task_span_cycles"":1018894,""task_start"":0},{""active_any_pipe_cycles"":1018894,""active_any_pipe_fraction"":0.9999214896552807,""core_id"":1,""op_count"":5515,""pipe_busy_cycles"":{""PIPE_M"":928404,""PIPE_MTE2"":146163,""PIPE_MTE3"":103705,""PIPE_V"":81584},""pipe_utilization"":{""PIPE_M"":0.9111164759846669,""PIPE_MTE2"":0.1434413439400809,""PIPE_MTE3"":0.10177394123893249,""PIPE_V"":0.08006484954473814},""task_end"":1018894,""task_span_cycles"":1018894,""task_start"":0},{""active_any_pipe_cycles"":1018974,""active_any_pipe_fraction"":1.0,""core_id"":2,""op_count"":5519,""pipe_busy_cycles"":{""PIPE_M"":928672,""PIPE_MTE2"":144908,""PIPE_MTE3"":101786,""PIPE_V"":81716},""pipe_utilization"":{""PIPE_M"":0.9113794856394766,""PIPE_MTE2"":0.14220971290729695,""PIPE_MTE3"":0.09989067434497838,""PIPE_V"":0.08019439161352497},""task_end"":1018974,""task_span_cycles"":1018974,""task_start"":0},{""active_any_pipe_cycles"":1018974,""active_any_pipe_fraction"":1.0,""core_id"":3,""op_count"":5519,""pipe_busy_cycles"":{""PIPE_M"":928672,""PIPE_MTE2"":144908,""PIPE_MTE3"":101786,""PIPE_V"":81716},""pipe_utilization"":{""PIPE_M"":0.9113794856394766,""PIPE_MTE2"":0.14220971290729695,""PIPE_MTE3"":0.09989067434497838,""PIPE_V"":0.08019439161352497},""task_end"":1018974,""task_span_cycles"":1018974,""task_start"":0}]",b2a_w8,1018974,13405984,0,0,0,False,0,90.75186427123845,663a7cefc1a798e2610d7ec18ed7a46bc2b6917070d58c8d21f94e045d7d4e7e,a92a8c80fc6ad2937bc975523462043dbb6e91951c5610cd12fbd84703400053,16bdef4a200d8a55ae3de40ebb2a9ea499a09b033dd3f8aa3e76f5f370d21b1f
case_092,5,success,map_locality@b2a_w8,scene_b_fixed_partition_mapping,823550,12321152,11567488,753664,3922944,1620,5,"[{""active_any_pipe_cycles"":822928,""active_any_pipe_fraction"":0.999244733167385,""core_id"":0,""op_count"":4410,""pipe_busy_cycles"":{""PIPE_M"":744864,""PIPE_MTE2"":91342,""PIPE_MTE3"":47555,""PIPE_V"":65956},""pipe_utilization"":{""PIPE_M"":0.9044551029081416,""PIPE_MTE2"":0.11091251290146317,""PIPE_MTE3"":0.05774391354501852,""PIPE_V"":0.08008742638576893},""task_end"":822928,""task_span_cycles"":822928,""task_start"":0},{""active_any_pipe_cycles"":823550,""active_any_pipe_fraction"":1.0,""core_id"":1,""op_count"":4362,""pipe_busy_cycles"":{""PIPE_M"":742108,""PIPE_MTE2"":82929,""PIPE_MTE3"":43301,""PIPE_V"":65318},""pipe_utilization"":{""PIPE_M"":0.9011086151417643,""PIPE_MTE2"":0.10069698257543562,""PIPE_MTE3"":0.0525784712525044,""PIPE_V"":0.0793127314674276},""task_end"":823550,""task_span_cycles"":823550,""task_start"":0},{""active_any_pipe_cycles"":819423,""active_any_pipe_fraction"":0.9949887681379395,""core_id"":2,""op_count"":4355,""pipe_busy_cycles"":{""PIPE_M"":742108,""PIPE_MTE2"":79131,""PIPE_MTE3"":34772,""PIPE_V"":65436},""pipe_utilization"":{""PIPE_M"":0.9011086151417643,""PIPE_MTE2"":0.0960852407261247,""PIPE_MTE3"":0.042222087304960236,""PIPE_V"":0.07945601359966001},""task_end"":819423,""task_span_cycles"":819423,""task_start"":0},{""active_any_pipe_cycles"":822428,""active_any_pipe_fraction"":0.9986376054884342,""core_id"":3,""op_count"":4158,""pipe_busy_cycles"":{""PIPE_M"":742536,""PIPE_MTE2"":66997,""PIPE_MTE3"":28330,""PIPE_V"":65054},""pipe_utilization"":{""PIPE_M"":0.9016283164349462,""PIPE_MTE2"":0.08135146621334467,""PIPE_MTE3"":0.03439985428935705,""PIPE_V"":0.07899216805294153},""task_end"":822428,""task_span_cycles"":822428,""task_start"":0},{""active_any_pipe_cycles"":818127,""active_any_pipe_fraction"":0.9934150931940987,""core_id"":4,""op_count"":4189,""pipe_busy_cycles"":{""PIPE_M"":742536,""PIPE_MTE2"":74370,""PIPE_MTE3"":28931,""PIPE_V"":64836},""pipe_utilization"":{""PIPE_M"":0.9016283164349462,""PIPE_MTE2"":0.09030417096715439,""PIPE_MTE3"":0.03512962175945601,""PIPE_V"":0.07872746038491894},""task_end"":818127,""task_span_cycles"":818127,""task_start"":0}]",b2a_w8,832577,13308288,-9027,-987136,679936,True,0,102.3466140832752,f816dda0c549eca319a13e733a5798e7e2aa21c0f2f89d341a9ac9d1885cdc40,0597a16cd6d7f40e8fe85a0c14b8813b65a0eef04cd6c57c5c68ed29df285fa0,b77e58165280b4b4ec366b6be3e369835261839e925a68e283357b7902e420c3
case_093,1,success,stage1_actual_winner,verified_stage1_global_fallback,74205,0,0,0,0,0,1,"[{""active_any_pipe_cycles"":74205,""active_any_pipe_fraction"":1.0,""core_id"":0,""op_count"":901,""pipe_busy_cycles"":{""PIPE_M"":73968,""PIPE_MTE2"":9905,""PIPE_MTE3"":2520,""PIPE_V"":12144},""pipe_utilization"":{""PIPE_M"":0.9968061451384678,""PIPE_MTE2"":0.13348157132268715,""PIPE_MTE3"":0.03395997574287447,""PIPE_V"":0.1636547402466141},""task_end"":74205,""task_span_cycles"":74205,""task_start"":0}]",single,74205,0,0,0,0,False,0,0.05497564375400543,a362e021ae414498dd346e4bc8e6b78da392e950324de1b529b931302c9673d6,4adf08b30954139c59001036b4da46d5c350f7c5749f8889fa068577b5aadb38,3d0cfee3e08682a544a73c5bf0f864894a62f39a612a19b200a0a132468e7ad7
case_093,2,success,map_locality@b2a_w4,scene_b_fixed_partition_mapping,41806,565248,565248,0,282624,138,2,"[{""active_any_pipe_cycles"":41500,""active_any_pipe_fraction"":0.9926804764866287,""core_id"":0,""op_count"":591,""pipe_busy_cycles"":{""PIPE_M"":36984,""PIPE_MTE2"":15933,""PIPE_MTE3"":8374,""PIPE_V"":6160},""pipe_utilization"":{""PIPE_M"":0.8846577046356983,""PIPE_MTE2"":0.3811175429364206,""PIPE_MTE3"":0.20030617614696455,""PIPE_V"":0.14734727072668996},""task_end"":41806,""task_span_cycles"":41806,""task_start"":0},{""active_any_pipe_cycles"":41430,""active_any_pipe_fraction"":0.9910060756829163,""core_id"":1,""op_count"":586,""pipe_busy_cycles"":{""PIPE_M"":36984,""PIPE_MTE2"":15794,""PIPE_MTE3"":8479,""PIPE_V"":5984},""pipe_utilization"":{""PIPE_M"":0.8846577046356983,""PIPE_MTE2"":0.37779266134047745,""PIPE_MTE3"":0.20281777735253312,""PIPE_V"":0.14313734870592737},""task_end"":41736,""task_span_cycles"":41736,""task_start"":0}]",b2a_w4,45680,843776,-3874,-278528,0,True,0,1.9464542921632528,ed49b4b4bc28bf71ff97389d3055e317bb1ab285e29a51ee1dd9d7bd0ec5e765,189fc2bfc20414a4a9fa87d8eadac16fa707af5826020613951886aeb6b4027d,af3347ef6cf6b7eae9c996b9347982ca09ed835e131b0cc761e3371a9ecb5eef
case_093,3,success,map_locality@b1,scene_b_fixed_partition_mapping,31740,77824,77824,0,30720,15,3,"[{""active_any_pipe_cycles"":19622,""active_any_pipe_fraction"":0.6182104599873977,""core_id"":0,""op_count"":232,""pipe_busy_cycles"":{""PIPE_M"":19028,""PIPE_MTE2"":7851,""PIPE_MTE3"":2311,""PIPE_V"":2772},""pipe_utilization"":{""PIPE_M"":0.5994959042218021,""PIPE_MTE2"":0.24735349716446126,""PIPE_MTE3"":0.07281033396345306,""PIPE_V"":0.08733459357277883},""task_end"":19622,""task_span_cycles"":19622,""task_start"":0},{""active_any_pipe_cycles"":31504,""active_any_pipe_fraction"":0.9925645872715816,""core_id"":1,""op_count"":398,""pipe_busy_cycles"":{""PIPE_M"":30016,""PIPE_MTE2"":10853,""PIPE_MTE3"":2263,""PIPE_V"":5500},""pipe_utilization"":{""PIPE_M"":0.9456836798991809,""PIPE_MTE2"":0.3419344675488343,""PIPE_MTE3"":0.07129804662885948,""PIPE_V"":0.17328292375551355},""task_end"":31740,""task_span_cycles"":31740,""task_start"":0},{""active_any_pipe_cycles"":25515,""active_any_pipe_fraction"":0.803875236294896,""core_id"":2,""op_count"":309,""pipe_busy_cycles"":{""PIPE_M"":24924,""PIPE_MTE2"":8982,""PIPE_MTE3"":2374,""PIPE_V"":3872},""pipe_utilization"":{""PIPE_M"":0.7852551984877126,""PIPE_MTE2"":0.2829867674858223,""PIPE_MTE3"":0.07479521109010712,""PIPE_V"":0.12199117832388154},""task_end"":25515,""task_span_cycles"":25515,""task_start"":0}]",b1,31740,98304,0,-20480,0,False,0,3.2404746543616056,4a4d16de8512051f515e7db40c19679ca6077fc179e26afb209337ad58faa14a,79632e9883d165705708cec50f67030d9c44c69774b996ade4f83854f0248531,fc6751a1ca9f59627e346e253b93220859df87229e894578e7432d7577dc7b81
case_093,4,success,stage1_actual_winner,verified_stage1_global_fallback,23631,155648,155648,0,65536,32,4,"[{""active_any_pipe_cycles"":23631,""active_any_pipe_fraction"":1.0,""core_id"":0,""op_count"":337,""pipe_busy_cycles"":{""PIPE_M"":21708,""PIPE_MTE2"":13196,""PIPE_MTE3"":2921,""PIPE_V"":4840},""pipe_utilization"":{""PIPE_M"":0.9186238415640472,""PIPE_MTE2"":0.5584190258558673,""PIPE_MTE3"":0.12360881892429436,""PIPE_V"":0.20481570817993314},""task_end"":23631,""task_span_cycles"":23631,""task_start"":0},{""active_any_pipe_cycles"":19526,""active_any_pipe_fraction"":0.8262875037027633,""core_id"":1,""op_count"":231,""pipe_busy_cycles"":{""PIPE_M"":18760,""PIPE_MTE2"":11725,""PIPE_MTE3"":3335,""PIPE_V"":2728},""pipe_utilization"":{""PIPE_M"":0.7938724556726334,""PIPE_MTE2"":0.4961702847953959,""PIPE_MTE3"":0.14112817908679276,""PIPE_V"":0.11544158097414413},""task_end"":19526,""task_span_cycles"":19526,""task_start"":0},{""active_any_pipe_cycles"":19394,""active_any_pipe_fraction"":0.8207016207524015,""core_id"":2,""op_count"":233,""pipe_busy_cycles"":{""PIPE_M"":19028,""PIPE_MTE2"":11795,""PIPE_MTE3"":3923,""PIPE_V"":2640},""pipe_utilization"":{""PIPE_M"":0.805213490753671,""PIPE_MTE2"":0.4991324954508908,""PIPE_MTE3"":0.16601074859294992,""PIPE_V"":0.11171765900723626},""task_end"":19394,""task_span_cycles"":19394,""task_start"":0},{""active_any_pipe_cycles"":14858,""active_any_pipe_fraction"":0.628750370276332,""core_id"":3,""op_count"":176,""pipe_busy_cycles"":{""PIPE_M"":14472,""PIPE_MTE2"":9492,""PIPE_MTE3"":3683,""PIPE_V"":1936},""pipe_utilization"":{""PIPE_M"":0.6124158943760315,""PIPE_MTE2"":0.40167576488510853,""PIPE_MTE3"":0.1558545977741103,""PIPE_V"":0.08192628327197325},""task_end"":14858,""task_span_cycles"":14858,""task_start"":0}]",b1,23631,155648,0,0,0,False,0,3.9993606973439455,17f2003cfa23ea5ac479b59a820bb90502d7fd7a5cb6051120495abe4f16bf3e,c85cda13acdf73f1c3e300a178fe5001c541f204b5f89947ed891c70d20e2200,365b42dd33f0c8747899b11c50975f0ab17166b1e15a13682bc2033ccab6f413
case_093,5,success,stage1_actual_winner,verified_stage1_global_fallback,20201,147456,147456,0,57344,28,5,"[{""active_any_pipe_cycles"":19392,""active_any_pipe_fraction"":0.9599524776001188,""core_id"":0,""op_count"":274,""pipe_busy_cycles"":{""PIPE_M"":17688,""PIPE_MTE2"":11008,""PIPE_MTE3"":2639,""PIPE_V"":3828},""pipe_utilization"":{""PIPE_M"":0.8756002178109995,""PIPE_MTE2"":0.5449235186376912,""PIPE_MTE3"":0.13063709717340727,""PIPE_V"":0.18949556952626107},""task_end"":20201,""task_span_cycles"":20201,""task_start"":0},{""active_any_pipe_cycles"":16377,""active_any_pipe_fraction"":0.8107024404732439,""core_id"":1,""op_count"":188,""pipe_busy_cycles"":{""PIPE_M"":15008,""PIPE_MTE2"":9127,""PIPE_MTE3"":2895,""PIPE_V"":2244},""pipe_utilization"":{""PIPE_M"":0.7429335181426662,""PIPE_MTE2"":0.4518093163704767,""PIPE_MTE3"":0.14330973714172565,""PIPE_V"":0.11108360972229098},""task_end"":16377,""task_span_cycles"":16377,""task_start"":0},{""active_any_pipe_cycles"":16468,""active_any_pipe_fraction"":0.8152071679619821,""core_id"":2,""op_count"":185,""pipe_busy_cycles"":{""PIPE_M"":15008,""PIPE_MTE2"":10873,""PIPE_MTE3"":3348,""PIPE_V"":2200},""pipe_utilization"":{""PIPE_M"":0.7429335181426662,""PIPE_MTE2"":0.5382406811543983,""PIPE_MTE3"":0.16573436958566407,""PIPE_V"":0.10890549972773625},""task_end"":16572,""task_span_cycles"":16572,""task_start"":0},{""active_any_pipe_cycles"":16424,""active_any_pipe_fraction"":0.8130290579674273,""core_id"":3,""op_count"":185,""pipe_busy_cycles"":{""PIPE_M"":15008,""PIPE_MTE2"":10873,""PIPE_MTE3"":3284,""PIPE_V"":2200},""pipe_utilization"":{""PIPE_M"":0.7429335181426662,""PIPE_MTE2"":0.5382406811543983,""PIPE_MTE3"":0.16256620959358448,""PIPE_V"":0.10890549972773625},""task_end"":16528,""task_span_cycles"":16528,""task_start"":0},{""active_any_pipe_cycles"":12720,""active_any_pipe_fraction"":0.6296717984258206,""core_id"":4,""op_count"":141,""pipe_busy_cycles"":{""PIPE_M"":11256,""PIPE_MTE2"":9153,""PIPE_MTE3"":3132,""PIPE_V"":1672},""pipe_utilization"":{""PIPE_M"":0.5572001386069997,""PIPE_MTE2"":0.45309638136725905,""PIPE_MTE3"":0.15504182961239543,""PIPE_V"":0.08276817979307954},""task_end"":12824,""task_span_cycles"":12824,""task_start"":0}]",b1,20201,147456,0,0,0,False,0,7.077842224389315,eb8db72d631e5c23f08caf3e568530d80f8fb26ad054d6cedc710b37a82424b7,d5cb8cc0c982de2f811e5ca691fc7c78f0b40d90042de567f63713196991bb0d,7bbc9c0a893ef31d341a39946d378b49c63d0ff52d619d9c37345aef65d94e1f
case_094,1,success,stage1_actual_winner,verified_stage1_global_fallback,94892,0,0,0,0,0,1,"[{""active_any_pipe_cycles"":94892,""active_any_pipe_fraction"":1.0,""core_id"":0,""op_count"":791,""pipe_busy_cycles"":{""PIPE_M"":70944,""PIPE_MTE2"":7897,""PIPE_MTE3"":966,""PIPE_V"":36616},""pipe_utilization"":{""PIPE_M"":0.7476288833621381,""PIPE_MTE2"":0.08322092484087172,""PIPE_MTE3"":0.010179994098554145,""PIPE_V"":0.38587025249757617},""task_end"":94892,""task_span_cycles"":94892,""task_start"":0}]",single,94892,0,0,0,0,False,0,0.051916059106588364,788706fae76b226a475e5ac58c41edb15ebab0028c04529b012cb440370c2030,31327749f59682cc9fb9dcd47995cc217c277a372b6a72d33032903ba56c38ac,78aad00563371356bbd86aee16641229d6ac7e94c67688567c751a1c0c8046f0
case_094,2,success,stage1_actual_winner,verified_stage1_global_fallback,52048,771084,771084,0,339462,92,2,"[{""active_any_pipe_cycles"":52048,""active_any_pipe_fraction"":1.0,""core_id"":0,""op_count"":515,""pipe_busy_cycles"":{""PIPE_M"":35280,""PIPE_MTE2"":14016,""PIPE_MTE3"":5361,""PIPE_V"":19524},""pipe_utilization"":{""PIPE_M"":0.6778358438364587,""PIPE_MTE2"":0.269289886258838,""PIPE_MTE3"":0.10300107592991085,""PIPE_V"":0.3751152782047341},""task_end"":52048,""task_span_cycles"":52048,""task_start"":0},{""active_any_pipe_cycles"":48885,""active_any_pipe_fraction"":0.9392291730710114,""core_id"":1,""op_count"":489,""pipe_busy_cycles"":{""PIPE_M"":35664,""PIPE_MTE2"":13903,""PIPE_MTE3"":5789,""PIPE_V"":17092},""pipe_utilization"":{""PIPE_M"":0.6852136489394405,""PIPE_MTE2"":0.2671188134030126,""PIPE_MTE3"":0.11122425453427605,""PIPE_V"":0.3283891792191823},""task_end"":50006,""task_span_cycles"":50006,""task_start"":0}]",b2a_w4,52048,771084,0,0,0,False,0,1.7776134256273508,72fa3bb9109ea05ad04404efedb28e282928550c9d74114c3e177e79e1555c22,c76d6fea9ee7630b7d0872ea98686821a6ce23e3f16f43bca0d529458c913d1a,e53fc404cd2f11f0e4db643d6d03b2f81c6422005b3953f0b2ce49c7d87b055c
case_094,3,success,map_locality@b2a_w4,scene_b_fixed_partition_mapping,38234,967700,967700,0,413194,112,3,"[{""active_any_pipe_cycles"":35915,""active_any_pipe_fraction"":0.939347177904483,""core_id"":0,""op_count"":299,""pipe_busy_cycles"":{""PIPE_M"":22248,""PIPE_MTE2"":15901,""PIPE_MTE3"":6929,""PIPE_V"":11642},""pipe_utilization"":{""PIPE_M"":0.5818904639849348,""PIPE_MTE2"":0.4158863838468379,""PIPE_MTE3"":0.1812261338076058,""PIPE_V"":0.3044933828529581},""task_end"":36889,""task_span_cycles"":36889,""task_start"":0},{""active_any_pipe_cycles"":36380,""active_any_pipe_fraction"":0.9515091280012554,""core_id"":1,""op_count"":372,""pipe_busy_cycles"":{""PIPE_M"":24060,""PIPE_MTE2"":17474,""PIPE_MTE3"":6443,""PIPE_V"":11432},""pipe_utilization"":{""PIPE_M"":0.6292828372652612,""PIPE_MTE2"":0.4570277763247371,""PIPE_MTE3"":0.1685149343516242,""PIPE_V"":0.29900088926086726},""task_end"":38234,""task_span_cycles"":38234,""task_start"":0},{""active_any_pipe_cycles"":35167,""active_any_pipe_fraction"":0.9197834388240833,""core_id"":2,""op_count"":379,""pipe_busy_cycles"":{""PIPE_M"":24636,""PIPE_MTE2"":17546,""PIPE_MTE3"":8460,""PIPE_V"":13542},""pipe_utilization"":{""PIPE_M"":0.6443479625464247,""PIPE_MTE2"":0.45891091698488257,""PIPE_MTE3"":0.22126902756708688,""PIPE_V"":0.3541873724956845},""task_end"":36045,""task_span_cycles"":36045,""task_start"":0}]",b2a_w4,38581,998164,-347,-30464,0,True,0,2.7923048846423626,2146b6aba0467a535204676e0c370ed97f1f4e6077fa938f5e18b851ea8f23a4,0ed8f4773e1b426a3b4f7aef84ce3aeaf7851af51b4146bbb73d43a412ab27a3,6dd5a05b9c86a4b4075107d4814e25ea681ce61c7af0bfdf82332a6550f6876c
case_094,4,success,map_locality@b1,scene_b_fixed_partition_mapping,30467,463652,463652,0,135682,32,4,"[{""active_any_pipe_cycles"":30467,""active_any_pipe_fraction"":1.0,""core_id"":0,""op_count"":435,""pipe_busy_cycles"":{""PIPE_M"":20244,""PIPE_MTE2"":6385,""PIPE_MTE3"":1271,""PIPE_V"":18675},""pipe_utilization"":{""PIPE_M"":0.6644566252010372,""PIPE_MTE2"":0.20957101125808253,""PIPE_MTE3"":0.04171726786359011,""PIPE_V"":0.6129582827321364},""task_end"":30467,""task_span_cycles"":30467,""task_start"":0},{""active_any_pipe_cycles"":19089,""active_any_pipe_fraction"":0.6265467555059573,""core_id"":1,""op_count"":238,""pipe_busy_cycles"":{""PIPE_M"":6432,""PIPE_MTE2"":4440,""PIPE_MTE3"":534,""PIPE_V"":13906},""pipe_utilization"":{""PIPE_M"":0.21111366396428924,""PIPE_MTE2"":0.14573144713952801,""PIPE_MTE3"":0.017527160534348638,""PIPE_V"":0.45642826664916136},""task_end"":23261,""task_span_cycles"":23261,""task_start"":0},{""active_any_pipe_cycles"":25253,""active_any_pipe_fraction"":0.8288640168050678,""core_id"":2,""op_count"":124,""pipe_busy_cycles"":{""PIPE_M"":23820,""PIPE_MTE2"":7927,""PIPE_MTE3"":1190,""PIPE_V"":3034},""pipe_utilization"":{""PIPE_M"":0.7818295204647652,""PIPE_MTE2"":0.26018314898086453,""PIPE_MTE3"":0.039058653625233856,""PIPE_V"":0.09958315554534414},""task_end"":25253,""task_span_cycles"":25253,""task_start"":0},{""active_any_pipe_cycles"":21572,""active_any_pipe_fraction"":0.708044769750878,""core_id"":3,""op_count"":86,""pipe_busy_cycles"":{""PIPE_M"":20448,""PIPE_MTE2"":6980,""PIPE_MTE3"":1886,""PIPE_V"":1001},""pipe_utilization"":{""PIPE_M"":0.6711523943939344,""PIPE_MTE2"":0.22910033807069943,""PIPE_MTE3"":0.06190304263629501,""PIPE_V"":0.0328552204024026},""task_end"":21572,""task_span_cycles"":21572,""task_start"":0}]",b1,30467,482084,0,-18432,0,False,0,4.0857209749519825,d323c34000b5d43faa9b1185019a12642badd14aac0082637e369a309472b1a0,f52bd2a376df806196306992ae592c1dbc92285be8be4a820fbd30c9f0ff3da5,fccc3c5c63313907bb6219374cec31ac42bbdd880149c78c4ce4e860d6a9fb5a
case_094,5,success,stage1_actual_winner,verified_stage1_global_fallback,26086,547616,547616,0,187136,42,5,"[{""active_any_pipe_cycles"":26086,""active_any_pipe_fraction"":1.0,""core_id"":0,""op_count"":453,""pipe_busy_cycles"":{""PIPE_M"":11088,""PIPE_MTE2"":12517,""PIPE_MTE3"":1742,""PIPE_V"":19516},""pipe_utilization"":{""PIPE_M"":0.4250555853714636,""PIPE_MTE2"":0.479835927317335,""PIPE_MTE3"":0.06677911523422525,""PIPE_V"":0.7481407651613893},""task_end"":26086,""task_span_cycles"":26086,""task_start"":0},{""active_any_pipe_cycles"":17562,""active_any_pipe_fraction"":0.6732346852717933,""core_id"":1,""op_count"":167,""pipe_busy_cycles"":{""PIPE_M"":12900,""PIPE_MTE2"":9951,""PIPE_MTE3"":1914,""PIPE_V"":8743},""pipe_utilization"":{""PIPE_M"":0.4945181323315188,""PIPE_MTE2"":0.3814689871961972,""PIPE_MTE3"":0.07337269033197884,""PIPE_V"":0.3351606225561604},""task_end"":17562,""task_span_cycles"":17562,""task_start"":0},{""active_any_pipe_cycles"":17805,""active_any_pipe_fraction"":0.6825500268343173,""core_id"":2,""op_count"":64,""pipe_busy_cycles"":{""PIPE_M"":16356,""PIPE_MTE2"":9674,""PIPE_MTE3"":3189,""PIPE_V"":756},""pipe_utilization"":{""PIPE_M"":0.6270029901096373,""PIPE_MTE2"":0.3708502645096987,""PIPE_MTE3"":0.12224948248102431,""PIPE_V"":0.02898106263896343},""task_end"":17805,""task_span_cycles"":17805,""task_start"":0},{""active_any_pipe_cycles"":11975,""active_any_pipe_fraction"":0.4590584988116231,""core_id"":3,""op_count"":124,""pipe_busy_cycles"":{""PIPE_M"":10512,""PIPE_MTE2"":7300,""PIPE_MTE3"":3559,""PIPE_V"":5952},""pipe_utilization"":{""PIPE_M"":0.4029747757417772,""PIPE_MTE2"":0.27984359426512306,""PIPE_MTE3"":0.1364333358889826,""PIPE_V"":0.22816836617342637},""task_end"":11975,""task_span_cycles"":11975,""task_start"":0},{""active_any_pipe_cycles"":20845,""active_any_pipe_fraction"":0.7990876332132179,""core_id"":4,""op_count"":96,""pipe_busy_cycles"":{""PIPE_M"":20088,""PIPE_MTE2"":12147,""PIPE_MTE3"":4530,""PIPE_V"":1649},""pipe_utilization"":{""PIPE_M"":0.7700682358353139,""PIPE_MTE2"":0.4656520739093767,""PIPE_MTE3"":0.173656367400138,""PIPE_V"":0.06321398451276547},""task_end"":20845,""task_span_cycles"":20845,""task_start"":0}]",b1,26086,547616,0,0,0,False,0,5.073028752580285,035a26959b688e0a5ec86c2301420869b89305bfcc9a9d3387a97b50573d298a,89b92d03a6dc96a25324133a230ad1684074bb6475480f9006aff2eda5e70cb3,c932d8dd71ffeb0e21f3098506c2d1e9341b5ce713d170d751924a498569e19c
case_095,1,success,stage1_actual_winner,verified_stage1_global_fallback,2084853,0,0,0,0,0,1,"[{""active_any_pipe_cycles"":2084853,""active_any_pipe_fraction"":1.0,""core_id"":0,""op_count"":6006,""pipe_busy_cycles"":{""PIPE_M"":1069992,""PIPE_MTE2"":143220,""PIPE_MTE3"":47586,""PIPE_V"":1014552},""pipe_utilization"":{""PIPE_M"":0.5132217954934952,""PIPE_MTE2"":0.06869549076121914,""PIPE_MTE3"":0.022824630801308293,""PIPE_V"":0.48662999261818457},""task_end"":2084853,""task_span_cycles"":2084853,""task_start"":0}]",single,2084853,0,0,0,0,False,0,0.38826423697173595,245022ea15499887e4f24537c733040b98ffcb6095987eaf889eee305833923d,ced999421ac154875d392b1953369f09dbeb2c2f92fa816820d4f797e1dd3884,76bfc1e01f97f147cd1c92014357686654621e6b9130de0bc384968a4ae3b47a
case_095,2,success,stage1_actual_winner,verified_stage1_global_fallback,1040351,110592,110592,0,55296,3,2,"[{""active_any_pipe_cycles"":1037237,""active_any_pipe_fraction"":0.9970067794427073,""core_id"":0,""op_count"":3002,""pipe_busy_cycles"":{""PIPE_M"":536154,""PIPE_MTE2"":97312,""PIPE_MTE3"":41955,""PIPE_V"":505080},""pipe_utilization"":{""PIPE_M"":0.5153587587266221,""PIPE_MTE2"":0.09353766180837045,""PIPE_MTE3"":0.04032773554310036,""PIPE_V"":0.48548999328111375},""task_end"":1037237,""task_span_cycles"":1037237,""task_start"":0},{""active_any_pipe_cycles"":1040351,""active_any_pipe_fraction"":1.0,""core_id"":1,""op_count"":3010,""pipe_busy_cycles"":{""PIPE_M"":533838,""PIPE_MTE2"":90348,""PIPE_MTE3"":48097,""PIPE_V"":509472},""pipe_utilization"":{""PIPE_M"":0.5131325869826626,""PIPE_MTE2"":0.08684376715166324,""PIPE_MTE3"":0.04623151224923127,""PIPE_V"":0.4897116453966017},""task_end"":1040351,""task_span_cycles"":1040351,""task_start"":0}]",b1,1040351,110592,0,0,0,False,0,26.67465554177761,d16fd3e4970b03771b32d22254c7f8d86e535eaa1c9ae7c2ffd92a493aa943e5,492a25fb5637a795e216f95050c9937c5eb3b1f3492055455af1845c1a95e347,6dc7f96a5ce9e028ac485b6de0cd2002cc3c6d4ab9081622f74bde7e6bce5f4b
case_095,3,success,stage1_actual_winner,verified_stage1_global_fallback,693735,0,0,0,0,0,3,"[{""active_any_pipe_cycles"":693735,""active_any_pipe_fraction"":1.0,""core_id"":0,""op_count"":2002,""pipe_busy_cycles"":{""PIPE_M"":356664,""PIPE_MTE2"":143838,""PIPE_MTE3"":48204,""PIPE_V"":338184},""pipe_utilization"":{""PIPE_M"":0.5141213864083548,""PIPE_MTE2"":0.2073385370494497,""PIPE_MTE3"":0.06948474561612143,""PIPE_V"":0.4874829726048131},""task_end"":693735,""task_span_cycles"":693735,""task_start"":0},{""active_any_pipe_cycles"":693735,""active_any_pipe_fraction"":1.0,""core_id"":1,""op_count"":2002,""pipe_busy_cycles"":{""PIPE_M"":356664,""PIPE_MTE2"":143838,""PIPE_MTE3"":48204,""PIPE_V"":338184},""pipe_utilization"":{""PIPE_M"":0.5141213864083548,""PIPE_MTE2"":0.2073385370494497,""PIPE_MTE3"":0.06948474561612143,""PIPE_V"":0.4874829726048131},""task_end"":693735,""task_span_cycles"":693735,""task_start"":0},{""active_any_pipe_cycles"":693735,""active_any_pipe_fraction"":1.0,""core_id"":2,""op_count"":2002,""pipe_busy_cycles"":{""PIPE_M"":356664,""PIPE_MTE2"":143838,""PIPE_MTE3"":48204,""PIPE_V"":338184},""pipe_utilization"":{""PIPE_M"":0.5141213864083548,""PIPE_MTE2"":0.2073385370494497,""PIPE_MTE3"":0.06948474561612143,""PIPE_V"":0.4874829726048131},""task_end"":693735,""task_span_cycles"":693735,""task_start"":0}]",b0,693735,0,0,0,0,False,0,48.35166849754751,9c48a856d711324115dd4741bf8341049c832b0ff97be168fd9d65cc104326da,1cacdda053014db827853ccc7fad7edb091d40ca9dcf7e3a8a3eaca1dab52057,6e4a44ace986d9bc52036dc59bb8b9fb4ee0bbdab5fd4353d81c1900426e88c7
case_095,4,success,stage1_actual_winner,verified_stage1_global_fallback,522106,147456,147456,0,73728,4,4,"[{""active_any_pipe_cycles"":517697,""active_any_pipe_fraction"":0.9915553546597817,""core_id"":0,""op_count"":1498,""pipe_busy_cycles"":{""PIPE_M"":268656,""PIPE_MTE2"":111443,""PIPE_MTE3"":40487,""PIPE_V"":250344},""pipe_utilization"":{""PIPE_M"":0.5145621770291856,""PIPE_MTE2"":0.21344899311634036,""PIPE_MTE3"":0.07754555588328807,""PIPE_V"":0.4794888394310734},""task_end"":517697,""task_span_cycles"":517697,""task_start"":0},{""active_any_pipe_cycles"":519687,""active_any_pipe_fraction"":0.9953668412161515,""core_id"":1,""op_count"":1504,""pipe_busy_cycles"":{""PIPE_M"":266340,""PIPE_MTE2"":90839,""PIPE_MTE3"":47242,""PIPE_V"":254736},""pipe_utilization"":{""PIPE_M"":0.5101262961927272,""PIPE_MTE2"":0.17398574235883135,""PIPE_MTE3"":0.09048354165629202,""PIPE_V"":0.4879009243333729},""task_end"":519687,""task_span_cycles"":519687,""task_start"":0},{""active_any_pipe_cycles"":522106,""active_any_pipe_fraction"":1.0,""core_id"":2,""op_count"":1506,""pipe_busy_cycles"":{""PIPE_M"":267498,""PIPE_MTE2"":124002,""PIPE_MTE3"":42798,""PIPE_V"":254736},""pipe_utilization"":{""PIPE_M"":0.5123442366109564,""PIPE_MTE2"":0.23750349545877658,""PIPE_MTE3"":0.0819718601203587,""PIPE_V"":0.4879009243333729},""task_end"":522106,""task_span_cycles"":522106,""task_start"":0},{""active_any_pipe_cycles"":522106,""active_any_pipe_fraction"":1.0,""core_id"":3,""op_count"":1506,""pipe_busy_cycles"":{""PIPE_M"":267498,""PIPE_MTE2"":124002,""PIPE_MTE3"":42798,""PIPE_V"":254736},""pipe_utilization"":{""PIPE_M"":0.5123442366109564,""PIPE_MTE2"":0.23750349545877658,""PIPE_MTE3"":0.0819718601203587,""PIPE_V"":0.4879009243333729},""task_end"":522106,""task_span_cycles"":522106,""task_start"":0}]",b1,522106,147456,0,0,0,False,0,101.9478024803102,1ed063f34a728ed4da35e62e85f7465cc7c00f52877d99214055bb45fec63abf,52e107273f5b2a6745ac60b6ee92c66860481254eb6895540f7fac85f80de489,944e9bf09e179a3a70db7dd6be7ec2df192149a0580d074635e04f5b1a1ce59f
case_095,5,success,stage1_actual_winner,verified_stage1_global_fallback,418656,221184,221184,0,110592,6,5,"[{""active_any_pipe_cycles"":408011,""active_any_pipe_fraction"":0.9745733967744401,""core_id"":0,""op_count"":1210,""pipe_busy_cycles"":{""PIPE_M"":210756,""PIPE_MTE2"":103016,""PIPE_MTE3"":33970,""PIPE_V"":206424},""pipe_utilization"":{""PIPE_M"":0.5034109149277689,""PIPE_MTE2"":0.2460635939769166,""PIPE_MTE3"":0.08114060230833907,""PIPE_V"":0.4930635175418482},""task_end"":408011,""task_span_cycles"":408011,""task_start"":0},{""active_any_pipe_cycles"":418656,""active_any_pipe_fraction"":1.0,""core_id"":1,""op_count"":1204,""pipe_busy_cycles"":{""PIPE_M"":215388,""PIPE_MTE2"":103780,""PIPE_MTE3"":35294,""PIPE_V"":202032},""pipe_utilization"":{""PIPE_M"":0.5144748910800275,""PIPE_MTE2"":0.2478884812351907,""PIPE_MTE3"":0.08430310326377742,""PIPE_V"":0.4825728044026599},""task_end"":418656,""task_span_cycles"":418656,""task_start"":0},{""active_any_pipe_cycles"":418656,""active_any_pipe_fraction"":1.0,""core_id"":2,""op_count"":1204,""pipe_busy_cycles"":{""PIPE_M"":215388,""PIPE_MTE2"":103780,""PIPE_MTE3"":35294,""PIPE_V"":202032},""pipe_utilization"":{""PIPE_M"":0.5144748910800275,""PIPE_MTE2"":0.2478884812351907,""PIPE_MTE3"":0.08430310326377742,""PIPE_V"":0.4825728044026599},""task_end"":418656,""task_span_cycles"":418656,""task_start"":0},{""active_any_pipe_cycles"":417498,""active_any_pipe_fraction"":0.9972340059619353,""core_id"":3,""op_count"":1200,""pipe_busy_cycles"":{""PIPE_M"":214230,""PIPE_MTE2"":109534,""PIPE_MTE3"":36754,""PIPE_V"":202032},""pipe_utilization"":{""PIPE_M"":0.5117088970419629,""PIPE_MTE2"":0.26163246197355344,""PIPE_MTE3"":0.08779045325995567,""PIPE_V"":0.4825728044026599},""task_end"":417498,""task_span_cycles"":417498,""task_start"":0},{""active_any_pipe_cycles"":417498,""active_any_pipe_fraction"":0.9972340059619353,""core_id"":4,""op_count"":1200,""pipe_busy_cycles"":{""PIPE_M"":214230,""PIPE_MTE2"":109534,""PIPE_MTE3"":36754,""PIPE_V"":202032},""pipe_utilization"":{""PIPE_M"":0.5117088970419629,""PIPE_MTE2"":0.26163246197355344,""PIPE_MTE3"":0.08779045325995567,""PIPE_V"":0.4825728044026599},""task_end"":417498,""task_span_cycles"":417498,""task_start"":0}]",b1,418656,221184,0,0,0,False,0,127.20363152585924,81cfa80db0ee5bd444377386e36017f9ff1645bfe7b6f1cc84b0e6a6fc1542c5,35872d7649a76e3d2c2593805297a7c944ef95c460e35496b30df41e0fd51548,478c02df72d5806e82322df8a00655c5092045d4a47053682a8fb94b83ca1dfa
case_096,1,success,stage1_actual_winner,verified_stage1_global_fallback,84194,0,0,0,0,0,1,"[{""active_any_pipe_cycles"":84194,""active_any_pipe_fraction"":1.0,""core_id"":0,""op_count"":1362,""pipe_busy_cycles"":{""PIPE_M"":40144,""PIPE_MTE2"":3576,""PIPE_MTE3"":205,""PIPE_V"":53130},""pipe_utilization"":{""PIPE_M"":0.4768035727011426,""PIPE_MTE2"":0.042473335392070696,""PIPE_MTE3"":0.0024348528398698247,""PIPE_V"":0.6310425921087013},""task_end"":84194,""task_span_cycles"":84194,""task_start"":0}]",single,84194,0,0,0,0,False,0,0.0988354068249464,5c834b1e876a203ad83e6e6cc474b09935202a722da3aca8616e702d73f97fe1,27a0553484623870c985b92430303b88ee9fbedac73dd55d6f763ace1bd395d2,525278612955b7b8ce7dbdecc9834b64bc3b18694bea3cc6b41a8efa8d98003b
case_096,2,success,map_locality@b2a_w8,scene_b_fixed_partition_mapping,44167,671500,671500,0,308998,147,2,"[{""active_any_pipe_cycles"":44167,""active_any_pipe_fraction"":1.0,""core_id"":0,""op_count"":891,""pipe_busy_cycles"":{""PIPE_M"":29252,""PIPE_MTE2"":8772,""PIPE_MTE3"":5306,""PIPE_V"":19205},""pipe_utilization"":{""PIPE_M"":0.6623044354382231,""PIPE_MTE2"":0.19860982181266557,""PIPE_MTE3"":0.12013494237779337,""PIPE_V"":0.43482690696673987},""task_end"":44167,""task_span_cycles"":44167,""task_start"":0},{""active_any_pipe_cycles"":42799,""active_any_pipe_fraction"":0.9690266488554803,""core_id"":1,""op_count"":792,""pipe_busy_cycles"":{""PIPE_M"":10892,""PIPE_MTE2"":9587,""PIPE_MTE3"":5874,""PIPE_V"":33925},""pipe_utilization"":{""PIPE_M"":0.24660945955124866,""PIPE_MTE2"":0.21706251273575294,""PIPE_MTE3"":0.1329952226775647,""PIPE_V"":0.7681074105101093},""task_end"":42799,""task_span_cycles"":42799,""task_start"":0}]",b2a_w8,45052,679688,-885,-8188,0,True,0,3.03770562261343,407c83c032ea3b492d770b78edae1f6eed98e28c49f79ac4e6135a4956db8fb8,091e59e1330bb45561146ce3ce5305a021bfa6a546d02aaa989856aaf2e3317d,68c07a39efe8100aa711e5ee42ce602ff6ea9c14375d1615a15f7818eb828ebf
case_096,3,success,stage1_actual_winner,verified_stage1_global_fallback,36103,601864,601864,0,199684,102,3,"[{""active_any_pipe_cycles"":25108,""active_any_pipe_fraction"":0.6954546713569509,""core_id"":0,""op_count"":559,""pipe_busy_cycles"":{""PIPE_M"":12436,""PIPE_MTE2"":5823,""PIPE_MTE3"":1158,""PIPE_V"":16184},""pipe_utilization"":{""PIPE_M"":0.3444589092319198,""PIPE_MTE2"":0.16128853557876077,""PIPE_MTE3"":0.0320748968229787,""PIPE_V"":0.44827299670387505},""task_end"":27773,""task_span_cycles"":27773,""task_start"":0},{""active_any_pipe_cycles"":33304,""active_any_pipe_fraction"":0.9224718167465308,""core_id"":1,""op_count"":531,""pipe_busy_cycles"":{""PIPE_M"":8920,""PIPE_MTE2"":7028,""PIPE_MTE3"":1305,""PIPE_V"":25875},""pipe_utilization"":{""PIPE_M"":0.24707088053624351,""PIPE_MTE2"":0.19466526327452013,""PIPE_MTE3"":0.03614658061656926,""PIPE_V"":0.7166994432595629},""task_end"":36103,""task_span_cycles"":36103,""task_start"":0},{""active_any_pipe_cycles"":27057,""active_any_pipe_fraction"":0.749439104783536,""core_id"":2,""op_count"":532,""pipe_busy_cycles"":{""PIPE_M"":18788,""PIPE_MTE2"":6486,""PIPE_MTE3"":3414,""PIPE_V"":11071},""pipe_utilization"":{""PIPE_M"":0.5203999667617649,""PIPE_MTE2"":0.17965266044373043,""PIPE_MTE3"":0.09456277871645016,""PIPE_V"":0.3066504168628646},""task_end"":27352,""task_span_cycles"":27352,""task_start"":0}]",b2a_w4,36103,601864,0,0,0,False,0,3.432832783088088,3455848beaf91f0d8b1fe5a3773f61c1c53463970ccf3a955e6d588599c3827b,412b8bca255b39758fdd4b7ee1e793f766db969917cb204d0923a113c4a12d20,b36af50bcd0631c87e06b40dbf00fc808aac32ce9a07bb7085eadabf71cefd33
case_096,4,success,stage1_actual_winner,verified_stage1_global_fallback,35471,800524,800524,0,278022,135,4,"[{""active_any_pipe_cycles"":21464,""active_any_pipe_fraction"":0.6051140368188097,""core_id"":0,""op_count"":308,""pipe_busy_cycles"":{""PIPE_M"":14620,""PIPE_MTE2"":8181,""PIPE_MTE3"":5897,""PIPE_V"":4788},""pipe_utilization"":{""PIPE_M"":0.4121676862789321,""PIPE_MTE2"":0.2306391136421302,""PIPE_MTE3"":0.166248484677624,""PIPE_V"":0.13498350765414},""task_end"":23923,""task_span_cycles"":23923,""task_start"":0},{""active_any_pipe_cycles"":18864,""active_any_pipe_fraction"":0.531814721885484,""core_id"":1,""op_count"":403,""pipe_busy_cycles"":{""PIPE_M"":7560,""PIPE_MTE2"":9791,""PIPE_MTE3"":3678,""PIPE_V"":9410},""pipe_utilization"":{""PIPE_M"":0.21313185419074737,""PIPE_MTE2"":0.27602830481238194,""PIPE_MTE3"":0.10369033858645091,""PIPE_V"":0.2652871359702292},""task_end"":20847,""task_span_cycles"":20847,""task_start"":0},{""active_any_pipe_cycles"":20916,""active_any_pipe_fraction"":0.5896647965944011,""core_id"":2,""op_count"":463,""pipe_busy_cycles"":{""PIPE_M"":10984,""PIPE_MTE2"":14639,""PIPE_MTE3"":7524,""PIPE_V"":12721},""pipe_utilization"":{""PIPE_M"":0.30966141354909643,""PIPE_MTE2"":0.41270333511882945,""PIPE_MTE3"":0.21211694059936287,""PIPE_V"":0.3586309943333991},""task_end"":20916,""task_span_cycles"":20916,""task_start"":0},{""active_any_pipe_cycles"":33494,""active_any_pipe_fraction"":0.9442643286064673,""core_id"":3,""op_count"":525,""pipe_busy_cycles"":{""PIPE_M"":6980,""PIPE_MTE2"":11895,""PIPE_MTE3"":2413,""PIPE_V"":26211},""pipe_utilization"":{""PIPE_M"":0.1967804685517747,""PIPE_MTE2"":0.33534436581996563,""PIPE_MTE3"":0.06802740266696738,""PIPE_V"":0.7389416706605396},""task_end"":35471,""task_span_cycles"":35471,""task_start"":0}]",b2a_w4,35471,800524,0,0,0,False,0,6.843465074896812,7bb1bdfece82596717b14e8ba768f652cc971fefa0693241f4349e73923bac6c,e40c3c87aab7ab644dd49c2d79adc7ce9da0de77034b1a4ea45cc7a856e01f2e,a37323c8a17974c9bcd47a59c8a42e5c67e6161026d8bf32399424241ac36b1a
case_096,5,success,stage1_actual_winner,verified_stage1_global_fallback,35471,800524,800524,0,278022,135,4,"[{""active_any_pipe_cycles"":21464,""active_any_pipe_fraction"":0.6051140368188097,""core_id"":0,""op_count"":308,""pipe_busy_cycles"":{""PIPE_M"":14620,""PIPE_MTE2"":8181,""PIPE_MTE3"":5897,""PIPE_V"":4788},""pipe_utilization"":{""PIPE_M"":0.4121676862789321,""PIPE_MTE2"":0.2306391136421302,""PIPE_MTE3"":0.166248484677624,""PIPE_V"":0.13498350765414},""task_end"":23923,""task_span_cycles"":23923,""task_start"":0},{""active_any_pipe_cycles"":18864,""active_any_pipe_fraction"":0.531814721885484,""core_id"":1,""op_count"":403,""pipe_busy_cycles"":{""PIPE_M"":7560,""PIPE_MTE2"":9791,""PIPE_MTE3"":3678,""PIPE_V"":9410},""pipe_utilization"":{""PIPE_M"":0.21313185419074737,""PIPE_MTE2"":0.27602830481238194,""PIPE_MTE3"":0.10369033858645091,""PIPE_V"":0.2652871359702292},""task_end"":20847,""task_span_cycles"":20847,""task_start"":0},{""active_any_pipe_cycles"":20916,""active_any_pipe_fraction"":0.5896647965944011,""core_id"":2,""op_count"":463,""pipe_busy_cycles"":{""PIPE_M"":10984,""PIPE_MTE2"":14639,""PIPE_MTE3"":7524,""PIPE_V"":12721},""pipe_utilization"":{""PIPE_M"":0.30966141354909643,""PIPE_MTE2"":0.41270333511882945,""PIPE_MTE3"":0.21211694059936287,""PIPE_V"":0.3586309943333991},""task_end"":20916,""task_span_cycles"":20916,""task_start"":0},{""active_any_pipe_cycles"":33494,""active_any_pipe_fraction"":0.9442643286064673,""core_id"":3,""op_count"":525,""pipe_busy_cycles"":{""PIPE_M"":6980,""PIPE_MTE2"":11895,""PIPE_MTE3"":2413,""PIPE_V"":26211},""pipe_utilization"":{""PIPE_M"":0.1967804685517747,""PIPE_MTE2"":0.33534436581996563,""PIPE_MTE3"":0.06802740266696738,""PIPE_V"":0.7389416706605396},""task_end"":35471,""task_span_cycles"":35471,""task_start"":0},{""active_any_pipe_cycles"":0,""active_any_pipe_fraction"":0.0,""core_id"":4,""op_count"":0,""pipe_busy_cycles"":{},""pipe_utilization"":{},""task_end"":0,""task_span_cycles"":0,""task_start"":0}]",inherit_k4,35471,800524,0,0,0,False,0,8.76385166682303,e1363ae95834aa579fd42f0e94d021516b477ea44463d2ef126f49215f735a34,4fa65419d0c1d318ff456c34f494a0bbe1f58ec5dcf815ba13de97b4f6f7369b,56d967419fd825a982dab7feb6ab0ea3e475bc4a9fe29688ec4fc758fff76345
case_097,1,success,stage1_actual_winner,verified_stage1_global_fallback,11491509,10584064,0,10584064,0,0,1,"[{""active_any_pipe_cycles"":11491509,""active_any_pipe_fraction"":1.0,""core_id"":0,""op_count"":10072,""pipe_busy_cycles"":{""PIPE_M"":10303488,""PIPE_MTE2"":257228,""PIPE_MTE3"":20500,""PIPE_V"":1331712},""pipe_utilization"":{""PIPE_M"":0.8966174938382766,""PIPE_MTE2"":0.022384179484173924,""PIPE_MTE3"":0.0017839258534279527,""PIPE_V"":0.11588660810342663},""task_end"":11491509,""task_span_cycles"":11491509,""task_start"":0}]",single,11491509,10584064,0,0,0,False,0,0.6869565136730671,9e72258da64b8f13e0cd28dbf907b30806296ad1503f201dac9f31b973f98b78,6870d240f6c009c4debc04d95df8c193bb5e950a2d1e9474b8c1f5a83df04df0,eed9cab6c0bd5d8daa3b6f062aabac438d4afe3bef9cdf88db1c9398169001f9
case_097,2,success,stage1_actual_winner,verified_stage1_global_fallback,5834394,10584064,1703936,8880128,0,0,2,"[{""active_any_pipe_cycles"":5834394,""active_any_pipe_fraction"":1.0,""core_id"":0,""op_count"":5036,""pipe_busy_cycles"":{""PIPE_M"":5151744,""PIPE_MTE2"":257160,""PIPE_MTE3"":20432,""PIPE_V"":665856},""pipe_utilization"":{""PIPE_M"":0.8829955604643773,""PIPE_MTE2"":0.04407655705116932,""PIPE_MTE3"":0.003501991809260739,""PIPE_V"":0.11412599149114715},""task_end"":5834394,""task_span_cycles"":5834394,""task_start"":0},{""active_any_pipe_cycles"":5834394,""active_any_pipe_fraction"":1.0,""core_id"":1,""op_count"":5036,""pipe_busy_cycles"":{""PIPE_M"":5151744,""PIPE_MTE2"":257160,""PIPE_MTE3"":20432,""PIPE_V"":665856},""pipe_utilization"":{""PIPE_M"":0.8829955604643773,""PIPE_MTE2"":0.04407655705116932,""PIPE_MTE3"":0.003501991809260739,""PIPE_V"":0.11412599149114715},""task_end"":5834394,""task_span_cycles"":5834394,""task_start"":0}]",b0,5834394,10584064,0,0,0,False,0,20.26252387277782,777ce1b022bb0e2019226d0507ad0dcf557c3cc3c9c4a0bcb60921b55a516d8b,2ed685ebb0555519674fc63e7404cfdd2ecc4021757bca2e84f2ac0439127644,6a8501070459a60ecdd4eb461c7668159091326f45aa5f5e23392ec03fa6af63
case_097,3,success,map_locality@b2a_w4,scene_b_fixed_partition_mapping,4229228,84049920,55566336,28483584,27783168,2261,3,"[{""active_any_pipe_cycles"":4229228,""active_any_pipe_fraction"":1.0,""core_id"":0,""op_count"":4962,""pipe_busy_cycles"":{""PIPE_M"":3566592,""PIPE_MTE2"":660318,""PIPE_MTE3"":331957,""PIPE_V"":450840},""pipe_utilization"":{""PIPE_M"":0.8433198683069345,""PIPE_MTE2"":0.1561320411195613,""PIPE_MTE3"":0.07849115725139434,""PIPE_V"":0.10660101559906442},""task_end"":4229228,""task_span_cycles"":4229228,""task_start"":0},{""active_any_pipe_cycles"":4017221,""active_any_pipe_fraction"":0.9498709930039241,""core_id"":1,""op_count"":4693,""pipe_busy_cycles"":{""PIPE_M"":3368448,""PIPE_MTE2"":651942,""PIPE_MTE3"":281884,""PIPE_V"":436968},""pipe_utilization"":{""PIPE_M"":0.7964687645121048,""PIPE_MTE2"":0.15415153782203278,""PIPE_MTE3"":0.0666514077746577,""PIPE_V"":0.10332098434986244},""task_end"":4089566,""task_span_cycles"":4089566,""task_start"":0},{""active_any_pipe_cycles"":4036982,""active_any_pipe_fraction"":0.954543476965536,""core_id"":2,""op_count"":4771,""pipe_busy_cycles"":{""PIPE_M"":3368448,""PIPE_MTE2"":693200,""PIPE_MTE3"":314393,""PIPE_V"":443904},""pipe_utilization"":{""PIPE_M"":0.7964687645121048,""PIPE_MTE2"":0.16390698255095257,""PIPE_MTE3"":0.0743381534407698,""PIPE_V"":0.10496099997446343},""task_end"":4143641,""task_span_cycles"":4143641,""task_start"":0}]",b2a_w4,4253566,86138880,-24338,-2088960,0,True,0,45.739403484389186,d8ae552f009289fc5e4fef8422d8b66acf015f32ba0023f1c90d069685c53a4d,005ccb3a65f117e9d9476daabb458dc22c0f964a783621f0aefa3b9ca8f51f09,6540379835ee06391da3759f869ce99f8fe83ced27218a6b1a802b879b0c13de
case_097,4,success,stage1_actual_winner,verified_stage1_global_fallback,2869852,11796480,4259840,7536640,0,0,4,"[{""active_any_pipe_cycles"":2869852,""active_any_pipe_fraction"":1.0,""core_id"":0,""op_count"":2540,""pipe_busy_cycles"":{""PIPE_M"":2575872,""PIPE_MTE2"":275860,""PIPE_MTE3"":18916,""PIPE_V"":332928},""pipe_utilization"":{""PIPE_M"":0.8975626617679239,""PIPE_MTE2"":0.09612342378631372,""PIPE_MTE3"":0.006591280665344415,""PIPE_V"":0.11600876979021915},""task_end"":2869852,""task_span_cycles"":2869852,""task_start"":0},{""active_any_pipe_cycles"":2869852,""active_any_pipe_fraction"":1.0,""core_id"":1,""op_count"":2540,""pipe_busy_cycles"":{""PIPE_M"":2575872,""PIPE_MTE2"":275860,""PIPE_MTE3"":18916,""PIPE_V"":332928},""pipe_utilization"":{""PIPE_M"":0.8975626617679239,""PIPE_MTE2"":0.09612342378631372,""PIPE_MTE3"":0.006591280665344415,""PIPE_V"":0.11600876979021915},""task_end"":2869852,""task_span_cycles"":2869852,""task_start"":0},{""active_any_pipe_cycles"":2869852,""active_any_pipe_fraction"":1.0,""core_id"":2,""op_count"":2540,""pipe_busy_cycles"":{""PIPE_M"":2575872,""PIPE_MTE2"":275860,""PIPE_MTE3"":18916,""PIPE_V"":332928},""pipe_utilization"":{""PIPE_M"":0.8975626617679239,""PIPE_MTE2"":0.09612342378631372,""PIPE_MTE3"":0.006591280665344415,""PIPE_V"":0.11600876979021915},""task_end"":2869852,""task_span_cycles"":2869852,""task_start"":0},{""active_any_pipe_cycles"":2869852,""active_any_pipe_fraction"":1.0,""core_id"":3,""op_count"":2540,""pipe_busy_cycles"":{""PIPE_M"":2575872,""PIPE_MTE2"":275860,""PIPE_MTE3"":18916,""PIPE_V"":332928},""pipe_utilization"":{""PIPE_M"":0.8975626617679239,""PIPE_MTE2"":0.09612342378631372,""PIPE_MTE3"":0.006591280665344415,""PIPE_V"":0.11600876979021915},""task_end"":2869852,""task_span_cycles"":2869852,""task_start"":0}]",b0,2869852,11796480,0,0,0,False,0,44.58587764017284,c59d0c161e0ce4b1a4819c0e4c48c062021145b70f81b0cec28760bc6e00b8cc,daae8a5c5122b9881830d49da761ac029b1418c7a5b98c4c959386ae1c6d445b,20765b0ce4cd8752941e2fbdee80efe6c6fece1b66e2d3410466b9eb48337660
case_097,5,success,map_locality@b2a_w4,scene_b_fixed_partition_mapping,2785187,81346560,66035712,15310848,33017856,2687,5,"[{""active_any_pipe_cycles"":2783352,""active_any_pipe_fraction"":0.9993411573441927,""core_id"":0,""op_count"":2920,""pipe_busy_cycles"":{""PIPE_M"":2179584,""PIPE_MTE2"":654410,""PIPE_MTE3"":283026,""PIPE_V"":270504},""pipe_utilization"":{""PIPE_M"":0.7825628943406673,""PIPE_MTE2"":0.23496088413453028,""PIPE_MTE3"":0.10161831144551516,""PIPE_V"":0.09712238352397883},""task_end"":2783352,""task_span_cycles"":2783352,""task_start"":0},{""active_any_pipe_cycles"":2785187,""active_any_pipe_fraction"":1.0,""core_id"":1,""op_count"":2896,""pipe_busy_cycles"":{""PIPE_M"":2179584,""PIPE_MTE2"":642531,""PIPE_MTE3"":252956,""PIPE_V"":263568},""pipe_utilization"":{""PIPE_M"":0.7825628943406673,""PIPE_MTE2"":0.23069582042426595,""PIPE_MTE3"":0.09082190890593701,""PIPE_V"":0.09463206599772295},""task_end"":2785187,""task_span_cycles"":2785187,""task_start"":0},{""active_any_pipe_cycles"":2596401,""active_any_pipe_fraction"":0.9322178367197607,""core_id"":2,""op_count"":2766,""pipe_busy_cycles"":{""PIPE_M"":1981440,""PIPE_MTE2"":670152,""PIPE_MTE3"":382445,""PIPE_V"":263568},""pipe_utilization"":{""PIPE_M"":0.7114208130369702,""PIPE_MTE2"":0.24061292832402276,""PIPE_MTE3"":0.1373139397821403,""PIPE_V"":0.09463206599772295},""task_end"":2703793,""task_span_cycles"":2703793,""task_start"":0},{""active_any_pipe_cycles"":2601027,""active_any_pipe_fraction"":0.9338787664885697,""core_id"":3,""op_count"":2752,""pipe_busy_cycles"":{""PIPE_M"":1981440,""PIPE_MTE2"":672670,""PIPE_MTE3"":358116,""PIPE_V"":263568},""pipe_utilization"":{""PIPE_M"":0.7114208130369702,""PIPE_MTE2"":0.2415169968838717,""PIPE_MTE3"":0.12857879919732498,""PIPE_V"":0.09463206599772295},""task_end"":2711293,""task_span_cycles"":2711293,""task_start"":0},{""active_any_pipe_cycles"":2607349,""active_any_pipe_fraction"":0.9361486320308116,""core_id"":4,""op_count"":2774,""pipe_busy_cycles"":{""PIPE_M"":1981440,""PIPE_MTE2"":674982,""PIPE_MTE3"":348272,""PIPE_V"":270504},""pipe_utilization"":{""PIPE_M"":0.7114208130369702,""PIPE_MTE2"":0.242347102725957,""PIPE_MTE3"":0.12504438660671618,""PIPE_V"":0.09712238352397883},""task_end"":2738200,""task_span_cycles"":2738200,""task_start"":0}]",b2a_w4,2809291,83337216,-24104,-1990656,73728,True,0,69.95335767418146,37a339cc44e02a40bc252b8f19fe57c5401dbfea51be69172f64d50af2432ad6,16a5892e161f70dff6cfff3b8273d4d1ff07242f43a028725777fe3d6d6679b6,5c0610ca28fbba8eb435255640831ae6e27ade99b4adaf6ebb849b3478deb9fd
case_098,1,success,stage1_actual_winner,verified_stage1_global_fallback,177430,0,0,0,0,0,1,"[{""active_any_pipe_cycles"":177430,""active_any_pipe_fraction"":1.0,""core_id"":0,""op_count"":1553,""pipe_busy_cycles"":{""PIPE_M"":17296,""PIPE_MTE2"":11752,""PIPE_MTE3"":52,""PIPE_V"":162701},""pipe_utilization"":{""PIPE_M"":0.09748069661274869,""PIPE_MTE2"":0.06623457138026263,""PIPE_MTE3"":0.0002930733246914276,""PIPE_V"":0.9169869807811531},""task_end"":177430,""task_span_cycles"":177430,""task_start"":0}]",single,177430,0,0,0,0,False,0,0.10428431443870068,433c381122151bc9df910934d44abf566fcc5394b5f6954ca2bef8fdbca59e2c,21cae230b73bb9036a1b412890435d228f774fbd547c4a6db88a6204dec5c54d,d5fa76ca92ea23aef86f0ce6acb90a39072fd2bef3949b93f23b0c78ff203c99
case_098,2,success,stage1_actual_winner,verified_stage1_global_fallback,94244,1158238,629834,528404,214562,46,2,"[{""active_any_pipe_cycles"":81076,""active_any_pipe_fraction"":0.8602775773524044,""core_id"":0,""op_count"":1126,""pipe_busy_cycles"":{""PIPE_M"":11936,""PIPE_MTE2"":15981,""PIPE_MTE3"":6433,""PIPE_V"":71383},""pipe_utilization"":{""PIPE_M"":0.12664997241203685,""PIPE_MTE2"":0.16957047663511735,""PIPE_MTE3"":0.06825898730953694,""PIPE_V"":0.7574275285429312},""task_end"":82385,""task_span_cycles"":82385,""task_start"":0},{""active_any_pipe_cycles"":94244,""active_any_pipe_fraction"":1.0,""core_id"":1,""op_count"":645,""pipe_busy_cycles"":{""PIPE_M"":5360,""PIPE_MTE2"":17036,""PIPE_MTE3"":5641,""PIPE_V"":91318},""pipe_utilization"":{""PIPE_M"":0.05687364712872968,""PIPE_MTE2"":0.18076482322482068,""PIPE_MTE3"":0.05985526930096346,""PIPE_V"":0.9689529306905479},""task_end"":94244,""task_span_cycles"":94244,""task_start"":0}]",b2a_w4,94244,1158238,0,0,0,False,0,3.048160569742322,9851fbe5cb8b8ea0663453888f940c9574c19b140815606cb392eab3f094bcd2,8da684a89ac1d4be4e212e109da7382980b5290f2a1f9208a72a330d3ee7ed42,8a9b4aab16aec71022a5e9cfc99cb7a52a41e91046bfe5941ad20ac5472d0f6c
case_098,3,success,map_locality@b2a_w4,scene_b_fixed_partition_mapping,87935,1214566,993378,221188,357422,80,3,"[{""active_any_pipe_cycles"":87935,""active_any_pipe_fraction"":1.0,""core_id"":0,""op_count"":527,""pipe_busy_cycles"":{""PIPE_M"":3228,""PIPE_MTE2"":19501,""PIPE_MTE3"":4574,""PIPE_V"":83146},""pipe_utilization"":{""PIPE_M"":0.0367089327344061,""PIPE_MTE2"":0.22176607721612554,""PIPE_MTE3"":0.05201569340990504,""PIPE_V"":0.9455393188150338},""task_end"":87935,""task_span_cycles"":87935,""task_start"":0},{""active_any_pipe_cycles"":50828,""active_any_pipe_fraction"":0.578017854096776,""core_id"":1,""op_count"":697,""pipe_busy_cycles"":{""PIPE_M"":5480,""PIPE_MTE2"":17947,""PIPE_MTE3"":7949,""PIPE_V"":44275},""pipe_utilization"":{""PIPE_M"":0.06231875817365099,""PIPE_MTE2"":0.204093933018707,""PIPE_MTE3"":0.09039631546028316,""PIPE_V"":0.5034969011201456},""task_end"":51077,""task_span_cycles"":51077,""task_start"":0},{""active_any_pipe_cycles"":42224,""active_any_pipe_fraction"":0.48017285494967876,""core_id"":2,""op_count"":553,""pipe_busy_cycles"":{""PIPE_M"":8588,""PIPE_MTE2"":16322,""PIPE_MTE3"":6434,""PIPE_V"":35280},""pipe_utilization"":{""PIPE_M"":0.0976630465684881,""PIPE_MTE2"":0.18561437425371013,""PIPE_MTE3"":0.07316768067322454,""PIPE_V"":0.40120543583328594},""task_end"":44347,""task_span_cycles"":44347,""task_start"":0}]",b2a_w4,87943,1218672,-8,-4106,24576,True,0,5.653124768286943,f8b6068f0e4882bbb13d28ec45f29f0f7e4669d8b30aae46542d2a04aad59e99,884efad6c26cad86a1c9f616eaef478c3fac0cd5aa17dcae16fea861e735de6d,6438a0c2e89d5082a97323c224a7224d5125c3232dea66e57ce426f9d420dea3
case_098,4,success,inherit_final_k3,recursive_final_winner_inheritance,87935,1214566,993378,221188,357422,80,3,"[{""active_any_pipe_cycles"":87935,""active_any_pipe_fraction"":1.0,""core_id"":0,""op_count"":527,""pipe_busy_cycles"":{""PIPE_M"":3228,""PIPE_MTE2"":19501,""PIPE_MTE3"":4574,""PIPE_V"":83146},""pipe_utilization"":{""PIPE_M"":0.0367089327344061,""PIPE_MTE2"":0.22176607721612554,""PIPE_MTE3"":0.05201569340990504,""PIPE_V"":0.9455393188150338},""task_end"":87935,""task_span_cycles"":87935,""task_start"":0},{""active_any_pipe_cycles"":50828,""active_any_pipe_fraction"":0.578017854096776,""core_id"":1,""op_count"":697,""pipe_busy_cycles"":{""PIPE_M"":5480,""PIPE_MTE2"":17947,""PIPE_MTE3"":7949,""PIPE_V"":44275},""pipe_utilization"":{""PIPE_M"":0.06231875817365099,""PIPE_MTE2"":0.204093933018707,""PIPE_MTE3"":0.09039631546028316,""PIPE_V"":0.5034969011201456},""task_end"":51077,""task_span_cycles"":51077,""task_start"":0},{""active_any_pipe_cycles"":42224,""active_any_pipe_fraction"":0.48017285494967876,""core_id"":2,""op_count"":553,""pipe_busy_cycles"":{""PIPE_M"":8588,""PIPE_MTE2"":16322,""PIPE_MTE3"":6434,""PIPE_V"":35280},""pipe_utilization"":{""PIPE_M"":0.0976630465684881,""PIPE_MTE2"":0.18561437425371013,""PIPE_MTE3"":0.07316768067322454,""PIPE_V"":0.40120543583328594},""task_end"":44347,""task_span_cycles"":44347,""task_start"":0},{""active_any_pipe_cycles"":0,""active_any_pipe_fraction"":0.0,""core_id"":3,""op_count"":0,""pipe_busy_cycles"":{},""pipe_utilization"":{},""task_end"":0,""task_span_cycles"":0,""task_start"":0}]",inherit_k3,87943,1218672,-8,-4106,24576,True,0,6.09108179807663,5e3d7d89da866b5bd9221a63a7ad6273edabd3e223aac744f6b8a9107f0e5aaf,a236cf2e5855bec4763f547bd703118cf2d4f3a8ff22f8a2a63c292da48e429a,1d189dc2835d3d99cbddf3104cde5fb35df9e48c3be6525e835c5d3083ef2d84
case_098,5,success,inherit_final_k4,recursive_final_winner_inheritance,87935,1214566,993378,221188,357422,80,3,"[{""active_any_pipe_cycles"":87935,""active_any_pipe_fraction"":1.0,""core_id"":0,""op_count"":527,""pipe_busy_cycles"":{""PIPE_M"":3228,""PIPE_MTE2"":19501,""PIPE_MTE3"":4574,""PIPE_V"":83146},""pipe_utilization"":{""PIPE_M"":0.0367089327344061,""PIPE_MTE2"":0.22176607721612554,""PIPE_MTE3"":0.05201569340990504,""PIPE_V"":0.9455393188150338},""task_end"":87935,""task_span_cycles"":87935,""task_start"":0},{""active_any_pipe_cycles"":50828,""active_any_pipe_fraction"":0.578017854096776,""core_id"":1,""op_count"":697,""pipe_busy_cycles"":{""PIPE_M"":5480,""PIPE_MTE2"":17947,""PIPE_MTE3"":7949,""PIPE_V"":44275},""pipe_utilization"":{""PIPE_M"":0.06231875817365099,""PIPE_MTE2"":0.204093933018707,""PIPE_MTE3"":0.09039631546028316,""PIPE_V"":0.5034969011201456},""task_end"":51077,""task_span_cycles"":51077,""task_start"":0},{""active_any_pipe_cycles"":42224,""active_any_pipe_fraction"":0.48017285494967876,""core_id"":2,""op_count"":553,""pipe_busy_cycles"":{""PIPE_M"":8588,""PIPE_MTE2"":16322,""PIPE_MTE3"":6434,""PIPE_V"":35280},""pipe_utilization"":{""PIPE_M"":0.0976630465684881,""PIPE_MTE2"":0.18561437425371013,""PIPE_MTE3"":0.07316768067322454,""PIPE_V"":0.40120543583328594},""task_end"":44347,""task_span_cycles"":44347,""task_start"":0},{""active_any_pipe_cycles"":0,""active_any_pipe_fraction"":0.0,""core_id"":3,""op_count"":0,""pipe_busy_cycles"":{},""pipe_utilization"":{},""task_end"":0,""task_span_cycles"":0,""task_start"":0},{""active_any_pipe_cycles"":0,""active_any_pipe_fraction"":0.0,""core_id"":4,""op_count"":0,""pipe_busy_cycles"":{},""pipe_utilization"":{},""task_end"":0,""task_span_cycles"":0,""task_start"":0}]",inherit_k3,87943,1218672,-8,-4106,24576,True,0,8.979445151984692,e47353f2191cb0d2c0fe8a9c6ae43e534b25b7c7832697f987a9953629cd40a4,3e2b80a2ce33c34d8ee5c9f6bf5ff191faaae6cf89306b81dd9e8cc3e563dd8f,6d50d09751582998c6cf0f3b4587697de6a473b28d0ba3414fa144f30cd73ffc
case_099,1,success,stage1_actual_winner,verified_stage1_global_fallback,1622999,5484544,0,5484544,0,0,1,"[{""active_any_pipe_cycles"":1622999,""active_any_pipe_fraction"":1.0,""core_id"":0,""op_count"":8372,""pipe_busy_cycles"":{""PIPE_M"":1595484,""PIPE_MTE2"":135049,""PIPE_MTE3"":269,""PIPE_V"":144720},""pipe_utilization"":{""PIPE_M"":0.983046816418248,""PIPE_MTE2"":0.08320953987032648,""PIPE_MTE3"":0.00016574255437002734,""PIPE_V"":0.08916826196442512},""task_end"":1622999,""task_span_cycles"":1622999,""task_start"":0}]",single,1622999,5484544,0,0,0,False,0,0.5421935953199863,239e9c5e5625b65e0ba031d314c722c5df34cba7a120378df84f8ff91ebe1a53,b828830aa8d610f075c3adba7874285e31ec9e7fbc1cbbd5cc77d56d668477cc,21e489b24acbd5fef54704e4e13007f72113f4a03cca95ba16684d8c12e4e338
case_099,2,success,stage1_actual_winner,verified_stage1_global_fallback,1559711,16840960,7367936,9473024,3662848,1658,2,"[{""active_any_pipe_cycles"":1559160,""active_any_pipe_fraction"":0.9996467294261565,""core_id"":0,""op_count"":10288,""pipe_busy_cycles"":{""PIPE_M"":1445292,""PIPE_MTE2"":247052,""PIPE_MTE3"":138907,""PIPE_V"":72357},""pipe_utilization"":{""PIPE_M"":0.9266408969353938,""PIPE_MTE2"":0.1583960105429788,""PIPE_MTE3"":0.08905944755150152,""PIPE_V"":0.046391286590913315},""task_end"":1559160,""task_span_cycles"":1559160,""task_start"":0},{""active_any_pipe_cycles"":259599,""active_any_pipe_fraction"":0.1664404495448195,""core_id"":1,""op_count"":3734,""pipe_busy_cycles"":{""PIPE_M"":150192,""PIPE_MTE2"":132016,""PIPE_MTE3"":24706,""PIPE_V"":72363},""pipe_utilization"":{""PIPE_M"":0.09629476229891307,""PIPE_MTE2"":0.08464132137299794,""PIPE_MTE3"":0.01584011396983159,""PIPE_V"":0.04639513345741615},""task_end"":1559711,""task_span_cycles"":1559711,""task_start"":0}]",b2a_w4,1559711,16840960,0,0,0,False,0,31.16391653753817,46a7e02f858d3129daccf336bbe7691af5691ee59202865b5785af8dcac41ba4,47661db12dc1630fc6be76ca5635ba3a2f1af61413678e2035c0794a39720f00,398975cf0fd8076b42071d9fd531647e03a45c75cc3e8bc6670c8a041079567e
case_099,3,success,map_locality@b2a_w4,scene_b_fixed_partition_mapping,747117,13449600,10840448,2609152,5382912,2455,3,"[{""active_any_pipe_cycles"":745273,""active_any_pipe_fraction"":0.9975318457483902,""core_id"":0,""op_count"":4792,""pipe_busy_cycles"":{""PIPE_M"":619992,""PIPE_MTE2"":165249,""PIPE_MTE3"":98227,""PIPE_V"":48271},""pipe_utilization"":{""PIPE_M"":0.8298459277462567,""PIPE_MTE2"":0.221182224470866,""PIPE_MTE3"":0.1314747221653369,""PIPE_V"":0.06460969299319919},""task_end"":745273,""task_span_cycles"":745273,""task_start"":0},{""active_any_pipe_cycles"":747117,""active_any_pipe_fraction"":1.0,""core_id"":1,""op_count"":4875,""pipe_busy_cycles"":{""PIPE_M"":619236,""PIPE_MTE2"":168023,""PIPE_MTE3"":102237,""PIPE_V"":48213},""pipe_utilization"":{""PIPE_M"":0.8288340380422343,""PIPE_MTE2"":0.2248951636758366,""PIPE_MTE3"":0.1368420207276772,""PIPE_V"":0.0645320612434197},""task_end"":747117,""task_span_cycles"":747117,""task_start"":0},{""active_any_pipe_cycles"":476361,""active_any_pipe_fraction"":0.6375989302880272,""core_id"":2,""op_count"":3578,""pipe_busy_cycles"":{""PIPE_M"":356256,""PIPE_MTE2"":151281,""PIPE_MTE3"":57152,""PIPE_V"":48236},""pipe_utilization"":{""PIPE_M"":0.4768409767144905,""PIPE_MTE2"":0.2024863575584547,""PIPE_MTE3"":0.07649672005857182,""PIPE_V"":0.06456284624764261},""task_end"":741225,""task_span_cycles"":741225,""task_start"":0}]",b2a_w4,752124,13612928,-5007,-163328,622592,True,0,50.32497536577284,5644cf6a306ddd5858e15db3d21f81471bb24d73ab84fd61d8f09d4fcdd3a85b,b93c1678b6c4c77f5ec01f796138f38265736c80c6b1352279bebf79fb62f33b,4180add1063bb10d719b39e6e1eb4fbb7cc8f03f3af37156946fb2bb71495cb4
case_099,4,success,stage1_actual_winner,verified_stage1_global_fallback,614461,14012928,11506176,2506752,5696512,2578,4,"[{""active_any_pipe_cycles"":612401,""active_any_pipe_fraction"":0.9966474682689381,""core_id"":0,""op_count"":3802,""pipe_busy_cycles"":{""PIPE_M"":487644,""PIPE_MTE2"":167985,""PIPE_MTE3"":96690,""PIPE_V"":36169},""pipe_utilization"":{""PIPE_M"":0.7936126133310332,""PIPE_MTE2"":0.27338594312739134,""PIPE_MTE3"":0.15735742382348106,""PIPE_V"":0.0588629709615419},""task_end"":612401,""task_span_cycles"":612401,""task_start"":0},{""active_any_pipe_cycles"":609038,""active_any_pipe_fraction"":0.9911743788458502,""core_id"":1,""op_count"":3830,""pipe_busy_cycles"":{""PIPE_M"":486888,""PIPE_MTE2"":170742,""PIPE_MTE3"":96916,""PIPE_V"":36160},""pipe_utilization"":{""PIPE_M"":0.7923822667345852,""PIPE_MTE2"":0.2778728023422154,""PIPE_MTE3"":0.15772522584834514,""PIPE_V"":0.058848323978250856},""task_end"":609804,""task_span_cycles"":609804,""task_start"":0},{""active_any_pipe_cycles"":600321,""active_any_pipe_fraction"":0.9769879618071774,""core_id"":2,""op_count"":3677,""pipe_busy_cycles"":{""PIPE_M"":486888,""PIPE_MTE2"":154538,""PIPE_MTE3"":64104,""PIPE_V"":36190},""pipe_utilization"":{""PIPE_M"":0.7923822667345852,""PIPE_MTE2"":0.25150172264797926,""PIPE_MTE3"":0.10432557965436375,""PIPE_V"":0.05889714725588768},""task_end"":612934,""task_span_cycles"":612934,""task_start"":0},{""active_any_pipe_cycles"":264384,""active_any_pipe_fraction"":0.4302697811577952,""core_id"":3,""op_count"":2115,""pipe_busy_cycles"":{""PIPE_M"":134064,""PIPE_MTE2"":166094,""PIPE_MTE3"":44530,""PIPE_V"":36201},""pipe_utilization"":{""PIPE_M"":0.21818146310343536,""PIPE_MTE2"":0.2703084491936836,""PIPE_MTE3"":0.07247001843892452,""PIPE_V"":0.05891504912435452},""task_end"":614461,""task_span_cycles"":614461,""task_start"":0}]",b2a_w4,614461,14012928,0,0,0,False,0,62.48377596400678,11224831f1cfdea72fd9ebc53ef1037a0bb5c8b47c7791920068d33858f7cff3,0e4b683ee31c847124ad2a837be33be5ef09433396fedd3eac6051c06f4d497b,bffb182dabb6684a7bcdc42ec07d3f86a2aeefe3212969893492277227567053
case_099,5,success,map_locality@b2a_w4,scene_b_fixed_partition_mapping,504123,12529664,12095488,434176,5969024,2733,5,"[{""active_any_pipe_cycles"":371866,""active_any_pipe_fraction"":0.7376493435133886,""core_id"":0,""op_count"":2119,""pipe_busy_cycles"":{""PIPE_M"":297132,""PIPE_MTE2"":97854,""PIPE_MTE3"":39968,""PIPE_V"":20343},""pipe_utilization"":{""PIPE_M"":0.5894037764593165,""PIPE_MTE2"":0.19410739045828102,""PIPE_MTE3"":0.07928223866000957,""PIPE_V"":0.04035324712421373},""task_end"":490426,""task_span_cycles"":490426,""task_start"":0},{""active_any_pipe_cycles"":504123,""active_any_pipe_fraction"":1.0,""core_id"":1,""op_count"":2883,""pipe_busy_cycles"":{""PIPE_M"":403812,""PIPE_MTE2"":129585,""PIPE_MTE3"":55889,""PIPE_V"":28984},""pipe_utilization"":{""PIPE_M"":0.8010187989835814,""PIPE_MTE2"":0.25705036270910075,""PIPE_MTE3"":0.1108638169653041,""PIPE_V"":0.05749390525724873},""task_end"":504123,""task_span_cycles"":504123,""task_start"":0},{""active_any_pipe_cycles"":474429,""active_any_pipe_fraction"":0.9410977082973798,""core_id"":2,""op_count"":2608,""pipe_busy_cycles"":{""PIPE_M"":404508,""PIPE_MTE2"":101247,""PIPE_MTE3"":41683,""PIPE_V"":24619},""pipe_utilization"":{""PIPE_M"":0.8023994144286216,""PIPE_MTE2"":0.200837890752852,""PIPE_MTE3"":0.08268418620058994,""PIPE_V"":0.04883530408253541},""task_end"":498595,""task_span_cycles"":498595,""task_start"":0},{""active_any_pipe_cycles"":372200,""active_any_pipe_fraction"":0.7383118802355775,""core_id"":3,""op_count"":2654,""pipe_busy_cycles"":{""PIPE_M"":260124,""PIPE_MTE2"":141131,""PIPE_MTE3"":49758,""PIPE_V"":37535},""pipe_utilization"":{""PIPE_M"":0.5159931207264894,""PIPE_MTE2"":0.27995350341087394,""PIPE_MTE3"":0.09870210246308936,""PIPE_V"":0.07445603553101128},""task_end"":500935,""task_span_cycles"":500935,""task_start"":0},{""active_any_pipe_cycles"":333617,""active_any_pipe_fraction"":0.6617769869654826,""core_id"":4,""op_count"":2500,""pipe_busy_cycles"":{""PIPE_M"":229908,""PIPE_MTE2"":125942,""PIPE_MTE3"":43503,""PIPE_V"":33239},""pipe_utilization"":{""PIPE_M"":0.456055367440089,""PIPE_MTE2"":0.24982395169432856,""PIPE_MTE3"":0.08629441624365482,""PIPE_V"":0.0659343057150735},""task_end"":502773,""task_span_cycles"":502773,""task_start"":0}]",b2a_w4,504179,12613248,-56,-83584,212992,True,0,90.54836700111628,526126d3943715e91837d99965370fb2ecb87b24bad2fdf8c383979b3fa3b5b7,5c5a55607d27b440b1a751703067f368425c1429853ebe2d567a9a825b2a727a,737500013ca8b5bc225e0c300bc5c3287acc9ec853f41b4b91c80985cdea9ba8
case_100,1,success,stage1_actual_winner,verified_stage1_global_fallback,151223,0,0,0,0,0,1,"[{""active_any_pipe_cycles"":151223,""active_any_pipe_fraction"":1.0,""core_id"":0,""op_count"":1654,""pipe_busy_cycles"":{""PIPE_M"":62556,""PIPE_MTE2"":7373,""PIPE_MTE3"":397,""PIPE_V"":102007},""pipe_utilization"":{""PIPE_M"":0.41366723315897713,""PIPE_MTE2"":0.04875581095468282,""PIPE_MTE3"":0.0026252620302467215,""PIPE_V"":0.6745468612578774},""task_end"":151223,""task_span_cycles"":151223,""task_start"":0}]",single,151223,0,0,0,0,False,0,0.11494750715792179,4b6acef75fa8c83443c8f4fc8c7057e42c213236f7b4b3fd66a43a96b59b8f25,f3ec5d77b463d7f83f226af99c6343b3021c804cf3d2b88142c661d52e4f7da9,be3be988d9a8b750e84a2b15b30682b2a811b9b474dcb369fe43fbe531af4953
case_100,2,success,stage1_actual_winner,verified_stage1_global_fallback,80853,960832,592160,368672,263756,111,2,"[{""active_any_pipe_cycles"":69363,""active_any_pipe_fraction"":0.8578902452599162,""core_id"":0,""op_count"":1278,""pipe_busy_cycles"":{""PIPE_M"":41284,""PIPE_MTE2"":10587,""PIPE_MTE3"":1439,""PIPE_V"":40690},""pipe_utilization"":{""PIPE_M"":0.5106056670748148,""PIPE_MTE2"":0.1309413379837483,""PIPE_MTE3"":0.017797731685899102,""PIPE_V"":0.5032590009028731},""task_end"":70347,""task_span_cycles"":70347,""task_start"":0},{""active_any_pipe_cycles"":80853,""active_any_pipe_fraction"":1.0,""core_id"":1,""op_count"":673,""pipe_busy_cycles"":{""PIPE_M"":21272,""PIPE_MTE2"":15169,""PIPE_MTE3"":10748,""PIPE_V"":61317},""pipe_utilization"":{""PIPE_M"":0.26309475220461825,""PIPE_MTE2"":0.18761208613162159,""PIPE_MTE3"":0.13293260608759105,""PIPE_V"":0.7583763125672517},""task_end"":80853,""task_span_cycles"":80853,""task_start"":0}]",b2a_w4,80853,960832,0,0,0,False,0,3.3951214496046305,29ccef075e2b9676b1ad68b0336c3e54a31efe0153095b169a927a8602df7488,938e2295004a7588d1c0859dfb660aac0482a2bcbd0e244bd8fa381197eead92,9953f28228194fdbab89949c5794f8530cf2cc21d1e0c2e3e11391a3ca0b3183
case_100,3,success,map_locality@b2a_w4,scene_b_fixed_partition_mapping,68488,1254304,1024928,229376,327562,167,3,"[{""active_any_pipe_cycles"":64073,""active_any_pipe_fraction"":0.9355361523186544,""core_id"":0,""op_count"":428,""pipe_busy_cycles"":{""PIPE_M"":14376,""PIPE_MTE2"":12370,""PIPE_MTE3"":4126,""PIPE_V"":50329},""pipe_utilization"":{""PIPE_M"":0.20990538488494334,""PIPE_MTE2"":0.18061558229178834,""PIPE_MTE3"":0.06024413035860297,""PIPE_V"":0.7348586613713352},""task_end"":68488,""task_span_cycles"":68488,""task_start"":0},{""active_any_pipe_cycles"":44139,""active_any_pipe_fraction"":0.6444778647354281,""core_id"":1,""op_count"":853,""pipe_busy_cycles"":{""PIPE_M"":25172,""PIPE_MTE2"":15237,""PIPE_MTE3"":6167,""PIPE_V"":29315},""pipe_utilization"":{""PIPE_M"":0.36753883892068684,""PIPE_MTE2"":0.22247693026515594,""PIPE_MTE3"":0.09004497138184792,""PIPE_V"":0.4280311879453335},""task_end"":44139,""task_span_cycles"":44139,""task_start"":0},{""active_any_pipe_cycles"":38974,""active_any_pipe_fraction"":0.5690631935521551,""core_id"":2,""op_count"":808,""pipe_busy_cycles"":{""PIPE_M"":23008,""PIPE_MTE2"":9898,""PIPE_MTE3"":3887,""PIPE_V"":22363},""pipe_utilization"":{""PIPE_M"":0.3359420628431258,""PIPE_MTE2"":0.1445216680294358,""PIPE_MTE3"":0.05675446793598879,""PIPE_V"":0.3265243546314683},""task_end"":43308,""task_span_cycles"":43308,""task_start"":0}]",b2a_w4,70054,1356568,-1566,-102264,0,True,0,6.168901164084673,dc58c74870b7e6dc4087ca0f0fff0266955bf6ad956cd225a5b86c07c4c4927b,6d0314a0b95528ce99ebd3c9cb5c5eb04aa35ee301415d9c045e1541bbdf80af,f4dfab5016bc683f9e087763f7b7f17770ed81a57956ae61f0b87744df703109
case_100,4,success,stage1_actual_winner,verified_stage1_global_fallback,67632,1615378,1386002,229376,453508,180,4,"[{""active_any_pipe_cycles"":64059,""active_any_pipe_fraction"":0.9471699787083038,""core_id"":0,""op_count"":400,""pipe_busy_cycles"":{""PIPE_M"":15864,""PIPE_MTE2"":19434,""PIPE_MTE3"":5928,""PIPE_V"":49206},""pipe_utilization"":{""PIPE_M"":0.23456352022711144,""PIPE_MTE2"":0.28734918381831087,""PIPE_MTE3"":0.08765081618168914,""PIPE_V"":0.727555003548616},""task_end"":67632,""task_span_cycles"":67632,""task_start"":0},{""active_any_pipe_cycles"":35144,""active_any_pipe_fraction"":0.5196356754199196,""core_id"":1,""op_count"":508,""pipe_busy_cycles"":{""PIPE_M"":11816,""PIPE_MTE2"":23982,""PIPE_MTE3"":13208,""PIPE_V"":20349},""pipe_utilization"":{""PIPE_M"":0.1747101963567542,""PIPE_MTE2"":0.3545954577714691,""PIPE_MTE3"":0.19529216938727229,""PIPE_V"":0.3008782824698368},""task_end"":35144,""task_span_cycles"":35144,""task_start"":0},{""active_any_pipe_cycles"":35013,""active_any_pipe_fraction"":0.5176987224982257,""core_id"":2,""op_count"":449,""pipe_busy_cycles"":{""PIPE_M"":18576,""PIPE_MTE2"":22110,""PIPE_MTE3"":9065,""PIPE_V"":16428},""pipe_utilization"":{""PIPE_M"":0.27466288147622425,""PIPE_MTE2"":0.326916252661462,""PIPE_MTE3"":0.13403418500118286,""PIPE_V"":0.242902767920511},""task_end"":35013,""task_span_cycles"":35013,""task_start"":0},{""active_any_pipe_cycles"":34369,""active_any_pipe_fraction"":0.508176602791578,""core_id"":3,""op_count"":766,""pipe_busy_cycles"":{""PIPE_M"":16300,""PIPE_MTE2"":16713,""PIPE_MTE3"":8829,""PIPE_V"":16024},""pipe_utilization"":{""PIPE_M"":0.24101017269931393,""PIPE_MTE2"":0.2471167494677076,""PIPE_MTE3"":0.1305447125621008,""PIPE_V"":0.23692926425360775},""task_end"":36372,""task_span_cycles"":36372,""task_start"":0}]",b2a_w4,67632,1615378,0,0,0,False,0,10.121612472459674,64a87a4503d2d2cda9f491198e9719b9f6500dc7dbb69a616c2d56bdaef97825,924272d914e085bbbf492414747bb987e43055d6f6874c870b43b60503b377b7,a41e02c43fc56396a8d74ec2ca89a37f5e37fc4fd04815838188469aa8a0746b
case_100,5,success,map_locality@b2a_w4,scene_b_fixed_partition_mapping,65477,1487540,1258164,229376,385684,217,5,"[{""active_any_pipe_cycles"":29975,""active_any_pipe_fraction"":0.45779433999725094,""core_id"":0,""op_count"":433,""pipe_busy_cycles"":{""PIPE_M"":16032,""PIPE_MTE2"":18303,""PIPE_MTE3"":4897,""PIPE_V"":13833},""pipe_utilization"":{""PIPE_M"":0.24484933640820442,""PIPE_MTE2"":0.2795332712250103,""PIPE_MTE3"":0.07478962078287033,""PIPE_V"":0.21126502435969882},""task_end"":29975,""task_span_cycles"":29975,""task_start"":0},{""active_any_pipe_cycles"":30889,""active_any_pipe_fraction"":0.47175344013928555,""core_id"":1,""op_count"":532,""pipe_busy_cycles"":{""PIPE_M"":9776,""PIPE_MTE2"":21540,""PIPE_MTE3"":9804,""PIPE_V"":14730},""pipe_utilization"":{""PIPE_M"":0.14930433587366557,""PIPE_MTE2"":0.3289704781831788,""PIPE_MTE3"":0.1497319669502268,""PIPE_V"":0.22496449134810698},""task_end"":31254,""task_span_cycles"":31254,""task_start"":0},{""active_any_pipe_cycles"":28830,""active_any_pipe_fraction"":0.44030728347358616,""core_id"":2,""op_count"":535,""pipe_busy_cycles"":{""PIPE_M"":10428,""PIPE_MTE2"":22189,""PIPE_MTE3"":9968,""PIPE_V"":15667},""pipe_utilization"":{""PIPE_M"":0.1592620309421629,""PIPE_MTE2"":0.3388823556363303,""PIPE_MTE3"":0.15223666325579974,""PIPE_V"":0.23927485987445973},""task_end"":30119,""task_span_cycles"":30119,""task_start"":0},{""active_any_pipe_cycles"":25546,""active_any_pipe_fraction"":0.3901522672083327,""core_id"":3,""op_count"":206,""pipe_busy_cycles"":{""PIPE_M"":18716,""PIPE_MTE2"":8924,""PIPE_MTE3"":3533,""PIPE_V"":7139},""pipe_utilization"":{""PIPE_M"":0.2858408296042885,""PIPE_MTE2"":0.1362921331154451,""PIPE_MTE3"":0.053957878338958716,""PIPE_V"":0.10903065198466637},""task_end"":30454,""task_span_cycles"":30454,""task_start"":0},{""active_any_pipe_cycles"":63276,""active_any_pipe_fraction"":0.9663851428745972,""core_id"":4,""op_count"":513,""pipe_busy_cycles"":{""PIPE_M"":7604,""PIPE_MTE2"":26292,""PIPE_MTE3"":8839,""PIPE_V"":50638},""pipe_utilization"":{""PIPE_M"":0.1161323823632726,""PIPE_MTE2"":0.4015455808909999,""PIPE_MTE3"":0.1349939673473128,""PIPE_V"":0.773370801960994},""task_end"":65477,""task_span_cycles"":65477,""task_start"":0}]",inherit_k4,67632,1615378,-2155,-127838,0,True,0,11.640263702720404,121f9c50d70b6944316973b51d55809c906fc29ff15f340433c740a589b128bb,24df8c8ae804a347af1d3196d462fc447e8724af66a5d3908c92c3ba1e59450a,950c2156e76a2b1a2d4c97232b79aa77c53940ab5e5b07a4c995a42c21e3f31e
