case,cores,graph_sha256,baseline_plan_file_sha256,final_plan_file_sha256,final_source,plan_changed,baseline_legal,final_legal,g1_no_l2_official_calls,g1_l2_official_calls,g2_official_calls,g2_candidate_cache_hits,final_no_l2_source,best_observed_one_core_no_l2_makespan,best_observed_one_core_source_requested_cores,best_observed_one_core_candidate,best_observed_one_core_plan_file_sha256,best_observed_one_core_result_file_sha256,baseline_no_l2_makespan,baseline_no_l2_added_copy_bytes,baseline_no_l2_scheduled_copy_bytes,baseline_no_l2_spill_added_copy_bytes,baseline_no_l2_partition_added_copy_bytes,baseline_no_l2_cross_task_traffic_bytes,baseline_no_l2_cross_core_transfer_count,baseline_no_l2_copy_in_hits,baseline_no_l2_copy_in_misses,baseline_no_l2_cache_hit_bytes,baseline_no_l2_cache_miss_bytes,baseline_no_l2_cache_hit_rate_bytes,baseline_l2_makespan,baseline_l2_added_copy_bytes,baseline_l2_scheduled_copy_bytes,baseline_l2_spill_added_copy_bytes,baseline_l2_partition_added_copy_bytes,baseline_l2_cross_task_traffic_bytes,baseline_l2_cross_core_transfer_count,baseline_l2_copy_in_hits,baseline_l2_copy_in_misses,baseline_l2_cache_hit_bytes,baseline_l2_cache_miss_bytes,baseline_l2_cache_hit_rate_bytes,final_no_l2_makespan,final_no_l2_added_copy_bytes,final_no_l2_scheduled_copy_bytes,final_no_l2_spill_added_copy_bytes,final_no_l2_partition_added_copy_bytes,final_no_l2_cross_task_traffic_bytes,final_no_l2_cross_core_transfer_count,final_no_l2_copy_in_hits,final_no_l2_copy_in_misses,final_no_l2_cache_hit_bytes,final_no_l2_cache_miss_bytes,final_no_l2_cache_hit_rate_bytes,final_l2_makespan,final_l2_added_copy_bytes,final_l2_scheduled_copy_bytes,final_l2_spill_added_copy_bytes,final_l2_partition_added_copy_bytes,final_l2_cross_task_traffic_bytes,final_l2_cross_core_transfer_count,final_l2_copy_in_hits,final_l2_copy_in_misses,final_l2_cache_hit_bytes,final_l2_cache_miss_bytes,final_l2_cache_hit_rate_bytes,hardware_speedup_baseline_mean_of_ratios_member,hardware_speedup_final_mean_of_ratios_member,l2_plan_tuning_speedup_mean_of_ratios_member,no_l2_plan_tuning_speedup_mean_of_ratios_member,hardware_plan_interaction_cycles,baseline_no_l2_parallel_speedup_vs_same_case_k1,baseline_l2_parallel_speedup_vs_same_case_k1,final_no_l2_parallel_speedup_vs_same_case_k1,final_l2_parallel_speedup_vs_same_case_k1,baseline_no_l2_parallel_speedup_vs_best_observed_one_core,final_no_l2_parallel_speedup_vs_best_observed_one_core
case_001,1,a634cd1151c0e918dd3a143eba421b88907f7f0334bfe6a5ca0412342307f09f,d5753ab9908d0b6f0e08f468483eb9df898272d3f675fa9253ec80f9a325a92e,d5753ab9908d0b6f0e08f468483eb9df898272d3f675fa9253ec80f9a325a92e,G1_baseline,False,True,True,0,1,0,0,G1_verified_reuse,233110,1,b0,77380f8d15430046c7ee568cbfa722c523cc6fada77e7b03f79d0cfe36f54d38,7315571fdbd63899f66c60ccb3054bcc6d0c16325769edb0f9e00059ba5b8b53,233110,0,1639552,0,0,0,0,,,,,,233110,0,1639552,0,0,0,0,0,201,0,820352,0.0,233110,0,1639552,0,0,0,0,,,,,,233110,0,1639552,0,0,0,0,0,201,0,820352,0.0,1.0,1.0,1.0,1.0,0,1.0,1.0,1.0,1.0,1.0,1.0
case_001,2,a634cd1151c0e918dd3a143eba421b88907f7f0334bfe6a5ca0412342307f09f,5d187370156683aa1cb7e2eab372f293b6089ee4283bade0e99a6e0115066503,2d5fd55a9ed026b4f931b6018dadd233e9e55b310c582366066576c2f43ffcc0,baseline,False,True,True,1,1,0,0,G1_verified_reuse,233110,1,b0,77380f8d15430046c7ee568cbfa722c523cc6fada77e7b03f79d0cfe36f54d38,7315571fdbd63899f66c60ccb3054bcc6d0c16325769edb0f9e00059ba5b8b53,116868,1152,1640704,0,1152,0,0,,,,,,116868,1152,1640704,0,1152,0,0,0,202,0,821504,0.0,116868,1152,1640704,0,1152,0,0,,,,,,116868,1152,1640704,0,1152,0,0,0,202,0,821504,0.0,1.0,1.0,1.0,1.0,0,1.9946435294520313,1.9946435294520313,1.9946435294520313,1.9946435294520313,1.9946435294520313,1.9946435294520313
case_001,3,a634cd1151c0e918dd3a143eba421b88907f7f0334bfe6a5ca0412342307f09f,adb1211004434e31feb212811dd0c5a9b82a036f846bef0bbe0fb5c4ad60bebb,0a376f9c6a995513c59e3e8fa34ec8f4ec46bda49e2df8ca20f327a75f733d6e,mapping_locality_one_move,True,True,True,1,1,1,0,new_official_evaluation,233110,1,b0,77380f8d15430046c7ee568cbfa722c523cc6fada77e7b03f79d0cfe36f54d38,7315571fdbd63899f66c60ccb3054bcc6d0c16325769edb0f9e00059ba5b8b53,97000,88320,1727872,0,88320,28672,7,,,,,,97000,88320,1727872,0,88320,28672,7,7,210,28672,851328,0.032581818181818184,95836,88320,1727872,0,88320,28672,7,,,,,,95836,88320,1727872,0,88320,28672,7,7,210,28672,851328,0.032581818181818184,1.0,1.0,1.0121457489878543,1.0121457489878543,0,2.4031958762886596,2.4031958762886596,2.4323844901707083,2.4323844901707083,2.4031958762886596,2.4323844901707083
case_001,4,a634cd1151c0e918dd3a143eba421b88907f7f0334bfe6a5ca0412342307f09f,d9f98b3190d6e10f73f1f960040c24d726f91097a241257a4b774b675a5afa70,539ce40116784eaedee2b72d66fa35cc85ac29ceea67a92b432ba2a81fc1baa1,baseline,False,True,True,1,1,0,0,G1_verified_reuse,233110,1,b0,77380f8d15430046c7ee568cbfa722c523cc6fada77e7b03f79d0cfe36f54d38,7315571fdbd63899f66c60ccb3054bcc6d0c16325769edb0f9e00059ba5b8b53,58984,3456,1643008,0,3456,0,0,,,,,,58984,3456,1643008,0,3456,0,0,0,204,0,823808,0.0,58984,3456,1643008,0,3456,0,0,,,,,,58984,3456,1643008,0,3456,0,0,0,204,0,823808,0.0,1.0,1.0,1.0,1.0,0,3.952088702020887,3.952088702020887,3.952088702020887,3.952088702020887,3.952088702020887,3.952088702020887
case_001,5,a634cd1151c0e918dd3a143eba421b88907f7f0334bfe6a5ca0412342307f09f,ff881c15d5e1cdc1f561963490b38b8ce2bd4027e200286536c9ee4b98fb4a65,2ad5d58889d346d4fcffab2d96e2759736370c761feea1ef8c7b68905ba67be7,baseline,False,True,True,1,1,0,0,G1_verified_reuse,233110,1,b0,77380f8d15430046c7ee568cbfa722c523cc6fada77e7b03f79d0cfe36f54d38,7315571fdbd63899f66c60ccb3054bcc6d0c16325769edb0f9e00059ba5b8b53,47502,4608,1644160,0,4608,0,0,,,,,,47502,4608,1644160,0,4608,0,0,0,205,0,824960,0.0,47502,4608,1644160,0,4608,0,0,,,,,,47502,4608,1644160,0,4608,0,0,0,205,0,824960,0.0,1.0,1.0,1.0,1.0,0,4.9073723211654245,4.9073723211654245,4.9073723211654245,4.9073723211654245,4.9073723211654245,4.9073723211654245
case_002,1,578fceeb9f66a3c083b9f27d8464cf75c1e7602cbc7290920c02aa1aef7ca352,dddf63d4ee08a357e8b9541eeccd32b08633fec4729541de8e48c5ce1f422907,dddf63d4ee08a357e8b9541eeccd32b08633fec4729541de8e48c5ce1f422907,G1_baseline,False,True,True,0,1,0,0,G1_verified_reuse,251946,1,b2a_w16,4eeb1085901a68486e3a025d6864d1b08ce140018b2a8c3fe6b8ba3a3f07bed3,b11825f6240e64910d0b23c7d9d35a377b5f227fdabb6c523c731981bce0f12e,261945,0,1224192,0,0,0,0,,,,,,261945,0,1224192,0,0,0,0,0,398,0,1222656,0.0,261945,0,1224192,0,0,0,0,,,,,,261945,0,1224192,0,0,0,0,0,398,0,1222656,0.0,1.0,1.0,1.0,1.0,0,1.0,1.0,1.0,1.0,0.9618278646280708,0.9618278646280708
case_002,2,578fceeb9f66a3c083b9f27d8464cf75c1e7602cbc7290920c02aa1aef7ca352,90bb1313339eccc690fcd5714d3353e14de5a7696e1534128aac92a51697ba86,90bb1313339eccc690fcd5714d3353e14de5a7696e1534128aac92a51697ba86,baseline,False,True,True,0,1,1,0,G1_verified_reuse,251946,1,b2a_w16,4eeb1085901a68486e3a025d6864d1b08ce140018b2a8c3fe6b8ba3a3f07bed3,b11825f6240e64910d0b23c7d9d35a377b5f227fdabb6c523c731981bce0f12e,131496,3472896,4697088,635904,2836992,960000,625,,,,,,131397,3472896,4697088,635904,2836992,960000,625,148,1212,681984,3053568,0.1825657894736842,131496,3472896,4697088,635904,2836992,960000,625,,,,,,131397,3472896,4697088,635904,2836992,960000,625,148,1212,681984,3053568,0.1825657894736842,1.0007534418594033,1.0007534418594033,1.0,1.0,0,1.992037780616901,1.9935386652663303,1.992037780616901,1.9935386652663303,1.9159974447891952,1.9159974447891952
case_002,3,578fceeb9f66a3c083b9f27d8464cf75c1e7602cbc7290920c02aa1aef7ca352,31e52e15421b5388021f7d7d7e025635964ee51826a35cb702d3c31d157d2866,31e52e15421b5388021f7d7d7e025635964ee51826a35cb702d3c31d157d2866,baseline,False,True,True,0,1,1,0,G1_verified_reuse,251946,1,b2a_w16,4eeb1085901a68486e3a025d6864d1b08ce140018b2a8c3fe6b8ba3a3f07bed3,b11825f6240e64910d0b23c7d9d35a377b5f227fdabb6c523c731981bce0f12e,104557,4414464,5638656,0,4414464,1290240,840,,,,,,98390,4414464,5638656,0,4414464,1290240,840,199,1437,916992,3429888,0.2109540636042403,104557,4414464,5638656,0,4414464,1290240,840,,,,,,98390,4414464,5638656,0,4414464,1290240,840,199,1437,916992,3429888,0.2109540636042403,1.0626791340583392,1.0626791340583392,1.0,1.0,0,2.5052841990493224,2.662313243215774,2.5052841990493224,2.662313243215774,2.4096521514580562,2.4096521514580562
case_002,4,578fceeb9f66a3c083b9f27d8464cf75c1e7602cbc7290920c02aa1aef7ca352,3a815d396e7386dd146f21b72544d5a3700406dbe4da2ed32bfbc88392ec31ed,a2ff7e56a52677fe25717ae9a5c6d84b320fe31f9d444981501a6c933443f6b4,mapping_locality_one_move,True,True,True,0,1,1,0,new_official_evaluation,251946,1,b2a_w16,4eeb1085901a68486e3a025d6864d1b08ce140018b2a8c3fe6b8ba3a3f07bed3,b11825f6240e64910d0b23c7d9d35a377b5f227fdabb6c523c731981bce0f12e,82998,219648,1443840,0,219648,84480,55,,,,,,82998,219648,1443840,0,219648,84480,55,11,453,50688,1307136,0.03733031674208145,82626,198144,1422336,0,198144,73728,48,,,,,,82626,198144,1422336,0,198144,73728,48,11,446,50688,1296384,0.037628278221208664,1.0,1.0,1.0045022147992158,1.0045022147992158,0,3.156039904576014,3.156039904576014,3.1702490741413114,3.1702490741413114,3.035567122099328,3.0492338973204562
case_002,5,578fceeb9f66a3c083b9f27d8464cf75c1e7602cbc7290920c02aa1aef7ca352,7134457e6510824eaa147916e5426ab4f2ee9af2af0f95cf80aae2d3c4fef6cc,3bb6103b555399ca3a2a5806eac8d4d7e916da86c0992a72966bfb8c35021dd4,baseline,True,True,True,0,1,2,0,new_official_evaluation,251946,1,b2a_w16,4eeb1085901a68486e3a025d6864d1b08ce140018b2a8c3fe6b8ba3a3f07bed3,b11825f6240e64910d0b23c7d9d35a377b5f227fdabb6c523c731981bce0f12e,66241,228864,1453056,0,228864,98304,64,,,,,,66241,228864,1453056,0,228864,98304,64,7,462,32256,1320960,0.02383654937570942,66241,228864,1453056,0,228864,98304,64,,,,,,66241,228864,1453056,0,228864,98304,64,7,462,32256,1320960,0.02383654937570942,1.0,1.0,1.0,1.0,0,3.954423997222264,3.954423997222264,3.954423997222264,3.954423997222264,3.8034751890822904,3.8034751890822904
case_003,1,2c80acfd37edcf811ce76b7e7b1f7194c706bd4d4aa6449e6a19e9eac1028ced,59e61548feaac7f30e65f6e04ca4e46b9086de91c1484308305fc0f77f4d4eae,59e61548feaac7f30e65f6e04ca4e46b9086de91c1484308305fc0f77f4d4eae,G1_baseline,False,True,True,0,1,0,0,G1_verified_reuse,594416,1,b0,17767abd474689e00e224679b1a9cc6be6f4ff3d7ceeb3f5a22daef840b5f9bf,222d6b45f3bd89644b4ca9b3ef0791e08e8c9271526ba8d541ddfe0c86b37c54,602212,0,1284264,0,0,0,0,,,,,,602212,0,1284264,0,0,0,0,0,198,0,1284230,0.0,602212,0,1284264,0,0,0,0,,,,,,602212,0,1284264,0,0,0,0,0,198,0,1284230,0.0,1.0,1.0,1.0,1.0,0,1.0,1.0,1.0,1.0,0.9870543928051916,0.9870543928051916
case_003,2,2c80acfd37edcf811ce76b7e7b1f7194c706bd4d4aa6449e6a19e9eac1028ced,81907cb408bdace2ff248a3afd459d42d3160ad692c5ce8e1b9ff30cb4402e03,601d362c171a39902ac5eb40dd514d578120cad1af990c6f8bc23ce1333a7ce0,mapping_locality_one_move,True,True,True,0,1,1,0,new_official_evaluation,594416,1,b0,17767abd474689e00e224679b1a9cc6be6f4ff3d7ceeb3f5a22daef840b5f9bf,222d6b45f3bd89644b4ca9b3ef0791e08e8c9271526ba8d541ddfe0c86b37c54,388594,1862376,3146640,0,1862376,724338,949,,,,,,388179,1862376,3146640,0,1862376,724338,949,56,1148,409604,2012664,0.1690993729843271,377408,1827564,3111828,0,1827564,707956,948,,,,,,377408,1827564,3111828,0,1827564,707956,948,55,1147,378884,2024954,0.15761627863441713,1.0010690944126293,1.0,1.0285394056299813,1.0296390113617093,-415,1.549720273601754,1.5513770708874,1.5956524503985077,1.5956524503985077,1.5296582036778745,1.574995760556215
case_003,3,2c80acfd37edcf811ce76b7e7b1f7194c706bd4d4aa6449e6a19e9eac1028ced,b4181f8f66d508a46da2880f6070b582ad6b4e8cf8615c3013b7576e143e91c8,ab66ba26da8a807c6d7d45f42d89dfdccf96dfdab75106047422803848b74f84,mapping_locality_one_move,True,True,True,0,1,1,0,new_official_evaluation,594416,1,b0,17767abd474689e00e224679b1a9cc6be6f4ff3d7ceeb3f5a22daef840b5f9bf,222d6b45f3bd89644b4ca9b3ef0791e08e8c9271526ba8d541ddfe0c86b37c54,299116,2730816,4015080,0,2730816,1022364,1264,,,,,,298682,2730816,4015080,0,2730816,1022364,1264,189,1371,783496,2209186,0.2618039604608843,299112,2719744,4004008,0,2719744,1017852,1255,,,,,,298678,2719744,4004008,0,2719744,1017852,1255,189,1361,781576,2204546,0.2617361246459455,1.0014530504014303,1.0014530698611883,1.0000133923489511,1.000013372917168,0,2.013305874643951,2.016231309553304,2.0133327984166467,2.0162583116265678,1.98724240762781,1.9872689828559202
case_003,4,2c80acfd37edcf811ce76b7e7b1f7194c706bd4d4aa6449e6a19e9eac1028ced,536b41d356209ffde30f91036674e0c0fae901ef79171ad41e19d7b8453631f4,432073ebf7e1cfe5aaf1cfcf7f1a1c2482c4d39993438a8a191b0424fe0aab20,baseline,True,True,True,0,1,1,0,new_official_evaluation,594416,1,b0,17767abd474689e00e224679b1a9cc6be6f4ff3d7ceeb3f5a22daef840b5f9bf,222d6b45f3bd89644b4ca9b3ef0791e08e8c9271526ba8d541ddfe0c86b37c54,286318,3410168,4694432,0,3410168,1181814,1417,,,,,,283719,3410168,4694432,0,3410168,1181814,1417,309,1456,1070860,2441724,0.3048638836822123,285820,3410168,4694432,0,3410168,1181814,1417,,,,,,282812,3410168,4694432,0,3410168,1181814,1417,318,1447,1192716,2319868,0.33955515369881545,1.0091604721573106,1.0106360409034978,1.0032070774931756,1.0017423553285285,409,2.103297731892511,2.122564932204047,2.106962423903156,2.1293721624259225,2.0760692656416992,2.079686515989084
case_003,5,2c80acfd37edcf811ce76b7e7b1f7194c706bd4d4aa6449e6a19e9eac1028ced,5c8a7079fcd12825c100e6acab78efff8c62fe40878207af48059e9128c2dac1,b290cf2df195cc0c8ae370ccfaf802719f39ecd3bf6b06b30ad49be97970fb4d,mapping_balanced_one_move,True,True,True,0,1,2,0,new_official_evaluation,594416,1,b0,17767abd474689e00e224679b1a9cc6be6f4ff3d7ceeb3f5a22daef840b5f9bf,222d6b45f3bd89644b4ca9b3ef0791e08e8c9271526ba8d541ddfe0c86b37c54,252968,4152832,5437096,0,4152832,1354488,1674,,,,,,250029,4152832,5437096,0,4152832,1354488,1674,421,1642,1599888,2482686,0.39188218021277754,251552,4120064,5404328,0,4120064,1354488,1674,,,,,,248604,4120064,5404328,0,4120064,1354488,1674,416,1646,1560976,2488830,0.3854446361134336,1.0117546364621703,1.0118582162797058,1.0057320075300478,1.00562905482763,9,2.380585686727175,2.4085686060416993,2.3939861340796336,2.422374539428167,2.3497675595332215,2.3629945299580206
case_004,1,3e01adde3c4ad143ab3d7faabcf36d849f26b5428e7c8446a7e9f89345a55faa,2be095fa21b5a684c0942382e4142aacda3287bbe85f3ede09ab7a5f720f5245,2be095fa21b5a684c0942382e4142aacda3287bbe85f3ede09ab7a5f720f5245,G1_baseline,False,True,True,0,1,0,0,G1_verified_reuse,392357,1,b0,c52ed5ad9f327a396ab43e0e4460d16b8a9956cfd09b5a68a6512f493459bab0,e5d07fe5551991dd5e86668fc1c0a626fd8673d98b2621aed3fcd9eb3b229511,392357,0,792576,0,0,0,0,,,,,,392357,0,792576,0,0,0,0,0,114,0,451584,0.0,392357,0,792576,0,0,0,0,,,,,,392357,0,792576,0,0,0,0,0,114,0,451584,0.0,1.0,1.0,1.0,1.0,0,1.0,1.0,1.0,1.0,1.0,1.0
case_004,2,3e01adde3c4ad143ab3d7faabcf36d849f26b5428e7c8446a7e9f89345a55faa,153efedc0481ace780237a398af087e89467a9caa35bb18429ab91d7799f258b,d0017a7c34d4230bc2fd38f8dd5cd7431eebd8fef3b15cece695ee5c9e6c443b,baseline,True,True,True,0,1,1,0,new_official_evaluation,392357,1,b0,c52ed5ad9f327a396ab43e0e4460d16b8a9956cfd09b5a68a6512f493459bab0,e5d07fe5551991dd5e86668fc1c0a626fd8673d98b2621aed3fcd9eb3b229511,216172,2909184,3701760,995328,1913856,768000,139,,,,,,213361,2909184,3701760,995328,1913856,768000,139,58,418,211968,1944576,0.09829059829059829,207430,2657280,3449856,743424,1913856,768000,139,,,,,,206499,2657280,3449856,743424,1913856,768000,139,112,342,377856,1649664,0.18636363636363637,1.0131748538861367,1.0045084964091835,1.0332301851340684,1.0421443378489128,-1880,1.8150222970597487,1.838934950623591,1.8915152099503447,1.9000430994823219,1.8150222970597487,1.8915152099503447
case_004,3,3e01adde3c4ad143ab3d7faabcf36d849f26b5428e7c8446a7e9f89345a55faa,f6f1db5950bf65b3b0192fd002fe999a00e76b8035899cab3429d3ce94b09d4e,78a05828356b6742ea20fe76b6deda8dc04514987d0f095df4a11695f052dee8,baseline,True,True,True,0,1,1,0,new_official_evaluation,392357,1,b0,c52ed5ad9f327a396ab43e0e4460d16b8a9956cfd09b5a68a6512f493459bab0,e5d07fe5551991dd5e86668fc1c0a626fd8673d98b2621aed3fcd9eb3b229511,143994,2350080,3142656,2128896,221184,0,0,,,,,,143994,2350080,3142656,2128896,221184,0,0,0,354,0,1861632,0.0,131643,221184,1013760,0,221184,0,0,,,,,,131643,221184,1013760,0,221184,0,0,0,120,0,672768,0.0,1.0,1.0,1.0938219274857,1.0938219274857,0,2.7248149228440073,2.7248149228440073,2.980462310947031,2.980462310947031,2.7248149228440073,2.980462310947031
case_004,4,3e01adde3c4ad143ab3d7faabcf36d849f26b5428e7c8446a7e9f89345a55faa,69c434d6e8615b7209d08951fc7c987b18e03aef48b0a325161c03c2d3e3f20f,4537f956bfa807752b7837f5b20f0afa0b29903c171c7723f176769c6919a7b6,mapping_locality_one_move,True,True,True,0,1,1,0,new_official_evaluation,392357,1,b0,c52ed5ad9f327a396ab43e0e4460d16b8a9956cfd09b5a68a6512f493459bab0,e5d07fe5551991dd5e86668fc1c0a626fd8673d98b2621aed3fcd9eb3b229511,113976,3446784,4239360,196608,3250176,1277952,222,,,,,,112070,3446784,4239360,196608,3250176,1277952,222,33,490,202752,2319360,0.08038976857490865,107889,3207168,3999744,0,3207168,1277952,222,,,,,,107889,3207168,3999744,0,3207168,1277952,222,76,417,334848,2045952,0.1406451612903226,1.0170072276255913,1.0,1.0387527922216353,1.0564190974056669,-1906,3.442452797080087,3.500999375390381,3.636672876752959,3.636672876752959,3.442452797080087,3.636672876752959
case_004,5,3e01adde3c4ad143ab3d7faabcf36d849f26b5428e7c8446a7e9f89345a55faa,c1a364a4a28a8184781c5258eabee020929416cb0071c1e5fa284f4c30261158,eec5d026cd34ce0df4b3f7b9e2f3df324b8e4f23467590285e1f4c664e679d7e,baseline,True,True,True,0,1,1,0,new_official_evaluation,392357,1,b0,c52ed5ad9f327a396ab43e0e4460d16b8a9956cfd09b5a68a6512f493459bab0,e5d07fe5551991dd5e86668fc1c0a626fd8673d98b2621aed3fcd9eb3b229511,98907,4343808,5136384,73728,4270080,1643520,290,,,,,,95927,4343808,5136384,73728,4270080,1643520,290,51,569,359424,2755584,0.11538461538461539,92857,4270080,5062656,0,4270080,1643520,290,,,,,,87834,4270080,5062656,0,4270080,1643520,290,74,540,463872,2614272,0.1506986027944112,1.0310652892303522,1.0571874217273494,1.0921397181046064,1.0651539463906867,2043,3.9669285288200027,4.090162310923931,4.225389577522427,4.467028713254549,3.9669285288200027,4.225389577522427
case_005,1,c2b378c882a3039e3d66bac6cbcba39317107339b6f38d5bce1b09379839799f,211f957dba459390e4ce523f4c2fef4afd01dd3b8380d80aabdd3d6e313d3a13,211f957dba459390e4ce523f4c2fef4afd01dd3b8380d80aabdd3d6e313d3a13,G1_baseline,False,True,True,0,1,0,0,G1_verified_reuse,93191,1,b0,f7ca22c5fca0f98c0f7233025067db3542cd17e296967f2df864e282b0919013,69fe5fad92e9831bba6c1e79a214dcd31555098852a4b2875e33a530a1423649,95618,0,333414,0,0,0,0,,,,,,95618,0,333414,0,0,0,0,0,89,0,318822,0.0,95618,0,333414,0,0,0,0,,,,,,95618,0,333414,0,0,0,0,0,89,0,318822,0.0,1.0,1.0,1.0,1.0,0,1.0,1.0,1.0,1.0,0.9746177497960635,0.9746177497960635
case_005,2,c2b378c882a3039e3d66bac6cbcba39317107339b6f38d5bce1b09379839799f,0bc1229d27f960c7b32b1aef068c522fe1efba4c1a8bef9db01419446685db0d,4eceaf5b8035155319351e9705cf61fcfd536f292383e4461679910cb6895f3b,baseline,True,True,True,0,1,1,0,new_official_evaluation,93191,1,b0,f7ca22c5fca0f98c0f7233025067db3542cd17e296967f2df864e282b0919013,69fe5fad92e9831bba6c1e79a214dcd31555098852a4b2875e33a530a1423649,55096,900134,1233548,0,900134,396640,450,,,,,,55056,900134,1233548,0,900134,396640,450,32,540,104550,717766,0.12714090446981452,53426,900134,1233548,0,900134,396640,450,,,,,,53397,900134,1233548,0,900134,396640,450,32,540,104550,717766,0.12714090446981452,1.0007265329845976,1.0005431016723787,1.0310691611888307,1.0312581888967918,-11,1.7354798896471613,1.7367407730310955,1.7897278478643357,1.7906998520516133,1.691429504864237,1.7443005278328902
case_005,3,c2b378c882a3039e3d66bac6cbcba39317107339b6f38d5bce1b09379839799f,a61d86b6672cee10d7d998f78bb688a212b77f68a2d32b497abd6f77f5b84803,7c41da19d0c24e136df02d41dcf343b91fa38ce6a662d5cb55cedec57bf3a230,baseline,True,True,True,0,1,1,0,new_official_evaluation,93191,1,b0,f7ca22c5fca0f98c0f7233025067db3542cd17e296967f2df864e282b0919013,69fe5fad92e9831bba6c1e79a214dcd31555098852a4b2875e33a530a1423649,44970,1381610,1715024,0,1381610,590528,663,,,,,,44861,1381610,1715024,0,1381610,590528,663,74,735,173866,936038,0.15664958410817512,43745,1381610,1715024,0,1381610,590528,663,,,,,,43655,1381610,1715024,0,1381610,590528,663,79,730,204970,904934,0.18467362943101384,1.0024297273801297,1.0020616195166647,1.0276257015233077,1.028003200365756,-19,2.1262619524127198,2.131428189295825,2.1858040918962165,2.1903103882716755,2.0722926395374692,2.1303234655389187
case_005,4,c2b378c882a3039e3d66bac6cbcba39317107339b6f38d5bce1b09379839799f,d67fbcb4581fb9e196d4241d4cca146a36a85b9a98b14a25f20329434c0d2049,81c5e532095166ae310a8ad76f42d5ce8ba8348c25b237c8cce2a983662120b4,mapping_locality_one_move,True,True,True,0,1,1,0,new_official_evaluation,93191,1,b0,f7ca22c5fca0f98c0f7233025067db3542cd17e296967f2df864e282b0919013,69fe5fad92e9831bba6c1e79a214dcd31555098852a4b2875e33a530a1423649,43062,1945102,2278516,0,1945102,779632,817,,,,,,39285,1945102,2278516,0,1945102,779632,817,165,850,359914,1124378,0.24248193751633776,42138,1900942,2234356,0,1900942,769072,811,,,,,,38972,1900942,2234356,0,1900942,769072,811,177,825,389868,1060824,0.2687462259390691,1.096143566246659,1.081237811762291,1.0080314071641179,1.0219279510180834,-611,2.2204728066508754,2.433956981036019,2.269163225592102,2.453505080570666,2.164112210301426,2.211566756846552
case_005,5,c2b378c882a3039e3d66bac6cbcba39317107339b6f38d5bce1b09379839799f,3a53e350beff4e28d6500f9395f55618e923d136a1a7ed4b5d6102518772016a,dc929ac3d3fc4c7663477281bed16b50a7ac090ba37ac8b03e1db4efef07f388,mapping_locality_one_move,True,True,True,0,1,1,0,new_official_evaluation,93191,1,b0,f7ca22c5fca0f98c0f7233025067db3542cd17e296967f2df864e282b0919013,69fe5fad92e9831bba6c1e79a214dcd31555098852a4b2875e33a530a1423649,43062,1945102,2278516,0,1945102,779632,817,,,,,,39285,1945102,2278516,0,1945102,779632,817,165,850,359914,1124378,0.24248193751633776,42138,1900942,2234356,0,1900942,769072,811,,,,,,38972,1900942,2234356,0,1900942,769072,811,177,825,389868,1060824,0.2687462259390691,1.096143566246659,1.081237811762291,1.0080314071641179,1.0219279510180834,-611,2.2204728066508754,2.433956981036019,2.269163225592102,2.453505080570666,2.164112210301426,2.211566756846552
case_006,1,c68392cd599b63039669ca54360ab21b514c41285151cd69180ee9be99af1a48,f88394e2c9cc3a1bd23c7d4e85f870f94e95b020d1b8db96ceeeb36638bb08b9,f88394e2c9cc3a1bd23c7d4e85f870f94e95b020d1b8db96ceeeb36638bb08b9,G1_baseline,False,True,True,0,1,0,0,G1_verified_reuse,77450,1,b2a_w4,b63b824f58ce40d09b6d48ae2b27b6a2c60af89a550a74c060c159f6c8e652f8,6e9cbfb5ec9d559ef3aaf2ea0f23bf66be279f2b8f7ab8961329a699f9b0e8ae,82837,16400,559748,16400,0,0,0,,,,,,82837,16400,559748,16400,0,0,0,9,135,16384,543272,0.029275126148920052,82837,16400,559748,16400,0,0,0,,,,,,82837,16400,559748,16400,0,0,0,9,135,16384,543272,0.029275126148920052,1.0,1.0,1.0,1.0,0,1.0,1.0,1.0,1.0,0.9349686734188829,0.9349686734188829
case_006,2,c68392cd599b63039669ca54360ab21b514c41285151cd69180ee9be99af1a48,d1ec5fab933db69826fe80efaed554d9f5705d63697974c3f185b60b51d25599,d1ec5fab933db69826fe80efaed554d9f5705d63697974c3f185b60b51d25599,baseline,False,True,True,0,1,1,0,G1_verified_reuse,77450,1,b2a_w4,b63b824f58ce40d09b6d48ae2b27b6a2c60af89a550a74c060c159f6c8e652f8,6e9cbfb5ec9d559ef3aaf2ea0f23bf66be279f2b8f7ab8961329a699f9b0e8ae,45613,1178898,1722246,207912,970986,347058,85,,,,,,45613,1178898,1722246,207912,970986,347058,85,35,234,288134,988646,0.2256723946177102,45613,1178898,1722246,207912,970986,347058,85,,,,,,45613,1178898,1722246,207912,970986,347058,85,35,234,288134,988646,0.2256723946177102,1.0,1.0,1.0,1.0,0,1.816083134194199,1.816083134194199,1.816083134194199,1.816083134194199,1.6979808387959574,1.6979808387959574
case_006,3,c68392cd599b63039669ca54360ab21b514c41285151cd69180ee9be99af1a48,55571497af5ddcbcddcc992555b09294c046a8240c7a0c6429c38c1d2b696373,55571497af5ddcbcddcc992555b09294c046a8240c7a0c6429c38c1d2b696373,baseline,False,True,True,0,1,1,0,G1_verified_reuse,77450,1,b2a_w4,b63b824f58ce40d09b6d48ae2b27b6a2c60af89a550a74c060c159f6c8e652f8,6e9cbfb5ec9d559ef3aaf2ea0f23bf66be279f2b8f7ab8961329a699f9b0e8ae,44201,1404444,1947792,0,1404444,578760,132,,,,,,42640,1404444,1947792,0,1404444,578760,132,37,263,246924,1122024,0.18037500328719572,44201,1404444,1947792,0,1404444,578760,132,,,,,,42640,1404444,1947792,0,1404444,578760,132,37,263,246924,1122024,0.18037500328719572,1.036608818011257,1.036608818011257,1.0,1.0,0,1.8740978710888894,1.9427063789868668,1.8740978710888894,1.9427063789868668,1.7522228003891314,1.7522228003891314
case_006,4,c68392cd599b63039669ca54360ab21b514c41285151cd69180ee9be99af1a48,71a9a99beb424ac3074da84ef28a72bb4e5ac692aa8058054010b2f7888396c6,71a9a99beb424ac3074da84ef28a72bb4e5ac692aa8058054010b2f7888396c6,baseline,False,True,True,0,1,1,0,G1_verified_reuse,77450,1,b2a_w4,b63b824f58ce40d09b6d48ae2b27b6a2c60af89a550a74c060c159f6c8e652f8,6e9cbfb5ec9d559ef3aaf2ea0f23bf66be279f2b8f7ab8961329a699f9b0e8ae,44201,1404444,1947792,0,1404444,578760,132,,,,,,42640,1404444,1947792,0,1404444,578760,132,37,263,246924,1122024,0.18037500328719572,44201,1404444,1947792,0,1404444,578760,132,,,,,,42640,1404444,1947792,0,1404444,578760,132,37,263,246924,1122024,0.18037500328719572,1.036608818011257,1.036608818011257,1.0,1.0,0,1.8740978710888894,1.9427063789868668,1.8740978710888894,1.9427063789868668,1.7522228003891314,1.7522228003891314
case_006,5,c68392cd599b63039669ca54360ab21b514c41285151cd69180ee9be99af1a48,1e55583c4e6fb7bda3d84714ca3d148463dd4a0d92861f1544f6ef8d9205839c,83c2636d8519356178d43f5e2879bc26bc4ded11e07ef75285515c3903f9573e,mapping_locality_one_move,True,True,True,0,1,1,0,new_official_evaluation,77450,1,b2a_w4,b63b824f58ce40d09b6d48ae2b27b6a2c60af89a550a74c060c159f6c8e652f8,6e9cbfb5ec9d559ef3aaf2ea0f23bf66be279f2b8f7ab8961329a699f9b0e8ae,36131,503232,1046580,0,503232,146974,36,,,,,,36101,503232,1046580,0,503232,146974,36,25,168,199942,699580,0.22227583094132217,36075,483264,1026612,0,483264,146974,36,,,,,,36075,483264,1026612,0,483264,146974,36,26,167,188166,691388,0.21393342534966586,1.0008310019113045,1.0,1.0007207207207207,1.0015523215523217,-30,2.292684951980294,2.2945901775574082,2.296243936243936,2.296243936243936,2.1435886081204507,2.146916146916147
case_007,1,6e786044ca1fa5d4632f8b7d03e95364da8d88f4fff5e403d3ab8153da84b518,daec296d7670a2cdf14726837593f233992cb2924cc05aea99b64cd3d98ba3dc,daec296d7670a2cdf14726837593f233992cb2924cc05aea99b64cd3d98ba3dc,G1_baseline,False,True,True,0,1,0,0,G1_verified_reuse,1012562,1,b0,28d8529034421b431fa5c5a0f40c286064a292e8e7e96dbe1b52ff89d9b59ef7,a30f206e1f37cfb28dd7cca924b4c52edd0c81c640d665874c8c3f64ef9ee8e3,1012562,0,1732608,0,0,0,0,,,,,,1012562,0,1732608,0,0,0,0,0,558,0,880128,0.0,1012562,0,1732608,0,0,0,0,,,,,,1012562,0,1732608,0,0,0,0,0,558,0,880128,0.0,1.0,1.0,1.0,1.0,0,1.0,1.0,1.0,1.0,1.0,1.0
case_007,2,6e786044ca1fa5d4632f8b7d03e95364da8d88f4fff5e403d3ab8153da84b518,90f67faed18523511ff046a6c0e1f074c7fb4a9d6473a32e5922504dc3f9743f,677d9530aa2c0996845260ab3ecf790d81d0a6075049cff1b9d7ad68b2291fdf,mapping_locality_one_move,True,True,True,0,1,1,0,new_official_evaluation,1012562,1,b0,28d8529034421b431fa5c5a0f40c286064a292e8e7e96dbe1b52ff89d9b59ef7,a30f206e1f37cfb28dd7cca924b4c52edd0c81c640d665874c8c3f64ef9ee8e3,618914,2987520,4720128,1536000,1451520,569856,186,,,,,,618914,2987520,4720128,1536000,1451520,569856,186,53,1129,96768,2433024,0.03825136612021858,557898,2595840,4328448,1904640,691200,265728,87,,,,,,557898,2595840,4328448,1904640,691200,265728,87,53,991,81408,2176512,0.03605442176870748,1.0,1.0,1.1093676621891457,1.1093676621891457,0,1.636030207750996,1.636030207750996,1.8149590068435448,1.8149590068435448,1.636030207750996,1.8149590068435448
case_007,3,6e786044ca1fa5d4632f8b7d03e95364da8d88f4fff5e403d3ab8153da84b518,b507c430b3323728e254300abbf0fbde2ed7b701c82e558731a8d0e4fc09c7f4,b6e4430d7afd26448b37ee93612e5ddf4b0bedebe40705e65fac6a07f421b8e8,mapping_locality_one_move,True,True,True,0,1,1,0,new_official_evaluation,1012562,1,b0,28d8529034421b431fa5c5a0f40c286064a292e8e7e96dbe1b52ff89d9b59ef7,a30f206e1f37cfb28dd7cca924b4c52edd0c81c640d665874c8c3f64ef9ee8e3,425650,3151872,4884480,743424,2408448,941568,308,,,,,,425650,3151872,4884480,743424,2408448,941568,308,159,1140,274944,2443776,0.10112994350282486,424478,2838528,4571136,768000,2070528,806400,264,,,,,,424478,2838528,4571136,768000,2070528,806400,264,209,1006,359424,2168832,0.1421628189550425,1.0,1.0,1.002761038263467,1.002761038263467,0,2.3788605661928814,2.3788605661928814,2.3854286912395932,2.3854286912395932,2.3788605661928814,2.3854286912395932
case_007,4,6e786044ca1fa5d4632f8b7d03e95364da8d88f4fff5e403d3ab8153da84b518,c860e623b3141c9ae130d4ae06902d65e5b256c7027bbbd840bef5f048fae2e7,fcaaa374cd9456e3764611702421d3b293d548fc955ae9822ba5489600db8565,mapping_locality_one_move,True,True,True,0,1,1,0,new_official_evaluation,1012562,1,b0,28d8529034421b431fa5c5a0f40c286064a292e8e7e96dbe1b52ff89d9b59ef7,a30f206e1f37cfb28dd7cca924b4c52edd0c81c640d665874c8c3f64ef9ee8e3,326138,3319296,5051904,215040,3104256,1208832,396,,,,,,326138,3319296,5051904,215040,3104256,1208832,396,211,1180,354816,2528256,0.12306872669152903,326138,3254784,4987392,356352,2898432,1125888,369,,,,,,326138,3254784,4987392,356352,2898432,1125888,369,210,1151,353280,2477568,0.12479652740097667,1.0,1.0,1.0,1.0,0,3.1047041436447147,3.1047041436447147,3.1047041436447147,3.1047041436447147,3.1047041436447147,3.1047041436447147
case_007,5,6e786044ca1fa5d4632f8b7d03e95364da8d88f4fff5e403d3ab8153da84b518,e56f9af722bd21019f1e0bbc14ffc5d17e7a81ca3500b39c0f9e11d713b066be,e56f9af722bd21019f1e0bbc14ffc5d17e7a81ca3500b39c0f9e11d713b066be,baseline,False,True,True,0,1,0,0,G1_verified_reuse,1012562,1,b0,28d8529034421b431fa5c5a0f40c286064a292e8e7e96dbe1b52ff89d9b59ef7,a30f206e1f37cfb28dd7cca924b4c52edd0c81c640d665874c8c3f64ef9ee8e3,203834,110592,1843200,0,110592,0,0,,,,,,203834,110592,1843200,0,110592,0,0,0,570,0,990720,0.0,203834,110592,1843200,0,110592,0,0,,,,,,203834,110592,1843200,0,110592,0,0,0,570,0,990720,0.0,1.0,1.0,1.0,1.0,0,4.967581463347626,4.967581463347626,4.967581463347626,4.967581463347626,4.967581463347626,4.967581463347626
case_008,1,c93bb7ab5deec5112aff0cc001fbd76d001d3de5ea7463fba59b1f1ff2ba3e1d,9e837531d5fc299623938b51cd3f5363fd3b18cedeafa36ff575eb419ad17f94,9e837531d5fc299623938b51cd3f5363fd3b18cedeafa36ff575eb419ad17f94,G1_baseline,False,True,True,0,1,0,0,G1_verified_reuse,487605,1,b0,813cc677c42d03ebe929c4a63827a783bb50f039e6e26a239c431e380ff5e725,b8ee5344c6aa1716041ec384537304cb57c561aa2fa37e055d0125182727b73d,487605,0,2654424,0,0,0,0,,,,,,487605,0,2654424,0,0,0,0,0,432,0,1990872,0.0,487605,0,2654424,0,0,0,0,,,,,,487605,0,2654424,0,0,0,0,0,432,0,1990872,0.0,1.0,1.0,1.0,1.0,0,1.0,1.0,1.0,1.0,1.0,1.0
case_008,2,c93bb7ab5deec5112aff0cc001fbd76d001d3de5ea7463fba59b1f1ff2ba3e1d,a608a302eb416e0e9ec70cd5e40f511450ba1d12b7cb727a657235a8f99eb39b,a608a302eb416e0e9ec70cd5e40f511450ba1d12b7cb727a657235a8f99eb39b,baseline,False,True,True,0,1,0,0,G1_verified_reuse,487605,1,b0,813cc677c42d03ebe929c4a63827a783bb50f039e6e26a239c431e380ff5e725,b8ee5344c6aa1716041ec384537304cb57c561aa2fa37e055d0125182727b73d,242226,0,2654424,0,0,0,0,,,,,,242226,0,2654424,0,0,0,0,0,432,0,1990872,0.0,242226,0,2654424,0,0,0,0,,,,,,242226,0,2654424,0,0,0,0,0,432,0,1990872,0.0,1.0,1.0,1.0,1.0,0,2.0130167694632286,2.0130167694632286,2.0130167694632286,2.0130167694632286,2.0130167694632286,2.0130167694632286
case_008,3,c93bb7ab5deec5112aff0cc001fbd76d001d3de5ea7463fba59b1f1ff2ba3e1d,8f03e3094461ad345880e1fccac2e8878c80b44e7cddd6866fa1ded1061c5a2a,8f03e3094461ad345880e1fccac2e8878c80b44e7cddd6866fa1ded1061c5a2a,baseline,False,True,True,0,1,0,0,G1_verified_reuse,487605,1,b0,813cc677c42d03ebe929c4a63827a783bb50f039e6e26a239c431e380ff5e725,b8ee5344c6aa1716041ec384537304cb57c561aa2fa37e055d0125182727b73d,163359,0,2654424,0,0,0,0,,,,,,163359,0,2654424,0,0,0,0,0,432,0,1990872,0.0,163359,0,2654424,0,0,0,0,,,,,,163359,0,2654424,0,0,0,0,0,432,0,1990872,0.0,1.0,1.0,1.0,1.0,0,2.984867684057811,2.984867684057811,2.984867684057811,2.984867684057811,2.984867684057811,2.984867684057811
case_008,4,c93bb7ab5deec5112aff0cc001fbd76d001d3de5ea7463fba59b1f1ff2ba3e1d,14ad84634feab30419611c476280076f143391b339f108cb76a0ed059cdaf841,14ad84634feab30419611c476280076f143391b339f108cb76a0ed059cdaf841,baseline,False,True,True,0,1,0,0,G1_verified_reuse,487605,1,b0,813cc677c42d03ebe929c4a63827a783bb50f039e6e26a239c431e380ff5e725,b8ee5344c6aa1716041ec384537304cb57c561aa2fa37e055d0125182727b73d,123060,0,2654424,0,0,0,0,,,,,,123060,0,2654424,0,0,0,0,0,432,0,1990872,0.0,123060,0,2654424,0,0,0,0,,,,,,123060,0,2654424,0,0,0,0,0,432,0,1990872,0.0,1.0,1.0,1.0,1.0,0,3.962335446123842,3.962335446123842,3.962335446123842,3.962335446123842,3.962335446123842,3.962335446123842
case_008,5,c93bb7ab5deec5112aff0cc001fbd76d001d3de5ea7463fba59b1f1ff2ba3e1d,4dff37708ed84c6a0d95d05c2f0d7331dfd7c79f515ea99069e2b2a9d6670846,4dff37708ed84c6a0d95d05c2f0d7331dfd7c79f515ea99069e2b2a9d6670846,baseline,False,True,True,0,1,0,0,G1_verified_reuse,487605,1,b0,813cc677c42d03ebe929c4a63827a783bb50f039e6e26a239c431e380ff5e725,b8ee5344c6aa1716041ec384537304cb57c561aa2fa37e055d0125182727b73d,111071,518784,3173208,0,518784,259392,21,,,,,,111071,518784,3173208,0,518784,259392,21,0,453,0,2250264,0.0,111071,518784,3173208,0,518784,259392,21,,,,,,111071,518784,3173208,0,518784,259392,21,0,453,0,2250264,0.0,1.0,1.0,1.0,1.0,0,4.390029800758073,4.390029800758073,4.390029800758073,4.390029800758073,4.390029800758073,4.390029800758073
case_009,1,06b73d07c450878db8f6dace8ed08e362b45f5dd6e06fb80b098f165190f222a,3eb4d1451332199a40830977b5bfaadeb4b0199ac5531752766b9415c783fab2,3eb4d1451332199a40830977b5bfaadeb4b0199ac5531752766b9415c783fab2,G1_baseline,False,True,True,0,1,0,0,G1_verified_reuse,150985,1,b1,fbe8526c800a199e957602d5fcab154b88008dacf2f87c8d8a50fb8805e0812e,8b3bbfcd43c7064416534126a978aa40a269d7d056d61f7517d596ff06028c0e,153261,0,495332,0,0,0,0,,,,,,153261,0,495332,0,0,0,0,0,318,0,495194,0.0,153261,0,495332,0,0,0,0,,,,,,153261,0,495332,0,0,0,0,0,318,0,495194,0.0,1.0,1.0,1.0,1.0,0,1.0,1.0,1.0,1.0,0.985149516184809,0.985149516184809
case_009,2,06b73d07c450878db8f6dace8ed08e362b45f5dd6e06fb80b098f165190f222a,fccb30475d4b7118fb81d088a61ebbb9da80c803c05c84c974f98efb169324c3,b8c4d31fa16be97bf16577c43b6e63fe6ccdff89d2f2330dae59ad5a1ccf1c90,mapping_locality_one_move,True,True,True,0,1,1,0,new_official_evaluation,150985,1,b1,fbe8526c800a199e957602d5fcab154b88008dacf2f87c8d8a50fb8805e0812e,8b3bbfcd43c7064416534126a978aa40a269d7d056d61f7517d596ff06028c0e,102725,100408,595740,0,100408,33308,52,,,,,,102725,100408,595740,0,100408,33308,52,8,370,33792,528502,0.060096675404681534,102019,72530,567862,57360,15170,6304,124,,,,,,102019,72530,567862,57360,15170,6304,124,7,460,2562,530178,0.0048091001238878255,1.0,1.0,1.006920279555769,1.006920279555769,0,1.491954246775371,1.491954246775371,1.5022789872474736,1.5022789872474736,1.4697980043806278,1.4799694174614533
case_009,3,06b73d07c450878db8f6dace8ed08e362b45f5dd6e06fb80b098f165190f222a,b48769c0bd5979fc9ef0b1fb9eeb0590765735daa66f250bd5b4a0f389ecf504,b48769c0bd5979fc9ef0b1fb9eeb0590765735daa66f250bd5b4a0f389ecf504,baseline,False,True,True,0,1,1,0,G1_verified_reuse,150985,1,b1,fbe8526c800a199e957602d5fcab154b88008dacf2f87c8d8a50fb8805e0812e,8b3bbfcd43c7064416534126a978aa40a269d7d056d61f7517d596ff06028c0e,90370,1238032,1733364,8192,1229840,521604,670,,,,,,87292,1238032,1733364,8192,1229840,521604,670,127,959,201384,1010238,0.16621025369298345,90370,1238032,1733364,8192,1229840,521604,670,,,,,,87292,1238032,1733364,8192,1229840,521604,670,127,959,201384,1010238,0.16621025369298345,1.035260963203959,1.035260963203959,1.0,1.0,0,1.6959278521633285,1.7557279017550291,1.6959278521633285,1.7557279017550291,1.6707425030430452,1.6707425030430452
case_009,4,06b73d07c450878db8f6dace8ed08e362b45f5dd6e06fb80b098f165190f222a,157faf3b60aa3733a60ec5b0b0f981ff49baf8b21d3366188acf434d806448be,157faf3b60aa3733a60ec5b0b0f981ff49baf8b21d3366188acf434d806448be,baseline,False,True,True,0,1,1,0,G1_verified_reuse,150985,1,b1,fbe8526c800a199e957602d5fcab154b88008dacf2f87c8d8a50fb8805e0812e,8b3bbfcd43c7064416534126a978aa40a269d7d056d61f7517d596ff06028c0e,88702,1493532,1988864,0,1493532,610056,790,,,,,,85821,1493532,1988864,0,1493532,610056,790,231,1023,317708,1060962,0.23044528422320062,88702,1493532,1988864,0,1493532,610056,790,,,,,,85821,1493532,1988864,0,1493532,610056,790,231,1023,317708,1060962,0.23044528422320062,1.0335698721758078,1.0335698721758078,1.0,1.0,0,1.7278189894252667,1.7858216520432062,1.7278189894252667,1.7858216520432062,1.7021600414872269,1.7021600414872269
case_009,5,06b73d07c450878db8f6dace8ed08e362b45f5dd6e06fb80b098f165190f222a,d17c97604e22879e282ab592861438fb9bb96680fc3fcc0fba204e1dbe15b1ec,d17c97604e22879e282ab592861438fb9bb96680fc3fcc0fba204e1dbe15b1ec,baseline,False,True,True,0,1,1,0,G1_verified_reuse,150985,1,b1,fbe8526c800a199e957602d5fcab154b88008dacf2f87c8d8a50fb8805e0812e,8b3bbfcd43c7064416534126a978aa40a269d7d056d61f7517d596ff06028c0e,84007,1602452,2097784,0,1602452,681666,817,,,,,,81351,1602452,2097784,0,1602452,681666,817,241,1041,267824,1148156,0.18914391446206869,84007,1602452,2097784,0,1602452,681666,817,,,,,,81351,1602452,2097784,0,1602452,681666,817,241,1041,267824,1148156,0.18914391446206869,1.03264864599083,1.03264864599083,1.0,1.0,0,1.8243836823121882,1.8839473393074455,1.8243836823121882,1.8839473393074455,1.7972907019653124,1.7972907019653124
case_010,1,fd0b07588473d8b2ce05fab4798808cbc7f60cf1638e05608adc3d62061b8775,04cf08aa1e3b9223bb51277aea1d2486a7135d2448de77afd4863cc503d17534,04cf08aa1e3b9223bb51277aea1d2486a7135d2448de77afd4863cc503d17534,G1_baseline,False,True,True,0,1,0,0,G1_verified_reuse,84150,1,b1,7990dc5a7780db63b0a68b2a53bb738cce0eb1523d3836cf920309b264eba9b1,bf48f661fb4510e2a36b193cbb8718e24c20178de2040e4f8c16348370844a26,86969,0,384150,0,0,0,0,,,,,,86969,0,384150,0,0,0,0,0,93,0,384078,0.0,86969,0,384150,0,0,0,0,,,,,,86969,0,384150,0,0,0,0,0,93,0,384078,0.0,1.0,1.0,1.0,1.0,0,1.0,1.0,1.0,1.0,0.9675861513872759,0.9675861513872759
case_010,2,fd0b07588473d8b2ce05fab4798808cbc7f60cf1638e05608adc3d62061b8775,ff76d91104368310513a26a51f51b50b402b1a2cb6a46528ba726ec247e53984,149d217bd0ee9237ad55ede027eff72525501fdd217c544a477dd968a64ae106,baseline,True,True,True,0,1,1,0,new_official_evaluation,84150,1,b1,7990dc5a7780db63b0a68b2a53bb738cce0eb1523d3836cf920309b264eba9b1,bf48f661fb4510e2a36b193cbb8718e24c20178de2040e4f8c16348370844a26,53794,923272,1307422,98688,824584,390788,90,,,,,,53794,923272,1307422,98688,824584,390788,90,18,199,47104,822162,0.05418824617550899,47037,889608,1273758,65024,824584,390788,90,,,,,,46462,889608,1273758,65024,824584,390788,90,20,193,51200,803282,0.059919342946954994,1.0,1.0123757048771038,1.1578063794068272,1.143652869018007,575,1.6167044651819906,1.6167044651819906,1.8489486999596063,1.8718307434032113,1.5643008513960666,1.7890171567064226
case_010,3,fd0b07588473d8b2ce05fab4798808cbc7f60cf1638e05608adc3d62061b8775,098328bf45e6bb5bdf37eedd97aedad14be1b7ded4c8cc84a0647123172b252f,e6c8d0b55733af5c5d67dc3bd6ab548bcd1ab2aa07adb7ec3d9da33ae33c9cf8,baseline,True,True,True,0,1,1,0,new_official_evaluation,84150,1,b1,7990dc5a7780db63b0a68b2a53bb738cce0eb1523d3836cf920309b264eba9b1,bf48f661fb4510e2a36b193cbb8718e24c20178de2040e4f8c16348370844a26,41359,1418344,1802494,0,1418344,554964,125,,,,,,40646,1418344,1802494,0,1418344,554964,125,59,218,308416,939042,0.2472355782719739,40137,1418344,1802494,0,1418344,554964,125,,,,,,38633,1418344,1802494,0,1418344,554964,125,59,218,308416,939042,0.2472355782719739,1.0175417015204449,1.0389304480625372,1.0521057127326379,1.030445723397364,791,2.102782949297614,2.139669340156473,2.166803697336622,2.251158336137499,2.034623661113663,2.096569250317662
case_010,4,fd0b07588473d8b2ce05fab4798808cbc7f60cf1638e05608adc3d62061b8775,bc4d5fdfe936d1ee14567fa5bb6fe7682c05e04897164b6ac44f63a4dffefb16,85d939ea95eabef3abe521f8fffd7b6fc254f7ce832aafc6778cf9a97a8c44a8,baseline,False,True,True,0,1,1,0,G1_verified_reuse,84150,1,b1,7990dc5a7780db63b0a68b2a53bb738cce0eb1523d3836cf920309b264eba9b1,bf48f661fb4510e2a36b193cbb8718e24c20178de2040e4f8c16348370844a26,38905,489772,873922,0,489772,95766,34,,,,,,38905,489772,873922,0,489772,95766,34,32,128,289024,489060,0.3714560381655451,38905,489772,873922,0,489772,95766,34,,,,,,38905,489772,873922,0,489772,95766,34,32,128,289024,489060,0.3714560381655451,1.0,1.0,1.0,1.0,0,2.23541961187508,2.23541961187508,2.23541961187508,2.23541961187508,2.162961058989847,2.162961058989847
case_010,5,fd0b07588473d8b2ce05fab4798808cbc7f60cf1638e05608adc3d62061b8775,9a9a8b3f762c7c62c29baa236d379048646057a9703369acd00e52f93b0750e3,1519609424ba0936b3063fd67391d22880df8f5799cd7cd3d0ae81edad1ace75,mapping_locality_one_move,True,True,True,0,1,1,0,new_official_evaluation,84150,1,b1,7990dc5a7780db63b0a68b2a53bb738cce0eb1523d3836cf920309b264eba9b1,bf48f661fb4510e2a36b193cbb8718e24c20178de2040e4f8c16348370844a26,37143,548260,932410,0,548260,125394,38,,,,,,37143,548260,932410,0,548260,125394,38,34,136,244224,562720,0.3026529722012928,34757,506292,890442,0,506292,120794,41,,,,,,34394,506292,890442,0,506292,120794,41,33,138,211458,558118,0.2747720822894685,1.0,1.0105541664243765,1.0799267314066407,1.0686480421210116,363,2.3414640712920334,2.3414640712920334,2.5022009954829243,2.5286096412164913,2.265568209353041,2.4210950312167334
case_011,1,2da7df4ccc8a4eb86347f0a567aacac628e7d30ab943cd99996f2c74620d80b9,938fe72d4f151dd8a5f60e6b9fc9fd81bc6e81b270b6fed741da49cc97d4c51e,938fe72d4f151dd8a5f60e6b9fc9fd81bc6e81b270b6fed741da49cc97d4c51e,G1_baseline,False,True,True,0,1,0,0,G1_verified_reuse,184697,1,b0,7f17897792346ae581c08fc7b23624701e6afa8258c98c3b4413795de5c28c20,c754c2df9cef5baf360dab94369754eebd84d3526e6c4af3322431082c62944e,184697,0,606208,0,0,0,0,,,,,,184697,0,606208,0,0,0,0,0,176,0,540672,0.0,184697,0,606208,0,0,0,0,,,,,,184697,0,606208,0,0,0,0,0,176,0,540672,0.0,1.0,1.0,1.0,1.0,0,1.0,1.0,1.0,1.0,1.0,1.0
case_011,2,2da7df4ccc8a4eb86347f0a567aacac628e7d30ab943cd99996f2c74620d80b9,5ca9f12cbb2cce513d308952f22cd742ec739de698cf143976c1f39aa474527d,5ca9f12cbb2cce513d308952f22cd742ec739de698cf143976c1f39aa474527d,baseline,False,True,True,0,1,1,0,G1_verified_reuse,184697,1,b0,7f17897792346ae581c08fc7b23624701e6afa8258c98c3b4413795de5c28c20,c754c2df9cef5baf360dab94369754eebd84d3526e6c4af3322431082c62944e,92646,180224,786432,0,180224,0,0,,,,,,92646,180224,786432,0,180224,0,0,0,264,0,720896,0.0,92646,180224,786432,0,180224,0,0,,,,,,92646,180224,786432,0,180224,0,0,0,264,0,720896,0.0,1.0,1.0,1.0,1.0,0,1.9935777043801135,1.9935777043801135,1.9935777043801135,1.9935777043801135,1.9935777043801135,1.9935777043801135
case_011,3,2da7df4ccc8a4eb86347f0a567aacac628e7d30ab943cd99996f2c74620d80b9,444caaab3114d294b120b12e893ec9e3e5e33b9eafd2bb2cf15b4f1a0ae0b4fc,532be94f46615deefaa4e18f1859472ab486a1ec4438e523b2826ea891a0dbb1,baseline,True,True,True,0,1,0,0,new_official_evaluation,184697,1,b0,7f17897792346ae581c08fc7b23624701e6afa8258c98c3b4413795de5c28c20,c754c2df9cef5baf360dab94369754eebd84d3526e6c4af3322431082c62944e,79286,1916928,2523136,0,1916928,958464,234,,,,,,79286,1916928,2523136,0,1916928,958464,234,0,410,0,1499136,0.0,79286,1916928,2523136,0,1916928,958464,234,,,,,,79286,1916928,2523136,0,1916928,958464,234,0,410,0,1499136,0.0,1.0,1.0,1.0,1.0,0,2.329503317105164,2.329503317105164,2.329503317105164,2.329503317105164,2.329503317105164,2.329503317105164
case_011,4,2da7df4ccc8a4eb86347f0a567aacac628e7d30ab943cd99996f2c74620d80b9,7fea61be73220783c354d517dc4fa5b77afdbc966e7685dd65ce1308bafe8c12,7fea61be73220783c354d517dc4fa5b77afdbc966e7685dd65ce1308bafe8c12,baseline,False,True,True,0,1,1,0,G1_verified_reuse,184697,1,b0,7f17897792346ae581c08fc7b23624701e6afa8258c98c3b4413795de5c28c20,c754c2df9cef5baf360dab94369754eebd84d3526e6c4af3322431082c62944e,46880,540672,1146880,0,540672,0,0,,,,,,46880,540672,1146880,0,540672,0,0,0,440,0,1081344,0.0,46880,540672,1146880,0,540672,0,0,,,,,,46880,540672,1146880,0,540672,0,0,0,440,0,1081344,0.0,1.0,1.0,1.0,1.0,0,3.9397824232081913,3.9397824232081913,3.9397824232081913,3.9397824232081913,3.9397824232081913,3.9397824232081913
case_011,5,2da7df4ccc8a4eb86347f0a567aacac628e7d30ab943cd99996f2c74620d80b9,c3a4ee85259fb48f56373ec35c1c34e96516f112ac355aebabfb3bd2f4c3ae8c,c3a4ee85259fb48f56373ec35c1c34e96516f112ac355aebabfb3bd2f4c3ae8c,baseline,False,True,True,0,1,1,0,G1_verified_reuse,184697,1,b0,7f17897792346ae581c08fc7b23624701e6afa8258c98c3b4413795de5c28c20,c754c2df9cef5baf360dab94369754eebd84d3526e6c4af3322431082c62944e,46880,540672,1146880,0,540672,0,0,,,,,,46880,540672,1146880,0,540672,0,0,0,440,0,1081344,0.0,46880,540672,1146880,0,540672,0,0,,,,,,46880,540672,1146880,0,540672,0,0,0,440,0,1081344,0.0,1.0,1.0,1.0,1.0,0,3.9397824232081913,3.9397824232081913,3.9397824232081913,3.9397824232081913,3.9397824232081913,3.9397824232081913
case_012,1,1a07d3a4c6d1305bec2fbdc4d106fb5c0078ec098cbf09e1b8eaa5134968e079,b1e544818b255ab54c5868e649c86d35f523cf071e352e0a343d241a43bb9976,b1e544818b255ab54c5868e649c86d35f523cf071e352e0a343d241a43bb9976,G1_baseline,False,True,True,0,1,0,0,G1_verified_reuse,55864,1,b2a_w8,9f8eba65c7b7f5658ffd91710b6bd2144f3106994fe8c6b9e6469e458cdab043,31fcf29d8cda4195857db344b864b821c74ba590de24d89569ce507b7d4ce6e3,59088,0,554898,0,0,0,0,,,,,,59088,0,554898,0,0,0,0,0,251,0,484096,0.0,59088,0,554898,0,0,0,0,,,,,,59088,0,554898,0,0,0,0,0,251,0,484096,0.0,1.0,1.0,1.0,1.0,0,1.0,1.0,1.0,1.0,0.9454373138369889,0.9454373138369889
case_012,2,1a07d3a4c6d1305bec2fbdc4d106fb5c0078ec098cbf09e1b8eaa5134968e079,84b6f4ff122e20b8c1f78d95aeaa9d08541b7494e3bb7fe5e86e5d05181215fe,84b6f4ff122e20b8c1f78d95aeaa9d08541b7494e3bb7fe5e86e5d05181215fe,baseline,False,True,True,0,1,1,0,G1_verified_reuse,55864,1,b2a_w8,9f8eba65c7b7f5658ffd91710b6bd2144f3106994fe8c6b9e6469e458cdab043,31fcf29d8cda4195857db344b864b821c74ba590de24d89569ce507b7d4ce6e3,34562,822062,1376960,0,822062,327538,297,,,,,,33084,822062,1376960,0,822062,327538,297,49,548,166986,811634,0.1706341583045513,34562,822062,1376960,0,822062,327538,297,,,,,,33084,822062,1376960,0,822062,327538,297,49,548,166986,811634,0.1706341583045513,1.0446741627372749,1.0446741627372749,1.0,1.0,0,1.7096232856894855,1.785999274573812,1.7096232856894855,1.785999274573812,1.6163416468954344,1.6163416468954344
case_012,3,1a07d3a4c6d1305bec2fbdc4d106fb5c0078ec098cbf09e1b8eaa5134968e079,bd40553e7cba262504376b23f04f24cf7c4fc8073a5dc55511896b5ee7a180a4,bd40553e7cba262504376b23f04f24cf7c4fc8073a5dc55511896b5ee7a180a4,baseline,False,True,True,0,1,1,0,G1_verified_reuse,55864,1,b2a_w8,9f8eba65c7b7f5658ffd91710b6bd2144f3106994fe8c6b9e6469e458cdab043,31fcf29d8cda4195857db344b864b821c74ba590de24d89569ce507b7d4ce6e3,26134,713818,1268716,0,713818,282858,226,,,,,,24277,713818,1268716,0,713818,282858,226,47,477,148102,766954,0.1618502037033799,26134,713818,1268716,0,713818,282858,226,,,,,,24277,713818,1268716,0,713818,282858,226,47,477,148102,766954,0.1618502037033799,1.0764921530666887,1.0764921530666887,1.0,1.0,0,2.2609627305425883,2.43390863780533,2.2609627305425883,2.43390863780533,2.1375985306497283,2.1375985306497283
case_012,4,1a07d3a4c6d1305bec2fbdc4d106fb5c0078ec098cbf09e1b8eaa5134968e079,1d1afa84bee9077d76bde51a0b7ea7f3417ebd84a03a2f5ef6eb8094b8ade552,7efa1a8cf82b11962d02e0a761062a2cc58784b129fbda186aa350cecb021986,mapping_locality_one_move,True,True,True,0,1,1,0,new_official_evaluation,55864,1,b2a_w8,9f8eba65c7b7f5658ffd91710b6bd2144f3106994fe8c6b9e6469e458cdab043,31fcf29d8cda4195857db344b864b821c74ba590de24d89569ce507b7d4ce6e3,24454,163180,718078,0,163180,53652,38,,,,,,24447,163180,718078,0,163180,53652,38,27,289,55876,537748,0.0941269220920987,23486,139052,693950,0,139052,46484,38,,,,,,23486,139052,693950,0,139052,46484,38,25,289,46084,530580,0.07991482041535453,1.0002863337014767,1.0,1.0409179936983735,1.0412160436004427,-7,2.4162918132002944,2.416983678979016,2.5158818019245506,2.5158818019245506,2.2844524413183938,2.3786085327429105
case_012,5,1a07d3a4c6d1305bec2fbdc4d106fb5c0078ec098cbf09e1b8eaa5134968e079,f55117e9bbef3cf58fa2df3d254c21ced75ab6a61c2c95c661af717d63175303,bcd36ab07eec7787ed308636ddf15d92ae58203c651412aa41a7b074dfdf6188,mapping_locality_one_move,True,True,True,0,1,1,0,new_official_evaluation,55864,1,b2a_w8,9f8eba65c7b7f5658ffd91710b6bd2144f3106994fe8c6b9e6469e458cdab043,31fcf29d8cda4195857db344b864b821c74ba590de24d89569ce507b7d4ce6e3,24454,163180,718078,0,163180,53652,38,,,,,,24447,163180,718078,0,163180,53652,38,27,289,55876,537748,0.0941269220920987,23486,139052,693950,0,139052,46484,38,,,,,,23486,139052,693950,0,139052,46484,38,25,289,46084,530580,0.07991482041535453,1.0002863337014767,1.0,1.0409179936983735,1.0412160436004427,-7,2.4162918132002944,2.416983678979016,2.5158818019245506,2.5158818019245506,2.2844524413183938,2.3786085327429105
case_013,1,b95d97cf90bdd0fe64a0fd1ecd5a36a7b091ecadef204ef8c6ae430f6ccfac3c,98a0668cad932fa3f39cf3e83cffe8c6d06e58eac83dfdc2a7e398400296a4d8,98a0668cad932fa3f39cf3e83cffe8c6d06e58eac83dfdc2a7e398400296a4d8,G1_baseline,False,True,True,0,1,0,0,G1_verified_reuse,263949,1,b0,c67ebec28bc1ac3a54039ce90ef746d8259f14226ef67221fcaa14f6f1305888,c921139c302bf3b3f73434679fc77ef9702a38c45c795f24e1365617f44c8edb,263949,0,2527232,0,0,0,0,,,,,,263949,0,2527232,0,0,0,0,0,988,0,2023424,0.0,263949,0,2527232,0,0,0,0,,,,,,263949,0,2527232,0,0,0,0,0,988,0,2023424,0.0,1.0,1.0,1.0,1.0,0,1.0,1.0,1.0,1.0,1.0,1.0
case_013,2,b95d97cf90bdd0fe64a0fd1ecd5a36a7b091ecadef204ef8c6ae430f6ccfac3c,5dfdc691de0e0e53e38ac4466f56fd554ef95a565cdc48b85909007fa6a131d8,5dfdc691de0e0e53e38ac4466f56fd554ef95a565cdc48b85909007fa6a131d8,baseline,False,True,True,0,1,0,0,G1_verified_reuse,263949,1,b0,c67ebec28bc1ac3a54039ce90ef746d8259f14226ef67221fcaa14f6f1305888,c921139c302bf3b3f73434679fc77ef9702a38c45c795f24e1365617f44c8edb,165065,40960,2568192,0,40960,16384,8,,,,,,165065,40960,2568192,0,40960,16384,8,0,1000,0,2048000,0.0,165065,40960,2568192,0,40960,16384,8,,,,,,165065,40960,2568192,0,40960,16384,8,0,1000,0,2048000,0.0,1.0,1.0,1.0,1.0,0,1.5990609759791596,1.5990609759791596,1.5990609759791596,1.5990609759791596,1.5990609759791596,1.5990609759791596
case_013,3,b95d97cf90bdd0fe64a0fd1ecd5a36a7b091ecadef204ef8c6ae430f6ccfac3c,599b8f0dd860297b60ccd13cb38de35ddcc0c894b049b1476cc1803dc20bb2a6,599b8f0dd860297b60ccd13cb38de35ddcc0c894b049b1476cc1803dc20bb2a6,baseline,False,True,True,0,1,0,0,G1_verified_reuse,263949,1,b0,c67ebec28bc1ac3a54039ce90ef746d8259f14226ef67221fcaa14f6f1305888,c921139c302bf3b3f73434679fc77ef9702a38c45c795f24e1365617f44c8edb,89317,53248,2580480,0,53248,18432,9,,,,,,89238,53248,2580480,0,53248,18432,9,6,999,12288,2045952,0.005970149253731343,89317,53248,2580480,0,53248,18432,9,,,,,,89238,53248,2580480,0,53248,18432,9,6,999,12288,2045952,0.005970149253731343,1.0008852730899394,1.0008852730899394,1.0,1.0,0,2.9551933002675863,2.957809453371882,2.9551933002675863,2.957809453371882,2.9551933002675863,2.9551933002675863
case_013,4,b95d97cf90bdd0fe64a0fd1ecd5a36a7b091ecadef204ef8c6ae430f6ccfac3c,c9d7ef4191c852f9a0f449ca02122f268a95a282617d11b77e0ae91d5ca376f5,bfdcb8b5c9f1e524ff2dd26c5ba8c3c9a6b762187942d580058bc6f04482900d,baseline,True,True,True,0,1,0,0,new_official_evaluation,263949,1,b0,c67ebec28bc1ac3a54039ce90ef746d8259f14226ef67221fcaa14f6f1305888,c921139c302bf3b3f73434679fc77ef9702a38c45c795f24e1365617f44c8edb,83671,143360,2670592,0,143360,59392,29,,,,,,83671,143360,2670592,0,143360,59392,29,0,1029,0,2107392,0.0,83671,143360,2670592,0,143360,59392,29,,,,,,83671,143360,2670592,0,143360,59392,29,0,1029,0,2107392,0.0,1.0,1.0,1.0,1.0,0,3.154605538358571,3.154605538358571,3.154605538358571,3.154605538358571,3.154605538358571,3.154605538358571
case_013,5,b95d97cf90bdd0fe64a0fd1ecd5a36a7b091ecadef204ef8c6ae430f6ccfac3c,a27a7f9ff04b306fa25c53bab995d0eca4d3b801c03bbdf95611a51eca5d7d77,a27a7f9ff04b306fa25c53bab995d0eca4d3b801c03bbdf95611a51eca5d7d77,baseline,False,True,True,0,1,0,0,G1_verified_reuse,263949,1,b0,c67ebec28bc1ac3a54039ce90ef746d8259f14226ef67221fcaa14f6f1305888,c921139c302bf3b3f73434679fc77ef9702a38c45c795f24e1365617f44c8edb,67008,188416,2715648,0,188416,77824,38,,,,,,66721,188416,2715648,0,188416,77824,38,11,1031,22528,2111488,0.01055662188099808,67008,188416,2715648,0,188416,77824,38,,,,,,66721,188416,2715648,0,188416,77824,38,11,1031,22528,2111488,0.01055662188099808,1.00430149428216,1.00430149428216,1.0,1.0,0,3.939066977077364,3.9560108511563077,3.939066977077364,3.9560108511563077,3.939066977077364,3.939066977077364
case_014,1,e27abb053ac57786e510ba80e60a6ec60a8b0df11b2a818010a1df17c29d94dd,c623ac4e30dda9460f0d4aae5e350a7afd8481b58e14bd20816733a7f1450e54,c623ac4e30dda9460f0d4aae5e350a7afd8481b58e14bd20816733a7f1450e54,G1_baseline,False,True,True,0,1,0,0,G1_verified_reuse,17641680,1,b1,44a430ebbf25b8f66c2b1bf47467670a54ab26f702f55d3eb66fde7bbbd2fc59,b8a45137174410d932e1bb9476dd3de4e64d40fa2f919f9cc49c0bc8eea760db,17698626,71010720,80943460,71010720,0,0,0,,,,,,17689602,71010720,80943460,71010720,0,0,0,1801,11987,9944064,70961016,0.12291025483195864,17698626,71010720,80943460,71010720,0,0,0,,,,,,17689602,71010720,80943460,71010720,0,0,0,1801,11987,9944064,70961016,0.12291025483195864,1.0005101301883446,1.0005101301883446,1.0,1.0,0,1.0,1.0,1.0,1.0,0.9967824620962101,0.9967824620962101
case_014,2,e27abb053ac57786e510ba80e60a6ec60a8b0df11b2a818010a1df17c29d94dd,6fcc4879f589807dd396932441e710a410abea907287727fedfc288db370e797,6fcc4879f589807dd396932441e710a410abea907287727fedfc288db370e797,baseline,False,True,True,0,1,0,0,G1_verified_reuse,17641680,1,b1,44a430ebbf25b8f66c2b1bf47467670a54ab26f702f55d3eb66fde7bbbd2fc59,b8a45137174410d932e1bb9476dd3de4e64d40fa2f919f9cc49c0bc8eea760db,11605741,271040064,280972804,147495792,123544272,60725760,10604,,,,,,11585088,271040064,280972804,147495792,123544272,60725760,10604,411,25592,2857824,153174456,0.018315594696174407,11605741,271040064,280972804,147495792,123544272,60725760,10604,,,,,,11585088,271040064,280972804,147495792,123544272,60725760,10604,411,25592,2857824,153174456,0.018315594696174407,1.0017827227553213,1.0017827227553213,1.0,1.0,0,1.5249888826572986,1.5269285826745553,1.5249888826572986,1.5269285826745553,1.5200821731244907,1.5200821731244907
case_014,3,e27abb053ac57786e510ba80e60a6ec60a8b0df11b2a818010a1df17c29d94dd,c8890b1e96c73caf327997b56e85d96db64d95ce31a678a33778aa8fc27678b7,af71a2d42cdbc73257edfdadb5eb8954e51daff8c26a2d765ab1491643913825,baseline,True,True,True,0,1,0,0,new_official_evaluation,17641680,1,b1,44a430ebbf25b8f66c2b1bf47467670a54ab26f702f55d3eb66fde7bbbd2fc59,b8a45137174410d932e1bb9476dd3de4e64d40fa2f919f9cc49c0bc8eea760db,8569571,266112576,276045316,89363616,176748960,86281728,15141,,,,,,8549906,266112576,276045316,89363616,176748960,86281728,15141,74,24677,1814976,150098904,0.011947400724673743,8534371,264152160,274084900,87403200,176748960,86281728,15141,,,,,,8522520,264152160,274084900,87403200,176748960,86281728,15141,89,24591,1043424,149297112,0.006940403618090067,1.0023000252868277,1.0013905511515373,1.0032133688157963,1.0041244984545434,-7814,2.065287282175502,2.068982044948798,2.073805556379023,2.075630447332479,2.0586421420628875,2.0671330083962838
case_014,4,e27abb053ac57786e510ba80e60a6ec60a8b0df11b2a818010a1df17c29d94dd,f31214d69936466e12c750db21d4f59d73f21174abfcc3b24cbb45b7bbe2ae60,9b67be8e27e87539ff243822bf4d2c654b27d6ed3b6be998c413bf532cd7b8ed,mapping_locality_one_move,True,True,True,0,1,1,0,new_official_evaluation,17641680,1,b1,44a430ebbf25b8f66c2b1bf47467670a54ab26f702f55d3eb66fde7bbbd2fc59,b8a45137174410d932e1bb9476dd3de4e64d40fa2f919f9cc49c0bc8eea760db,7306925,260873880,270806620,70573608,190300272,92011008,16122,,,,,,7298409,260873880,270806620,70573608,190300272,92011008,16122,141,24352,944832,147129648,0.00638078891109393,7282181,260758584,270691324,70675848,190082736,92947968,16260,,,,,,7278749,260758584,270691324,70675848,190082736,92947968,16260,141,24361,626880,147123408,0.004242834369297473,1.001166829647393,1.0004715095959484,1.0027010135945065,1.0033978831341874,-5084,2.422171570120126,2.4237613978608215,2.4304018260463454,2.4303080103462835,2.414378141283782,2.422581916049601
case_014,5,e27abb053ac57786e510ba80e60a6ec60a8b0df11b2a818010a1df17c29d94dd,9e1b9ab268fcdb4a5d254ec68325d403408ffdf9320d7af0140f6d72c447796d,f6f9df31fe9a1ad4d809ca64db7b7d35bf2a96a88d59dc29183b016605169543,baseline,True,True,True,0,1,1,0,new_official_evaluation,17641680,1,b1,44a430ebbf25b8f66c2b1bf47467670a54ab26f702f55d3eb66fde7bbbd2fc59,b8a45137174410d932e1bb9476dd3de4e64d40fa2f919f9cc49c0bc8eea760db,6514638,258576288,268509028,46509600,212066688,102893568,18040,,,,,,6507002,258576288,268509028,46509600,212066688,102893568,18040,35,23727,595728,145124328,0.004088167520330901,6330583,258281760,268214500,46215072,212066688,102893568,18040,,,,,,6322404,258281760,268214500,46215072,212066688,102893568,18040,25,23710,447984,145141896,0.0030770270571003973,1.001173505094973,1.0012936534900332,1.0291974381896507,1.0290739415311354,543,2.7167474232643474,2.7185487264334633,2.795733979003198,2.797923384839058,2.7080061854549706,2.7867385989568416
case_015,1,d27dfc39289fa442f29f597191ab6b05142ce6ad68b4396056b2adccb9c93253,192472c06a1727349dfc6dd1658dac61ace67d2c8749562f39e0d37b55dbf02c,192472c06a1727349dfc6dd1658dac61ace67d2c8749562f39e0d37b55dbf02c,G1_baseline,False,True,True,0,1,0,0,G1_verified_reuse,177253,1,b1,82e75fce1b7e4dc232653010702c515e99962ad1a5e34a8f31c0942d28247671,6e6209d95915a5e288409824386ecbc5ec361628f2f273f2b5790ca31c647835,177362,180256,1064870,180256,0,0,0,,,,,,177362,180256,1064870,180256,0,0,0,22,219,180224,884498,0.1692685978123867,177362,180256,1064870,180256,0,0,0,,,,,,177362,180256,1064870,180256,0,0,0,22,219,180224,884498,0.1692685978123867,1.0,1.0,1.0,1.0,0,1.0,1.0,1.0,1.0,0.9993854376924031,0.9993854376924031
case_015,2,d27dfc39289fa442f29f597191ab6b05142ce6ad68b4396056b2adccb9c93253,fd24b601c215f73e33a922f63ebc8733fe9a149eb174c5f5cd4e6d94610c2b20,fd24b601c215f73e33a922f63ebc8733fe9a149eb174c5f5cd4e6d94610c2b20,baseline,False,True,True,0,1,1,0,G1_verified_reuse,177253,1,b1,82e75fce1b7e4dc232653010702c515e99962ad1a5e34a8f31c0942d28247671,6e6209d95915a5e288409824386ecbc5ec361628f2f273f2b5790ca31c647835,104445,2119358,3003972,786604,1332754,480516,154,,,,,,101503,2119358,3003972,786604,1332754,480516,154,51,422,404490,1741916,0.18844990183590615,104445,2119358,3003972,786604,1332754,480516,154,,,,,,101503,2119358,3003972,786604,1332754,480516,154,51,422,404490,1741916,0.18844990183590615,1.0289843649941381,1.0289843649941381,1.0,1.0,0,1.6981377758628944,1.7473572209688384,1.6981377758628944,1.7473572209688384,1.6970941643927426,1.6970941643927426
case_015,3,d27dfc39289fa442f29f597191ab6b05142ce6ad68b4396056b2adccb9c93253,c7ce257b9d4395e05f38bec4410e56bf2431e02615e755446622b82c44947206,a9de0e26f3e7a1b2029c932433e79651f54a1243617539b39667c5a373d4b10a,baseline,True,True,True,0,1,1,0,new_official_evaluation,177253,1,b1,82e75fce1b7e4dc232653010702c515e99962ad1a5e34a8f31c0942d28247671,6e6209d95915a5e288409824386ecbc5ec361628f2f273f2b5790ca31c647835,84097,2193056,3077670,375598,1817458,682834,200,,,,,,79841,2193056,3077670,375598,1817458,682834,200,64,448,459984,1828842,0.20096940527589252,80828,2217632,3102246,400174,1817458,682834,200,,,,,,77499,2217632,3102246,400174,1817458,682834,200,68,445,468176,1832938,0.2034562390216217,1.0533059455668141,1.0429553929728126,1.0302197447709003,1.0404439055772752,-927,2.10901696850066,2.221440112223043,2.194313851635572,2.2885714654382636,2.107720846165737,2.192965309051319
case_015,4,d27dfc39289fa442f29f597191ab6b05142ce6ad68b4396056b2adccb9c93253,54d16cd6bf6b7bb30607e97df30c3a5318c11e5c3ef74e519e490f88130c0b6a,54d16cd6bf6b7bb30607e97df30c3a5318c11e5c3ef74e519e490f88130c0b6a,baseline,False,True,True,0,1,1,0,G1_verified_reuse,177253,1,b1,82e75fce1b7e4dc232653010702c515e99962ad1a5e34a8f31c0942d28247671,6e6209d95915a5e288409824386ecbc5ec361628f2f273f2b5790ca31c647835,67292,2446438,3331052,16396,2430042,885702,229,,,,,,64234,2446438,3331052,16396,2430042,885702,229,28,497,206864,2230156,0.08488399766928462,67292,2446438,3331052,16396,2430042,885702,229,,,,,,64234,2446438,3331052,16396,2430042,885702,229,28,497,206864,2230156,0.08488399766928462,1.0476071862253635,1.0476071862253635,1.0,1.0,0,2.635707067704928,2.761185664912663,2.635707067704928,2.761185664912663,2.6340872614872497,2.6340872614872497
case_015,5,d27dfc39289fa442f29f597191ab6b05142ce6ad68b4396056b2adccb9c93253,dacb8b26e91c812962c692df154d67b81293286e6fa096748330d6fa591ac0c4,dacb8b26e91c812962c692df154d67b81293286e6fa096748330d6fa591ac0c4,baseline,False,True,True,0,1,1,0,G1_verified_reuse,177253,1,b1,82e75fce1b7e4dc232653010702c515e99962ad1a5e34a8f31c0942d28247671,6e6209d95915a5e288409824386ecbc5ec361628f2f273f2b5790ca31c647835,64801,2420572,3305186,81920,2338652,835400,234,,,,,,57770,2420572,3305186,81920,2338652,835400,234,54,462,549068,1879626,0.22607541337031342,64801,2420572,3305186,81920,2338652,835400,234,,,,,,57770,2420572,3305186,81920,2338652,835400,234,54,462,549068,1879626,0.22607541337031342,1.1217067682187987,1.1217067682187987,1.0,1.0,0,2.7370256631842103,3.0701402111822746,2.7370256631842103,3.0701402111822746,2.735343590376692,2.735343590376692
case_016,1,76537aa7163cf0748adcff2ecbd84fbc9a02a2d129ffcecd2bfebb89685e71ef,19d365422ae9ccef1999767d13ce89179d5ab1c75a35ee55f2d898297a4e7d23,19d365422ae9ccef1999767d13ce89179d5ab1c75a35ee55f2d898297a4e7d23,G1_baseline,False,True,True,0,1,0,0,G1_verified_reuse,7715523,1,b0,1b794a32ee2f9876cea29c99dc42edc708e10fef22b2d5665ef279d983860772,0c252371d6481a3ca7cb0d01876242655cef4807ec137b07b69e6f24720bf770,7715523,0,393218,0,0,0,0,,,,,,7715523,0,393218,0,0,0,0,0,12,0,393216,0.0,7715523,0,393218,0,0,0,0,,,,,,7715523,0,393218,0,0,0,0,0,12,0,393216,0.0,1.0,1.0,1.0,1.0,0,1.0,1.0,1.0,1.0,1.0,1.0
case_016,2,76537aa7163cf0748adcff2ecbd84fbc9a02a2d129ffcecd2bfebb89685e71ef,b55c744114415dff6852866d041da3f439fa36550d735c5787a02f3e8122947d,7caca73b48c492504288dc29e83e785beef61db7328710696597081f30ebb3fe,baseline,False,True,True,0,1,0,0,G1_verified_reuse,7715523,1,b0,1b794a32ee2f9876cea29c99dc42edc708e10fef22b2d5665ef279d983860772,0c252371d6481a3ca7cb0d01876242655cef4807ec137b07b69e6f24720bf770,7715523,0,393218,0,0,0,0,,,,,,7715523,0,393218,0,0,0,0,0,12,0,393216,0.0,7715523,0,393218,0,0,0,0,,,,,,7715523,0,393218,0,0,0,0,0,12,0,393216,0.0,1.0,1.0,1.0,1.0,0,1.0,1.0,1.0,1.0,1.0,1.0
case_016,3,76537aa7163cf0748adcff2ecbd84fbc9a02a2d129ffcecd2bfebb89685e71ef,d621805a2401ba70420001dd02676f36d610545cb2aed1f512ed1df122f12059,8c98dc1081c847df54d7c1492ae3d08c817b85c03038b0519bae3f10b270df1c,baseline,False,True,True,0,1,0,0,G1_verified_reuse,7715523,1,b0,1b794a32ee2f9876cea29c99dc42edc708e10fef22b2d5665ef279d983860772,0c252371d6481a3ca7cb0d01876242655cef4807ec137b07b69e6f24720bf770,7715523,0,393218,0,0,0,0,,,,,,7715523,0,393218,0,0,0,0,0,12,0,393216,0.0,7715523,0,393218,0,0,0,0,,,,,,7715523,0,393218,0,0,0,0,0,12,0,393216,0.0,1.0,1.0,1.0,1.0,0,1.0,1.0,1.0,1.0,1.0,1.0
case_016,4,76537aa7163cf0748adcff2ecbd84fbc9a02a2d129ffcecd2bfebb89685e71ef,79eea49e61dcfb92d9a1274f3c0c0e73b7d460de5a594a6954a885dd67426284,548545141ee3e692d282e274b232c6ce362abfa6441153b1ec8a9406c224e3fd,baseline,False,True,True,0,1,0,0,G1_verified_reuse,7715523,1,b0,1b794a32ee2f9876cea29c99dc42edc708e10fef22b2d5665ef279d983860772,0c252371d6481a3ca7cb0d01876242655cef4807ec137b07b69e6f24720bf770,7715523,0,393218,0,0,0,0,,,,,,7715523,0,393218,0,0,0,0,0,12,0,393216,0.0,7715523,0,393218,0,0,0,0,,,,,,7715523,0,393218,0,0,0,0,0,12,0,393216,0.0,1.0,1.0,1.0,1.0,0,1.0,1.0,1.0,1.0,1.0,1.0
case_016,5,76537aa7163cf0748adcff2ecbd84fbc9a02a2d129ffcecd2bfebb89685e71ef,793e41a521e93389af87b2734a3b39f43d9976d50792c51d9bf0ddcb6aae15ed,d63f4c0fd981ae522e95c8643499a80c29cf38d6ad4e3490dfdb136d9ca0703d,baseline,False,True,True,0,1,0,0,G1_verified_reuse,7715523,1,b0,1b794a32ee2f9876cea29c99dc42edc708e10fef22b2d5665ef279d983860772,0c252371d6481a3ca7cb0d01876242655cef4807ec137b07b69e6f24720bf770,7715523,0,393218,0,0,0,0,,,,,,7715523,0,393218,0,0,0,0,0,12,0,393216,0.0,7715523,0,393218,0,0,0,0,,,,,,7715523,0,393218,0,0,0,0,0,12,0,393216,0.0,1.0,1.0,1.0,1.0,0,1.0,1.0,1.0,1.0,1.0,1.0
case_017,1,282c5840d8e8581fb7827a6d4c996f90384bdfe566ffa665574721568b9dc85c,11a9cba3896d9529e81ee2fbba62f805bc189c615225dbff3efd738ec6cdd340,11a9cba3896d9529e81ee2fbba62f805bc189c615225dbff3efd738ec6cdd340,G1_baseline,False,True,True,0,1,0,0,G1_verified_reuse,147455,1,b0,94164c96c1c714acaa6763455620475480dc25760b22c414513d7fc5c0b7d037,d210a94c5d8938c95532deb9cb78c129deacd63db13102ffb4558a9acb521bb8,162810,22528,666390,22528,0,0,0,,,,,,162810,22528,666390,22528,0,0,0,11,257,22528,535118,0.040398388942088706,162810,22528,666390,22528,0,0,0,,,,,,162810,22528,666390,22528,0,0,0,11,257,22528,535118,0.040398388942088706,1.0,1.0,1.0,1.0,0,1.0,1.0,1.0,1.0,0.9056876113260857,0.9056876113260857
case_017,2,282c5840d8e8581fb7827a6d4c996f90384bdfe566ffa665574721568b9dc85c,fa8504395264d2a9c9ad371718e771a3c339df9367e0795e0e4404f7b6e9e258,9a9c2302a61ee954822a555c890a5d7c5d08a22236d0f35098fe5dbf91f68de5,baseline,True,True,True,0,1,1,0,new_official_evaluation,147455,1,b0,94164c96c1c714acaa6763455620475480dc25760b22c414513d7fc5c0b7d037,d210a94c5d8938c95532deb9cb78c129deacd63db13102ffb4558a9acb521bb8,87619,1067284,1711146,43036,1024248,383868,196,,,,,,86701,1067284,1711146,43036,1024248,383868,196,106,467,270848,933336,0.2249224371026355,85466,1067284,1711146,43036,1024248,383868,196,,,,,,84713,1067284,1711146,43036,1024248,383868,196,106,467,270848,933336,0.2249224371026355,1.0105881131705516,1.0088888364241615,1.023467472524878,1.0251913041443381,-165,1.8581586185644665,1.877833012306663,1.9049680574731471,1.9219010069292788,1.6829112407126308,1.725305969625348
case_017,3,282c5840d8e8581fb7827a6d4c996f90384bdfe566ffa665574721568b9dc85c,3519dfe0df3d069a14090dc25ea3898e18d95e3383ba685efe7b31dc115d6085,516b55467db1f1079788c9041c6a0b720c98a1b9485993910942b4ecf1ef2159,baseline,True,True,True,0,1,1,0,new_official_evaluation,147455,1,b0,94164c96c1c714acaa6763455620475480dc25760b22c414513d7fc5c0b7d037,d210a94c5d8938c95532deb9cb78c129deacd63db13102ffb4558a9acb521bb8,64187,1392040,2035902,94264,1297776,501176,276,,,,,,63392,1392040,2035902,94264,1297776,501176,276,97,571,290816,1088034,0.21091199187728904,64428,1392040,2035902,94264,1297776,501176,276,,,,,,63386,1392040,2035902,94264,1297776,501176,276,97,571,290816,1088034,0.21091199187728904,1.0125410146390712,1.0164389612848264,1.0000946581264,0.9962593903271869,247,2.5364949288796796,2.5683051489146895,2.527006891413671,2.5685482598681095,2.2972720332777667,2.2886788352890046
case_017,4,282c5840d8e8581fb7827a6d4c996f90384bdfe566ffa665574721568b9dc85c,89c1f05d18bdf8374fdb00b5c15ec2ede51a672119cb1078df94f400ffa74cdd,7411e036a9da64e7307b72bffa159fb4ee0039e513d9b68ef092168730682cb6,mapping_locality_one_move,True,True,True,0,1,1,0,new_official_evaluation,147455,1,b0,94164c96c1c714acaa6763455620475480dc25760b22c414513d7fc5c0b7d037,d210a94c5d8938c95532deb9cb78c129deacd63db13102ffb4558a9acb521bb8,61400,1489064,2132926,0,1489064,590676,325,,,,,,59221,1489064,2132926,0,1489064,590676,325,96,582,307712,1125794,0.21465693202539787,60971,1421980,2065842,0,1421980,564046,308,,,,,,58506,1421980,2065842,0,1421980,564046,308,90,566,289280,1103772,0.2076591541449996,1.0367943803718276,1.0421324308617919,1.0122209687895258,1.007036131931574,286,2.651628664495114,2.7491936981813883,2.670285873612045,2.7827915085632244,2.4015472312703583,2.418444834429483
case_017,5,282c5840d8e8581fb7827a6d4c996f90384bdfe566ffa665574721568b9dc85c,1b6467db0947d3b62d367efe6ee475cb6355e57324f1fc6272f7ef94d7eab662,abd4be4f3da67a02586a12777577dc214f5a9ed538f4215863e4985a3579a46a,mapping_locality_one_move,True,True,True,0,1,1,0,new_official_evaluation,147455,1,b0,94164c96c1c714acaa6763455620475480dc25760b22c414513d7fc5c0b7d037,d210a94c5d8938c95532deb9cb78c129deacd63db13102ffb4558a9acb521bb8,60625,403724,1047586,47116,356608,93184,12,,,,,,60625,403724,1047586,47116,356608,93184,12,32,281,84228,756306,0.10020772508905053,60625,293132,936994,47116,246016,65536,9,,,,,,60440,293132,936994,47116,246016,65536,9,30,276,78084,679506,0.10306894230388469,1.0,1.003060886829914,1.003060886829914,1.0,185,2.6855257731958764,2.6855257731958764,2.6855257731958764,2.693745863666446,2.4322474226804123,2.4322474226804123
case_018,1,70cf2a124573fe0ccad84b16d902efe7e28938761db791d2f4321ab2e98f0c0a,890ceb0b49b4b6001da4358bccb39342fc92672fd85ec2418c40c0c47eea5675,890ceb0b49b4b6001da4358bccb39342fc92672fd85ec2418c40c0c47eea5675,G1_baseline,False,True,True,0,1,0,0,G1_verified_reuse,1003281,1,b1,fab2be7010e0637040aae86b4dbe7dc321db0d10049954f2e2ff16da18235196,771940f9b79b43a43457f16c27e991de98054bf52feea7e4da9af49ebcb114c8,1004367,1970176,3563024,1970176,0,0,0,,,,,,1003110,1970176,3563024,1970176,0,0,0,225,549,1224704,2338068,0.34375031576536474,1004367,1970176,3563024,1970176,0,0,0,,,,,,1003110,1970176,3563024,1970176,0,0,0,225,549,1224704,2338068,0.34375031576536474,1.0012531028501361,1.0012531028501361,1.0,1.0,0,1.0,1.0,1.0,1.0,0.9989187219412824,0.9989187219412824
case_018,2,70cf2a124573fe0ccad84b16d902efe7e28938761db791d2f4321ab2e98f0c0a,274c31977d6b7eb3194fe976e764dbeb68d8d13ee86f56fc3f6cd3e6dc3ef1b9,f5ce3254ea37a30ffbb89be939e0164b3a3d7d5f688dc5c270da5d454da73858,baseline,False,True,True,0,1,1,0,G1_verified_reuse,1003281,1,b1,fab2be7010e0637040aae86b4dbe7dc321db0d10049954f2e2ff16da18235196,771940f9b79b43a43457f16c27e991de98054bf52feea7e4da9af49ebcb114c8,582918,7888080,9480928,2981120,4906960,2428392,651,,,,,,582773,7888080,9480928,2981120,4906960,2428392,651,2,1482,16384,5545340,0.002945849164755389,582918,7888080,9480928,2981120,4906960,2428392,651,,,,,,582773,7888080,9480928,2981120,4906960,2428392,651,2,1482,16384,5545340,0.002945849164755389,1.0002488104287603,1.0002488104287603,1.0,1.0,0,1.722998775127891,1.72127054616463,1.722998775127891,1.72127054616463,1.721135734357148,1.721135734357148
case_018,3,70cf2a124573fe0ccad84b16d902efe7e28938761db791d2f4321ab2e98f0c0a,51d4228bf793e75faf91419983d27f24cadd3b50d67785bd2a73b008da7f304d,476aa8c65ccd7b4c50796c838413157856de39a49cfd7ab32fc0a7b23f50e779,baseline,False,True,True,0,1,1,0,G1_verified_reuse,1003281,1,b1,fab2be7010e0637040aae86b4dbe7dc321db0d10049954f2e2ff16da18235196,771940f9b79b43a43457f16c27e991de98054bf52feea7e4da9af49ebcb114c8,419178,7371192,8964040,671744,6699448,3315932,905,,,,,,419178,7371192,8964040,671744,6699448,3315932,905,3,1428,24576,5287408,0.004626519959397468,419178,7371192,8964040,671744,6699448,3315932,905,,,,,,419178,7371192,8964040,671744,6699448,3315932,905,3,1428,24576,5287408,0.004626519959397468,1.0,1.0,1.0,1.0,0,2.3960393913802727,2.3930406653020913,2.3960393913802727,2.3930406653020913,2.3934486065585503,2.3934486065585503
case_018,4,70cf2a124573fe0ccad84b16d902efe7e28938761db791d2f4321ab2e98f0c0a,4ce7a85ccd2eaefaae5e53450f53a4504bc25962e66dd3c508451afc52707fec,51d6950b61806b6f11290511962e1b9429e90a1e59557f7bfd0477180f10c943,baseline,True,True,True,0,1,1,0,new_official_evaluation,1003281,1,b1,fab2be7010e0637040aae86b4dbe7dc321db0d10049954f2e2ff16da18235196,771940f9b79b43a43457f16c27e991de98054bf52feea7e4da9af49ebcb114c8,349320,7117472,8710320,0,7117472,3521872,956,,,,,,349052,7117472,8710320,0,7117472,3521872,956,4,1393,32768,5155428,0.0063158754989210125,345303,7117472,8710320,0,7117472,3521872,956,,,,,,345022,7117472,8710320,0,7117472,3521872,956,4,1393,32768,5155428,0.0063158754989210125,1.000767793910363,1.0008144408182666,1.0116804145822584,1.011633261222752,13,2.8752061147372037,2.873812497851323,2.908654138539196,2.9073798192579026,2.872097217451048,2.9055090746387955
case_018,5,70cf2a124573fe0ccad84b16d902efe7e28938761db791d2f4321ab2e98f0c0a,d1e976e3ef3d42a6e4955829aeda3cdf987deb1f3156597f258e7f56337df76c,a1c4fe6b198c5f52e9264164ea86e768434eea2570ea7abcd813fcbb8fbc8b80,mapping_locality_one_move,True,True,True,0,1,1,0,new_official_evaluation,1003281,1,b1,fab2be7010e0637040aae86b4dbe7dc321db0d10049954f2e2ff16da18235196,771940f9b79b43a43457f16c27e991de98054bf52feea7e4da9af49ebcb114c8,286518,7652228,9245076,0,7652228,3792322,1024,,,,,,286107,7652228,9245076,0,7652228,3792322,1024,3,1465,24576,5427926,0.004507288580545225,278869,7578500,9171348,0,7578500,3759554,1019,,,,,,278869,7578500,9171348,0,7578500,3759554,1019,2,1460,16384,5395158,0.0030276028533087244,1.001436525495706,1.0,1.0259548390104314,1.027428649294113,-411,3.5054237430109105,3.5060659124034017,3.6015727814852134,3.597065288719793,3.501633405231085,3.5976784798597192
case_019,1,199ccf5f40c65b63ef88efcf05a0ccbf6b9368963d7a62cabd240d7b98847429,6edfe829f9c086542ff575000b32c8fd979560192429da428b1387bc6d93cca7,6edfe829f9c086542ff575000b32c8fd979560192429da428b1387bc6d93cca7,G1_baseline,False,True,True,0,1,0,0,G1_verified_reuse,73004,1,b2a_w16,e63823edce814e7676bd2575db2084bc456a4290d1934eaedc01c2fcc7e5d071,ec760d09b0e8e6221cee879a71c481ff6b7bcf11295159c4204d3e2e91506201,81144,0,186984,0,0,0,0,,,,,,81144,0,186984,0,0,0,0,0,88,0,179252,0.0,81144,0,186984,0,0,0,0,,,,,,81144,0,186984,0,0,0,0,0,88,0,179252,0.0,1.0,1.0,1.0,1.0,0,1.0,1.0,1.0,1.0,0.8996845114857537,0.8996845114857537
case_019,2,199ccf5f40c65b63ef88efcf05a0ccbf6b9368963d7a62cabd240d7b98847429,09ff006bf5fd74269d93d86452d5f490b8866870205a7b64f7da9990cfd1e856,892cb1c23b5f3ca55f1d39e7d224ba3a0ec830bbd4782433c1acc3a2d6bba4ca,baseline,False,True,True,0,1,1,0,G1_verified_reuse,73004,1,b2a_w16,e63823edce814e7676bd2575db2084bc456a4290d1934eaedc01c2fcc7e5d071,ec760d09b0e8e6221cee879a71c481ff6b7bcf11295159c4204d3e2e91506201,41969,451616,638600,0,451616,195072,67,,,,,,41969,451616,638600,0,451616,195072,67,28,156,58880,376916,0.13510908773829958,41969,451616,638600,0,451616,195072,67,,,,,,41969,451616,638600,0,451616,195072,67,28,156,58880,376916,0.13510908773829958,1.0,1.0,1.0,1.0,0,1.933427053301246,1.933427053301246,1.933427053301246,1.933427053301246,1.739474373942672,1.739474373942672
case_019,3,199ccf5f40c65b63ef88efcf05a0ccbf6b9368963d7a62cabd240d7b98847429,db9a8cf869f5a267be3ee310fb19b5e8d236ebfdc9144f3289f5126910859163,c2e77ff73dd09c18dea3d412621530dcfa00552f1cd4d59b4e02a9938753c4dc,mapping_locality_one_move,True,True,True,0,1,1,0,new_official_evaluation,73004,1,b2a_w16,e63823edce814e7676bd2575db2084bc456a4290d1934eaedc01c2fcc7e5d071,ec760d09b0e8e6221cee879a71c481ff6b7bcf11295159c4204d3e2e91506201,34294,722508,909492,0,722508,305670,104,,,,,,34175,722508,909492,0,722508,305670,104,46,192,111168,484922,0.1864953278867285,32272,705612,892596,0,705612,299526,104,,,,,,32189,705612,892596,0,705612,299526,104,45,192,106560,478778,0.1820486624821898,1.003482077542063,1.0025785206126316,1.0616980956227282,1.0626549330689141,-36,2.3661281856884586,2.3743672275054863,2.5143777887952403,2.5208611637515923,2.1287688808537935,2.2621467526028756
case_019,4,199ccf5f40c65b63ef88efcf05a0ccbf6b9368963d7a62cabd240d7b98847429,15d106e158b22ecd3efe5c1c2602779fc6d9fc98637092ede2c484bdf16eb114,7c58f416405ca648d64c53ce169656945350880dfe8b10f24b7b958862230b51,mapping_locality_one_move,True,True,True,0,1,1,0,new_official_evaluation,73004,1,b2a_w16,e63823edce814e7676bd2575db2084bc456a4290d1934eaedc01c2fcc7e5d071,ec760d09b0e8e6221cee879a71c481ff6b7bcf11295159c4204d3e2e91506201,25339,177208,364192,0,177208,58380,22,,,,,,25339,177208,364192,0,177208,58380,22,16,111,52256,245824,0.17530864197530865,24873,181304,368288,0,181304,62732,22,,,,,,24873,181304,368288,0,181304,62732,22,15,111,47648,250176,0.1599871064789943,1.0,1.0,1.018735174687412,1.018735174687412,0,3.2023363195074785,3.2023363195074785,3.2623326498612952,3.2623326498612952,2.8810923872291725,2.935070156394484
case_019,5,199ccf5f40c65b63ef88efcf05a0ccbf6b9368963d7a62cabd240d7b98847429,e170df954a7375cfb83666e48472d0196d639eb2d611d907c64f14ff748d0b2b,29c78771f1b4efb7801e0d789b5e3dcaff9e1c0f1db2b79ac28f01842ad698e0,mapping_locality_one_move,True,True,True,0,1,1,0,new_official_evaluation,73004,1,b2a_w16,e63823edce814e7676bd2575db2084bc456a4290d1934eaedc01c2fcc7e5d071,ec760d09b0e8e6221cee879a71c481ff6b7bcf11295159c4204d3e2e91506201,22886,212240,399224,0,212240,83976,30,,,,,,22886,212240,399224,0,212240,83976,30,16,118,44288,263228,0.14401852261345752,21640,232728,419712,0,232728,89100,35,,,,,,21640,232728,419712,0,232728,89100,35,18,123,54528,268352,0.1688800792864222,1.0,1.0,1.0575785582255084,1.0575785582255084,0,3.5455737131871015,3.5455737131871015,3.7497227356746765,3.7497227356746765,3.189897754085467,3.3735674676524954
case_020,1,932287c2c204e475df824a3914b7b179226625caf37ae288bac90716ffe16ec4,bbd6b9684fa70e119fd0e3f4f7d4a94282385196530028c52aa36ef7ca17c648,bbd6b9684fa70e119fd0e3f4f7d4a94282385196530028c52aa36ef7ca17c648,G1_baseline,False,True,True,0,1,0,0,G1_verified_reuse,532746,1,b0,147631d632f2fa727f3bc9ef05c126589388799116869f64e5652e92b60dabc2,97fcde80b7522ec2eea689f1006d611459b4120694bb36654c256bd885a60b8e,532746,0,2359296,0,0,0,0,,,,,,532746,0,2359296,0,0,0,0,0,288,0,1179648,0.0,532746,0,2359296,0,0,0,0,,,,,,532746,0,2359296,0,0,0,0,0,288,0,1179648,0.0,1.0,1.0,1.0,1.0,0,1.0,1.0,1.0,1.0,1.0,1.0
case_020,2,932287c2c204e475df824a3914b7b179226625caf37ae288bac90716ffe16ec4,7fe90a407b60b73b158647bd676f7085a9ef2ff0ee43950aa8166eec24911a49,7fe90a407b60b73b158647bd676f7085a9ef2ff0ee43950aa8166eec24911a49,baseline,False,True,True,0,1,0,0,G1_verified_reuse,532746,1,b0,147631d632f2fa727f3bc9ef05c126589388799116869f64e5652e92b60dabc2,97fcde80b7522ec2eea689f1006d611459b4120694bb36654c256bd885a60b8e,266580,0,2359296,0,0,0,0,,,,,,266580,0,2359296,0,0,0,0,0,288,0,1179648,0.0,266580,0,2359296,0,0,0,0,,,,,,266580,0,2359296,0,0,0,0,0,288,0,1179648,0.0,1.0,1.0,1.0,1.0,0,1.9984469952734638,1.9984469952734638,1.9984469952734638,1.9984469952734638,1.9984469952734638,1.9984469952734638
case_020,3,932287c2c204e475df824a3914b7b179226625caf37ae288bac90716ffe16ec4,f7e9e2943f31131516ed74de98bb1cd05f6d746a412bd2a20ecc8e5b71378ae8,f7e9e2943f31131516ed74de98bb1cd05f6d746a412bd2a20ecc8e5b71378ae8,baseline,False,True,True,0,1,0,0,G1_verified_reuse,532746,1,b0,147631d632f2fa727f3bc9ef05c126589388799116869f64e5652e92b60dabc2,97fcde80b7522ec2eea689f1006d611459b4120694bb36654c256bd885a60b8e,177950,0,2359296,0,0,0,0,,,,,,177950,0,2359296,0,0,0,0,0,288,0,1179648,0.0,177950,0,2359296,0,0,0,0,,,,,,177950,0,2359296,0,0,0,0,0,288,0,1179648,0.0,1.0,1.0,1.0,1.0,0,2.993796010115201,2.993796010115201,2.993796010115201,2.993796010115201,2.993796010115201,2.993796010115201
case_020,4,932287c2c204e475df824a3914b7b179226625caf37ae288bac90716ffe16ec4,ae42d840608e31567d96f4f5ad92cd0dceb32609e97625b84d95c9ac163ada01,ae42d840608e31567d96f4f5ad92cd0dceb32609e97625b84d95c9ac163ada01,baseline,False,True,True,0,1,0,0,G1_verified_reuse,532746,1,b0,147631d632f2fa727f3bc9ef05c126589388799116869f64e5652e92b60dabc2,97fcde80b7522ec2eea689f1006d611459b4120694bb36654c256bd885a60b8e,133704,0,2359296,0,0,0,0,,,,,,133704,0,2359296,0,0,0,0,0,288,0,1179648,0.0,133704,0,2359296,0,0,0,0,,,,,,133704,0,2359296,0,0,0,0,0,288,0,1179648,0.0,1.0,1.0,1.0,1.0,0,3.984518039849219,3.984518039849219,3.984518039849219,3.984518039849219,3.984518039849219,3.984518039849219
case_020,5,932287c2c204e475df824a3914b7b179226625caf37ae288bac90716ffe16ec4,07387acb8285e53d1eafc149cde8e60e606474d2842a892766e01417db5e2510,34d5f3c9604f7bf5431ea1e57026f43312af7135f1cb996af4e36463860021f0,mapping_locality_one_move,True,True,True,0,1,1,0,new_official_evaluation,532746,1,b0,147631d632f2fa727f3bc9ef05c126589388799116869f64e5652e92b60dabc2,97fcde80b7522ec2eea689f1006d611459b4120694bb36654c256bd885a60b8e,133566,466944,2826240,0,466944,204800,50,,,,,,133566,466944,2826240,0,466944,204800,50,14,338,57344,1384448,0.03977272727272727,133490,475136,2834432,0,475136,208896,51,,,,,,133490,475136,2834432,0,475136,208896,51,14,339,57344,1388544,0.039660056657223795,1.0,1.0,1.0005693310360326,1.0005693310360326,0,3.98863483221778,3.98863483221778,3.9909056858191625,3.9909056858191625,3.98863483221778,3.9909056858191625
case_021,1,d1b1b8a543eab9b359421f0d67baaee43f2890b2562bf2bfa1dfeb5fa5f87b37,f348d8199a95196945fe11a61f21e5764ab4819e1e2976958b4ced376a8e9830,f348d8199a95196945fe11a61f21e5764ab4819e1e2976958b4ced376a8e9830,G1_baseline,False,True,True,0,1,0,0,G1_verified_reuse,6496252,1,b1,708e51cfb0cd26948c714a40b947b8b82ea4521cf3345c62ab99fef43fed5192,993ce0c0c5f8eca6a1dfea5e96ad121b45b02ea56c0ff66bac9d821df0986d9d,6567937,4501504,7839744,4501504,0,0,0,,,,,,6558837,4501504,7839744,4501504,0,0,0,838,711,3432448,3424256,0.5005973715651135,6567937,4501504,7839744,4501504,0,0,0,,,,,,6558837,4501504,7839744,4501504,0,0,0,838,711,3432448,3424256,0.5005973715651135,1.0013874410966457,1.0013874410966457,1.0,1.0,0,1.0,1.0,1.0,1.0,0.9890856139454444,0.9890856139454444
case_021,2,d1b1b8a543eab9b359421f0d67baaee43f2890b2562bf2bfa1dfeb5fa5f87b37,726787668fed95a619a7a74ddbfa8a8bd6531a1fb03d801558c71dd96421fd2c,726787668fed95a619a7a74ddbfa8a8bd6531a1fb03d801558c71dd96421fd2c,baseline,False,True,True,0,1,1,0,G1_verified_reuse,6496252,1,b1,708e51cfb0cd26948c714a40b947b8b82ea4521cf3345c62ab99fef43fed5192,993ce0c0c5f8eca6a1dfea5e96ad121b45b02ea56c0ff66bac9d821df0986d9d,3215396,5017600,8355840,3276800,1740800,0,0,,,,,,3213736,5017600,8355840,3276800,1740800,0,0,759,841,3379200,3993600,0.4583333333333333,3215396,5017600,8355840,3276800,1740800,0,0,,,,,,3213736,5017600,8355840,3276800,1740800,0,0,759,841,3379200,3993600,0.4583333333333333,1.0005165327830288,1.0005165327830288,1.0,1.0,0,2.0426526001773966,2.0408761018328825,2.0426526001773966,2.0408761018328825,2.0203583011237187,2.0203583011237187
case_021,3,d1b1b8a543eab9b359421f0d67baaee43f2890b2562bf2bfa1dfeb5fa5f87b37,17b53882f27237c5f0c58553a8637d2c1fb12b54684f1982af6b489d69e57896,1bc1357184091cd52cd9d85f0a6f546b978f31b3871464279200482a5dfaf1b6,baseline,True,True,True,0,1,0,0,new_official_evaluation,6496252,1,b1,708e51cfb0cd26948c714a40b947b8b82ea4521cf3345c62ab99fef43fed5192,993ce0c0c5f8eca6a1dfea5e96ad121b45b02ea56c0ff66bac9d821df0986d9d,2784961,65814528,69152768,29122560,36691968,18345984,1493,,,,,,2784961,65814528,69152768,29122560,36691968,18345984,1493,0,3128,0,35262464,0.0,2780463,64806912,68145152,28114944,36691968,18345984,1493,,,,,,2780463,64806912,68145152,28114944,36691968,18345984,1493,0,3087,0,34758656,0.0,1.0,1.0,1.0016177161861173,1.0016177161861173,0,2.3583586987394076,2.355091148493641,2.362173853779029,2.358901017564341,2.3326186614462463,2.3363921764109072
case_021,4,d1b1b8a543eab9b359421f0d67baaee43f2890b2562bf2bfa1dfeb5fa5f87b37,86784ee1d8bfdff132b7542730007dab8e150b5aa259cc07832574b6f164750c,e8a3e5ec47b45ce3e763ec8de3ae446d46eb3b48818891790a0f7ce3e4c2bd6b,baseline,True,True,True,0,1,1,0,new_official_evaluation,6496252,1,b1,708e51cfb0cd26948c714a40b947b8b82ea4521cf3345c62ab99fef43fed5192,993ce0c0c5f8eca6a1dfea5e96ad121b45b02ea56c0ff66bac9d821df0986d9d,1588859,6635520,9973760,2027520,4608000,0,0,,,,,,1584951,6635520,9973760,2027520,4608000,0,0,940,955,4392960,4597760,0.4886104783599089,1582851,5799936,9138176,1191936,4608000,0,0,,,,,,1580505,5799936,9138176,1191936,4608000,0,0,772,919,3606528,4548608,0.4422400803616273,1.0024656913683767,1.0014843357028291,1.002813024950886,1.0037956826005732,-1562,4.133744404003124,4.138195439480463,4.149434785712616,4.149836286503365,4.088627121726975,4.1041462525531465
case_021,5,d1b1b8a543eab9b359421f0d67baaee43f2890b2562bf2bfa1dfeb5fa5f87b37,3e9a04b5d345dbfd1b91e2afab02074bbff2b94469984ebd8a9e4bd72c76b833,17fc0fbfd3cfbf48deeb4aa4cc63c83d5f4d0735ce1130021a51f4bab89b20c0,baseline,True,True,True,0,1,1,0,new_official_evaluation,6496252,1,b1,708e51cfb0cd26948c714a40b947b8b82ea4521cf3345c62ab99fef43fed5192,993ce0c0c5f8eca6a1dfea5e96ad121b45b02ea56c0ff66bac9d821df0986d9d,1271102,6840320,10178560,2027520,4812800,0,0,,,,,,1271102,6840320,10178560,2027520,4812800,0,0,190,1805,829440,8366080,0.09020044543429843,1253945,4812800,8151040,0,4812800,0,0,,,,,,1253945,4812800,8151040,0,4812800,0,0,0,1500,0,7168000,0.0,1.0,1.0,1.0136824182878834,1.0136824182878834,0,5.167120341247201,5.159961199022581,5.237819043099976,5.230561946496856,5.110724395052482,5.180651463979681
case_022,1,b93af0605cda612b707a91a1e9fc76348b527284a03e779b65cbe55813e331e7,bdc9c153727b9f7ea40409a9ffa15959f9bc5fe680e565eb6da09692918d3411,bdc9c153727b9f7ea40409a9ffa15959f9bc5fe680e565eb6da09692918d3411,G1_baseline,False,True,True,0,1,0,0,G1_verified_reuse,55620,1,b2a_w8,718c641913d87b2a53abc91dc1ba7110380e801ceb6d721c33e798d43177bcbc,c3ebd728e643c2b5229535555c90d2ee36e1d07643c0abeb9acd33fb4ed4a234,56780,0,213686,0,0,0,0,,,,,,56780,0,213686,0,0,0,0,0,138,0,213540,0.0,56780,0,213686,0,0,0,0,,,,,,56780,0,213686,0,0,0,0,0,138,0,213540,0.0,1.0,1.0,1.0,1.0,0,1.0,1.0,1.0,1.0,0.9795702712222614,0.9795702712222614
case_022,2,b93af0605cda612b707a91a1e9fc76348b527284a03e779b65cbe55813e331e7,a67eaa0b1b0f41939aa67cd5821a444128f623f08262e46c659029849df7fb08,f616ccbabc9988307767c26d23a9c203f1852e827e15549aa6993874d81de3b7,baseline,True,True,True,0,1,1,0,new_official_evaluation,55620,1,b2a_w8,718c641913d87b2a53abc91dc1ba7110380e801ceb6d721c33e798d43177bcbc,c3ebd728e643c2b5229535555c90d2ee36e1d07643c0abeb9acd33fb4ed4a234,29058,693464,907150,8192,685272,296044,137,,,,,,28922,693464,907150,8192,685272,296044,137,39,278,93184,513680,0.1535500540483535,28864,685272,898958,0,685272,296044,137,,,,,,28854,685272,898958,0,685272,296044,137,39,275,93184,509584,0.1545934754333342,1.004702302745315,1.0003465723989742,1.0023566923130243,1.0067211751662972,-126,1.9540229885057472,1.9632113961690063,1.9671563192904655,1.9678380813751992,1.9141028288251083,1.9269678492239468
case_022,3,b93af0605cda612b707a91a1e9fc76348b527284a03e779b65cbe55813e331e7,1701b6521e7c2600f2fb303a6adf693af36e481524413c995f64e9fe4e1abbf1,decca148fec580f3b6e4a3ae9475a91b085d63555a7a97cb1e421d12bd7d249a,baseline,True,True,True,0,1,1,0,new_official_evaluation,55620,1,b2a_w8,718c641913d87b2a53abc91dc1ba7110380e801ceb6d721c33e798d43177bcbc,c3ebd728e643c2b5229535555c90d2ee36e1d07643c0abeb9acd33fb4ed4a234,22450,893256,1106942,0,893256,377124,234,,,,,,20431,893256,1106942,0,893256,377124,234,79,372,139008,590664,0.19050751570568694,22450,893256,1106942,0,893256,377124,234,,,,,,20431,893256,1106942,0,893256,377124,234,79,372,139008,590664,0.19050751570568694,1.098820419950076,1.098820419950076,1.0,1.0,0,2.529175946547884,2.779110175713377,2.529175946547884,2.779110175713377,2.4775055679287306,2.4775055679287306
case_022,4,b93af0605cda612b707a91a1e9fc76348b527284a03e779b65cbe55813e331e7,eb53adb601a80c0e97e694390d8894e08c790d7e745d19b315b5d55ffbebfa4d,eb53adb601a80c0e97e694390d8894e08c790d7e745d19b315b5d55ffbebfa4d,baseline,False,True,True,0,1,1,0,G1_verified_reuse,55620,1,b2a_w8,718c641913d87b2a53abc91dc1ba7110380e801ceb6d721c33e798d43177bcbc,c3ebd728e643c2b5229535555c90d2ee36e1d07643c0abeb9acd33fb4ed4a234,21896,931884,1145570,0,931884,391318,222,,,,,,19294,931884,1145570,0,931884,391318,222,75,360,149248,604858,0.19791382113389894,21896,931884,1145570,0,931884,391318,222,,,,,,19294,931884,1145570,0,931884,391318,222,75,360,149248,604858,0.19791382113389894,1.1348605784181611,1.1348605784181611,1.0,1.0,0,2.593167701863354,2.9428837980719393,2.593167701863354,2.9428837980719393,2.540189989039094,2.540189989039094
case_022,5,b93af0605cda612b707a91a1e9fc76348b527284a03e779b65cbe55813e331e7,a0c6cafcad10da8832b6aafdf709ae9eb1c62434a84304cb3f6db8e732d7d0a5,56bea7ecca5a4701b2b41106c19fc46dda60b5e86ade3a76784e271ece268f82,mapping_locality_one_move,True,True,True,0,1,1,0,new_official_evaluation,55620,1,b2a_w8,718c641913d87b2a53abc91dc1ba7110380e801ceb6d721c33e798d43177bcbc,c3ebd728e643c2b5229535555c90d2ee36e1d07643c0abeb9acd33fb4ed4a234,21407,989652,1203338,0,989652,408810,209,,,,,,18420,989652,1203338,0,989652,408810,209,87,347,172032,622350,0.2165607982053974,20553,928204,1141890,0,928204,384230,204,,,,,,17488,928204,1141890,0,928204,384230,204,82,342,159744,597770,0.210879270878162,1.1621606948968513,1.1752630375114363,1.0532936870997256,1.0415511117598404,78,2.6524034194422383,3.0825190010857764,2.7626137303556657,3.2467978042086,2.598215536973887,2.706174281126843
case_023,1,73e1a5d3abe5f7b36fb7a386d586e8ed492f7fae5e7a736c475b629ab6e12739,aa6e813822e96d6a1e60ea550fc498a806911951f3abc724b7d89438f2f8be11,aa6e813822e96d6a1e60ea550fc498a806911951f3abc724b7d89438f2f8be11,G1_baseline,False,True,True,0,1,0,0,G1_verified_reuse,107149,1,b2a_w4,b65b2df01b680ee12ee6eff8f33157d7757fdb81ec34d24a22ed036514d545b1,197aae00b590ae2269c6b8c628d359fc08da353e0b50fd0ff5ae40fc45648c66,122614,0,443444,0,0,0,0,,,,,,122614,0,443444,0,0,0,0,0,134,0,434122,0.0,122614,0,443444,0,0,0,0,,,,,,122614,0,443444,0,0,0,0,0,134,0,434122,0.0,1.0,1.0,1.0,1.0,0,1.0,1.0,1.0,1.0,0.8738724778573409,0.8738724778573409
case_023,2,73e1a5d3abe5f7b36fb7a386d586e8ed492f7fae5e7a736c475b629ab6e12739,accf6bad6eb903c3f64dba6c8ffd194be036bd5b7a5a10505f0bc36df006c32b,accf6bad6eb903c3f64dba6c8ffd194be036bd5b7a5a10505f0bc36df006c32b,baseline,False,True,True,0,1,1,0,G1_verified_reuse,107149,1,b2a_w4,b65b2df01b680ee12ee6eff8f33157d7757fdb81ec34d24a22ed036514d545b1,197aae00b590ae2269c6b8c628d359fc08da353e0b50fd0ff5ae40fc45648c66,57858,1109964,1553408,0,1109964,518886,169,,,,,,57858,1109964,1553408,0,1109964,518886,169,27,303,72192,953008,0.07041747951619197,57858,1109964,1553408,0,1109964,518886,169,,,,,,57858,1109964,1553408,0,1109964,518886,169,27,303,72192,953008,0.07041747951619197,1.0,1.0,1.0,1.0,0,2.1192229250924677,2.1192229250924677,2.1192229250924677,2.1192229250924677,1.8519305886826367,1.8519305886826367
case_023,3,73e1a5d3abe5f7b36fb7a386d586e8ed492f7fae5e7a736c475b629ab6e12739,df50fd0006d6efc582517bcf19729087281a58291c8b69eb9aa7fe6a3ad4885c,df50fd0006d6efc582517bcf19729087281a58291c8b69eb9aa7fe6a3ad4885c,baseline,False,True,True,0,1,1,0,G1_verified_reuse,107149,1,b2a_w4,b65b2df01b680ee12ee6eff8f33157d7757fdb81ec34d24a22ed036514d545b1,197aae00b590ae2269c6b8c628d359fc08da353e0b50fd0ff5ae40fc45648c66,38688,1128212,1571656,0,1128212,516106,164,,,,,,38615,1128212,1571656,0,1128212,516106,164,31,300,92928,953300,0.08882193938606116,38688,1128212,1571656,0,1128212,516106,164,,,,,,38615,1128212,1571656,0,1128212,516106,164,31,300,92928,953300,0.08882193938606116,1.0018904570762657,1.0018904570762657,1.0,1.0,0,3.1693031430934657,3.175294574647158,3.1693031430934657,3.175294574647158,2.7695667907361456,2.7695667907361456
case_023,4,73e1a5d3abe5f7b36fb7a386d586e8ed492f7fae5e7a736c475b629ab6e12739,26ce634626b0117ebdb18f7ca7259b3979ac2393eb30e76dadb26b2a4b7884ae,26ce634626b0117ebdb18f7ca7259b3979ac2393eb30e76dadb26b2a4b7884ae,baseline,False,True,True,0,1,1,0,G1_verified_reuse,107149,1,b2a_w4,b65b2df01b680ee12ee6eff8f33157d7757fdb81ec34d24a22ed036514d545b1,197aae00b590ae2269c6b8c628d359fc08da353e0b50fd0ff5ae40fc45648c66,32530,1233352,1676796,0,1233352,499812,178,,,,,,30295,1233352,1676796,0,1233352,499812,178,70,315,189696,977966,0.1624579715705401,32530,1233352,1676796,0,1233352,499812,178,,,,,,30295,1233352,1676796,0,1233352,499812,178,70,315,189696,977966,0.1624579715705401,1.0737745502558178,1.0737745502558178,1.0,1.0,0,3.7692591454042423,4.047334543654069,3.7692591454042423,4.047334543654069,3.2938518290808485,3.2938518290808485
case_023,5,73e1a5d3abe5f7b36fb7a386d586e8ed492f7fae5e7a736c475b629ab6e12739,20b01486fc5696826c92713a87c040f3c4d05ab389207a23429522978fcc7502,20b01486fc5696826c92713a87c040f3c4d05ab389207a23429522978fcc7502,baseline,False,True,True,0,1,1,0,G1_verified_reuse,107149,1,b2a_w4,b65b2df01b680ee12ee6eff8f33157d7757fdb81ec34d24a22ed036514d545b1,197aae00b590ae2269c6b8c628d359fc08da353e0b50fd0ff5ae40fc45648c66,32530,1233352,1676796,0,1233352,499812,178,,,,,,30295,1233352,1676796,0,1233352,499812,178,70,315,189696,977966,0.1624579715705401,32530,1233352,1676796,0,1233352,499812,178,,,,,,30295,1233352,1676796,0,1233352,499812,178,70,315,189696,977966,0.1624579715705401,1.0737745502558178,1.0737745502558178,1.0,1.0,0,3.7692591454042423,4.047334543654069,3.7692591454042423,4.047334543654069,3.2938518290808485,3.2938518290808485
case_024,1,f974fbf1a23b4a145b5f8c9c691eb1b247f93d8785d98bb46a9cdd8626399aec,3f6ba4b0f374750256c442f6bff12ee90e8c8c76c00655298e84b9a94fbfee98,3f6ba4b0f374750256c442f6bff12ee90e8c8c76c00655298e84b9a94fbfee98,G1_baseline,False,True,True,0,1,0,0,G1_verified_reuse,2555343,1,b0,a817ca51c0d1ea11677f21d3c8eb02c48a2028c8c1d8bda4441c59b65bcb8952,1971cfac3bbb9ad168d78f108608d1c8b54dec18b8c7d8ebd2111637c28dcaf3,2555343,0,393218,0,0,0,0,,,,,,2555343,0,393218,0,0,0,0,0,12,0,393216,0.0,2555343,0,393218,0,0,0,0,,,,,,2555343,0,393218,0,0,0,0,0,12,0,393216,0.0,1.0,1.0,1.0,1.0,0,1.0,1.0,1.0,1.0,1.0,1.0
case_024,2,f974fbf1a23b4a145b5f8c9c691eb1b247f93d8785d98bb46a9cdd8626399aec,7575ea468b2b1b95503e973398a82e06775b29fc6c7fe982dcb65169902b81f8,558341628aa90bbb9eb72e4039adb75ae4e54bef998674eb0812bcb49eece37f,baseline,False,True,True,0,1,0,0,G1_verified_reuse,2555343,1,b0,a817ca51c0d1ea11677f21d3c8eb02c48a2028c8c1d8bda4441c59b65bcb8952,1971cfac3bbb9ad168d78f108608d1c8b54dec18b8c7d8ebd2111637c28dcaf3,2555343,0,393218,0,0,0,0,,,,,,2555343,0,393218,0,0,0,0,0,12,0,393216,0.0,2555343,0,393218,0,0,0,0,,,,,,2555343,0,393218,0,0,0,0,0,12,0,393216,0.0,1.0,1.0,1.0,1.0,0,1.0,1.0,1.0,1.0,1.0,1.0
case_024,3,f974fbf1a23b4a145b5f8c9c691eb1b247f93d8785d98bb46a9cdd8626399aec,a4c60b29ca4fa882988fcd0c25a2ea4141ac5009962d58baf54bf79a190a46d6,024c8e47e483e0cc395783bebf87c75cd0b70aa0dcc5287c25170a3874f81899,baseline,False,True,True,0,1,0,0,G1_verified_reuse,2555343,1,b0,a817ca51c0d1ea11677f21d3c8eb02c48a2028c8c1d8bda4441c59b65bcb8952,1971cfac3bbb9ad168d78f108608d1c8b54dec18b8c7d8ebd2111637c28dcaf3,2555343,0,393218,0,0,0,0,,,,,,2555343,0,393218,0,0,0,0,0,12,0,393216,0.0,2555343,0,393218,0,0,0,0,,,,,,2555343,0,393218,0,0,0,0,0,12,0,393216,0.0,1.0,1.0,1.0,1.0,0,1.0,1.0,1.0,1.0,1.0,1.0
case_024,4,f974fbf1a23b4a145b5f8c9c691eb1b247f93d8785d98bb46a9cdd8626399aec,1516a8076ea383054198d2b974151207227c6716b693193b6b8cdfd9f40ff5e0,5a0f1ad9a595ac398089ee3093c6d92a3352914e5afc7ee4a1494b8a389a6dcf,baseline,False,True,True,0,1,0,0,G1_verified_reuse,2555343,1,b0,a817ca51c0d1ea11677f21d3c8eb02c48a2028c8c1d8bda4441c59b65bcb8952,1971cfac3bbb9ad168d78f108608d1c8b54dec18b8c7d8ebd2111637c28dcaf3,2555343,0,393218,0,0,0,0,,,,,,2555343,0,393218,0,0,0,0,0,12,0,393216,0.0,2555343,0,393218,0,0,0,0,,,,,,2555343,0,393218,0,0,0,0,0,12,0,393216,0.0,1.0,1.0,1.0,1.0,0,1.0,1.0,1.0,1.0,1.0,1.0
case_024,5,f974fbf1a23b4a145b5f8c9c691eb1b247f93d8785d98bb46a9cdd8626399aec,5a416d7a43b6f6e573ee8f48545355e85f6d14bf18e13f549525b06f90123ebc,989a5c821999b17cc1d9b89f6b3d2060708b523a2b79ac1456a6ef3c1068bad2,baseline,False,True,True,0,1,0,0,G1_verified_reuse,2555343,1,b0,a817ca51c0d1ea11677f21d3c8eb02c48a2028c8c1d8bda4441c59b65bcb8952,1971cfac3bbb9ad168d78f108608d1c8b54dec18b8c7d8ebd2111637c28dcaf3,2555343,0,393218,0,0,0,0,,,,,,2555343,0,393218,0,0,0,0,0,12,0,393216,0.0,2555343,0,393218,0,0,0,0,,,,,,2555343,0,393218,0,0,0,0,0,12,0,393216,0.0,1.0,1.0,1.0,1.0,0,1.0,1.0,1.0,1.0,1.0,1.0
case_025,1,f27ba0f332109eb62541879ddbc9c9d283531c191afdd7299a365134af3e0deb,866297d2cabe14158ebe6e57cc86e522d8f888041f24e5804988ac43e71152bd,866297d2cabe14158ebe6e57cc86e522d8f888041f24e5804988ac43e71152bd,G1_baseline,False,True,True,0,1,0,0,G1_verified_reuse,4863026,1,single,866297d2cabe14158ebe6e57cc86e522d8f888041f24e5804988ac43e71152bd,7ff80078dfebc59e49c37819f220873b652ec238e66b6b2e23bf7d083170264e,4863026,0,8217600,0,0,0,0,,,,,,4863026,0,8217600,0,0,0,0,0,2669,0,4122624,0.0,4863026,0,8217600,0,0,0,0,,,,,,4863026,0,8217600,0,0,0,0,0,2669,0,4122624,0.0,1.0,1.0,1.0,1.0,0,1.0,1.0,1.0,1.0,1.0,1.0
case_025,2,f27ba0f332109eb62541879ddbc9c9d283531c191afdd7299a365134af3e0deb,7b77196c53149c7d50ac2dfbed30f85b6dca4a66ea055e5834969aedd2b3e521,9dddc0ef39f3e3c03bcdd062ac7dbee762f0580242cb1b9d8b26fb70951fa295,mapping_locality_one_move,True,True,True,0,1,1,0,new_official_evaluation,4863026,1,single,866297d2cabe14158ebe6e57cc86e522d8f888041f24e5804988ac43e71152bd,7ff80078dfebc59e49c37819f220873b652ec238e66b6b2e23bf7d083170264e,2972392,18301440,26519040,11410944,6890496,2744832,894,,,,,,2972392,18301440,26519040,11410944,6890496,2744832,894,10,6912,15360,14582784,0.0010521885521885522,2841286,17568768,25786368,14452224,3116544,1236480,403,,,,,,2841286,17568768,25786368,14452224,3116544,1236480,403,1,6556,1536,13983744,0.00010982976386600769,1.0,1.0,1.0461431900906843,1.0461431900906843,0,1.636064825904524,1.636064825904524,1.7115580761669187,1.7115580761669187,1.636064825904524,1.7115580761669187
case_025,3,f27ba0f332109eb62541879ddbc9c9d283531c191afdd7299a365134af3e0deb,f2c16ec8dd40187f4ae4eac0d4e1b37f37258368e3054eca18e1c200911bf8d3,b1610cccd2b8592b4185518eedbcf710cb681c7ed99c863da91523dfb88cf6b6,mapping_locality_one_move,True,True,True,0,1,1,0,new_official_evaluation,4863026,1,single,866297d2cabe14158ebe6e57cc86e522d8f888041f24e5804988ac43e71152bd,7ff80078dfebc59e49c37819f220873b652ec238e66b6b2e23bf7d083170264e,2049989,18369024,26586624,10025472,8343552,3317760,1081,,,,,,2049989,18369024,26586624,10025472,8343552,3317760,1081,0,6938,0,14651904,0.0,2046946,18339840,26557440,9065472,9274368,3689472,1202,,,,,,2046946,18339840,26557440,9065472,9274368,3689472,1202,2,6917,3072,14619648,0.0002100840336134454,1.0,1.0,1.0014866049226505,1.0014866049226505,0,2.372220533866279,2.372220533866279,2.375747088589538,2.375747088589538,2.372220533866279,2.375747088589538
case_025,4,f27ba0f332109eb62541879ddbc9c9d283531c191afdd7299a365134af3e0deb,5b055a2b43cfc60c1538eefbdd859aa3b9b75b7fd9501cf3937014bb68cc0e16,8cdf6d0a8f3554437bcf70efc975a61e481d9aeb9a99c22f389cc03b19980360,mapping_locality_one_move,True,True,True,0,1,1,0,new_official_evaluation,4863026,1,single,866297d2cabe14158ebe6e57cc86e522d8f888041f24e5804988ac43e71152bd,7ff80078dfebc59e49c37819f220873b652ec238e66b6b2e23bf7d083170264e,1560638,18659328,26876928,2912256,15747072,6266880,2042,,,,,,1560638,18659328,26876928,2912256,15747072,6266880,2042,53,7179,112128,14946816,0.0074459404324765405,1560638,18037248,26254848,4165632,13871616,5517312,1798,,,,,,1560638,18037248,26254848,4165632,13871616,5517312,1798,8,6939,43008,14516736,0.0029538980905158773,1.0,1.0,1.0,1.0,0,3.116049974433533,3.116049974433533,3.116049974433533,3.116049974433533,3.116049974433533,3.116049974433533
case_025,5,f27ba0f332109eb62541879ddbc9c9d283531c191afdd7299a365134af3e0deb,02bda3afc8ca92da3acec269f780bf26666cb510dc11ca40237abfafe72901b1,02bda3afc8ca92da3acec269f780bf26666cb510dc11ca40237abfafe72901b1,baseline,False,True,True,0,1,1,0,G1_verified_reuse,4863026,1,single,866297d2cabe14158ebe6e57cc86e522d8f888041f24e5804988ac43e71152bd,7ff80078dfebc59e49c37819f220873b652ec238e66b6b2e23bf7d083170264e,975534,264192,8481792,0,264192,67584,22,,,,,,975534,264192,8481792,0,264192,67584,22,5,2710,7680,4311552,0.0017780938833570413,975534,264192,8481792,0,264192,67584,22,,,,,,975534,264192,8481792,0,264192,67584,22,5,2710,7680,4311552,0.0017780938833570413,1.0,1.0,1.0,1.0,0,4.984988734375224,4.984988734375224,4.984988734375224,4.984988734375224,4.984988734375224,4.984988734375224
case_026,1,0ed6209c59170dc0da94703702b17402cee14c1a61624e666ed8938637b6765b,72df6606789136b3baf9eec24a43a369cf39c1f1f97d61801ffdf8d829ab4062,72df6606789136b3baf9eec24a43a369cf39c1f1f97d61801ffdf8d829ab4062,G1_baseline,False,True,True,0,1,0,0,G1_verified_reuse,96397,1,b1,2d9e3b34349a8fe71f0dabbe60aa3c264fd8f6f443d9e84ba4ddf5d0bda9dc17,441c8957deaf444b9add9c16a899d6e2db83d5a7243bbe7ea7800168cc8c678c,99203,0,528854,0,0,0,0,,,,,,99203,0,528854,0,0,0,0,0,102,0,488886,0.0,99203,0,528854,0,0,0,0,,,,,,99203,0,528854,0,0,0,0,0,102,0,488886,0.0,1.0,1.0,1.0,1.0,0,1.0,1.0,1.0,1.0,0.9717145650837172,0.9717145650837172
case_026,2,0ed6209c59170dc0da94703702b17402cee14c1a61624e666ed8938637b6765b,5c68e0680b202cd26c31715c68276cf458c40b811950d0e568e12ac7876c3bfe,ab0eed0f98586af328a3b310d4c1c3a9b52431627214a6a2562e10b87f6721ec,mapping_locality_one_move,True,True,True,0,1,1,0,new_official_evaluation,96397,1,b1,2d9e3b34349a8fe71f0dabbe60aa3c264fd8f6f443d9e84ba4ddf5d0bda9dc17,441c8957deaf444b9add9c16a899d6e2db83d5a7243bbe7ea7800168cc8c678c,64737,1162372,1691226,218624,943748,317186,59,,,,,,64737,1162372,1691226,218624,943748,317186,59,39,170,358528,890808,0.2869748410355581,63867,1124744,1653598,448000,676744,211076,44,,,,,,63633,1124744,1653598,448000,676744,211076,44,36,165,336512,883002,0.27593943160964124,1.0,1.0036773372306822,1.0173494884729621,1.0136220583399878,234,1.532400327478876,1.532400327478876,1.5532747741400097,1.5589866892964341,1.489055717750282,1.5093397216089686
case_026,3,0ed6209c59170dc0da94703702b17402cee14c1a61624e666ed8938637b6765b,2d3b3a1f542d5c293babf86ed05d6f9176d2d110c177025abb0ae34b515aa8b6,da7541e21e2c56f31545eb081c192b01fac0efbb7d790fd093eb6a02a5209618,mapping_locality_one_move,True,True,True,0,1,1,0,new_official_evaluation,96397,1,b1,2d9e3b34349a8fe71f0dabbe60aa3c264fd8f6f443d9e84ba4ddf5d0bda9dc17,441c8957deaf444b9add9c16a899d6e2db83d5a7243bbe7ea7800168cc8c678c,54100,1137420,1666274,98304,1039116,360198,79,,,,,,52720,1137420,1666274,98304,1039116,360198,79,39,186,292096,924860,0.24002182494683455,53226,1301260,1830114,172032,1129228,409350,84,,,,,,52354,1301260,1830114,172032,1129228,409350,84,43,193,318720,980156,0.24538139129524297,1.0261760242792108,1.0166558429155366,1.006990869847576,1.0164205463495284,-508,1.8336968576709796,1.881695751138088,1.8638071619133507,1.8948504412270313,1.7818299445471348,1.811088565738549
case_026,4,0ed6209c59170dc0da94703702b17402cee14c1a61624e666ed8938637b6765b,724c0e32e011a58ac8edad9aa9b61e7aff589e387d05dd67bc8edb543dae0dad,3522a2553ebf92e43b7082c124dbe30ff08eded1328c145798007f19b60a9b3c,mapping_locality_one_move,True,True,True,0,1,1,0,new_official_evaluation,96397,1,b1,2d9e3b34349a8fe71f0dabbe60aa3c264fd8f6f443d9e84ba4ddf5d0bda9dc17,441c8957deaf444b9add9c16a899d6e2db83d5a7243bbe7ea7800168cc8c678c,54100,1137420,1666274,98304,1039116,360198,79,,,,,,52720,1137420,1666274,98304,1039116,360198,79,39,186,292096,924860,0.24002182494683455,53226,1301260,1830114,172032,1129228,409350,84,,,,,,52354,1301260,1830114,172032,1129228,409350,84,43,193,318720,980156,0.24538139129524297,1.0261760242792108,1.0166558429155366,1.006990869847576,1.0164205463495284,-508,1.8336968576709796,1.881695751138088,1.8638071619133507,1.8948504412270313,1.7818299445471348,1.811088565738549
case_026,5,0ed6209c59170dc0da94703702b17402cee14c1a61624e666ed8938637b6765b,f3f8f720c635b421d1578d3a48a180a1a7cec8298793f305eaa97041929d05f0,a48b5355a9755797827e8ceb4f3d2a54c7964c3be232d5fe6066b4bae608c939,mapping_locality_one_move,True,True,True,0,1,1,0,new_official_evaluation,96397,1,b1,2d9e3b34349a8fe71f0dabbe60aa3c264fd8f6f443d9e84ba4ddf5d0bda9dc17,441c8957deaf444b9add9c16a899d6e2db83d5a7243bbe7ea7800168cc8c678c,54100,1137420,1666274,98304,1039116,360198,79,,,,,,52720,1137420,1666274,98304,1039116,360198,79,39,186,292096,924860,0.24002182494683455,53226,1301260,1830114,172032,1129228,409350,84,,,,,,52354,1301260,1830114,172032,1129228,409350,84,43,193,318720,980156,0.24538139129524297,1.0261760242792108,1.0166558429155366,1.006990869847576,1.0164205463495284,-508,1.8336968576709796,1.881695751138088,1.8638071619133507,1.8948504412270313,1.7818299445471348,1.811088565738549
case_027,1,74ff3486f7a3fd5561250ac336ed57e02a998f4f34d3be742e9f3dceb98d402b,795174b3004f23842aeac7961da65580892080295f6415d4f180741be99b0bec,795174b3004f23842aeac7961da65580892080295f6415d4f180741be99b0bec,G1_baseline,False,True,True,0,1,0,0,G1_verified_reuse,2230721,1,b1,1f1c999fc8528f185c9e829c325f4f9b53925db900b458f1d26155022f654894,7f636b85b7caf1039ebe9c5123e5196c554f3991e78569fdcd52a956380f3669,2363952,1400832,3440640,1400832,0,0,0,,,,,,2359515,1400832,3440640,1400832,0,0,0,213,489,872448,2371584,0.2689393939393939,2363952,1400832,3440640,1400832,0,0,0,,,,,,2359515,1400832,3440640,1400832,0,0,0,213,489,872448,2371584,0.2689393939393939,1.0018804711985303,1.0018804711985303,1.0,1.0,0,1.0,1.0,1.0,1.0,0.943640564613833,0.943640564613833
case_027,2,74ff3486f7a3fd5561250ac336ed57e02a998f4f34d3be742e9f3dceb98d402b,c0791d300d0dcb880ea17e8b967a295ea730add0bc932972221985d6bbb687a6,2a7c211bec2e431a99c3126b33e2fb0aaddc8785fa2d28f0a29e3cb5c15fd48b,baseline,False,True,True,0,1,1,0,G1_verified_reuse,2230721,1,b1,1f1c999fc8528f185c9e829c325f4f9b53925db900b458f1d26155022f654894,7f636b85b7caf1039ebe9c5123e5196c554f3991e78569fdcd52a956380f3669,1120962,1744896,3784704,638976,1105920,0,0,,,,,,1120962,1744896,3784704,638976,1105920,0,0,78,618,319488,3268608,0.08904109589041095,1120962,1744896,3784704,638976,1105920,0,0,,,,,,1120962,1744896,3784704,638976,1105920,0,0,78,618,319488,3268608,0.08904109589041095,1.0,1.0,1.0,1.0,0,2.10886006840553,2.1049018610800365,2.10886006840553,2.1049018610800365,1.9900059056417612,1.9900059056417612
case_027,3,74ff3486f7a3fd5561250ac336ed57e02a998f4f34d3be742e9f3dceb98d402b,1dbef9609aa80ac72108e3a5bbf73bda929669ce8aa965b62a469424d7afc7fe,a67a74a987fcb28bb43d02d7471b22fbddeac3f5376b19b81f0dd3db52239517,baseline,False,True,True,0,1,1,0,G1_verified_reuse,2230721,1,b1,1f1c999fc8528f185c9e829c325f4f9b53925db900b458f1d26155022f654894,7f636b85b7caf1039ebe9c5123e5196c554f3991e78569fdcd52a956380f3669,744579,3883008,5922816,0,3883008,98304,8,,,,,,744579,3883008,5922816,0,3883008,98304,8,433,655,2115584,3512320,0.37590975254730713,744579,3883008,5922816,0,3883008,98304,8,,,,,,744579,3883008,5922816,0,3883008,98304,8,433,655,2115584,3512320,0.37590975254730713,1.0,1.0,1.0,1.0,0,3.174884062000137,3.1689249898264658,3.174884062000137,3.1689249898264658,2.995949388849269,2.995949388849269
case_027,4,74ff3486f7a3fd5561250ac336ed57e02a998f4f34d3be742e9f3dceb98d402b,8c404abe83e94c1b7508f9d1b384d41ff5790821af6858e42abeb6908c104db5,110445d632859f7e934963a094b70f825944f824a010c6f1015051af8477973d,baseline,False,True,True,0,1,1,0,G1_verified_reuse,2230721,1,b1,1f1c999fc8528f185c9e829c325f4f9b53925db900b458f1d26155022f654894,7f636b85b7caf1039ebe9c5123e5196c554f3991e78569fdcd52a956380f3669,559196,3317760,5357568,0,3317760,0,0,,,,,,559196,3317760,5357568,0,3317760,0,0,0,900,0,5160960,0.0,559196,3317760,5357568,0,3317760,0,0,,,,,,559196,3317760,5357568,0,3317760,0,0,0,900,0,5160960,0.0,1.0,1.0,1.0,1.0,0,4.227412213249022,4.21947760713596,4.227412213249022,4.21947760713596,3.9891576477657207,3.9891576477657207
case_027,5,74ff3486f7a3fd5561250ac336ed57e02a998f4f34d3be742e9f3dceb98d402b,d35f3c868d43055cb1cdbfb885acd44622935ad4bd248a12efd53de24efcaafa,94e113c108338540ce9d3913ca078d194ae680fd7d2d90c299a342a3b42e3c0b,baseline,False,True,True,0,1,1,0,G1_verified_reuse,2230721,1,b1,1f1c999fc8528f185c9e829c325f4f9b53925db900b458f1d26155022f654894,7f636b85b7caf1039ebe9c5123e5196c554f3991e78569fdcd52a956380f3669,559196,3317760,5357568,0,3317760,0,0,,,,,,559196,3317760,5357568,0,3317760,0,0,0,900,0,5160960,0.0,559196,3317760,5357568,0,3317760,0,0,,,,,,559196,3317760,5357568,0,3317760,0,0,0,900,0,5160960,0.0,1.0,1.0,1.0,1.0,0,4.227412213249022,4.21947760713596,4.227412213249022,4.21947760713596,3.9891576477657207,3.9891576477657207
case_028,1,89fe60e6529c5c02cf6ffd700254e003b1f51ceafc252140ef64add47ad2e212,d987ac1dfa4f0a2dfb2368b3f01660689355e74c99c9b7c2c84696b3fdadeb73,d987ac1dfa4f0a2dfb2368b3f01660689355e74c99c9b7c2c84696b3fdadeb73,G1_baseline,False,True,True,0,1,0,0,G1_verified_reuse,40810944,1,b2a_w16,110fece6601de3dedae65617ed1ddb293986c4c1ef3c6cf9d3c36e6acdcf78b5,205f444485bf7aa1dbea4728ae4892f60ec02ca58cadf74bf4fa32e010c1064c,43836040,277412256,283320864,277412256,0,0,0,,,,,,43836040,277412256,283320864,277412256,0,0,0,0,8497,0,278067744,0.0,43836040,277412256,283320864,277412256,0,0,0,,,,,,43836040,277412256,283320864,277412256,0,0,0,0,8497,0,278067744,0.0,1.0,1.0,1.0,1.0,0,1.0,1.0,1.0,1.0,0.9309906643027062,0.9309906643027062
case_028,2,89fe60e6529c5c02cf6ffd700254e003b1f51ceafc252140ef64add47ad2e212,24df3cf9e16cc4738e8ee3d80eb83d9189e33f3ddba1633d10a78ed417537f92,24df3cf9e16cc4738e8ee3d80eb83d9189e33f3ddba1633d10a78ed417537f92,baseline,False,True,True,0,1,0,0,G1_verified_reuse,40810944,1,b2a_w16,110fece6601de3dedae65617ed1ddb293986c4c1ef3c6cf9d3c36e6acdcf78b5,205f444485bf7aa1dbea4728ae4892f60ec02ca58cadf74bf4fa32e010c1064c,20313124,33610752,39519360,12192768,21417984,9639936,1491,,,,,,20306800,33610752,39519360,12192768,21417984,9639936,1491,50,3129,2136168,19766808,0.0975286645979067,20313124,33610752,39519360,12192768,21417984,9639936,1491,,,,,,20306800,33610752,39519360,12192768,21417984,9639936,1491,50,3129,2136168,19766808,0.0975286645979067,1.000311422774637,1.000311422774637,1.0,1.0,0,2.1580156749892336,2.158687730218449,2.1580156749892336,2.158687730218449,2.0090924468338796,2.0090924468338796
case_028,3,89fe60e6529c5c02cf6ffd700254e003b1f51ceafc252140ef64add47ad2e212,6b30d2959d500b3f648f1d63e0ac8bd3c7913a734bcba5948bbdb0d327bb4c64,98e666dcd6c50825948fd5a426dcd743dba609f3e1a82d29f9cbf31ea7f842e2,baseline,True,True,True,0,1,1,0,new_official_evaluation,40810944,1,b2a_w16,110fece6601de3dedae65617ed1ddb293986c4c1ef3c6cf9d3c36e6acdcf78b5,205f444485bf7aa1dbea4728ae4892f60ec02ca58cadf74bf4fa32e010c1064c,13692563,25918464,31827072,17379840,8538624,2131200,943,,,,,,13692576,25918464,31827072,17379840,8538624,2131200,943,149,2441,4304112,14821776,0.22504115887325074,13658985,23857968,29766576,15319344,8538624,2131200,943,,,,,,13658998,23857968,29766576,15319344,8538624,2131200,943,153,2398,4322256,13775328,0.23883055329374353,0.9999990505804021,0.999999048246438,1.0024583062388617,1.0024583085785657,0,3.201448844894853,3.201445805376578,3.209318994054097,3.2093159395733126,2.9805189868397903,2.9878460222337164
case_028,4,89fe60e6529c5c02cf6ffd700254e003b1f51ceafc252140ef64add47ad2e212,679074308e524377d1b6b3123fca2ac5eb4b6507851225e0b0b383a7436ea6c9,0ef4685fe45c71b19841c81b2718e9664240a99e2e2186d8a49d5986f2054350,baseline,True,True,True,0,1,1,0,new_official_evaluation,40810944,1,b2a_w16,110fece6601de3dedae65617ed1ddb293986c4c1ef3c6cf9d3c36e6acdcf78b5,205f444485bf7aa1dbea4728ae4892f60ec02ca58cadf74bf4fa32e010c1064c,10209084,33845760,39754368,6237696,27608064,10596864,2102,,,,,,10204835,33845760,39754368,6237696,27608064,10596864,2102,142,2928,6396840,17761752,0.2647852987458872,10209084,31969512,37878120,4361448,27608064,10596864,2102,,,,,,10204835,31969512,37878120,4361448,27608064,10596864,2102,142,2924,6396840,16825536,0.2754601854693938,1.00041637125931,1.00041637125931,1.0,1.0,0,4.293826948627321,4.295614774761179,4.293826948627321,4.295614774761179,3.997512803303411,3.997512803303411
case_028,5,89fe60e6529c5c02cf6ffd700254e003b1f51ceafc252140ef64add47ad2e212,31af9b336c06b46042f99e93ef0a54471a6646bb450f1b26ca7ae628f90ae3df,31af9b336c06b46042f99e93ef0a54471a6646bb450f1b26ca7ae628f90ae3df,baseline,False,True,True,0,1,1,0,G1_verified_reuse,40810944,1,b2a_w16,110fece6601de3dedae65617ed1ddb293986c4c1ef3c6cf9d3c36e6acdcf78b5,205f444485bf7aa1dbea4728ae4892f60ec02ca58cadf74bf4fa32e010c1064c,8157094,41620992,47529600,2463744,39157248,15302400,2842,,,,,,8154941,41620992,47529600,2463744,39157248,15302400,2842,292,3250,8620032,20495232,0.2960657337676897,8157094,41620992,47529600,2463744,39157248,15302400,2842,,,,,,8154941,41620992,47529600,2463744,39157248,15302400,2842,292,3250,8620032,20495232,0.2960657337676897,1.0002640117200112,1.0002640117200112,1.0,1.0,0,5.373977546415427,5.375396339470758,5.373977546415427,5.375396339470758,5.003122925885125,5.003122925885125
case_029,1,997bcbaa3acdff628346af91df1c6ce0127372b10c71890967ec9dd685b7187b,1eea4b77c66f467cece1e811b06292dc0f6cb97aa26070c30fb25bafdc46c74e,1eea4b77c66f467cece1e811b06292dc0f6cb97aa26070c30fb25bafdc46c74e,G1_baseline,False,True,True,0,1,0,0,G1_verified_reuse,37555,1,b0,0410b7fceae388aceda12c617e117809e0e80f868b1942ac93908cdd2e36e2ed,7dfb6febffdf01808857769936f4d0e7730524d124f5d3c19fa7249417bc1c19,37555,0,430164,0,0,0,0,,,,,,37555,0,430164,0,0,0,0,0,168,0,258132,0.0,37555,0,430164,0,0,0,0,,,,,,37555,0,430164,0,0,0,0,0,168,0,258132,0.0,1.0,1.0,1.0,1.0,0,1.0,1.0,1.0,1.0,1.0,1.0
case_029,2,997bcbaa3acdff628346af91df1c6ce0127372b10c71890967ec9dd685b7187b,0c985da2a1bf5d31325835a1f6f8809442f43a15fe7101a9a6617a84ea2b953e,0c985da2a1bf5d31325835a1f6f8809442f43a15fe7101a9a6617a84ea2b953e,baseline,False,True,True,0,1,1,0,G1_verified_reuse,37555,1,b0,0410b7fceae388aceda12c617e117809e0e80f868b1942ac93908cdd2e36e2ed,7dfb6febffdf01808857769936f4d0e7730524d124f5d3c19fa7249417bc1c19,20818,778492,1208656,0,778492,344190,231,,,,,,20656,778492,1208656,0,778492,344190,231,44,399,90112,602322,0.1301380348163146,20818,778492,1208656,0,778492,344190,231,,,,,,20656,778492,1208656,0,778492,344190,231,44,399,90112,602322,0.1301380348163146,1.007842757552285,1.007842757552285,1.0,1.0,0,1.8039677202420983,1.8181158017041052,1.8039677202420983,1.8181158017041052,1.8039677202420983,1.8039677202420983
case_029,3,997bcbaa3acdff628346af91df1c6ce0127372b10c71890967ec9dd685b7187b,0343865167e31cc6c662040aa894a01dbb9d9c255e8cce94357f5520f6aac5bd,0343865167e31cc6c662040aa894a01dbb9d9c255e8cce94357f5520f6aac5bd,baseline,False,True,True,0,1,0,0,G1_verified_reuse,37555,1,b0,0410b7fceae388aceda12c617e117809e0e80f868b1942ac93908cdd2e36e2ed,7dfb6febffdf01808857769936f4d0e7730524d124f5d3c19fa7249417bc1c19,12743,0,430164,0,0,0,0,,,,,,12743,0,430164,0,0,0,0,0,168,0,258132,0.0,12743,0,430164,0,0,0,0,,,,,,12743,0,430164,0,0,0,0,0,168,0,258132,0.0,1.0,1.0,1.0,1.0,0,2.9471082162756024,2.9471082162756024,2.9471082162756024,2.9471082162756024,2.9471082162756024,2.9471082162756024
case_029,4,997bcbaa3acdff628346af91df1c6ce0127372b10c71890967ec9dd685b7187b,0de7c170e3b1b8152799df7146b238a0128453f8713b2c83fd85efcfdde1fc28,0de7c170e3b1b8152799df7146b238a0128453f8713b2c83fd85efcfdde1fc28,baseline,False,True,True,0,1,1,0,G1_verified_reuse,37555,1,b0,0410b7fceae388aceda12c617e117809e0e80f868b1942ac93908cdd2e36e2ed,7dfb6febffdf01808857769936f4d0e7730524d124f5d3c19fa7249417bc1c19,12683,292992,723156,0,292992,75824,61,,,,,,12006,292992,723156,0,292992,75824,61,78,236,127008,348292,0.2672164948453608,12683,292992,723156,0,292992,75824,61,,,,,,12006,292992,723156,0,292992,75824,61,78,236,127008,348292,0.2672164948453608,1.0563884724304515,1.0563884724304515,1.0,1.0,0,2.961050224710242,3.1280193236714977,2.961050224710242,3.1280193236714977,2.961050224710242,2.961050224710242
case_029,5,997bcbaa3acdff628346af91df1c6ce0127372b10c71890967ec9dd685b7187b,ab2ef5bb365b45b4a634a4b723014f24500c1c5f4f7186c3922335dc67b6f512,ab2ef5bb365b45b4a634a4b723014f24500c1c5f4f7186c3922335dc67b6f512,baseline,False,True,True,0,1,1,0,G1_verified_reuse,37555,1,b0,0410b7fceae388aceda12c617e117809e0e80f868b1942ac93908cdd2e36e2ed,7dfb6febffdf01808857769936f4d0e7730524d124f5d3c19fa7249417bc1c19,12683,292992,723156,0,292992,75824,61,,,,,,12006,292992,723156,0,292992,75824,61,78,236,127008,348292,0.2672164948453608,12683,292992,723156,0,292992,75824,61,,,,,,12006,292992,723156,0,292992,75824,61,78,236,127008,348292,0.2672164948453608,1.0563884724304515,1.0563884724304515,1.0,1.0,0,2.961050224710242,3.1280193236714977,2.961050224710242,3.1280193236714977,2.961050224710242,2.961050224710242
case_030,1,ad80a952c48ff4d7c339349167fa9054e515009787692608863240a3546c0f90,bed511cb0f432bf02c1b67f94a49cfadb6964d628e4100e6b9c991961e17474e,bed511cb0f432bf02c1b67f94a49cfadb6964d628e4100e6b9c991961e17474e,G1_baseline,False,True,True,0,1,0,0,G1_verified_reuse,2808034,1,single,bed511cb0f432bf02c1b67f94a49cfadb6964d628e4100e6b9c991961e17474e,3baee9ad0fbbf0d3d40c7f58e5350aa8ad032fde9f0853883182de3484581ac1,2808034,5519360,7913420,5519360,0,0,0,,,,,,2807891,5519360,7913420,5519360,0,0,0,699,1750,2056192,5856256,0.259867995341012,2808034,5519360,7913420,5519360,0,0,0,,,,,,2807891,5519360,7913420,5519360,0,0,0,699,1750,2056192,5856256,0.259867995341012,1.0000509279028282,1.0000509279028282,1.0,1.0,0,1.0,1.0,1.0,1.0,1.0,1.0
case_030,2,ad80a952c48ff4d7c339349167fa9054e515009787692608863240a3546c0f90,50aa7e9cac0231481ad2ec8f8cc258a30fb0f03cb042cd84c9101de2ef8953a9,50aa7e9cac0231481ad2ec8f8cc258a30fb0f03cb042cd84c9101de2ef8953a9,baseline,False,True,True,0,1,0,0,G1_verified_reuse,2808034,1,single,bed511cb0f432bf02c1b67f94a49cfadb6964d628e4100e6b9c991961e17474e,3baee9ad0fbbf0d3d40c7f58e5350aa8ad032fde9f0853883182de3484581ac1,2079367,62935040,65329100,27154432,35780608,17890304,3696,,,,,,2079367,62935040,65329100,27154432,35780608,17890304,3696,4,7266,16384,33868800,0.00048351515517814514,2079367,62935040,65329100,27154432,35780608,17890304,3696,,,,,,2079367,62935040,65329100,27154432,35780608,17890304,3696,4,7266,16384,33868800,0.00048351515517814514,1.0,1.0,1.0,1.0,0,1.3504273175442334,1.3503585466153882,1.3504273175442334,1.3503585466153882,1.3504273175442334,1.3504273175442334
case_030,3,ad80a952c48ff4d7c339349167fa9054e515009787692608863240a3546c0f90,dd42a04027b7e4f5beadfe01101889a2fa4b5a861a770d5c8a150f053df04449,dd42a04027b7e4f5beadfe01101889a2fa4b5a861a770d5c8a150f053df04449,baseline,False,True,True,0,1,0,0,G1_verified_reuse,2808034,1,single,bed511cb0f432bf02c1b67f94a49cfadb6964d628e4100e6b9c991961e17474e,3baee9ad0fbbf0d3d40c7f58e5350aa8ad032fde9f0853883182de3484581ac1,1580290,60070912,62464972,12669952,47400960,23700480,4898,,,,,,1580290,60070912,62464972,12669952,47400960,23700480,4898,0,6950,0,32428544,0.0,1580290,60070912,62464972,12669952,47400960,23700480,4898,,,,,,1580290,60070912,62464972,12669952,47400960,23700480,4898,0,6950,0,32428544,0.0,1.0,1.0,1.0,1.0,0,1.7769105670478202,1.776820077327579,1.7769105670478202,1.776820077327579,1.7769105670478202,1.7769105670478202
case_030,4,ad80a952c48ff4d7c339349167fa9054e515009787692608863240a3546c0f90,0e24d11f327fc614a81b35fcd074f1de10375d42ce430a49d9b2d9707c030f61,0e24d11f327fc614a81b35fcd074f1de10375d42ce430a49d9b2d9707c030f61,baseline,False,True,True,0,1,1,0,G1_verified_reuse,2808034,1,single,bed511cb0f432bf02c1b67f94a49cfadb6964d628e4100e6b9c991961e17474e,3baee9ad0fbbf0d3d40c7f58e5350aa8ad032fde9f0853883182de3484581ac1,1344466,59923456,62317516,11955200,47968256,23979520,4986,,,,,,1344466,59923456,62317516,11955200,47968256,23979520,4986,2,6959,9216,32350208,0.000284801113888801,1344466,59923456,62317516,11955200,47968256,23979520,4986,,,,,,1344466,59923456,62317516,11955200,47968256,23979520,4986,2,6959,9216,32350208,0.000284801113888801,1.0,1.0,1.0,1.0,0,2.088586844144813,2.088480482213756,2.088586844144813,2.088480482213756,2.088586844144813,2.088586844144813
case_030,5,ad80a952c48ff4d7c339349167fa9054e515009787692608863240a3546c0f90,e2f33a69fbca2a7d3a55e45901a3dfaab0fbaa6b974311c13e0754a5ff093570,e2f33a69fbca2a7d3a55e45901a3dfaab0fbaa6b974311c13e0754a5ff093570,baseline,False,True,True,0,1,1,0,G1_verified_reuse,2808034,1,single,bed511cb0f432bf02c1b67f94a49cfadb6964d628e4100e6b9c991961e17474e,3baee9ad0fbbf0d3d40c7f58e5350aa8ad032fde9f0853883182de3484581ac1,1344466,59923456,62317516,11955200,47968256,23979520,4986,,,,,,1344466,59923456,62317516,11955200,47968256,23979520,4986,2,6959,9216,32350208,0.000284801113888801,1344466,59923456,62317516,11955200,47968256,23979520,4986,,,,,,1344466,59923456,62317516,11955200,47968256,23979520,4986,2,6959,9216,32350208,0.000284801113888801,1.0,1.0,1.0,1.0,0,2.088586844144813,2.088480482213756,2.088586844144813,2.088480482213756,2.088586844144813,2.088586844144813
case_031,1,a8d03d16b7eff2c3c84186b32994279143fd1628937e4e9bdf753f869a333f82,126e96eff01b3c1db5de662ecd8bd02dcd72d548ac3255120608e40d19b693e1,126e96eff01b3c1db5de662ecd8bd02dcd72d548ac3255120608e40d19b693e1,G1_baseline,False,True,True,0,1,0,0,G1_verified_reuse,1408868,1,b1,6ce50a77db0b9b1b132ee65ae8e6ba7be7dcd8a2f1f543ec8a82832e427da1aa,8116adf921aea726cd880ed612222c9f4359828a346e213ab23585ab48fac965,1414369,3491328,5676368,3491328,0,0,0,,,,,,1414159,3491328,5676368,3491328,0,0,0,343,1003,1479168,4196980,0.26059362793218216,1414369,3491328,5676368,3491328,0,0,0,,,,,,1414159,3491328,5676368,3491328,0,0,0,343,1003,1479168,4196980,0.26059362793218216,1.0001484981533193,1.0001484981533193,1.0,1.0,0,1.0,1.0,1.0,1.0,0.9961106330809004,0.9961106330809004
case_031,2,a8d03d16b7eff2c3c84186b32994279143fd1628937e4e9bdf753f869a333f82,e07fcfcaf2c00390f12472d9fa2fba88c0da9579249f8dd747b39400996fc4cd,3ef3a5fac3315a9c58e60f826f3e54883ce95ea779cf7611e6c750e91ee45062,baseline,False,True,True,0,1,1,0,G1_verified_reuse,1408868,1,b1,6ce50a77db0b9b1b132ee65ae8e6ba7be7dcd8a2f1f543ec8a82832e427da1aa,8116adf921aea726cd880ed612222c9f4359828a346e213ab23585ab48fac965,857984,15429704,17614744,6500224,8929480,4422754,1118,,,,,,857784,15429704,17614744,6500224,8929480,4422754,1118,15,2496,33284,9920662,0.0033437995343756134,857984,15429704,17614744,6500224,8929480,4422754,1118,,,,,,857784,15429704,17614744,6500224,8929480,4422754,1118,15,2496,33284,9920662,0.0033437995343756134,1.0002331589304534,1.0002331589304534,1.0,1.0,0,1.648479458824407,1.6486189996549248,1.648479458824407,1.6486189996549248,1.64206791735044,1.64206791735044
case_031,3,a8d03d16b7eff2c3c84186b32994279143fd1628937e4e9bdf753f869a333f82,6ed7f892826157dde6cf5eff906652409752af16d43f537e93f3ed8056bb3564,3bbc0f04d5623e1177a0b626e75e7fa82bf7a26e875f2a463494618827249d53,mapping_locality_one_move,True,True,True,0,1,1,0,new_official_evaluation,1408868,1,b1,6ce50a77db0b9b1b132ee65ae8e6ba7be7dcd8a2f1f543ec8a82832e427da1aa,8116adf921aea726cd880ed612222c9f4359828a346e213ab23585ab48fac965,657311,14732488,16917528,2844352,11888136,5876226,1483,,,,,,657311,14732488,16917528,2844352,11888136,5876226,1483,15,2428,50948,9575510,0.00529249699110514,655996,14650696,16835736,2840256,11810440,5841474,1484,,,,,,655951,14650696,16835736,2840256,11810440,5841474,1484,16,2428,50948,9530518,0.005317349140517746,1.0,1.0000686026852617,1.0020733255990157,1.0020045853938133,45,2.151750084815255,2.1514306013439604,2.1560634516064123,2.155891217484233,2.1433811392172046,2.1476777297422545
case_031,4,a8d03d16b7eff2c3c84186b32994279143fd1628937e4e9bdf753f869a333f82,6b39001998e8b94fcfd10b530dbb07a5cbe0b19d154da95d427b7813015e90df,f8c4b0649067346e95f6f29497ea1e5c82cb1357cf17ebac7165e015ee0f176e,mapping_locality_one_move,True,True,True,0,1,1,0,new_official_evaluation,1408868,1,b1,6ce50a77db0b9b1b132ee65ae8e6ba7be7dcd8a2f1f543ec8a82832e427da1aa,8116adf921aea726cd880ed612222c9f4359828a346e213ab23585ab48fac965,533935,13832164,16017204,591104,13241060,6530034,1647,,,,,,533883,13832164,16017204,591104,13241060,6530034,1647,17,2308,73728,9121126,0.008018398117033724,531562,14681376,16866416,1439168,13242208,6534192,1647,,,,,,531061,14681376,16866416,1439168,13242208,6534192,1647,16,2415,74752,9543428,0.007771948539120707,1.000097399617519,1.0009433944499784,1.005313890494689,1.0044642017299958,449,2.648953524305393,2.6488181867562743,2.6607789872112755,2.6628937165410376,2.6386507720977272,2.6504302414393806
case_031,5,a8d03d16b7eff2c3c84186b32994279143fd1628937e4e9bdf753f869a333f82,ca382fb3ead19f0463ceccaad9506810a2fe1d1839adc18203cca69b3089fe73,69f2870aea4b9ea92bafe2a6785ce282c4b7087f442dbb8bb9adc6826f1423a2,mapping_locality_one_move,True,True,True,0,1,1,0,new_official_evaluation,1408868,1,b1,6ce50a77db0b9b1b132ee65ae8e6ba7be7dcd8a2f1f543ec8a82832e427da1aa,8116adf921aea726cd880ed612222c9f4359828a346e213ab23585ab48fac965,449197,14569512,16754552,499712,14069800,6923922,1753,,,,,,449159,14569512,16754552,499712,14069800,6923922,1753,10,2417,55296,9525258,0.005771691282153412,446078,14477352,16662392,499712,13977640,6882962,1745,,,,,,446054,14477352,16662392,499712,13977640,6882962,1745,10,2407,55296,9474058,0.005802701841069185,1.0000846025572236,1.0000538051446686,1.006961040591498,1.0069920507175876,-14,3.14866083255231,3.148459676862759,3.170676428785997,3.170376232474095,3.1364145352707165,3.158344504772708
case_032,1,7b325807b10636edbb8ada6fe9086e639ece5d42d4aad151b0fc7cd8f6277385,83348b05eee2296608cd724ec5b2cadb54c269a971f8e8b65a9a7a8855313104,83348b05eee2296608cd724ec5b2cadb54c269a971f8e8b65a9a7a8855313104,G1_baseline,False,True,True,0,1,0,0,G1_verified_reuse,35462,1,b1,4d3a814e79415478b93e00e18bf922b654a00eb2456681edd9d7da0a288a96f4,0c744ff988c40e3fb9c4bf5658e9831bf50a3ee95651ab97e0bfa64b6a920132,41443,0,293088,0,0,0,0,,,,,,41443,0,293088,0,0,0,0,0,151,0,279156,0.0,41443,0,293088,0,0,0,0,,,,,,41443,0,293088,0,0,0,0,0,151,0,279156,0.0,1.0,1.0,1.0,1.0,0,1.0,1.0,1.0,1.0,0.8556812972033878,0.8556812972033878
case_032,2,7b325807b10636edbb8ada6fe9086e639ece5d42d4aad151b0fc7cd8f6277385,9201eb39635c98db2f9a58822d9d7cd30735011bc1c7e4b5c19b944872db4e4f,1084a1f1ea9fd7ee881683ad62e1fe8e48fd44dfbdba9251e748a35d2f9ef33e,baseline,True,True,True,0,1,1,0,new_official_evaluation,35462,1,b1,4d3a814e79415478b93e00e18bf922b654a00eb2456681edd9d7da0a288a96f4,0c744ff988c40e3fb9c4bf5658e9831bf50a3ee95651ab97e0bfa64b6a920132,20967,417080,710168,0,417080,168092,111,,,,,,20867,417080,710168,0,417080,168092,111,28,262,80896,447248,0.15317034748099004,20819,417080,710168,0,417080,168092,111,,,,,,20735,417080,710168,0,417080,168092,111,28,262,80896,447248,0.15317034748099004,1.004792255714765,1.0040511212925005,1.006366047745358,1.0071088909169508,-16,1.9765822482949396,1.986054535870034,1.9906335558864499,1.9986978538702678,1.6913244622502026,1.70334790335751
case_032,3,7b325807b10636edbb8ada6fe9086e639ece5d42d4aad151b0fc7cd8f6277385,27d1db9836e862769121890462ed8c330e1e6c04f78c4a8b788c71954380e00e,ddbbb977ded90b242a28b55e53b24fc5a867bb0242edaf2bb9bac7e9a3e79e95,mapping_locality_one_move,True,True,True,0,1,1,0,new_official_evaluation,35462,1,b1,4d3a814e79415478b93e00e18bf922b654a00eb2456681edd9d7da0a288a96f4,0c744ff988c40e3fb9c4bf5658e9831bf50a3ee95651ab97e0bfa64b6a920132,19275,559060,852148,0,559060,223978,163,,,,,,17020,559060,852148,0,559060,223978,163,44,314,111104,503134,0.1808810265727617,17664,500188,793276,0,500188,196846,158,,,,,,16825,500188,793276,0,500188,196846,158,43,309,106496,476002,0.18282637880301736,1.1324911868390128,1.0498662704309063,1.0115898959881129,1.0912024456521738,-1416,2.1500907911802853,2.4349588719153936,2.346184329710145,2.4631797919762257,1.839792477302205,2.0075860507246377
case_032,4,7b325807b10636edbb8ada6fe9086e639ece5d42d4aad151b0fc7cd8f6277385,07e31934bf9691be69d92119006f3f2e6f4547a72531e8036d4bea6259c59e51,9b4f5552fde6ab8f11888face0ff5eed8469a7b391670b85313e8831192b5f9f,baseline,False,True,True,0,1,1,0,G1_verified_reuse,35462,1,b1,4d3a814e79415478b93e00e18bf922b654a00eb2456681edd9d7da0a288a96f4,0c744ff988c40e3fb9c4bf5658e9831bf50a3ee95651ab97e0bfa64b6a920132,17051,163950,457038,0,163950,36916,42,,,,,,17051,163950,457038,0,163950,36916,42,41,192,86026,320164,0.21178758708978557,17051,163950,457038,0,163950,36916,42,,,,,,17051,163950,457038,0,163950,36916,42,41,192,86026,320164,0.21178758708978557,1.0,1.0,1.0,1.0,0,2.430531933610932,2.430531933610932,2.430531933610932,2.430531933610932,2.0797607178464608,2.0797607178464608
case_032,5,7b325807b10636edbb8ada6fe9086e639ece5d42d4aad151b0fc7cd8f6277385,d501ad781a5ef1443df1cd82618e89db2c241ab6c767365bfaf88efe891d42b6,27f552619dd88a0edfd2059f6e10a447514e01387f52803344907dd48ccf6e8c,baseline,False,True,True,0,1,1,0,G1_verified_reuse,35462,1,b1,4d3a814e79415478b93e00e18bf922b654a00eb2456681edd9d7da0a288a96f4,0c744ff988c40e3fb9c4bf5658e9831bf50a3ee95651ab97e0bfa64b6a920132,17051,163950,457038,0,163950,36916,42,,,,,,17051,163950,457038,0,163950,36916,42,41,192,86026,320164,0.21178758708978557,17051,163950,457038,0,163950,36916,42,,,,,,17051,163950,457038,0,163950,36916,42,41,192,86026,320164,0.21178758708978557,1.0,1.0,1.0,1.0,0,2.430531933610932,2.430531933610932,2.430531933610932,2.430531933610932,2.0797607178464608,2.0797607178464608
case_033,1,e14316f8ccbe3bf16bcee2bad80efc3a527cdc2488d9e3f616518b6e3aa9657b,0461256ec7a6fe061d3a7e2175171d1040703f624033a8efa72bc3be0f2267e1,0461256ec7a6fe061d3a7e2175171d1040703f624033a8efa72bc3be0f2267e1,G1_baseline,False,True,True,0,1,0,0,G1_verified_reuse,1767829,1,b1,137b23550f8991c881ccf3f601e4f660c47cb0ac1aeaa122ca09bfb6d6aa9399,26ad5c4403e4360943afc16393eb09843b1f659f9e36d88125417612023d7517,1774196,4592640,7565550,4592640,0,0,0,,,,,,1774080,4592640,7565550,4592640,0,0,0,120,1220,720384,6762032,0.09627692445862406,1774196,4592640,7565550,4592640,0,0,0,,,,,,1774080,4592640,7565550,4592640,0,0,0,120,1220,720384,6762032,0.09627692445862406,1.000065386002886,1.000065386002886,1.0,1.0,0,1.0,1.0,1.0,1.0,0.9964113322316136,0.9964113322316136
case_033,2,e14316f8ccbe3bf16bcee2bad80efc3a527cdc2488d9e3f616518b6e3aa9657b,116d2f89c80a4907d02791e86be9f4e66040c2933967692fe2baed3b8cfa632e,116d2f89c80a4907d02791e86be9f4e66040c2933967692fe2baed3b8cfa632e,baseline,False,True,True,0,1,1,0,G1_verified_reuse,1767829,1,b1,137b23550f8991c881ccf3f601e4f660c47cb0ac1aeaa122ca09bfb6d6aa9399,26ad5c4403e4360943afc16393eb09843b1f659f9e36d88125417612023d7517,1096366,5084160,8057070,2752512,2331648,313344,51,,,,,,1095391,5084160,8057070,2752512,2331648,313344,51,363,951,2021376,5393456,0.2726125150239412,1096366,5084160,8057070,2752512,2331648,313344,51,,,,,,1095391,5084160,8057070,2752512,2331648,313344,51,363,951,2021376,5393456,0.2726125150239412,1.0008900931265639,1.0008900931265639,1.0,1.0,0,1.6182515692752237,1.6195860656149266,1.6182515692752237,1.6195860656149266,1.6124442020274252,1.6124442020274252
case_033,3,e14316f8ccbe3bf16bcee2bad80efc3a527cdc2488d9e3f616518b6e3aa9657b,73400296263b237cc40295982102090bc59e7ffde658fdd5af343e2ad4a04c9a,73400296263b237cc40295982102090bc59e7ffde658fdd5af343e2ad4a04c9a,baseline,False,True,True,0,1,1,0,G1_verified_reuse,1767829,1,b1,137b23550f8991c881ccf3f601e4f660c47cb0ac1aeaa122ca09bfb6d6aa9399,26ad5c4403e4360943afc16393eb09843b1f659f9e36d88125417612023d7517,747400,6608900,9581810,1961472,4647428,653314,107,,,,,,747062,6608900,9581810,1961472,4647428,653314,107,319,1216,1738752,6922290,0.20075552110242625,747400,6608900,9581810,1961472,4647428,653314,107,,,,,,747062,6608900,9581810,1961472,4647428,653314,107,319,1216,1738752,6922290,0.20075552110242625,1.0004524390211254,1.0004524390211254,1.0,1.0,0,2.373823922932834,2.3747426585745224,2.373823922932834,2.3747426585745224,2.36530505753278,2.36530505753278
case_033,4,e14316f8ccbe3bf16bcee2bad80efc3a527cdc2488d9e3f616518b6e3aa9657b,6ee699d9fc7ea167a20ba85506e8614d3f5f836bc7352d62229a84e141991a1e,a8d9918675f1374b6abaee68d7c9ea6d6fa0f7953b51080598dfbeda2a3a0802,mapping_locality_one_move,True,True,True,0,1,1,0,new_official_evaluation,1767829,1,b1,137b23550f8991c881ccf3f601e4f660c47cb0ac1aeaa122ca09bfb6d6aa9399,26ad5c4403e4360943afc16393eb09843b1f659f9e36d88125417612023d7517,561362,7299076,10271986,1371648,5927428,1024002,161,,,,,,553918,7299076,10271986,1371648,5927428,1024002,161,390,1219,2108928,6939186,0.2330792914412882,560261,7237124,10210034,1616896,5620228,860162,141,,,,,,552539,7237124,10210034,1616896,5620228,860162,141,409,1210,2234880,6849586,0.24601115794808412,1.0134388122429674,1.0139754840834765,1.0024957514311208,1.0019651555257283,278,3.1605203059701226,3.202784527673771,3.166731219913576,3.2107778817422843,3.149178248616757,3.1553668736535294
case_033,5,e14316f8ccbe3bf16bcee2bad80efc3a527cdc2488d9e3f616518b6e3aa9657b,185c8f9e04f2563f87d8a2853e5f5a3a58c993a28d423c4a39d7b8f8232ff18b,96aa515b94e59f5c6b008cce5f0e249121e0c0900d3c4cb833ae2cd83d262db4,mapping_locality_one_move,True,True,True,0,1,1,0,new_official_evaluation,1767829,1,b1,137b23550f8991c881ccf3f601e4f660c47cb0ac1aeaa122ca09bfb6d6aa9399,26ad5c4403e4360943afc16393eb09843b1f659f9e36d88125417612023d7517,561362,7299076,10271986,1371648,5927428,1024002,161,,,,,,553918,7299076,10271986,1371648,5927428,1024002,161,390,1219,2108928,6939186,0.2330792914412882,560261,7237124,10210034,1616896,5620228,860162,141,,,,,,552539,7237124,10210034,1616896,5620228,860162,141,409,1210,2234880,6849586,0.24601115794808412,1.0134388122429674,1.0139754840834765,1.0024957514311208,1.0019651555257283,278,3.1605203059701226,3.202784527673771,3.166731219913576,3.2107778817422843,3.149178248616757,3.1553668736535294
case_034,1,c4128788442a023c2224d582f7114181ca9e9439a5978deaec6a1c52c0d729d6,19cc9b471b4253917b1c1297fdd194752c0b66e79fb6ba807872ddea5abcb489,19cc9b471b4253917b1c1297fdd194752c0b66e79fb6ba807872ddea5abcb489,G1_baseline,False,True,True,0,1,0,0,G1_verified_reuse,835233,1,b1,3cd7dfe2a0a0d338f5d0ddacb6ce491a35807aec756866d3bb503b6b6b3f6014,a3304393f5486416b275aef3709bc975706a7dc72bf3d82911c804083e0d7c45,842996,1079832,3360218,1079832,0,0,0,,,,,,842733,1079832,3360218,1079832,0,0,0,252,615,1038336,2321468,0.309046599146855,842996,1079832,3360218,1079832,0,0,0,,,,,,842733,1079832,3360218,1079832,0,0,0,252,615,1038336,2321468,0.309046599146855,1.0003120798639664,1.0003120798639664,1.0,1.0,0,1.0,1.0,1.0,1.0,0.9907911781313316,0.9907911781313316
case_034,2,c4128788442a023c2224d582f7114181ca9e9439a5978deaec6a1c52c0d729d6,273e72ec19c92160c537da42b03701be84f3eda105532977bc0c48dfbfaad3c8,273e72ec19c92160c537da42b03701be84f3eda105532977bc0c48dfbfaad3c8,baseline,False,True,True,0,1,1,0,G1_verified_reuse,835233,1,b1,3cd7dfe2a0a0d338f5d0ddacb6ce491a35807aec756866d3bb503b6b6b3f6014,a3304393f5486416b275aef3709bc975706a7dc72bf3d82911c804083e0d7c45,547325,12242376,14522762,4630624,7611752,3714228,969,,,,,,547274,12242376,14522762,4630624,7611752,3714228,969,22,2126,144384,8488724,0.01672445195866888,547325,12242376,14522762,4630624,7611752,3714228,969,,,,,,547274,12242376,14522762,4630624,7611752,3714228,969,22,2126,144384,8488724,0.01672445195866888,1.0000931891520517,1.0000931891520517,1.0,1.0,0,1.540211026355456,1.5398739936485197,1.540211026355456,1.5398739936485197,1.5260274973735897,1.5260274973735897
case_034,3,c4128788442a023c2224d582f7114181ca9e9439a5978deaec6a1c52c0d729d6,9ac3b043f9d22897c1cd8576dce4b028c9356676d2afc91de5d66469d6af993a,08fbacc08f277b68f663274d8cecc9a95424bfb347c0d937e93e7524333c23e4,mapping_locality_one_move,True,True,True,0,1,1,0,new_official_evaluation,835233,1,b1,3cd7dfe2a0a0d338f5d0ddacb6ce491a35807aec756866d3bb503b6b6b3f6014,a3304393f5486416b275aef3709bc975706a7dc72bf3d82911c804083e0d7c45,390295,11452144,13732530,1393736,10058408,4878676,1272,,,,,,389230,11452144,13732530,1393736,10058408,4878676,1272,18,2085,133120,8107944,0.016153253997299378,388131,11491308,13771694,1395788,10095520,4954576,1292,,,,,,386889,11491308,13771694,1395788,10095520,4954576,1292,21,2095,150528,8108582,0.01822569259883934,1.0027361714153584,1.0032102230872422,1.0060508311169354,1.0055754371591035,177,2.1598944388219166,2.1651285872106465,2.1719367945358656,2.178229414638307,2.1400043556796784,2.151935815484978
case_034,4,c4128788442a023c2224d582f7114181ca9e9439a5978deaec6a1c52c0d729d6,db36216bd5110367a63751356d919a4ef3e8e59f21a5421692109a41fbf6df1e,db36216bd5110367a63751356d919a4ef3e8e59f21a5421692109a41fbf6df1e,baseline,False,True,True,0,1,1,0,G1_verified_reuse,835233,1,b1,3cd7dfe2a0a0d338f5d0ddacb6ce491a35807aec756866d3bb503b6b6b3f6014,a3304393f5486416b275aef3709bc975706a7dc72bf3d82911c804083e0d7c45,338094,11977968,14258354,439368,11538600,5584212,1438,,,,,,338076,11977968,14258354,439368,11538600,5584212,1438,6,2152,24064,8448936,0.0028400802549274165,338094,11977968,14258354,439368,11538600,5584212,1438,,,,,,338076,11977968,14258354,439368,11538600,5584212,1438,6,2152,24064,8448936,0.0028400802549274165,1.000053242466191,1.000053242466191,1.0,1.0,0,2.4933775813826924,2.492732403364924,2.4933775813826924,2.492732403364924,2.470416511384408,2.470416511384408
case_034,5,c4128788442a023c2224d582f7114181ca9e9439a5978deaec6a1c52c0d729d6,0dfd54abfb524bf179d5cac23214a25a5286bb4dc4c10d3e180d477a7d4527fa,849208fc93df48120551c594f57d5e6dc82155f27ed871e7e0bb042bf22aa8bf,mapping_locality_one_move,True,True,True,0,1,1,0,new_official_evaluation,835233,1,b1,3cd7dfe2a0a0d338f5d0ddacb6ce491a35807aec756866d3bb503b6b6b3f6014,a3304393f5486416b275aef3709bc975706a7dc72bf3d82911c804083e0d7c45,292576,12138512,14418898,287772,11850740,5707002,1498,,,,,,290391,12138512,14418898,287772,11850740,5707002,1498,9,2194,55808,8537912,0.006494044488300759,281526,12103712,14384098,395292,11708420,5693698,1500,,,,,,279271,12103712,14384098,395292,11708420,5693698,1500,21,2184,150528,8429888,0.017543205364401914,1.0075243378754852,1.0080745942113574,1.039817954603235,1.0392503711912933,70,2.8812889642349337,2.9020630804673697,2.9943806255905314,3.0176172964611436,2.854755687411134,2.9668059078024767
case_035,1,ab4d5e39b4d3ad430a992d6d87d7510a869b6cb03a5d9a7ba124b039ba4486e2,43201822fd833e40039e2a07a60c49325d3a15aa5f121c0c1082f55e586f5f29,43201822fd833e40039e2a07a60c49325d3a15aa5f121c0c1082f55e586f5f29,G1_baseline,False,True,True,0,1,0,0,G1_verified_reuse,169571,1,single,43201822fd833e40039e2a07a60c49325d3a15aa5f121c0c1082f55e586f5f29,54e59f28bdd0491884355cceb96e09a55e219a6a2294648f8edb530a388fd107,169571,0,410854,0,0,0,0,,,,,,169571,0,410854,0,0,0,0,0,301,0,396878,0.0,169571,0,410854,0,0,0,0,,,,,,169571,0,410854,0,0,0,0,0,301,0,396878,0.0,1.0,1.0,1.0,1.0,0,1.0,1.0,1.0,1.0,1.0,1.0
case_035,2,ab4d5e39b4d3ad430a992d6d87d7510a869b6cb03a5d9a7ba124b039ba4486e2,25f05d57a302495ec92e317e7a309b619abc6086d072935496c58d7d1c69297b,25f05d57a302495ec92e317e7a309b619abc6086d072935496c58d7d1c69297b,baseline,False,True,True,0,1,0,0,G1_verified_reuse,169571,1,single,43201822fd833e40039e2a07a60c49325d3a15aa5f121c0c1082f55e586f5f29,54e59f28bdd0491884355cceb96e09a55e219a6a2294648f8edb530a388fd107,105261,43008,453862,0,43008,21504,21,,,,,,105261,43008,453862,0,43008,21504,21,0,322,0,418382,0.0,105261,43008,453862,0,43008,21504,21,,,,,,105261,43008,453862,0,43008,21504,21,0,322,0,418382,0.0,1.0,1.0,1.0,1.0,0,1.610957524629255,1.610957524629255,1.610957524629255,1.610957524629255,1.610957524629255,1.610957524629255
case_035,3,ab4d5e39b4d3ad430a992d6d87d7510a869b6cb03a5d9a7ba124b039ba4486e2,4b0e70a9980500e6fc1c97b1efb1824bedae5cc21a2c173621d0b8b61432b640,b8767145d1dfc4d880ea555fd978cfb28af7d12788184668e13b95e7d2e55ec3,mapping_locality_one_move,True,True,True,0,1,1,0,new_official_evaluation,169571,1,single,43201822fd833e40039e2a07a60c49325d3a15aa5f121c0c1082f55e586f5f29,54e59f28bdd0491884355cceb96e09a55e219a6a2294648f8edb530a388fd107,98946,167936,578790,0,167936,79872,74,,,,,,98946,167936,578790,0,167936,79872,74,1,375,8192,476750,0.01689274181242293,98946,155648,566502,0,155648,77824,73,,,,,,98946,155648,566502,0,155648,77824,73,0,374,0,474702,0.0,1.0,1.0,1.0,1.0,0,1.713773169203404,1.713773169203404,1.713773169203404,1.713773169203404,1.713773169203404,1.713773169203404
case_035,4,ab4d5e39b4d3ad430a992d6d87d7510a869b6cb03a5d9a7ba124b039ba4486e2,29dc72e60ab0cc2ad181de950a86ab0d2f3e55efbcffe0bcf4cb7c0c9a0688a4,29dc72e60ab0cc2ad181de950a86ab0d2f3e55efbcffe0bcf4cb7c0c9a0688a4,baseline,False,True,True,0,1,1,0,G1_verified_reuse,169571,1,single,43201822fd833e40039e2a07a60c49325d3a15aa5f121c0c1082f55e586f5f29,54e59f28bdd0491884355cceb96e09a55e219a6a2294648f8edb530a388fd107,95602,1417128,1827982,0,1417128,567758,514,,,,,,93256,1417128,1827982,0,1417128,567758,514,143,791,293904,952344,0.23583107054133687,95602,1417128,1827982,0,1417128,567758,514,,,,,,93256,1417128,1827982,0,1417128,567758,514,143,791,293904,952344,0.23583107054133687,1.0251565582911555,1.0251565582911555,1.0,1.0,0,1.773718123051819,1.818338766406451,1.773718123051819,1.818338766406451,1.773718123051819,1.773718123051819
case_035,5,ab4d5e39b4d3ad430a992d6d87d7510a869b6cb03a5d9a7ba124b039ba4486e2,117c549b3f26bcf8c50f7a8f06ab8b28c7c5630fe20537f66c82841eebe17e21,117c549b3f26bcf8c50f7a8f06ab8b28c7c5630fe20537f66c82841eebe17e21,baseline,False,True,True,0,1,1,0,G1_verified_reuse,169571,1,single,43201822fd833e40039e2a07a60c49325d3a15aa5f121c0c1082f55e586f5f29,54e59f28bdd0491884355cceb96e09a55e219a6a2294648f8edb530a388fd107,95602,1417128,1827982,0,1417128,567758,514,,,,,,93256,1417128,1827982,0,1417128,567758,514,143,791,293904,952344,0.23583107054133687,95602,1417128,1827982,0,1417128,567758,514,,,,,,93256,1417128,1827982,0,1417128,567758,514,143,791,293904,952344,0.23583107054133687,1.0251565582911555,1.0251565582911555,1.0,1.0,0,1.773718123051819,1.818338766406451,1.773718123051819,1.818338766406451,1.773718123051819,1.773718123051819
case_036,1,3924c8904db3f85eb38d4e4b345e55f689c9d908f329dbb8caf16a3774759d21,8c131ad0dfb252dc26f956f6fa867096f91862e58a5cb371718e576432bc8999,8c131ad0dfb252dc26f956f6fa867096f91862e58a5cb371718e576432bc8999,G1_baseline,False,True,True,0,1,0,0,G1_verified_reuse,931510,1,b0,ded51b149141abc9719dabdb2bc00eedca47a38c79c19a9f484915eae2c98b2e,0e31308dc53fb1e0252e70ba9898c67e3fb3e6c9d1f54f84eddee8358ce51d18,931510,0,6554752,0,0,0,0,,,,,,931510,0,6554752,0,0,0,0,0,801,0,3277952,0.0,931510,0,6554752,0,0,0,0,,,,,,931510,0,6554752,0,0,0,0,0,801,0,3277952,0.0,1.0,1.0,1.0,1.0,0,1.0,1.0,1.0,1.0,1.0,1.0
case_036,2,3924c8904db3f85eb38d4e4b345e55f689c9d908f329dbb8caf16a3774759d21,72dbab6182e4f32494744cc5a7ac9b9d66d6764ea168edb0a95c72deedf9c45f,72dbab6182e4f32494744cc5a7ac9b9d66d6764ea168edb0a95c72deedf9c45f,baseline,False,True,True,0,1,0,0,G1_verified_reuse,931510,1,b0,ded51b149141abc9719dabdb2bc00eedca47a38c79c19a9f484915eae2c98b2e,0e31308dc53fb1e0252e70ba9898c67e3fb3e6c9d1f54f84eddee8358ce51d18,466068,1152,6555904,0,1152,0,0,,,,,,466068,1152,6555904,0,1152,0,0,0,802,0,3279104,0.0,466068,1152,6555904,0,1152,0,0,,,,,,466068,1152,6555904,0,1152,0,0,0,802,0,3279104,0.0,1.0,1.0,1.0,1.0,0,1.998656848356892,1.998656848356892,1.998656848356892,1.998656848356892,1.998656848356892,1.998656848356892
case_036,3,3924c8904db3f85eb38d4e4b345e55f689c9d908f329dbb8caf16a3774759d21,350d077dbcc838643f64ca3a4c675b70e72c7ed3770717410601ce90c7925d46,78f4e50f8cd28ecfa91ed96b827d2c97c8d4e71ba1a170166d85a746c72bd4de,mapping_locality_one_move,True,True,True,0,1,1,0,new_official_evaluation,931510,1,b0,ded51b149141abc9719dabdb2bc00eedca47a38c79c19a9f484915eae2c98b2e,0e31308dc53fb1e0252e70ba9898c67e3fb3e6c9d1f54f84eddee8358ce51d18,388000,88320,6643072,0,88320,28672,7,,,,,,388000,88320,6643072,0,88320,28672,7,3,814,12288,3325312,0.003681687440076702,386836,88320,6643072,0,88320,28672,7,,,,,,386836,88320,6643072,0,88320,28672,7,3,814,12288,3325312,0.003681687440076702,1.0,1.0,1.0030090270812437,1.0030090270812437,0,2.400798969072165,2.400798969072165,2.408023038186725,2.408023038186725,2.400798969072165,2.408023038186725
case_036,4,3924c8904db3f85eb38d4e4b345e55f689c9d908f329dbb8caf16a3774759d21,adf53c97d0a148d237e0c37c7447b6b77203796277d54e5b02c190eec5f1a296,adf53c97d0a148d237e0c37c7447b6b77203796277d54e5b02c190eec5f1a296,baseline,False,True,True,0,1,0,0,G1_verified_reuse,931510,1,b0,ded51b149141abc9719dabdb2bc00eedca47a38c79c19a9f484915eae2c98b2e,0e31308dc53fb1e0252e70ba9898c67e3fb3e6c9d1f54f84eddee8358ce51d18,233584,3456,6558208,0,3456,0,0,,,,,,233584,3456,6558208,0,3456,0,0,0,804,0,3281408,0.0,233584,3456,6558208,0,3456,0,0,,,,,,233584,3456,6558208,0,3456,0,0,0,804,0,3281408,0.0,1.0,1.0,1.0,1.0,0,3.987901568600589,3.987901568600589,3.987901568600589,3.987901568600589,3.987901568600589,3.987901568600589
case_036,5,3924c8904db3f85eb38d4e4b345e55f689c9d908f329dbb8caf16a3774759d21,803babb8e35957c1c5d884c1b53d4f1ce1641c00d3022b19186a7cf6e12fb23e,803babb8e35957c1c5d884c1b53d4f1ce1641c00d3022b19186a7cf6e12fb23e,baseline,False,True,True,0,1,0,0,G1_verified_reuse,931510,1,b0,ded51b149141abc9719dabdb2bc00eedca47a38c79c19a9f484915eae2c98b2e,0e31308dc53fb1e0252e70ba9898c67e3fb3e6c9d1f54f84eddee8358ce51d18,187182,4608,6559360,0,4608,0,0,,,,,,187182,4608,6559360,0,4608,0,0,0,805,0,3282560,0.0,187182,4608,6559360,0,4608,0,0,,,,,,187182,4608,6559360,0,4608,0,0,0,805,0,3282560,0.0,1.0,1.0,1.0,1.0,0,4.976493466252097,4.976493466252097,4.976493466252097,4.976493466252097,4.976493466252097,4.976493466252097
case_037,1,c5ce3776f9b28b17c7e1d23c9a47395ddfaeecf2533228ab0a5cf444e3f112e3,63d46275baf2c0ca59542635cd8214bd79425c5056d8f109b3090fcd1ad93847,63d46275baf2c0ca59542635cd8214bd79425c5056d8f109b3090fcd1ad93847,G1_baseline,False,True,True,0,1,0,0,G1_verified_reuse,210001,1,b0,0dd286420367ea1cdd6fa52e058e1ef783f8b359eadbcaaf3e28e78936cb5952,398c48aaa04b6a8eeda7bf5912bf65f0834b572b82258832a1743a77c945a6dd,210001,0,614400,0,0,0,0,,,,,,210001,0,614400,0,0,0,0,0,180,0,532480,0.0,210001,0,614400,0,0,0,0,,,,,,210001,0,614400,0,0,0,0,0,180,0,532480,0.0,1.0,1.0,1.0,1.0,0,1.0,1.0,1.0,1.0,1.0,1.0
case_037,2,c5ce3776f9b28b17c7e1d23c9a47395ddfaeecf2533228ab0a5cf444e3f112e3,14979b5956ff45d0f5d878a7149cfa28f8776068c0542787724fa3e41fe266db,b918419ac678219cc551c0e0e4eb17b18aef140d2d77989fd5843a961499780a,baseline,True,True,True,0,1,0,0,new_official_evaluation,210001,1,b0,0dd286420367ea1cdd6fa52e058e1ef783f8b359eadbcaaf3e28e78936cb5952,398c48aaa04b6a8eeda7bf5912bf65f0834b572b82258832a1743a77c945a6dd,125692,1966080,2580480,0,1966080,983040,240,,,,,,125692,1966080,2580480,0,1966080,983040,240,0,420,0,1515520,0.0,120651,1966080,2580480,0,1966080,983040,240,,,,,,120651,1966080,2580480,0,1966080,983040,240,0,420,0,1515520,0.0,1.0,1.0,1.0417816677855964,1.0417816677855964,0,1.670758679947809,1.670758679947809,1.7405657640632899,1.7405657640632899,1.670758679947809,1.7405657640632899
case_037,3,c5ce3776f9b28b17c7e1d23c9a47395ddfaeecf2533228ab0a5cf444e3f112e3,2be12eb42cfa3561ea03680fe4484dc3039efbc30a00411cec403516d4c412ea,3b0a3c6c43c8e86bcfe8fd41386d07d4f5dfe04f4753d19bea4d5f0c03be66ec,mapping_locality_one_move,True,True,True,0,1,1,0,new_official_evaluation,210001,1,b0,0dd286420367ea1cdd6fa52e058e1ef783f8b359eadbcaaf3e28e78936cb5952,398c48aaa04b6a8eeda7bf5912bf65f0834b572b82258832a1743a77c945a6dd,87130,1105920,1720320,0,1105920,176128,43,,,,,,87034,1105920,1720320,0,1105920,176128,43,218,237,704512,757760,0.48179271708683474,82197,1081344,1695744,0,1081344,204800,50,,,,,,82197,1081344,1695744,0,1081344,204800,50,195,235,655360,753664,0.46511627906976744,1.0011030172116644,1.0,1.0588464299183669,1.0600143557550763,-96,2.410203144726271,2.412861640278512,2.554849933695877,2.554849933695877,2.410203144726271,2.554849933695877
case_037,4,c5ce3776f9b28b17c7e1d23c9a47395ddfaeecf2533228ab0a5cf444e3f112e3,892882a51c9fc41ce3ac885e6421f7af98f14f3591642c39c1bafb5f28b1d235,d64fe21339515b7a707e3a888721b74580c60e7b4350535b83655a9fbba77bf6,mapping_locality_one_move,True,True,True,0,1,1,0,new_official_evaluation,210001,1,b0,0dd286420367ea1cdd6fa52e058e1ef783f8b359eadbcaaf3e28e78936cb5952,398c48aaa04b6a8eeda7bf5912bf65f0834b572b82258832a1743a77c945a6dd,68753,1527808,2142208,0,1527808,253952,62,,,,,,67669,1527808,2142208,0,1527808,253952,62,288,267,925696,880640,0.5124716553287982,68753,1519616,2134016,0,1519616,249856,61,,,,,,67237,1519616,2134016,0,1519616,249856,61,287,267,915456,886784,0.5079545454545454,1.016019152048944,1.0225471094784122,1.006425033835537,1.0,432,3.054426715925123,3.1033560419098847,3.054426715925123,3.123295209482874,3.054426715925123,3.054426715925123
case_037,5,c5ce3776f9b28b17c7e1d23c9a47395ddfaeecf2533228ab0a5cf444e3f112e3,bcebf8bf0ac7c19c527a18d49464890aed96ed6a4bafa97495c3d9b76119b921,bcebf8bf0ac7c19c527a18d49464890aed96ed6a4bafa97495c3d9b76119b921,baseline,False,True,True,0,1,1,0,G1_verified_reuse,210001,1,b0,0dd286420367ea1cdd6fa52e058e1ef783f8b359eadbcaaf3e28e78936cb5952,398c48aaa04b6a8eeda7bf5912bf65f0834b572b82258832a1743a77c945a6dd,43800,1925120,2539520,0,1925120,0,0,,,,,,43013,1925120,2539520,0,1925120,0,0,471,329,1579008,878592,0.6425,43800,1925120,2539520,0,1925120,0,0,,,,,,43013,1925120,2539520,0,1925120,0,0,471,329,1579008,878592,0.6425,1.0182967939925138,1.0182967939925138,1.0,1.0,0,4.794543378995434,4.882268151489085,4.794543378995434,4.882268151489085,4.794543378995434,4.794543378995434
case_038,1,69575019d0670552c74f386508042357a94419ed2f49d18a382a71a8cf39e5ac,8f5c3e3c84763a2a5e2ebb7436efdc0d8ec7a8cc8d35564e8f26bb776d9f4e48,8f5c3e3c84763a2a5e2ebb7436efdc0d8ec7a8cc8d35564e8f26bb776d9f4e48,G1_baseline,False,True,True,0,1,0,0,G1_verified_reuse,1354237,1,b1,809d0cf732cb3600252a3e1b300ba3af90fb8af6dcd3f8dd63bc6e720df88d51,951d9bd1da0edda2dc48ff803a54429855afaabb60387c880ef113fde01f3568,1364555,5627904,8430854,5627904,0,0,0,,,,,,1363312,5627904,8430854,5627904,0,0,0,377,2010,1462272,6960138,0.1736168151396097,1364555,5627904,8430854,5627904,0,0,0,,,,,,1363312,5627904,8430854,5627904,0,0,0,377,2010,1462272,6960138,0.1736168151396097,1.0009117502083162,1.0009117502083162,1.0,1.0,0,1.0,1.0,1.0,1.0,0.9924385605563718,0.9924385605563718
case_038,2,69575019d0670552c74f386508042357a94419ed2f49d18a382a71a8cf39e5ac,5fcea7703bd244a2041681e5c4812380e8e0a35dc678558c9041b9c98a08fc26,60a4f596364dc52d43cbaca59a1887f8394bbf3db3354230ec590485085d8b08,baseline,True,True,True,0,1,1,0,new_official_evaluation,1354237,1,b1,809d0cf732cb3600252a3e1b300ba3af90fb8af6dcd3f8dd63bc6e720df88d51,951d9bd1da0edda2dc48ff803a54429855afaabb60387c880ef113fde01f3568,933300,17434112,20237062,6265344,11168768,5490688,2104,,,,,,933300,17434112,20237062,6265344,11168768,5490688,2104,32,4147,117760,11584010,0.010063434847890533,931959,17204736,20007686,6035968,11168768,5490688,2104,,,,,,931959,17204736,20007686,6035968,11168768,5490688,2104,25,4119,106496,11502090,0.009173899387918563,1.0,1.0,1.0014389045011636,1.0014389045011636,0,1.4620754312654023,1.4607435979856422,1.464179218184491,1.46284546852383,1.4510200364298724,1.45310791569157
case_038,3,69575019d0670552c74f386508042357a94419ed2f49d18a382a71a8cf39e5ac,46097a2f6f2dfd1d94f9ae203c159b877fdb170e9ae64307d293786cfd8198cb,7d19f95c75ced4167baf056623e3ab08cea5ba26d850fec8d61cb24351fee19c,baseline,True,True,True,0,1,1,0,new_official_evaluation,1354237,1,b1,809d0cf732cb3600252a3e1b300ba3af90fb8af6dcd3f8dd63bc6e720df88d51,951d9bd1da0edda2dc48ff803a54429855afaabb60387c880ef113fde01f3568,699260,17637888,20440838,3589632,14048256,6893568,2679,,,,,,699275,17637888,20440838,3589632,14048256,6893568,2679,20,4226,145920,11682826,0.012336049823032805,698261,17754624,20557574,3706368,14048256,6893568,2679,,,,,,697347,17754624,20557574,3706368,14048256,6893568,2679,16,4245,105472,11781642,0.008872801253525455,0.9999785492116835,1.0013106817696211,1.002764764170492,1.0014306971175535,929,1.9514272230643823,1.9496078080869472,1.954219124367536,1.9549980139012573,1.9366716242885336,1.9394424147990508
case_038,4,69575019d0670552c74f386508042357a94419ed2f49d18a382a71a8cf39e5ac,86701452088665ffcaf630fb470c7e84fd04797c33a10e54638760f7af3fc327,39d6abc04b593f53de417a2b19d664a75bb4e03333ab497a54dc91c0e17d3da1,mapping_locality_one_move,True,True,True,0,1,1,0,new_official_evaluation,1354237,1,b1,809d0cf732cb3600252a3e1b300ba3af90fb8af6dcd3f8dd63bc6e720df88d51,951d9bd1da0edda2dc48ff803a54429855afaabb60387c880ef113fde01f3568,693950,18244096,21047046,2015744,16228352,7908352,3048,,,,,,690381,18244096,21047046,2015744,16228352,7908352,3048,92,4323,404992,11965450,0.0327386846807899,690879,18145792,20948742,2098688,16047104,7832576,3022,,,,,,687539,18145792,20948742,2098688,16047104,7832576,3022,100,4305,377344,11930634,0.03065848833983941,1.0051696092447504,1.0048579062424094,1.0041335836948886,1.004445062015201,-229,1.9663592477844225,1.9747241016192507,1.9750998365849881,1.9828867889676076,1.9514907414078824,1.9601652387755308
case_038,5,69575019d0670552c74f386508042357a94419ed2f49d18a382a71a8cf39e5ac,2f443d5b230934ceabe2dc9587c6977086bf18bf28ed81d89afe2a19bf96fb3e,f339fd268c15b729fb5bbc41ceebb18de2afc41d752c9d1f9bf2d52a04ed8cf6,mapping_locality_one_move,True,True,True,0,1,1,0,new_official_evaluation,1354237,1,b1,809d0cf732cb3600252a3e1b300ba3af90fb8af6dcd3f8dd63bc6e720df88d51,951d9bd1da0edda2dc48ff803a54429855afaabb60387c880ef113fde01f3568,693950,18244096,21047046,2015744,16228352,7908352,3048,,,,,,690381,18244096,21047046,2015744,16228352,7908352,3048,92,4323,404992,11965450,0.0327386846807899,690879,18145792,20948742,2098688,16047104,7832576,3022,,,,,,687539,18145792,20948742,2098688,16047104,7832576,3022,100,4305,377344,11930634,0.03065848833983941,1.0051696092447504,1.0048579062424094,1.0041335836948886,1.004445062015201,-229,1.9663592477844225,1.9747241016192507,1.9750998365849881,1.9828867889676076,1.9514907414078824,1.9601652387755308
case_039,1,8e999d9db7fe3b1060baef4bff52304267c4034700290fe0a7520f777cbc78ed,dac9aa0dddfc1796efda0c933d0a650fee6dbc3977c653a543b26b2ae2e70179,dac9aa0dddfc1796efda0c933d0a650fee6dbc3977c653a543b26b2ae2e70179,G1_baseline,False,True,True,0,1,0,0,G1_verified_reuse,1405905,1,b1,187f3b35e3ec9083a6d7f1f087ebbf795a2ee60a0487a36caa0e3c1feced8527,0f2300036e21e44ec5e46ea52b72eaa857036cc83aefdffc21a77ab6445e0749,1435262,7929856,12419072,7929856,0,0,0,,,,,,1435262,7929856,12419072,7929856,0,0,0,0,2582,0,12132352,0.0,1435262,7929856,12419072,7929856,0,0,0,,,,,,1435262,7929856,12419072,7929856,0,0,0,0,2582,0,12132352,0.0,1.0,1.0,1.0,1.0,0,1.0,1.0,1.0,1.0,0.9795458947564974,0.9795458947564974
case_039,2,8e999d9db7fe3b1060baef4bff52304267c4034700290fe0a7520f777cbc78ed,f192cf2892d35e8cf80aab6c4d5155d8050f1a103ff964b320d73b1097e3fbf8,f192cf2892d35e8cf80aab6c4d5155d8050f1a103ff964b320d73b1097e3fbf8,baseline,False,True,True,0,1,1,0,G1_verified_reuse,1405905,1,b1,187f3b35e3ec9083a6d7f1f087ebbf795a2ee60a0487a36caa0e3c1feced8527,0f2300036e21e44ec5e46ea52b72eaa857036cc83aefdffc21a77ab6445e0749,865589,12152832,16642048,5165056,6987776,2916352,712,,,,,,865287,12152832,16642048,5165056,6987776,2916352,712,300,2035,1425408,9986048,0.1249102656137832,865589,12152832,16642048,5165056,6987776,2916352,712,,,,,,865287,12152832,16642048,5165056,6987776,2916352,712,300,2035,1425408,9986048,0.1249102656137832,1.000349017146912,1.000349017146912,1.0,1.0,0,1.6581333635247213,1.6587120805004583,1.6581333635247213,1.6587120805004583,1.6242177291994238,1.6242177291994238
case_039,3,8e999d9db7fe3b1060baef4bff52304267c4034700290fe0a7520f777cbc78ed,e5888d98617d686b59d9ef1ae17fc8f67fecc10a5426a0e5e46b884a09d53a9a,e5888d98617d686b59d9ef1ae17fc8f67fecc10a5426a0e5e46b884a09d53a9a,baseline,False,True,True,0,1,1,0,G1_verified_reuse,1405905,1,b1,187f3b35e3ec9083a6d7f1f087ebbf795a2ee60a0487a36caa0e3c1feced8527,0f2300036e21e44ec5e46ea52b72eaa857036cc83aefdffc21a77ab6445e0749,693126,12627968,17117184,5459968,7168000,2433024,594,,,,,,688780,12627968,17117184,5459968,7168000,2433024,594,444,2067,2035712,10280960,0.16528101097439307,693126,12627968,17117184,5459968,7168000,2433024,594,,,,,,688780,12627968,17117184,5459968,7168000,2433024,594,444,2067,2035712,10280960,0.16528101097439307,1.006309707018206,1.006309707018206,1.0,1.0,0,2.0707086446043,2.08377420947182,2.0707086446043,2.08377420947182,2.028354152058933,2.028354152058933
case_039,4,8e999d9db7fe3b1060baef4bff52304267c4034700290fe0a7520f777cbc78ed,e17703ec34439cbeba4c0fa1ed41d1f6bdd31078ebb9e451fcb4eb21294f1cc6,e17703ec34439cbeba4c0fa1ed41d1f6bdd31078ebb9e451fcb4eb21294f1cc6,baseline,False,True,True,0,1,1,0,G1_verified_reuse,1405905,1,b1,187f3b35e3ec9083a6d7f1f087ebbf795a2ee60a0487a36caa0e3c1feced8527,0f2300036e21e44ec5e46ea52b72eaa857036cc83aefdffc21a77ab6445e0749,558169,13959168,18448384,3604480,10354688,3403776,831,,,,,,536614,13959168,18448384,3604480,10354688,3403776,831,593,2184,2613248,10887168,0.19356796116504854,558169,13959168,18448384,3604480,10354688,3403776,831,,,,,,536614,13959168,18448384,3604480,10354688,3403776,831,593,2184,2613248,10887168,0.19356796116504854,1.0401685382789119,1.0401685382789119,1.0,1.0,0,2.5713753361437126,2.674663724763051,2.5713753361437126,2.674663724763051,2.518780154397682,2.518780154397682
case_039,5,8e999d9db7fe3b1060baef4bff52304267c4034700290fe0a7520f777cbc78ed,3fd7dbf6678ae5e9c21f03df69a832d10cf1045a3acbe60970bd09c414717bea,3fd7dbf6678ae5e9c21f03df69a832d10cf1045a3acbe60970bd09c414717bea,baseline,False,True,True,0,1,1,0,G1_verified_reuse,1405905,1,b1,187f3b35e3ec9083a6d7f1f087ebbf795a2ee60a0487a36caa0e3c1feced8527,0f2300036e21e44ec5e46ea52b72eaa857036cc83aefdffc21a77ab6445e0749,533010,14618624,19107840,1183744,13434880,4239360,1035,,,,,,504978,14618624,19107840,1183744,13434880,4239360,1035,694,2192,3219456,10952704,0.22716763005780347,533010,14618624,19107840,1183744,13434880,4239360,1035,,,,,,504978,14618624,19107840,1183744,13434880,4239360,1035,694,2192,3219456,10952704,0.22716763005780347,1.0555113292064209,1.0555113292064209,1.0,1.0,0,2.692748728916906,2.8422267900779836,2.692748728916906,2.8422267900779836,2.6376709630213315,2.6376709630213315
case_040,1,7d595de282221534f949ab7ffae0ff026d5c7652b9110c18c0031aa78400cc57,2f3989071fd3e245c82304c86e2c391712466180edb5a6cf8553661950ff9992,2f3989071fd3e245c82304c86e2c391712466180edb5a6cf8553661950ff9992,G1_baseline,False,True,True,0,1,0,0,G1_verified_reuse,245943,1,b1,570e08061d5fd5238b829a5426775d42977544b8a23c5ceaf075f624fd284f90,120269f56f85d3a20a98af043b8faf6b17f5083f7b53db7315323cb1b40ec2e1,253454,0,911238,0,0,0,0,,,,,,253454,0,911238,0,0,0,0,0,266,0,911174,0.0,253454,0,911238,0,0,0,0,,,,,,253454,0,911238,0,0,0,0,0,266,0,911174,0.0,1.0,1.0,1.0,1.0,0,1.0,1.0,1.0,1.0,0.9703654312025062,0.9703654312025062
case_040,2,7d595de282221534f949ab7ffae0ff026d5c7652b9110c18c0031aa78400cc57,87288c92de4519dcd4ebfbce73a72a714516cf36e692ec401858ecbc6ed8639e,920c1b26e2fc3f0e5b72908a69a90fa902c7d01ddcc0c0150fe90204e704720c,baseline,True,True,True,0,1,1,0,new_official_evaluation,245943,1,b1,570e08061d5fd5238b829a5426775d42977544b8a23c5ceaf075f624fd284f90,120269f56f85d3a20a98af043b8faf6b17f5083f7b53db7315323cb1b40ec2e1,145181,179566,1090804,0,179566,34998,38,,,,,,145181,179566,1090804,0,179566,34998,38,18,304,109570,946172,0.10378482621701135,145181,179566,1090804,0,179566,34998,38,,,,,,145181,179566,1090804,0,179566,34998,38,18,304,109570,946172,0.10378482621701135,1.0,1.0,1.0,1.0,0,1.7457794063961538,1.7457794063961538,1.7457794063961538,1.7457794063961538,1.6940439864720591,1.6940439864720591
case_040,3,7d595de282221534f949ab7ffae0ff026d5c7652b9110c18c0031aa78400cc57,7560b35c6565a1956af3ce312f5f93783456eafea742bfadbd9a579fa82f7e60,4873168d8b34a32603ed8c2dca0c28234e517ced575c6d72f6c9113330c917e7,mapping_locality_one_move,True,True,True,0,1,1,0,new_official_evaluation,245943,1,b1,570e08061d5fd5238b829a5426775d42977544b8a23c5ceaf075f624fd284f90,120269f56f85d3a20a98af043b8faf6b17f5083f7b53db7315323cb1b40ec2e1,127386,300988,1212226,0,300988,56286,99,,,,,,127290,300988,1212226,0,300988,56286,99,20,368,182272,973604,0.1576916555063,120954,251824,1163062,0,251824,56280,96,,,,,,120858,251824,1163062,0,251824,56280,96,17,365,133120,973598,0.12028357720756326,1.0007541833608296,1.0007943206076553,1.0532194807129027,1.05317724093457,0,1.9896534941045327,1.9911540576636029,2.0954577773368386,2.097122242631849,1.930690970750318,2.0333597896721067
case_040,4,7d595de282221534f949ab7ffae0ff026d5c7652b9110c18c0031aa78400cc57,265b955c8a460ffffcb4941cd1fb585343df2d959557e084aeca5d26f7f6b24c,888fa66fb2360314e065e72dc6c9c6dfc961741adf9b51378828a989efc30cc6,mapping_locality_one_move,True,True,True,0,1,1,0,new_official_evaluation,245943,1,b1,570e08061d5fd5238b829a5426775d42977544b8a23c5ceaf075f624fd284f90,120269f56f85d3a20a98af043b8faf6b17f5083f7b53db7315323cb1b40ec2e1,123991,436288,1347526,0,436288,105504,107,,,,,,123583,436288,1347526,0,436288,105504,107,27,377,217088,1024870,0.1747949608601901,123991,403508,1314746,0,403508,105498,104,,,,,,123583,403508,1314746,0,403508,105498,104,25,374,184320,1024864,0.15243337655807554,1.0033014249532703,1.0033014249532703,1.0,1.0,0,2.0441322354041827,2.05088078457393,2.0441322354041827,2.05088078457393,1.9835552580429225,1.9835552580429225
case_040,5,7d595de282221534f949ab7ffae0ff026d5c7652b9110c18c0031aa78400cc57,30f9fba30b57ca7d7005b5ae245f4fdf60a534eebe9aa7d7b0c5e6c57e91df50,3ff495d15be825af128036f86267b76764c8a7b5be9d7cf1372977d0a315bd06,mapping_locality_one_move,True,True,True,0,1,1,0,new_official_evaluation,245943,1,b1,570e08061d5fd5238b829a5426775d42977544b8a23c5ceaf075f624fd284f90,120269f56f85d3a20a98af043b8faf6b17f5083f7b53db7315323cb1b40ec2e1,121977,479102,1390340,0,479102,108990,55,,,,,,121292,479102,1390340,0,479102,108990,55,42,323,257026,1024260,0.20060002216523087,121943,446322,1357560,0,446322,108984,52,,,,,,121291,446322,1357560,0,446322,108984,52,40,320,224258,1024254,0.1796202199097806,1.0056475282788642,1.0053755018921438,1.000008244634804,1.0002788187923866,-33,2.077883535420612,2.089618441447086,2.078462888398678,2.0896356695880156,2.0163063528370104,2.0168685369393895
case_041,1,97d875b7e79ef0257342689d0c348f86ab591d74dfa9a9c28a72f47abb531491,ab5c67b7b2f8e6bf5fc8e0b879f66cfc4fd5c823fa6c1a4930e6b7dec827e636,ab5c67b7b2f8e6bf5fc8e0b879f66cfc4fd5c823fa6c1a4930e6b7dec827e636,G1_baseline,False,True,True,0,1,0,0,G1_verified_reuse,6003957,1,single,ab5c67b7b2f8e6bf5fc8e0b879f66cfc4fd5c823fa6c1a4930e6b7dec827e636,918beb6f69184516282ba9fe9560b9261a13c4e52ad4ffc74b797ab1aaf937f1,6003957,30898176,35848156,30898176,0,0,0,,,,,,6001575,30898176,35848156,30898176,0,0,0,719,6611,3643392,32203776,0.10163681549404405,6003957,30898176,35848156,30898176,0,0,0,,,,,,6001575,30898176,35848156,30898176,0,0,0,719,6611,3643392,32203776,0.10163681549404405,1.0003968958148486,1.0003968958148486,1.0,1.0,0,1.0,1.0,1.0,1.0,1.0,1.0
case_041,2,97d875b7e79ef0257342689d0c348f86ab591d74dfa9a9c28a72f47abb531491,597848e9d545665bbaea6e08ea8b1d8269017d60bcf1ee7b64b888277303bd11,597848e9d545665bbaea6e08ea8b1d8269017d60bcf1ee7b64b888277303bd11,baseline,False,True,True,0,1,1,0,G1_verified_reuse,6003957,1,single,ab5c67b7b2f8e6bf5fc8e0b879f66cfc4fd5c823fa6c1a4930e6b7dec827e636,918beb6f69184516282ba9fe9560b9261a13c4e52ad4ffc74b797ab1aaf937f1,3714990,24925192,29875172,17703936,7221256,1826820,448,,,,,,3711448,24925192,29875172,17703936,7221256,1826820,448,613,4880,3330048,23250948,0.12527927847398945,3714990,24925192,29875172,17703936,7221256,1826820,448,,,,,,3711448,24925192,29875172,17703936,7221256,1826820,448,613,4880,3330048,23250948,0.12527927847398945,1.0009543445038163,1.0009543445038163,1.0,1.0,0,1.6161435158641073,1.617044075519851,1.6161435158641073,1.617044075519851,1.6161435158641073,1.6161435158641073
case_041,3,97d875b7e79ef0257342689d0c348f86ab591d74dfa9a9c28a72f47abb531491,a54b248a746a98f28a675d08ba82f2b78f5bb2113ee879a3a070a75f3b017e9c,beff07c88e95e3e6badb828e925d2ee1c1f4bfb4029741f8f3775e2465641acd,mapping_locality_one_move,True,True,True,0,1,1,0,new_official_evaluation,6003957,1,single,ab5c67b7b2f8e6bf5fc8e0b879f66cfc4fd5c823fa6c1a4930e6b7dec827e636,918beb6f69184516282ba9fe9560b9261a13c4e52ad4ffc74b797ab1aaf937f1,3304486,103015436,107965416,29940736,73074700,36517894,8923,,,,,,3303843,103015436,107965416,29940736,73074700,36517894,8923,25,13835,89088,57537542,0.0015459519322924141,3293350,103412748,108362728,30319616,73093132,36532230,8927,,,,,,3293350,103412748,108362728,30319616,73093132,36532230,8927,25,13885,86016,57726982,0.0014878315080632904,1.0001946218388706,1.0,1.0031861174791625,1.0033813594060759,-643,1.8169110112737654,1.8165436432663415,1.8230546404117387,1.8223313647198143,1.8169110112737654,1.8230546404117387
case_041,4,97d875b7e79ef0257342689d0c348f86ab591d74dfa9a9c28a72f47abb531491,acb83f9004785972e2f77f49630231c0007b9c0fdde39e8fd4da0cfad443d6ff,acb83f9004785972e2f77f49630231c0007b9c0fdde39e8fd4da0cfad443d6ff,baseline,False,True,True,0,1,1,0,G1_verified_reuse,6003957,1,single,ab5c67b7b2f8e6bf5fc8e0b879f66cfc4fd5c823fa6c1a4930e6b7dec827e636,918beb6f69184516282ba9fe9560b9261a13c4e52ad4ffc74b797ab1aaf937f1,2174064,28411908,33361888,11627520,16784388,2441218,597,,,,,,2174005,28411908,33361888,11627520,16784388,2441218,597,920,5401,4429824,25625602,0.14738849484282804,2174064,28411908,33361888,11627520,16784388,2441218,597,,,,,,2174005,28411908,33361888,11627520,16784388,2441218,597,920,5401,4429824,25625602,0.14738849484282804,1.0000271388520265,1.0000271388520265,1.0,1.0,0,2.761628452520257,2.760607726293178,2.761628452520257,2.760607726293178,2.761628452520257,2.761628452520257
case_041,5,97d875b7e79ef0257342689d0c348f86ab591d74dfa9a9c28a72f47abb531491,e97a058a49270079a2c02f9bd3ce95c7fb4e74cf95a0102d7797258ba305b92f,87b1aeb3708a964bb9d1a53f683637d1fe48d6d584ca438aeebf5a40e2216362,mapping_balanced_one_move,True,True,True,0,1,2,0,new_official_evaluation,6003957,1,single,ab5c67b7b2f8e6bf5fc8e0b879f66cfc4fd5c823fa6c1a4930e6b7dec827e636,918beb6f69184516282ba9fe9560b9261a13c4e52ad4ffc74b797ab1aaf937f1,2112003,30204936,35154916,12973056,17231880,2777092,680,,,,,,2092348,30204936,35154916,12973056,17231880,2777092,680,1153,5440,5984256,25786372,0.18835812751324904,1776988,29224968,34174948,11831296,17393672,2916356,714,,,,,,1775966,29224968,34174948,11831296,17393672,2916356,714,1215,5220,6027264,24837124,0.19528214847480532,1.0093937528556436,1.0005754614671678,1.1781464284789236,1.188529691815589,-18633,2.8427786324167155,2.8683445583621845,3.3787268118861804,3.379329897081363,2.8427786324167155,3.3787268118861804
case_042,1,c098a559bbb2f888a39d47b81fee2e93ae04365d4ce377982758cd3373ac33c5,d2081ece83d9033de97343585d9baf2b53075a3d221e902604363fffe703b529,d2081ece83d9033de97343585d9baf2b53075a3d221e902604363fffe703b529,G1_baseline,False,True,True,0,1,0,0,G1_verified_reuse,1647094,1,b1,9a609e650069f384b55f7d2d2d7a51fd3efddc538bc5ce8b3c92303e07f01934,6349972c3c0be83ece0f1660ebe8d2f3dd79dc8f9df2bc3d8e2e370ed65583b6,1686740,6629376,9018340,6629376,0,0,0,,,,,,1675633,6629376,9018340,6629376,0,0,0,551,1348,2866176,6127392,0.3186917583766532,1686740,6629376,9018340,6629376,0,0,0,,,,,,1675633,6629376,9018340,6629376,0,0,0,551,1348,2866176,6127392,0.3186917583766532,1.0066285397816825,1.0066285397816825,1.0,1.0,0,1.0,1.0,1.0,1.0,0.9764954883384517,0.9764954883384517
case_042,2,c098a559bbb2f888a39d47b81fee2e93ae04365d4ce377982758cd3373ac33c5,1e4c61d813b50290b7829b03ab0468b7c11da1c413edb6fe7058e3760969278a,cac519ac19bbb93f4bb6c1c0b8499498c89ab6bb2a832b2b097ff9d4c827ef45,mapping_locality_one_move,True,True,True,0,1,1,0,new_official_evaluation,1647094,1,b1,9a609e650069f384b55f7d2d2d7a51fd3efddc538bc5ce8b3c92303e07f01934,6349972c3c0be83ece0f1660ebe8d2f3dd79dc8f9df2bc3d8e2e370ed65583b6,987912,17884172,20273136,8314372,9569800,4651012,1106,,,,,,987913,17884172,20273136,8314372,9569800,4651012,1106,21,2664,83712,11402278,0.007288183256297455,971504,17800844,20189808,7921796,9879048,4814852,1146,,,,,,971504,17800844,20189808,7921796,9879048,4814852,1146,12,2652,13824,11394470,0.001211749977691669,0.999998987765117,1.0,1.0168903061644625,1.0168892768326223,1,1.7073787948724177,1.6961341737582156,1.7362151879971672,1.7247823992489995,1.6672476900776587,1.6954062978639306
case_042,3,c098a559bbb2f888a39d47b81fee2e93ae04365d4ce377982758cd3373ac33c5,83a2d5b4e181bc27aa71c4ef103f9e5bd16a3250e7d6f9d9318831af7efa0b2b,e3e84cb0704441b6a37aa4e0f966781888543839754cedfa7041d7b74c2f8616,mapping_locality_one_move,True,True,True,0,1,1,0,new_official_evaluation,1647094,1,b1,9a609e650069f384b55f7d2d2d7a51fd3efddc538bc5ce8b3c92303e07f01934,6349972c3c0be83ece0f1660ebe8d2f3dd79dc8f9df2bc3d8e2e370ed65583b6,718407,17628444,20017408,4913796,12714648,6273036,1504,,,,,,718021,17628444,20017408,4913796,12714648,6273036,1504,15,2623,75904,11234734,0.006710850440090117,714209,17816988,20205952,5106436,12710552,6273036,1504,,,,,,713764,17816988,20205952,5106436,12710552,6273036,1504,14,2648,73856,11329582,0.00647664327196763,1.000537588733477,1.0006234553718036,1.0059641562197028,1.0058778312790795,59,2.347889149187021,2.3336824410428108,2.3616896454679233,2.3476008876883676,2.2927031612999316,2.3061792836550645
case_042,4,c098a559bbb2f888a39d47b81fee2e93ae04365d4ce377982758cd3373ac33c5,fc515f22868e8c7756f17e34c57f6ea9d0f180d120aa3ca18c07335d928c0bb4,9d361ae0481011672c01ef59f13fb3c9eff599c0bb4141081eb4490b7bfd9140,mapping_locality_one_move,True,True,True,0,1,1,0,new_official_evaluation,1647094,1,b1,9a609e650069f384b55f7d2d2d7a51fd3efddc538bc5ce8b3c92303e07f01934,6349972c3c0be83ece0f1660ebe8d2f3dd79dc8f9df2bc3d8e2e370ed65583b6,570782,16601372,18990336,2203648,14397724,7019534,1687,,,,,,570008,16601372,18990336,2203648,14397724,7019534,1687,16,2488,93440,10750766,0.008616582901505191,569622,16710044,19099008,2205824,14504220,7072782,1700,,,,,,568796,16710044,19099008,2205824,14504220,7072782,1700,16,2502,93440,10805678,0.008573170783177134,1.0013578756789379,1.0014521902404376,1.0021308166724099,1.0020364381993674,52,2.9551387394837256,2.9396657590770654,2.9611566968972407,2.945929647887819,2.8856796465200376,2.8915561547833475
case_042,5,c098a559bbb2f888a39d47b81fee2e93ae04365d4ce377982758cd3373ac33c5,fa7830a63086ed77295211865c26b047457a696e58d87ad1849c2bed508696e2,6fa159c6b37c08acea9c1881bc42d2b8afd9986b5e5612e4ed151ea29a3781de,baseline,False,True,True,0,1,1,0,G1_verified_reuse,1647094,1,b1,9a609e650069f384b55f7d2d2d7a51fd3efddc538bc5ce8b3c92303e07f01934,6349972c3c0be83ece0f1660ebe8d2f3dd79dc8f9df2bc3d8e2e370ed65583b6,486817,15667992,18056956,598016,15069976,7304204,1788,,,,,,485853,15667992,18056956,598016,15069976,7304204,1788,23,2386,203136,10229932,0.01947039931111347,486817,15667992,18056956,598016,15069976,7304204,1788,,,,,,485853,15667992,18056956,598016,15069976,7304204,1788,23,2386,203136,10229932,0.01947039931111347,1.00198413923553,1.00198413923553,1.0,1.0,0,3.464833808186649,3.448847696731316,3.464833808186649,3.448847696731316,3.383394581536799,3.383394581536799
case_043,1,23270b8e711405157c6b29fd36a4a182bdccf090b2beb69f63d9580aa22e780c,206834cfb1ea06a7ceafe7103b66b688311a31506fa5a9031848087f753ccc84,206834cfb1ea06a7ceafe7103b66b688311a31506fa5a9031848087f753ccc84,G1_baseline,False,True,True,0,1,0,0,G1_verified_reuse,675648,1,b1,bbf075d954962616e845597616c96ca0485954101abcd6e9c719bc40cee99d7d,6dcceac9d94926b331528ec164669aee1d58ae22dc752716a91191edd82e1ec4,677656,49160,1480282,49160,0,0,0,,,,,,677656,49160,1480282,49160,0,0,0,6,386,49152,1431000,0.03320740032104811,677656,49160,1480282,49160,0,0,0,,,,,,677656,49160,1480282,49160,0,0,0,6,386,49152,1431000,0.03320740032104811,1.0,1.0,1.0,1.0,0,1.0,1.0,1.0,1.0,0.9970368446527441,0.9970368446527441
case_043,2,23270b8e711405157c6b29fd36a4a182bdccf090b2beb69f63d9580aa22e780c,117d58f311bd100a2deaad4fea3b14f25866f585cb870adb00f7d0014849643c,117d58f311bd100a2deaad4fea3b14f25866f585cb870adb00f7d0014849643c,baseline,False,True,True,0,1,1,0,G1_verified_reuse,675648,1,b1,bbf075d954962616e845597616c96ca0485954101abcd6e9c719bc40cee99d7d,6dcceac9d94926b331528ec164669aee1d58ae22dc752716a91191edd82e1ec4,340810,1173006,2604128,98304,1074702,451334,253,,,,,,340755,1173006,2604128,98304,1074702,451334,253,46,646,169984,1933532,0.08080946377398603,340810,1173006,2604128,98304,1074702,451334,253,,,,,,340755,1173006,2604128,98304,1074702,451334,253,46,646,169984,1933532,0.08080946377398603,1.0001614062889759,1.0001614062889759,1.0,1.0,0,1.9883688858894986,1.9886898211324853,1.9883688858894986,1.9886898211324853,1.9824770399929579,1.9824770399929579
case_043,3,23270b8e711405157c6b29fd36a4a182bdccf090b2beb69f63d9580aa22e780c,ce5698687f41c84a3c884f3878dc56dd75f91677d4794865a39fa66ce98bf5e2,5371942a6014d1ba3cf52b342d1664c5a5c6fb25891181d1ab9ae78074632a3f,mapping_locality_one_move,True,True,True,0,1,2,0,new_official_evaluation,675648,1,b1,bbf075d954962616e845597616c96ca0485954101abcd6e9c719bc40cee99d7d,6dcceac9d94926b331528ec164669aee1d58ae22dc752716a91191edd82e1ec4,264491,3342112,4773234,229412,3112700,1461814,930,,,,,,264463,3342112,4773234,229412,3112700,1461814,930,82,1307,272890,2964658,0.08428909779870446,263836,3300896,4732018,229412,3071484,1449398,927,,,,,,263524,3300896,4732018,229412,3071484,1449398,927,80,1305,256378,2952370,0.07989969919731933,1.0001058749239025,1.0011839528847468,1.0035632428165935,1.0024826028290301,284,2.562113644698685,2.562384908285847,2.568474355281311,2.5715153079036446,2.5545217039521195,2.56086356676117
case_043,4,23270b8e711405157c6b29fd36a4a182bdccf090b2beb69f63d9580aa22e780c,2821bdadc3f7039637489aad3a454b6d45b6e9015e0cba411be4aa93dc1143f6,2fd8239419fdee9ddd4d2a5943a99cdda528c3bfc2086f2ad8859eb2ab81f612,baseline,True,True,True,0,1,2,0,new_official_evaluation,675648,1,b1,bbf075d954962616e845597616c96ca0485954101abcd6e9c719bc40cee99d7d,6dcceac9d94926b331528ec164669aee1d58ae22dc752716a91191edd82e1ec4,249011,5862672,7293794,83916,5778756,2532438,1748,,,,,,244783,5862672,7293794,83916,5778756,2532438,1748,272,2008,860736,3875432,0.18173679649877283,247467,5862672,7293794,83916,5778756,2532438,1748,,,,,,243939,5862672,7293794,83916,5778756,2532438,1748,270,2010,779072,3957096,0.1644941649029342,1.017272441305156,1.0144626320514556,1.0034598813637836,1.006239215733815,-700,2.7213898181204845,2.76839486402242,2.738369156291546,2.777973181820045,2.7133259173289535,2.7302549430833203
case_043,5,23270b8e711405157c6b29fd36a4a182bdccf090b2beb69f63d9580aa22e780c,cfa3a19cc20d2ab693641fc20e97c0fb7832adf6c37568c5013257aa414c59d5,5248ed55c8f4eba203089fbbaf85241bb10f385ec91f731af287400e33617a75,mapping_locality_one_move,True,True,True,0,1,1,0,new_official_evaluation,675648,1,b1,bbf075d954962616e845597616c96ca0485954101abcd6e9c719bc40cee99d7d,6dcceac9d94926b331528ec164669aee1d58ae22dc752716a91191edd82e1ec4,222619,4305042,5736164,0,4305042,1947008,1172,,,,,,222762,4305042,5736164,0,4305042,1947008,1172,128,1513,355420,3433610,0.09380237158322842,222607,4239760,5670882,0,4239760,1926656,1161,,,,,,222721,4239760,5670882,0,4239760,1926656,1161,113,1513,308956,3435144,0.08251809513634785,0.9993580592740234,0.9994881488499063,1.000184086817139,1.000053906660617,29,3.0440169078111032,3.042062829387418,3.0441810005974657,3.0426228330512166,3.0349970128335855,3.0351606193875305
case_044,1,9abd4468a4be365e384de47431ac914ee44fd6e7b6221dffc584561f388cd57e,b3a3d432d31479494edec684578b81a56b8d294b44a2049ede0aaefb991fe351,b3a3d432d31479494edec684578b81a56b8d294b44a2049ede0aaefb991fe351,G1_baseline,False,True,True,0,1,0,0,G1_verified_reuse,86416,1,b2a_w16,ecbdaf06dd2fc7408fa9e8c249ad4433650eeb64af803902adc7817221627c2b,0bc7cba39ef7c146a67b2f1e544bf53a9a1b926c7d859f159952f2a4c2d2e8c9,154407,4438112,5413568,4438112,0,0,0,,,,,,107814,4438112,5413568,4438112,0,0,0,216,75,4408416,967776,0.8199885718367201,154407,4438112,5413568,4438112,0,0,0,,,,,,107814,4438112,5413568,4438112,0,0,0,216,75,4408416,967776,0.8199885718367201,1.4321609438477378,1.4321609438477378,1.0,1.0,0,1.0,1.0,1.0,1.0,0.5596637458146327,0.5596637458146327
case_044,2,9abd4468a4be365e384de47431ac914ee44fd6e7b6221dffc584561f388cd57e,9e158390e363004d1e50b04b8b61f9e3ebe4ffd151e2817816a20c11ffdb2c1f,72c92c5464ce55f27cce37611319acb599c4cc16379b78e45e406e7850aefad3,baseline,False,True,True,0,1,0,0,G1_verified_reuse,86416,1,b2a_w16,ecbdaf06dd2fc7408fa9e8c249ad4433650eeb64af803902adc7817221627c2b,0bc7cba39ef7c146a67b2f1e544bf53a9a1b926c7d859f159952f2a4c2d2e8c9,58111,1424480,2399936,238080,1186400,128000,111,,,,,,55027,1424480,2399936,238080,1186400,128000,111,42,196,450880,1790080,0.20119948593459946,58111,1424480,2399936,238080,1186400,128000,111,,,,,,55027,1424480,2399936,238080,1186400,128000,111,42,196,450880,1790080,0.20119948593459946,1.0560452141675905,1.0560452141675905,1.0,1.0,0,2.6571045068919825,1.9592927108510367,2.6571045068919825,1.9592927108510367,1.4870850613481097,1.4870850613481097
case_044,3,9abd4468a4be365e384de47431ac914ee44fd6e7b6221dffc584561f388cd57e,1efe3bf9c2fa3e560fc31b218e1f5e0395fc258ef3d855d4834d24eadc39ed47,9ef2f0114e232d8c7fd08619f66d226496bcde901bc35754cdeead04a2c0da65,baseline,False,True,True,0,1,0,0,G1_verified_reuse,86416,1,b2a_w16,ecbdaf06dd2fc7408fa9e8c249ad4433650eeb64af803902adc7817221627c2b,0bc7cba39ef7c146a67b2f1e544bf53a9a1b926c7d859f159952f2a4c2d2e8c9,58111,1424480,2399936,238080,1186400,128000,111,,,,,,55027,1424480,2399936,238080,1186400,128000,111,42,196,450880,1790080,0.20119948593459946,58111,1424480,2399936,238080,1186400,128000,111,,,,,,55027,1424480,2399936,238080,1186400,128000,111,42,196,450880,1790080,0.20119948593459946,1.0560452141675905,1.0560452141675905,1.0,1.0,0,2.6571045068919825,1.9592927108510367,2.6571045068919825,1.9592927108510367,1.4870850613481097,1.4870850613481097
case_044,4,9abd4468a4be365e384de47431ac914ee44fd6e7b6221dffc584561f388cd57e,c9e684df70771d7c61053945cd8c6364663270bf5d5487b544c5b9c8c0d9e2f0,4fc0d6a70cc255c76661655e315db781a2a26a36474aa996453662d977995d06,baseline,False,True,True,0,1,0,0,G1_verified_reuse,86416,1,b2a_w16,ecbdaf06dd2fc7408fa9e8c249ad4433650eeb64af803902adc7817221627c2b,0bc7cba39ef7c146a67b2f1e544bf53a9a1b926c7d859f159952f2a4c2d2e8c9,58111,1424480,2399936,238080,1186400,128000,111,,,,,,55027,1424480,2399936,238080,1186400,128000,111,42,196,450880,1790080,0.20119948593459946,58111,1424480,2399936,238080,1186400,128000,111,,,,,,55027,1424480,2399936,238080,1186400,128000,111,42,196,450880,1790080,0.20119948593459946,1.0560452141675905,1.0560452141675905,1.0,1.0,0,2.6571045068919825,1.9592927108510367,2.6571045068919825,1.9592927108510367,1.4870850613481097,1.4870850613481097
case_044,5,9abd4468a4be365e384de47431ac914ee44fd6e7b6221dffc584561f388cd57e,c69407f995c10cf7b02e392ce2e49fe10588a96f8c983ba296e9f1cc73ac52e2,c3c94c5f2ec5924aa4861785487e956d27bdc63f70ad4cddd0dd5986d32e1c03,baseline,False,True,True,0,1,0,0,G1_verified_reuse,86416,1,b2a_w16,ecbdaf06dd2fc7408fa9e8c249ad4433650eeb64af803902adc7817221627c2b,0bc7cba39ef7c146a67b2f1e544bf53a9a1b926c7d859f159952f2a4c2d2e8c9,58111,1424480,2399936,238080,1186400,128000,111,,,,,,55027,1424480,2399936,238080,1186400,128000,111,42,196,450880,1790080,0.20119948593459946,58111,1424480,2399936,238080,1186400,128000,111,,,,,,55027,1424480,2399936,238080,1186400,128000,111,42,196,450880,1790080,0.20119948593459946,1.0560452141675905,1.0560452141675905,1.0,1.0,0,2.6571045068919825,1.9592927108510367,2.6571045068919825,1.9592927108510367,1.4870850613481097,1.4870850613481097
case_045,1,64dff8e23ba176573a054ef2dc00a23a3487484bad65cb719acc4f087d611793,76de6b75aa4cb0989adacd898da2af6cc98a843c5ec4f1d68a15b1d0bba7448c,76de6b75aa4cb0989adacd898da2af6cc98a843c5ec4f1d68a15b1d0bba7448c,G1_baseline,False,True,True,0,1,0,0,G1_verified_reuse,125614,1,b0,db0e409fc7362872af8106549c5258d8022649160335d02def8906c5a40079c1,c65876e4fa00c1179cd6258107c7e09bc420a1f2a4bde79eae637e249a504565,125614,0,557056,0,0,0,0,,,,,,125614,0,557056,0,0,0,0,0,68,0,278528,0.0,125614,0,557056,0,0,0,0,,,,,,125614,0,557056,0,0,0,0,0,68,0,278528,0.0,1.0,1.0,1.0,1.0,0,1.0,1.0,1.0,1.0,1.0,1.0
case_045,2,64dff8e23ba176573a054ef2dc00a23a3487484bad65cb719acc4f087d611793,6bc302207ef5ab8f4b2c0fdcf04a4b1a42919301c86925472b3ea44c697270b8,b632b6ea3ae7a774585345f8d3fa9eed842a203a9be331084b526672f53beb91,mapping_locality_one_move,True,True,True,0,1,1,0,new_official_evaluation,125614,1,b0,db0e409fc7362872af8106549c5258d8022649160335d02def8906c5a40079c1,c65876e4fa00c1179cd6258107c7e09bc420a1f2a4bde79eae637e249a504565,78563,94208,651264,0,94208,40960,10,,,,,,78563,94208,651264,0,94208,40960,10,3,78,12288,319488,0.037037037037037035,66813,122880,679936,0,122880,53248,13,,,,,,66813,122880,679936,0,122880,53248,13,4,81,16384,331776,0.047058823529411764,1.0,1.0,1.1758639785670453,1.1758639785670453,0,1.5988951542074514,1.5988951542074514,1.8800832173379431,1.8800832173379431,1.5988951542074514,1.8800832173379431
case_045,3,64dff8e23ba176573a054ef2dc00a23a3487484bad65cb719acc4f087d611793,3d2c0f49b8b559b0ee9be5996b7f731ade55daacc4ba8662ed5f9de6fb9c357b,85374884d34245ce1cccb2033eca1b8049b7b547182b706bf1ea11cfdf45043d,baseline,True,True,True,0,1,1,0,new_official_evaluation,125614,1,b0,db0e409fc7362872af8106549c5258d8022649160335d02def8906c5a40079c1,c65876e4fa00c1179cd6258107c7e09bc420a1f2a4bde79eae637e249a504565,45671,233472,790528,0,233472,106496,26,,,,,,45671,233472,790528,0,233472,106496,26,5,94,20480,385024,0.050505050505050504,43176,233472,790528,0,233472,106496,26,,,,,,43176,233472,790528,0,233472,106496,26,5,94,20480,385024,0.050505050505050504,1.0,1.0,1.057786733370391,1.057786733370391,0,2.7504105449847827,2.7504105449847827,2.9093477858069297,2.9093477858069297,2.7504105449847827,2.9093477858069297
case_045,4,64dff8e23ba176573a054ef2dc00a23a3487484bad65cb719acc4f087d611793,ba89267683b824724d7763512c563d70ee23fffb72b0b18d792459eb6eb43157,522ee457fcd837bdf52ccdedcb1484886fb5c1251e58c9eb0a879f3e41272c69,mapping_locality_one_move,True,True,True,0,1,1,0,new_official_evaluation,125614,1,b0,db0e409fc7362872af8106549c5258d8022649160335d02def8906c5a40079c1,c65876e4fa00c1179cd6258107c7e09bc420a1f2a4bde79eae637e249a504565,39561,352256,909312,0,352256,159744,39,,,,,,39561,352256,909312,0,352256,159744,39,8,107,32768,438272,0.06956521739130435,39561,335872,892928,0,335872,151552,37,,,,,,39561,335872,892928,0,335872,151552,37,8,105,32768,430080,0.07079646017699115,1.0,1.0,1.0,1.0,0,3.175197795809004,3.175197795809004,3.175197795809004,3.175197795809004,3.175197795809004,3.175197795809004
case_045,5,64dff8e23ba176573a054ef2dc00a23a3487484bad65cb719acc4f087d611793,e6bc7038e876b549fd6594abf82f868d4992e2d0b3ded8c0cd3632b47df65071,90062739ff295d34691b5ff8719c4af6c28e73db90ba2382b69fe760e42d43e2,baseline,True,True,True,0,1,1,0,new_official_evaluation,125614,1,b0,db0e409fc7362872af8106549c5258d8022649160335d02def8906c5a40079c1,c65876e4fa00c1179cd6258107c7e09bc420a1f2a4bde79eae637e249a504565,29147,356352,913408,0,356352,167936,41,,,,,,29147,356352,913408,0,356352,167936,41,5,109,20480,446464,0.043859649122807015,27098,356352,913408,0,356352,167936,41,,,,,,27098,356352,913408,0,356352,167936,41,5,109,20480,446464,0.043859649122807015,1.0,1.0,1.075614436489778,1.075614436489778,0,4.309671664322229,4.309671664322229,4.635545058675917,4.635545058675917,4.309671664322229,4.635545058675917
case_046,1,1917fbb2bfe1141fd8dc4bdac6119dd44014df9a13eb18faa3e55f25bcc91659,d1b4a409de9ead0c25c6c667f834ab2bb78ce217c637479ee300c71065e42062,d1b4a409de9ead0c25c6c667f834ab2bb78ce217c637479ee300c71065e42062,G1_baseline,False,True,True,0,1,0,0,G1_verified_reuse,224651,1,b2a_w16,3db42a365156beb3db7f3ee28491a36fac056025c15b01f8b3c86568e8b2be54,2fb510f214127c98bc686a16f262d775e86641019f9005256f2fabffec5b0a80,276455,3176288,4237760,3176288,0,0,0,,,,,,244994,3176288,4237760,3176288,0,0,0,144,64,3120992,1023584,0.7530304668077024,276455,3176288,4237760,3176288,0,0,0,,,,,,244994,3176288,4237760,3176288,0,0,0,144,64,3120992,1023584,0.7530304668077024,1.1284153897646474,1.1284153897646474,1.0,1.0,0,1.0,1.0,1.0,1.0,0.8126132643649057,0.8126132643649057
case_046,2,1917fbb2bfe1141fd8dc4bdac6119dd44014df9a13eb18faa3e55f25bcc91659,03b0ee33a076f18bef19dae4a7e9206b02cd3897c8a22951f2612240fc7da67b,5364aa85eb089716436e7592d89f4a79ce94b971873f64a787cd9edb67fc6137,baseline,False,True,True,0,1,0,0,G1_verified_reuse,224651,1,b2a_w16,3db42a365156beb3db7f3ee28491a36fac056025c15b01f8b3c86568e8b2be54,2fb510f214127c98bc686a16f262d775e86641019f9005256f2fabffec5b0a80,112634,930400,1991872,0,930400,0,0,,,,,,112634,930400,1991872,0,930400,0,0,0,108,0,1926336,0.0,112634,930400,1991872,0,930400,0,0,,,,,,112634,930400,1991872,0,930400,0,0,0,108,0,1926336,0.0,1.0,1.0,1.0,1.0,0,2.4544542500488307,2.175133618623151,2.4544542500488307,2.175133618623151,1.9945220803664967,1.9945220803664967
case_046,3,1917fbb2bfe1141fd8dc4bdac6119dd44014df9a13eb18faa3e55f25bcc91659,cf81d99d66952a8a1ab5681141076b25516d66115f37e8a85be81d1ecea33498,f527d59f0ad7d3d3d6d9f8326f1e9b69083907916b20795c4b266da1e54ffd8c,baseline,True,True,True,0,1,1,0,new_official_evaluation,224651,1,b2a_w16,3db42a365156beb3db7f3ee28491a36fac056025c15b01f8b3c86568e8b2be54,2fb510f214127c98bc686a16f262d775e86641019f9005256f2fabffec5b0a80,93107,2513088,3574560,418816,2094272,116736,35,,,,,,84855,2513088,3574560,418816,2094272,116736,35,89,116,1509504,1882784,0.4449810865115226,80749,2094272,3155744,0,2094272,116736,35,,,,,,79812,2094272,3155744,0,2094272,116736,35,83,110,1422464,1551008,0.47838486456237017,1.0972482470096045,1.0117400892096426,1.0631859870696136,1.1530421429367546,-7315,2.9692182113052725,2.8872075894172413,3.4236337292102688,3.0696386508294493,2.4128261033005036,2.782090180683352
case_046,4,1917fbb2bfe1141fd8dc4bdac6119dd44014df9a13eb18faa3e55f25bcc91659,cd5add5068f098e4cbc29beb40ebea84ead333ccea616d0304c1dad605167e5e,0ba5bb2eeb06e6a8628d938c4d37331e49ee97b3f0054e1fd6b385e8d8050e58,baseline,False,True,True,0,1,0,0,G1_verified_reuse,224651,1,b2a_w16,3db42a365156beb3db7f3ee28491a36fac056025c15b01f8b3c86568e8b2be54,2fb510f214127c98bc686a16f262d775e86641019f9005256f2fabffec5b0a80,80768,2791200,3852672,0,2791200,0,0,,,,,,80768,2791200,3852672,0,2791200,0,0,0,208,0,3787136,0.0,80768,2791200,3852672,0,2791200,0,0,,,,,,80768,2791200,3852672,0,2791200,0,0,0,208,0,3787136,0.0,1.0,1.0,1.0,1.0,0,3.422828347860539,3.033305269413629,3.422828347860539,3.033305269413629,2.7814357171156896,2.7814357171156896
case_046,5,1917fbb2bfe1141fd8dc4bdac6119dd44014df9a13eb18faa3e55f25bcc91659,d7edb66b5a287455e6d51683bdc2a23ef09c66e796404238558fff77ed050671,197b836d8441747462dbca55f150cc4084483ed18a1caa752a8c6d2689405aa1,baseline,False,True,True,0,1,0,0,G1_verified_reuse,224651,1,b2a_w16,3db42a365156beb3db7f3ee28491a36fac056025c15b01f8b3c86568e8b2be54,2fb510f214127c98bc686a16f262d775e86641019f9005256f2fabffec5b0a80,80768,2791200,3852672,0,2791200,0,0,,,,,,80768,2791200,3852672,0,2791200,0,0,0,208,0,3787136,0.0,80768,2791200,3852672,0,2791200,0,0,,,,,,80768,2791200,3852672,0,2791200,0,0,0,208,0,3787136,0.0,1.0,1.0,1.0,1.0,0,3.422828347860539,3.033305269413629,3.422828347860539,3.033305269413629,2.7814357171156896,2.7814357171156896
case_047,1,7c6328650b8e50e4d15a0ddf1ad0715a40d64d51f3c86c2c3b9c22e4cbb6a83f,f7e1451d3131a66cc5afa7e72d3c97a91aed2d8c45f1d862e42f266e9478e13c,f7e1451d3131a66cc5afa7e72d3c97a91aed2d8c45f1d862e42f266e9478e13c,G1_baseline,False,True,True,0,1,0,0,G1_verified_reuse,324476,1,b2a_w4,c2da2c260b115d4be8f2dad9da85a06569c67f2a8b3abdd9707871fc11c2998e,f7bedb8a076f85f91eb5f9c214b76d4620c5ae6f755d8f72cb74b508f6bd2ebb,326508,0,463942,0,0,0,0,,,,,,326508,0,463942,0,0,0,0,0,271,0,457286,0.0,326508,0,463942,0,0,0,0,,,,,,326508,0,463942,0,0,0,0,0,271,0,457286,0.0,1.0,1.0,1.0,1.0,0,1.0,1.0,1.0,1.0,0.9937765690274052,0.9937765690274052
case_047,2,7c6328650b8e50e4d15a0ddf1ad0715a40d64d51f3c86c2c3b9c22e4cbb6a83f,074667288eb4d9542aa7c185abdf1f13a3f8663a07f0f62201e81d43146c30c3,17d276295c89351ff53637661545a6834835d421b5cba2776843e914cbcccd95,baseline,True,True,True,0,1,1,0,new_official_evaluation,324476,1,b2a_w4,c2da2c260b115d4be8f2dad9da85a06569c67f2a8b3abdd9707871fc11c2998e,f7bedb8a076f85f91eb5f9c214b76d4620c5ae6f755d8f72cb74b508f6bd2ebb,250591,557764,1021706,0,557764,246592,626,,,,,,250591,557764,1021706,0,557764,246592,626,39,897,64580,703878,0.08403842500175676,250172,557764,1021706,0,557764,246592,626,,,,,,250172,557764,1021706,0,557764,246592,626,39,897,64580,703878,0.08403842500175676,1.0,1.0,1.0016748477047792,1.0016748477047792,0,1.302951821893045,1.302951821893045,1.30513406776138,1.30513406776138,1.2948429911688768,1.2970116559806852
case_047,3,7c6328650b8e50e4d15a0ddf1ad0715a40d64d51f3c86c2c3b9c22e4cbb6a83f,da464e75dc324972e84f93e47dbe597b0f86a64670f1024a28fbbe13d77d3ec2,d426101e36bf38ea57d26969a521c4d97777528358ebf9ee3bcf0a392fa53797,baseline,False,True,True,0,1,2,0,G1_verified_reuse,324476,1,b2a_w4,c2da2c260b115d4be8f2dad9da85a06569c67f2a8b3abdd9707871fc11c2998e,f7bedb8a076f85f91eb5f9c214b76d4620c5ae6f755d8f72cb74b508f6bd2ebb,230393,849672,1313614,0,849672,361280,906,,,,,,230391,849672,1313614,0,849672,361280,906,140,1113,156360,789318,0.16534169135794635,230393,849672,1313614,0,849672,361280,906,,,,,,230391,849672,1313614,0,849672,361280,906,140,1113,156360,789318,0.16534169135794635,1.0000086808946531,1.0000086808946531,1.0,1.0,0,1.4171784733043105,1.4171907756813418,1.4171784733043105,1.4171907756813418,1.4083587608998538,1.4083587608998538
case_047,4,7c6328650b8e50e4d15a0ddf1ad0715a40d64d51f3c86c2c3b9c22e4cbb6a83f,76be45f25215cb4cb922fa5dfe130c29064a8428718cba128b7a7ec72afa145c,3b540264d003d64aa46c48ad719e69e83e3895ce7f6e177a46b227039f8dea29,baseline,False,True,True,0,1,1,0,G1_verified_reuse,324476,1,b2a_w4,c2da2c260b115d4be8f2dad9da85a06569c67f2a8b3abdd9707871fc11c2998e,f7bedb8a076f85f91eb5f9c214b76d4620c5ae6f755d8f72cb74b508f6bd2ebb,209241,1084300,1548242,0,1084300,447584,1194,,,,,,209240,1084300,1548242,0,1084300,447584,1194,221,1357,234508,859494,0.2143579262195133,209241,1084300,1548242,0,1084300,447584,1194,,,,,,209240,1084300,1548242,0,1084300,447584,1194,221,1357,234508,859494,0.2143579262195133,1.0000047792009177,1.0000047792009177,1.0,1.0,0,1.560439875550203,1.560447333205888,1.560439875550203,1.560447333205888,1.5507285856978317,1.5507285856978317
case_047,5,7c6328650b8e50e4d15a0ddf1ad0715a40d64d51f3c86c2c3b9c22e4cbb6a83f,69779e522c113ad67a93415b500016066c74f65c1ad1a8bb0af8b51e1162b307,863bf7b0201c6c465109275110d21bb5303933235f5121805916cb34309ca82c,baseline,False,True,True,0,1,2,0,G1_verified_reuse,324476,1,b2a_w4,c2da2c260b115d4be8f2dad9da85a06569c67f2a8b3abdd9707871fc11c2998e,f7bedb8a076f85f91eb5f9c214b76d4620c5ae6f755d8f72cb74b508f6bd2ebb,201442,1304976,1768918,0,1304976,527168,1370,,,,,,201403,1304976,1768918,0,1304976,527168,1370,366,1424,347216,887878,0.2811251613237535,201442,1304976,1768918,0,1304976,527168,1370,,,,,,201403,1304976,1768918,0,1304976,527168,1370,366,1424,347216,887878,0.2811251613237535,1.0001936416041468,1.0001936416041468,1.0,1.0,0,1.6208536452179785,1.6211675099179257,1.6208536452179785,1.6211675099179257,1.6107663744402856,1.6107663744402856
case_048,1,9932aaca8ab23d020c5f5102fa3d436dd3cdf3ca8d1ee458d4c235c556c11764,d32b77f9856f8edd942e118b95e1add14c4d2f74b57071e96654e1e5164d715a,d32b77f9856f8edd942e118b95e1add14c4d2f74b57071e96654e1e5164d715a,G1_baseline,False,True,True,0,1,0,0,G1_verified_reuse,221137,1,b2a_w4,aad8c9601919f45a369bc0bda075cceffb4b0f5a836d3dfa797ccac759749630,67a3763f6aab8d1257e74a5060b1bf3d581fe69ce63a8f7ef053225adfc10fae,222220,0,414790,0,0,0,0,,,,,,222220,0,414790,0,0,0,0,0,169,0,410182,0.0,222220,0,414790,0,0,0,0,,,,,,222220,0,414790,0,0,0,0,0,169,0,410182,0.0,1.0,1.0,1.0,1.0,0,1.0,1.0,1.0,1.0,0.9951264512645126,0.9951264512645126
case_048,2,9932aaca8ab23d020c5f5102fa3d436dd3cdf3ca8d1ee458d4c235c556c11764,ba25ce5c5e3c87d5ce9ee27f1c97a4d4aa12cb54b7204667f77e68aa8dac2a7b,17f95f1b0f0e3d57fbc2217f3ce0dc827bd24d9a99a08afdc47a54efb617d6b2,baseline,False,True,True,0,1,1,0,G1_verified_reuse,221137,1,b2a_w4,aad8c9601919f45a369bc0bda075cceffb4b0f5a836d3dfa797ccac759749630,67a3763f6aab8d1257e74a5060b1bf3d581fe69ce63a8f7ef053225adfc10fae,164258,325572,740362,0,325572,121792,113,,,,,,164258,325572,740362,0,325572,121792,113,30,283,81924,532038,0.13343496828793963,164258,325572,740362,0,325572,121792,113,,,,,,164258,325572,740362,0,325572,121792,113,30,283,81924,532038,0.13343496828793963,1.0,1.0,1.0,1.0,0,1.3528717018349183,1.3528717018349183,1.3528717018349183,1.3528717018349183,1.346278415663164,1.346278415663164
case_048,3,9932aaca8ab23d020c5f5102fa3d436dd3cdf3ca8d1ee458d4c235c556c11764,edba03455b0f8e58761ab3810e23bf0e89aeff9931ac95467178b8cb47689b8e,52186245c17a23c8193a37780e6b27e144c557ae3c7af6eef61015e7e8f76ca6,baseline,True,True,True,0,1,1,0,new_official_evaluation,221137,1,b2a_w4,aad8c9601919f45a369bc0bda075cceffb4b0f5a836d3dfa797ccac759749630,67a3763f6aab8d1257e74a5060b1bf3d581fe69ce63a8f7ef053225adfc10fae,151763,487976,902766,0,487976,202704,203,,,,,,151760,487976,902766,0,487976,202704,203,63,344,116168,579286,0.16703908525941327,151763,487976,902766,0,487976,202704,203,,,,,,151760,487976,902766,0,487976,202704,203,62,345,114120,581334,0.1640942463484285,1.0000197680548235,1.0000197680548235,1.0,1.0,0,1.4642567687776336,1.4642857142857142,1.4642567687776336,1.4642857142857142,1.4571206420537286,1.4571206420537286
case_048,4,9932aaca8ab23d020c5f5102fa3d436dd3cdf3ca8d1ee458d4c235c556c11764,1e9210e3504e35bc885b18a51b13d0fb75444e611a269c99804ac34cee5945ee,18fc3288286a1c3fd7c485a9c61865732c9fdec55832e146b9cef152ba65158e,baseline,True,True,True,0,1,1,0,new_official_evaluation,221137,1,b2a_w4,aad8c9601919f45a369bc0bda075cceffb4b0f5a836d3dfa797ccac759749630,67a3763f6aab8d1257e74a5060b1bf3d581fe69ce63a8f7ef053225adfc10fae,151763,487976,902766,0,487976,202704,203,,,,,,151760,487976,902766,0,487976,202704,203,63,344,116168,579286,0.16703908525941327,151763,487976,902766,0,487976,202704,203,,,,,,151760,487976,902766,0,487976,202704,203,62,345,114120,581334,0.1640942463484285,1.0000197680548235,1.0000197680548235,1.0,1.0,0,1.4642567687776336,1.4642857142857142,1.4642567687776336,1.4642857142857142,1.4571206420537286,1.4571206420537286
case_048,5,9932aaca8ab23d020c5f5102fa3d436dd3cdf3ca8d1ee458d4c235c556c11764,882c89d4b5155a98a28936a0f41fa42002305869563b60d64ac19964be56cb9b,4c96cd02349eec5cb26184c64f34bd8bdeeca427d15ed7f1de2793561723ca29,baseline,True,True,True,0,1,1,0,new_official_evaluation,221137,1,b2a_w4,aad8c9601919f45a369bc0bda075cceffb4b0f5a836d3dfa797ccac759749630,67a3763f6aab8d1257e74a5060b1bf3d581fe69ce63a8f7ef053225adfc10fae,151763,487976,902766,0,487976,202704,203,,,,,,151760,487976,902766,0,487976,202704,203,63,344,116168,579286,0.16703908525941327,151763,487976,902766,0,487976,202704,203,,,,,,151760,487976,902766,0,487976,202704,203,62,345,114120,581334,0.1640942463484285,1.0000197680548235,1.0000197680548235,1.0,1.0,0,1.4642567687776336,1.4642857142857142,1.4642567687776336,1.4642857142857142,1.4571206420537286,1.4571206420537286
case_049,1,444854fe118a208ddfa10fa0ddd48d7b5e6cfd3780a8049f2145fc1a9b674a08,2186478cd6f24e1941a013639c9a52be08c5349cdf117842cedcedee1ff4f6dc,2186478cd6f24e1941a013639c9a52be08c5349cdf117842cedcedee1ff4f6dc,G1_baseline,False,True,True,0,1,0,0,G1_verified_reuse,195713,1,b0,f9e4474893ca6da8635233b001b83674231a4290316884687189288bc6a24db4,b1d0de0cdc560af89e870eed5c6bb4d848a1d3ea00e80f273689b89623be57dc,196276,0,152540,0,0,0,0,,,,,,196276,0,152540,0,0,0,0,0,144,0,152504,0.0,196276,0,152540,0,0,0,0,,,,,,196276,0,152540,0,0,0,0,0,144,0,152504,0.0,1.0,1.0,1.0,1.0,0,1.0,1.0,1.0,1.0,0.9971315902097047,0.9971315902097047
case_049,2,444854fe118a208ddfa10fa0ddd48d7b5e6cfd3780a8049f2145fc1a9b674a08,0d9b3df68172cb15787716b3b26efa07092340495ff6203c047781ed0329712e,09330b3a6a11bb4eda27fa9b14784d80f9521a8ac5c0ba0708b4f5c0d954dfe6,mapping_locality_one_move,True,True,True,0,1,1,0,new_official_evaluation,195713,1,b0,f9e4474893ca6da8635233b001b83674231a4290316884687189288bc6a24db4,b1d0de0cdc560af89e870eed5c6bb4d848a1d3ea00e80f273689b89623be57dc,120499,1396528,1549068,0,1396528,686166,501,,,,,,120478,1396528,1549068,0,1396528,686166,501,24,645,24196,838670,0.02804143401177008,120187,1365816,1518356,0,1365816,673882,497,,,,,,120187,1365816,1518356,0,1365816,673882,497,21,641,18052,826386,0.021377531565372473,1.0001743056823653,1.0,1.0024212269213808,1.0025959546373568,-21,1.6288599905393406,1.629143910091469,1.6330884371853862,1.6330884371853862,1.6241877525954573,1.6284040703237455
case_049,3,444854fe118a208ddfa10fa0ddd48d7b5e6cfd3780a8049f2145fc1a9b674a08,fa8e3b034cd8e07bf3cb4f42c92a84fe0b904d5ccb3656ebc0a41ed86b565aa9,e88521d6fc4c6604abc8d965ea9fbd65bc90551d6b5452149fee26bf359ad735,mapping_locality_one_move,True,True,True,0,1,1,0,new_official_evaluation,195713,1,b0,f9e4474893ca6da8635233b001b83674231a4290316884687189288bc6a24db4,b1d0de0cdc560af89e870eed5c6bb4d848a1d3ea00e80f273689b89623be57dc,97824,1650932,1803472,0,1650932,806134,637,,,,,,97823,1650932,1803472,0,1650932,806134,637,81,743,69608,927694,0.06979631044558218,97465,1674224,1826764,0,1674224,817524,644,,,,,,97465,1674224,1826764,0,1674224,817524,644,82,750,70120,939084,0.06948050146452055,1.0000102225448002,1.0,1.0036731134253323,1.003683373518699,-1,2.0064196925089957,2.006440203224191,2.0138100856717798,2.0138100856717798,2.000664458619562,2.0080336531062435
case_049,4,444854fe118a208ddfa10fa0ddd48d7b5e6cfd3780a8049f2145fc1a9b674a08,5d30da04bf07d538bcba45c6a52731ff3ecff3bd6629b4d255092246ae377208,87de0dcfc6bfcd80d7ce598e4c10a7667e73a92b3f624a18b9ca3a278bfe1219,mapping_locality_one_move,True,True,True,0,1,1,0,new_official_evaluation,195713,1,b0,f9e4474893ca6da8635233b001b83674231a4290316884687189288bc6a24db4,b1d0de0cdc560af89e870eed5c6bb4d848a1d3ea00e80f273689b89623be57dc,86219,2250304,2402844,0,2250304,1094042,817,,,,,,85900,2250304,2402844,0,2250304,1094042,817,128,898,115756,1193010,0.0884466741953871,85760,2242120,2394660,0,2242120,1094046,819,,,,,,85545,2242120,2394660,0,2242120,1094046,819,127,897,110636,1189942,0.08506679337955894,1.0037136204889405,1.002513297095096,1.0041498626453913,1.0053521455223882,-104,2.276481981929737,2.2849359720605356,2.2886660447761193,2.2944181424981003,2.269952098725339,2.282101212686567
case_049,5,444854fe118a208ddfa10fa0ddd48d7b5e6cfd3780a8049f2145fc1a9b674a08,d32ff6a6f2c1d082b860cde040260e04fb5aefe56a97a1f830e21c83828adb32,aa760b7a2a3fc4525b78e629465619ea2e975b25302846bfd46659445b2f85f6,mapping_balanced_one_move,True,True,True,0,1,2,0,new_official_evaluation,195713,1,b0,f9e4474893ca6da8635233b001b83674231a4290316884687189288bc6a24db4,b1d0de0cdc560af89e870eed5c6bb4d848a1d3ea00e80f273689b89623be57dc,84557,2413584,2566124,0,2413584,1179072,909,,,,,,83290,2413584,2566124,0,2413584,1179072,909,163,961,134608,1252408,0.09704862813406623,84539,2410896,2563436,0,2410896,1178304,908,,,,,,83283,2410896,2563436,0,2410896,1178304,908,161,961,132432,1252664,0.09561214529534415,1.0152119101933006,1.01508110898983,1.000084050766663,1.0002129194809497,-11,2.321227101245314,2.356537399447713,2.3217213357148774,2.3567354682228068,2.314568870702603,2.315061687505175
case_050,1,3b6b1abd65fbfbb2a40972bdbd643c43107c4b232512741740ff351c366367aa,f13b23adc8986223c3ed16bd5199b6a24e63786f325ffabaacedaa6a1d3a2149,f13b23adc8986223c3ed16bd5199b6a24e63786f325ffabaacedaa6a1d3a2149,G1_baseline,False,True,True,0,1,0,0,G1_verified_reuse,149095,1,b0,78a5ea4d3e343c48c492b94bd1df88b5a3af76412bd904326f6258f2a9e30f5e,23dfea0aa2883add0da7547b6cc5628ac311df0f5e6cd553a84cf7fc975751fc,149690,0,319376,0,0,0,0,,,,,,149690,0,319376,0,0,0,0,0,188,0,319300,0.0,149690,0,319376,0,0,0,0,,,,,,149690,0,319376,0,0,0,0,0,188,0,319300,0.0,1.0,1.0,1.0,1.0,0,1.0,1.0,1.0,1.0,0.9960251185783954,0.9960251185783954
case_050,2,3b6b1abd65fbfbb2a40972bdbd643c43107c4b232512741740ff351c366367aa,55c4225922e27af0ffb0257522cb5e8f413ba5106c32979435ca2d91daca3a73,7be59ffafb53453b74656fe152367805c5a15203d86d37576477d8b675529268,baseline,True,True,True,1,1,1,0,new_official_evaluation,149095,1,b0,78a5ea4d3e343c48c492b94bd1df88b5a3af76412bd904326f6258f2a9e30f5e,23dfea0aa2883add0da7547b6cc5628ac311df0f5e6cd553a84cf7fc975751fc,81891,1176512,1495888,0,1176512,551134,696,,,,,,81855,1176512,1495888,0,1176512,551134,696,36,884,74244,870434,0.07859185881326759,81210,1176512,1495888,0,1176512,551134,696,,,,,,81210,1176512,1495888,0,1176512,551134,696,36,884,74244,870434,0.07859185881326759,1.00043980208906,1.0,1.0079423716291098,1.0083856667898041,-36,1.827917597782418,1.8287215197605522,1.8432459056766408,1.8432459056766408,1.8206518420827686,1.8359192217707179
case_050,3,3b6b1abd65fbfbb2a40972bdbd643c43107c4b232512741740ff351c366367aa,47d7bee95602e7f125c9f27df872b069fce5da793a13d59e0b4466a7cbba3b6a,3bcea5058bdaddf08f208cf14ed337a62bd84eaa4dc5348de5919f7260df9d86,mapping_locality_one_move,True,True,True,1,1,1,0,new_official_evaluation,149095,1,b0,78a5ea4d3e343c48c492b94bd1df88b5a3af76412bd904326f6258f2a9e30f5e,23dfea0aa2883add0da7547b6cc5628ac311df0f5e6cd553a84cf7fc975751fc,53248,1479980,1799356,0,1479980,652562,908,,,,,,53236,1479980,1799356,0,1479980,652562,908,112,1055,197736,948982,0.17243646650702266,53488,1518884,1838260,0,1518884,680206,911,,,,,,53031,1518884,1838260,0,1518884,680206,911,111,1057,182376,975602,0.15749522011644435,1.0002254113757607,1.008617601025815,1.0038656634798515,0.9955130122644331,445,2.8111853966346154,2.8118190698023895,2.798571642237511,2.8226886160924742,2.8000112680288463,2.7874476518097517
case_050,4,3b6b1abd65fbfbb2a40972bdbd643c43107c4b232512741740ff351c366367aa,c58243fde1a467b550873fe0d477715832c66d28e21b728aabb286cd16f9f8a2,f721798f7e612c18939965ccc50ab685c657be118ce747dc6d8225c811bb525b,mapping_locality_one_move,True,True,True,1,1,1,0,new_official_evaluation,149095,1,b0,78a5ea4d3e343c48c492b94bd1df88b5a3af76412bd904326f6258f2a9e30f5e,23dfea0aa2883add0da7547b6cc5628ac311df0f5e6cd553a84cf7fc975751fc,46748,1747432,2066808,0,1747432,761838,1001,,,,,,44398,1747432,2066808,0,1747432,761838,1001,220,1087,282156,1022738,0.21622905768591166,46048,1706472,2025848,0,1706472,745454,999,,,,,,43595,1706472,2025848,0,1706472,745454,999,217,1087,272940,1007378,0.21318141274277172,1.0529303121762241,1.0562679206331,1.0184195435256336,1.0152015288394718,103,3.202062120304612,3.3715482679399975,3.250738359972203,3.433650648010093,3.189334303071789,3.237817060458652
case_050,5,3b6b1abd65fbfbb2a40972bdbd643c43107c4b232512741740ff351c366367aa,403bd50b13751613e7a95776492d7dac691be59e16531e9aabcef06cb15623ea,fcf91a8d9f49a48cc758b15a15f255a5a1f126bac71fddd2ef5c8ab3e179775b,baseline,True,True,True,1,1,1,0,new_official_evaluation,149095,1,b0,78a5ea4d3e343c48c492b94bd1df88b5a3af76412bd904326f6258f2a9e30f5e,23dfea0aa2883add0da7547b6cc5628ac311df0f5e6cd553a84cf7fc975751fc,42140,1696052,2015428,0,1696052,720914,1089,,,,,,39979,1696052,2015428,0,1696052,720914,1089,286,1136,305008,989430,0.23562967094600126,42790,1696052,2015428,0,1696052,720914,1089,,,,,,39562,1696052,2015428,0,1696052,720914,1089,300,1122,322928,971510,0.24947351669218612,1.0540533780234622,1.0815934482584297,1.010540417572418,0.9848095349380697,1067,3.5522069292833414,3.744215713249456,3.4982472540313156,3.7836813103483142,3.538087327954438,3.4843421360130873
case_051,1,884e8b12ac1f7a9b569958909680e8c2f6055966a59c9f929ffd5cee48aae43b,d2a74eed1ca12d1890a92f6146eeff44c75d533e1a44afdef3274970662eddd5,d2a74eed1ca12d1890a92f6146eeff44c75d533e1a44afdef3274970662eddd5,G1_baseline,False,True,True,0,1,0,0,G1_verified_reuse,607628,1,b0,af7fb4cc46ab2a168a0a0863c0c9cdb77488d21223138be846c17049d1559c2c,d9b9b3be58373c368eed5d5d186f3af2f676b1d1a214a718144f58565f6b41f7,607628,0,393218,0,0,0,0,,,,,,607628,0,393218,0,0,0,0,0,12,0,393216,0.0,607628,0,393218,0,0,0,0,,,,,,607628,0,393218,0,0,0,0,0,12,0,393216,0.0,1.0,1.0,1.0,1.0,0,1.0,1.0,1.0,1.0,1.0,1.0
case_051,2,884e8b12ac1f7a9b569958909680e8c2f6055966a59c9f929ffd5cee48aae43b,4186cb12a266bc82b735c8c96b121ef2f9813feb159d438ad576a7fb66b374b4,996d3048c2cadac37a0e74578454ee0d64fded26806f0444d715047a1608a1c2,baseline,False,True,True,0,1,0,0,G1_verified_reuse,607628,1,b0,af7fb4cc46ab2a168a0a0863c0c9cdb77488d21223138be846c17049d1559c2c,d9b9b3be58373c368eed5d5d186f3af2f676b1d1a214a718144f58565f6b41f7,607628,0,393218,0,0,0,0,,,,,,607628,0,393218,0,0,0,0,0,12,0,393216,0.0,607628,0,393218,0,0,0,0,,,,,,607628,0,393218,0,0,0,0,0,12,0,393216,0.0,1.0,1.0,1.0,1.0,0,1.0,1.0,1.0,1.0,1.0,1.0
case_051,3,884e8b12ac1f7a9b569958909680e8c2f6055966a59c9f929ffd5cee48aae43b,899878f13dbee2c47afe75633117c053a1cc9243347e657e7c0c1e5eccc8ee59,3fe1bcbabeaac2b21492a2b2e9caa2941542c9f1baa8af9c76d753dbc97bad5d,baseline,False,True,True,0,1,0,0,G1_verified_reuse,607628,1,b0,af7fb4cc46ab2a168a0a0863c0c9cdb77488d21223138be846c17049d1559c2c,d9b9b3be58373c368eed5d5d186f3af2f676b1d1a214a718144f58565f6b41f7,607628,0,393218,0,0,0,0,,,,,,607628,0,393218,0,0,0,0,0,12,0,393216,0.0,607628,0,393218,0,0,0,0,,,,,,607628,0,393218,0,0,0,0,0,12,0,393216,0.0,1.0,1.0,1.0,1.0,0,1.0,1.0,1.0,1.0,1.0,1.0
case_051,4,884e8b12ac1f7a9b569958909680e8c2f6055966a59c9f929ffd5cee48aae43b,a505e60e9f1bafbc6efe6a088bd395d88ce5a33b60368a3cc6756518da22df02,d2e54558c30e04888e869361c6b78f31fec01bbb2f9b9a9b8bc04c996c898774,baseline,False,True,True,0,1,0,0,G1_verified_reuse,607628,1,b0,af7fb4cc46ab2a168a0a0863c0c9cdb77488d21223138be846c17049d1559c2c,d9b9b3be58373c368eed5d5d186f3af2f676b1d1a214a718144f58565f6b41f7,607628,0,393218,0,0,0,0,,,,,,607628,0,393218,0,0,0,0,0,12,0,393216,0.0,607628,0,393218,0,0,0,0,,,,,,607628,0,393218,0,0,0,0,0,12,0,393216,0.0,1.0,1.0,1.0,1.0,0,1.0,1.0,1.0,1.0,1.0,1.0
case_051,5,884e8b12ac1f7a9b569958909680e8c2f6055966a59c9f929ffd5cee48aae43b,ce0fbf0c2559dd286b12fe4ef23a4006f150a8dfdfc801e0f01de90f44562900,a46a2eb117d6d74e96640f70037ebc61764e986036dc625fd89da68c8fbcb243,baseline,False,True,True,0,1,0,0,G1_verified_reuse,607628,1,b0,af7fb4cc46ab2a168a0a0863c0c9cdb77488d21223138be846c17049d1559c2c,d9b9b3be58373c368eed5d5d186f3af2f676b1d1a214a718144f58565f6b41f7,607628,0,393218,0,0,0,0,,,,,,607628,0,393218,0,0,0,0,0,12,0,393216,0.0,607628,0,393218,0,0,0,0,,,,,,607628,0,393218,0,0,0,0,0,12,0,393216,0.0,1.0,1.0,1.0,1.0,0,1.0,1.0,1.0,1.0,1.0,1.0
case_052,1,6196e8c72258ff26d0ab4dcee50c4f5b39f78142729a2223cfcbd4a9181ab7d0,6b8c8232d352f6d96992aafb05307949def8c3395f86a8e75b0dae291f2ecf40,6b8c8232d352f6d96992aafb05307949def8c3395f86a8e75b0dae291f2ecf40,G1_baseline,False,True,True,0,1,0,0,G1_verified_reuse,179681,1,b0,8997abcf8a5e2de26e2f6735982a71588293ef31bbe2b3747302b8bbcf90400d,06facf010ee9400dcd6f4d29dc301c3c45ba3ac76a833d391ecfa3abf672e415,180301,0,810204,0,0,0,0,,,,,,180301,0,810204,0,0,0,0,0,259,0,810044,0.0,180301,0,810204,0,0,0,0,,,,,,180301,0,810204,0,0,0,0,0,259,0,810044,0.0,1.0,1.0,1.0,1.0,0,1.0,1.0,1.0,1.0,0.9965613058163848,0.9965613058163848
case_052,2,6196e8c72258ff26d0ab4dcee50c4f5b39f78142729a2223cfcbd4a9181ab7d0,b3629add6431447edb553e454f117ecf55052fc393129d84c5d69930c91161ec,b3629add6431447edb553e454f117ecf55052fc393129d84c5d69930c91161ec,baseline,False,True,True,0,1,1,0,G1_verified_reuse,179681,1,b0,8997abcf8a5e2de26e2f6735982a71588293ef31bbe2b3747302b8bbcf90400d,06facf010ee9400dcd6f4d29dc301c3c45ba3ac76a833d391ecfa3abf672e415,96545,1204196,2014400,9216,1194980,545010,199,,,,,,96545,1204196,2014400,9216,1194980,545010,199,36,459,104960,1359662,0.07166354185585086,96545,1204196,2014400,9216,1194980,545010,199,,,,,,96545,1204196,2014400,9216,1194980,545010,199,36,459,104960,1359662,0.07166354185585086,1.0,1.0,1.0,1.0,0,1.8675332746387694,1.8675332746387694,1.8675332746387694,1.8675332746387694,1.8611113988295613,1.8611113988295613
case_052,3,6196e8c72258ff26d0ab4dcee50c4f5b39f78142729a2223cfcbd4a9181ab7d0,4c270104bd36795b031db72db1c9b7ec3f9eadfe0e5cd1516765f7ce0f092990,4c270104bd36795b031db72db1c9b7ec3f9eadfe0e5cd1516765f7ce0f092990,baseline,False,True,True,0,1,1,0,G1_verified_reuse,179681,1,b0,8997abcf8a5e2de26e2f6735982a71588293ef31bbe2b3747302b8bbcf90400d,06facf010ee9400dcd6f4d29dc301c3c45ba3ac76a833d391ecfa3abf672e415,69389,1827640,2637844,0,1827640,832412,275,,,,,,69389,1827640,2637844,0,1827640,832412,275,27,539,152064,1653208,0.08423329005269012,69389,1827640,2637844,0,1827640,832412,275,,,,,,69389,1827640,2637844,0,1827640,832412,275,27,539,152064,1653208,0.08423329005269012,1.0,1.0,1.0,1.0,0,2.5984089697214254,2.5984089697214254,2.5984089697214254,2.5984089697214254,2.589473835910591,2.589473835910591
case_052,4,6196e8c72258ff26d0ab4dcee50c4f5b39f78142729a2223cfcbd4a9181ab7d0,8676716b8841c63654ead637d466ac93f79cc539db5bc924c55c69654bc6ba49,2f6125f9a7ec3e7306d1362c780315102314242e2d6f3250baaa750b12d6cc0d,mapping_locality_one_move,True,True,True,0,1,1,0,new_official_evaluation,179681,1,b0,8997abcf8a5e2de26e2f6735982a71588293ef31bbe2b3747302b8bbcf90400d,06facf010ee9400dcd6f4d29dc301c3c45ba3ac76a833d391ecfa3abf672e415,62274,2080652,2890856,0,2080652,950854,309,,,,,,61006,2080652,2890856,0,2080652,950854,309,19,583,124672,1815170,0.06426915181751916,58628,2035340,2845544,0,2035340,928582,304,,,,,,58545,2035340,2845544,0,2035340,928582,304,16,580,109568,1807234,0.057161876917908055,1.0207848408353277,1.0014177128704416,1.0420360406524896,1.0621887152896228,-1185,2.8952853518322255,2.9554633970429136,3.0753394282595345,3.079699376547955,2.885329350932974,3.064764276454936
case_052,5,6196e8c72258ff26d0ab4dcee50c4f5b39f78142729a2223cfcbd4a9181ab7d0,645a818c58e1281a07f440b14f20315d9176102f4ff16e5809a24954f7de93d7,645a818c58e1281a07f440b14f20315d9176102f4ff16e5809a24954f7de93d7,baseline,False,True,True,0,1,1,0,G1_verified_reuse,179681,1,b0,8997abcf8a5e2de26e2f6735982a71588293ef31bbe2b3747302b8bbcf90400d,06facf010ee9400dcd6f4d29dc301c3c45ba3ac76a833d391ecfa3abf672e415,57870,2199428,3009632,0,2199428,967106,330,,,,,,55471,2199428,3009632,0,2199428,967106,330,57,592,258304,1784062,0.126472924049852,57870,2199428,3009632,0,2199428,967106,330,,,,,,55471,2199428,3009632,0,2199428,967106,330,57,592,258304,1784062,0.126472924049852,1.0432478231868905,1.0432478231868905,1.0,1.0,0,3.1156212199758078,3.2503650556146453,3.1156212199758078,3.2503650556146453,3.104907551408329,3.104907551408329
case_053,1,f3593af4c9aa960385c5fdfaf8ad98c396f05746d9e1fe6cc731adeae7019dbc,e2bb9a691fab82cc8d387e8f4d9ef4bf8f24904673bd061b5b5dc897b003f67f,e2bb9a691fab82cc8d387e8f4d9ef4bf8f24904673bd061b5b5dc897b003f67f,G1_baseline,False,True,True,0,1,0,0,G1_verified_reuse,1406709,1,b2a_w4,2f81c17c0e43024e81078d69cdcf73ea7ed1c376e80409d3237d9f5fb1064d1e,4b4a9a0263f8fcebf2f37f0a6337df33a957dae66dcde164208a5a635964884e,1472686,5405536,8400824,5405536,0,0,0,,,,,,1428109,5405536,8400824,5405536,0,0,0,342,363,5155968,3095286,0.6248708378144704,1472686,5405536,8400824,5405536,0,0,0,,,,,,1428109,5405536,8400824,5405536,0,0,0,342,363,5155968,3095286,0.6248708378144704,1.0312140039730862,1.0312140039730862,1.0,1.0,0,1.0,1.0,1.0,1.0,0.9551995469502664,0.9551995469502664
case_053,2,f3593af4c9aa960385c5fdfaf8ad98c396f05746d9e1fe6cc731adeae7019dbc,6912029bb44e065285383084447bbf69d31e6f7d4942c9a3b929ed63bd8c79e4,f4b871770a3a3111da37647be31449eac26dcd89696e1f112f65977c293dcc6f,mapping_locality_one_move,True,True,True,0,1,1,0,new_official_evaluation,1406709,1,b2a_w4,2f81c17c0e43024e81078d69cdcf73ea7ed1c376e80409d3237d9f5fb1064d1e,4b4a9a0263f8fcebf2f37f0a6337df33a957dae66dcde164208a5a635964884e,759149,2489670,5484958,176802,2312868,675680,369,,,,,,759149,2489670,5484958,176802,2312868,675680,369,49,749,961506,3661002,0.20800526467450137,740832,1828710,4823998,225730,1602980,554464,205,,,,,,740832,1828710,4823998,225730,1602980,554464,205,38,598,494194,3564106,0.12177364906487938,1.0,1.0,1.0247249038918405,1.0247249038918405,0,1.9399169333029485,1.8811972353253446,1.987881193037018,1.9277096561703597,1.8530077758121264,1.8988232149799145
case_053,3,f3593af4c9aa960385c5fdfaf8ad98c396f05746d9e1fe6cc731adeae7019dbc,1cc549f699591ba48eacff10416ee382f54805b5c2ac72d74b3b5e3147949bbc,e11c83afa383a7ab07f3bd5619778e6fd1ea23923831d50541542d74887cbd46,mapping_locality_one_move,True,True,True,0,1,1,0,new_official_evaluation,1406709,1,b2a_w4,2f81c17c0e43024e81078d69cdcf73ea7ed1c376e80409d3237d9f5fb1064d1e,4b4a9a0263f8fcebf2f37f0a6337df33a957dae66dcde164208a5a635964884e,584699,2121568,5116856,248800,1872768,192512,73,,,,,,584699,2121568,5116856,248800,1872768,192512,73,63,479,993312,3754086,0.2092329313868355,541298,1622368,4617656,285664,1336704,167936,61,,,,,,541298,1622368,4617656,285664,1336704,167936,61,59,459,1004928,3249414,0.23621232143537121,1.0,1.0,1.080179494474393,1.080179494474393,0,2.518707916380907,2.442468689017768,2.72065664384498,2.6383045937727463,2.405868660627092,2.598769993607957
case_053,4,f3593af4c9aa960385c5fdfaf8ad98c396f05746d9e1fe6cc731adeae7019dbc,245ee6787937bc25398e5f4088e4bd5947b7ac2ef5f67478c4046bd31e5141b6,50a8aa4846b6b5fac1bce6c0e62ce7ff8813369da833d38f8b77d07efe6eca88,baseline,True,True,True,0,1,0,0,new_official_evaluation,1406709,1,b2a_w4,2f81c17c0e43024e81078d69cdcf73ea7ed1c376e80409d3237d9f5fb1064d1e,4b4a9a0263f8fcebf2f37f0a6337df33a957dae66dcde164208a5a635964884e,492668,3424480,6419768,1137888,2286592,163840,38,,,,,,492668,3424480,6419768,1137888,2286592,163840,38,65,525,1159104,4932166,0.1902893813605373,492668,2337248,5332536,50656,2286592,163840,38,,,,,,492668,2337248,5332536,50656,2286592,163840,38,88,437,1712704,3332294,0.33948556570290017,1.0,1.0,1.0,1.0,0,2.9892057125691136,2.8987249019623764,2.9892057125691136,2.8987249019623764,2.8552879423871653,2.8552879423871653
case_053,5,f3593af4c9aa960385c5fdfaf8ad98c396f05746d9e1fe6cc731adeae7019dbc,8bbcbb5cdb23611b5a3f403b27ad0b545889723e0cff50ea2e6a3a3a654c392f,d356ef606a8995ee267773ac9a40611da04e9cf98e7d3a930b5a7002a8de5e72,mapping_balanced_one_move,True,True,True,0,1,2,0,new_official_evaluation,1406709,1,b2a_w4,2f81c17c0e43024e81078d69cdcf73ea7ed1c376e80409d3237d9f5fb1064d1e,4b4a9a0263f8fcebf2f37f0a6337df33a957dae66dcde164208a5a635964884e,465992,7790078,10785366,17570,7772508,1912680,1293,,,,,,465737,7790078,10785366,17570,7772508,1912680,1293,319,1593,2686874,6078658,0.3065272022279994,465992,7499262,10494550,17570,7481692,1914728,1297,,,,,,465737,7499262,10494550,17570,7481692,1914728,1297,314,1598,2318234,6154434,0.2736132231311318,1.0005475193081073,1.0005475193081073,1.0,1.0,0,3.160324640766365,3.0663421630662797,3.160324640766365,3.0663421630662797,3.018740665075795,3.018740665075795
case_054,1,4c874b67351e0a6d336af3117c1289099c54993581f90de11e8f49fb33bb9828,303a13c8a7504a734bd51ced21a3f240b1e1d0d0dd0176ce18e01c0cf16bce7c,303a13c8a7504a734bd51ced21a3f240b1e1d0d0dd0176ce18e01c0cf16bce7c,G1_baseline,False,True,True,0,1,0,0,G1_verified_reuse,812106,1,b0,f6c898aace1d7f23bfd61ee1612243627a60149307d2eadb7bef1ba7fa6aa260,b448528ef7ff0922efd1cb7667b633aefc4f1fc3d1210d5d7a85ead2d8d4bf9a,815051,0,1606276,0,0,0,0,,,,,,815051,0,1606276,0,0,0,0,0,351,0,1606214,0.0,815051,0,1606276,0,0,0,0,,,,,,815051,0,1606276,0,0,0,0,0,351,0,1606214,0.0,1.0,1.0,1.0,1.0,0,1.0,1.0,1.0,1.0,0.9963867291740026,0.9963867291740026
case_054,2,4c874b67351e0a6d336af3117c1289099c54993581f90de11e8f49fb33bb9828,1c667f2d0178752046e8b53d168de97a52feb14d7c8edd83d1fe3476ce522a2f,1c667f2d0178752046e8b53d168de97a52feb14d7c8edd83d1fe3476ce522a2f,baseline,False,True,True,0,1,0,0,G1_verified_reuse,812106,1,b0,f6c898aace1d7f23bfd61ee1612243627a60149307d2eadb7bef1ba7fa6aa260,b448528ef7ff0922efd1cb7667b633aefc4f1fc3d1210d5d7a85ead2d8d4bf9a,485507,3211144,4817420,229376,2981768,1456066,1213,,,,,,485507,3211144,4817420,229376,2981768,1456066,1213,40,1578,69636,3176968,0.02144887396183828,485507,3211144,4817420,229376,2981768,1456066,1213,,,,,,485507,3211144,4817420,229376,2981768,1456066,1213,40,1578,69636,3176968,0.02144887396183828,1.0,1.0,1.0,1.0,0,1.6787626131034157,1.6787626131034157,1.6787626131034157,1.6787626131034157,1.672696789129714,1.672696789129714
case_054,3,4c874b67351e0a6d336af3117c1289099c54993581f90de11e8f49fb33bb9828,038f1fd367ef1425d91ecf13870246810a884318d6c479236898798657a41f69,038f1fd367ef1425d91ecf13870246810a884318d6c479236898798657a41f69,baseline,False,True,True,0,1,1,0,G1_verified_reuse,812106,1,b0,f6c898aace1d7f23bfd61ee1612243627a60149307d2eadb7bef1ba7fa6aa260,b448528ef7ff0922efd1cb7667b633aefc4f1fc3d1210d5d7a85ead2d8d4bf9a,386727,4069800,5676076,0,4069800,1958864,1615,,,,,,386718,4069800,5676076,0,4069800,1958864,1615,181,1874,210630,3506520,0.056664379968524275,386727,4069800,5676076,0,4069800,1958864,1615,,,,,,386718,4069800,5676076,0,4069800,1958864,1615,181,1874,210630,3506520,0.056664379968524275,1.0000232727724079,1.0000232727724079,1.0,1.0,0,2.107561664947107,2.1076107137500713,2.107561664947107,2.1076107137500713,2.0999464738691636,2.0999464738691636
case_054,4,4c874b67351e0a6d336af3117c1289099c54993581f90de11e8f49fb33bb9828,3f79d0de090c8d19d8419fdc2037da93a0aa92b4e5bf59cfd48b39943cd84805,3f79d0de090c8d19d8419fdc2037da93a0aa92b4e5bf59cfd48b39943cd84805,baseline,False,True,True,0,1,1,0,G1_verified_reuse,812106,1,b0,f6c898aace1d7f23bfd61ee1612243627a60149307d2eadb7bef1ba7fa6aa260,b448528ef7ff0922efd1cb7667b633aefc4f1fc3d1210d5d7a85ead2d8d4bf9a,331197,4961644,6567920,0,4961644,2361776,1994,,,,,,331197,4961644,6567920,0,4961644,2361776,1994,311,2165,362122,3843960,0.0860948502668279,331197,4961644,6567920,0,4961644,2361776,1994,,,,,,331197,4961644,6567920,0,4961644,2361776,1994,311,2165,362122,3843960,0.0860948502668279,1.0,1.0,1.0,1.0,0,2.4609250687657194,2.4609250687657194,2.4609250687657194,2.4609250687657194,2.4520330800097825,2.4520330800097825
case_054,5,4c874b67351e0a6d336af3117c1289099c54993581f90de11e8f49fb33bb9828,1d6dd5bde39ce771d71042f0ea0e5bc3766a72c02017c62bce51059e91c60d31,1d6dd5bde39ce771d71042f0ea0e5bc3766a72c02017c62bce51059e91c60d31,baseline,False,True,True,0,1,1,0,G1_verified_reuse,812106,1,b0,f6c898aace1d7f23bfd61ee1612243627a60149307d2eadb7bef1ba7fa6aa260,b448528ef7ff0922efd1cb7667b633aefc4f1fc3d1210d5d7a85ead2d8d4bf9a,272849,5858448,7464724,0,5858448,2730048,2528,,,,,,271436,5858448,7464724,0,5858448,2730048,2528,544,2554,604110,4130504,0.12759435088055754,272849,5858448,7464724,0,5858448,2730048,2528,,,,,,271436,5858448,7464724,0,5858448,2730048,2528,544,2554,604110,4130504,0.12759435088055754,1.0052056470033452,1.0052056470033452,1.0,1.0,0,2.9871870521790442,3.0027372935056516,2.9871870521790442,3.0027372935056516,2.9763935363516083,2.9763935363516083
case_055,1,1121ee10f030be119d0930fe518d63aedd8cf65167627c7f66f1a7ffffd9d134,f087e910c4e28eb6ef3e4b108ff1ef3d4c9cca3208706fec7e6958edc9c8564c,f087e910c4e28eb6ef3e4b108ff1ef3d4c9cca3208706fec7e6958edc9c8564c,G1_baseline,False,True,True,0,1,0,0,G1_verified_reuse,109825,1,b2a_w16,fe6b93e3cf4792e9ee59da6a9864663b0b80b188eba33388ad7e601a4b9d342d,75e097079956767ecbfac378649e3b4f8f7509d0a210c14e38b2773af3bdc740,118835,69632,695442,69632,0,0,0,,,,,,118835,69632,695442,69632,0,0,0,17,173,69632,625692,0.10014324257468461,118835,69632,695442,69632,0,0,0,,,,,,118835,69632,695442,69632,0,0,0,17,173,69632,625692,0.10014324257468461,1.0,1.0,1.0,1.0,0,1.0,1.0,1.0,1.0,0.9241805865275382,0.9241805865275382
case_055,2,1121ee10f030be119d0930fe518d63aedd8cf65167627c7f66f1a7ffffd9d134,0872fba1f7c88f25b3eb6faf7b3cfae32b9cbcb6829c609e0279a6415353de46,5e0f189fff896ca194d24126f917b1ffa8149c67ea6208807871f2413cba45bc,baseline,True,True,True,0,1,1,0,new_official_evaluation,109825,1,b2a_w16,fe6b93e3cf4792e9ee59da6a9864663b0b80b188eba33388ad7e601a4b9d342d,75e097079956767ecbfac378649e3b4f8f7509d0a210c14e38b2773af3bdc740,64648,1167092,1792902,233496,933596,365678,172,,,,,,64097,1167092,1792902,233496,933596,365678,172,59,386,243200,1087638,0.18274200165609938,63100,1199860,1825670,266264,933596,365678,172,,,,,,62412,1199860,1825670,266264,933596,365678,172,59,391,243200,1104022,0.1805196174052977,1.0085963461628469,1.0110235211177339,1.0269980132025893,1.0245324881141047,137,1.838185249350328,1.8539869260651825,1.8832805071315373,1.904040889572518,1.6988151218908552,1.7404912836767037
case_055,3,1121ee10f030be119d0930fe518d63aedd8cf65167627c7f66f1a7ffffd9d134,beeb117e2041805fe35c91eb0f3ec1446e06c56247daed3d2f5b2fc81d9aeaa1,80eb31b07719f437b8cb939757a507ea05ca8753e1f56af7f4f9204a53cb75ca,mapping_locality_one_move,True,True,True,0,1,1,0,new_official_evaluation,109825,1,b2a_w16,fe6b93e3cf4792e9ee59da6a9864663b0b80b188eba33388ad7e601a4b9d342d,75e097079956767ecbfac378649e3b4f8f7509d0a210c14e38b2773af3bdc740,52332,1295176,1920986,53272,1241904,499096,236,,,,,,51873,1295176,1920986,53272,1241904,499096,236,63,422,249856,1151424,0.1783055492121489,44544,1310024,1935834,53272,1256752,508312,238,,,,,,44402,1310024,1935834,53272,1256752,508312,238,65,422,244224,1162688,0.17358868216348997,1.00884853391938,1.0031980541417054,1.1682581865681727,1.1748383620689655,-317,2.270790338607353,2.2908835039423208,2.6678116020114944,2.6763434079545965,2.0986203470152107,2.465539691091954
case_055,4,1121ee10f030be119d0930fe518d63aedd8cf65167627c7f66f1a7ffffd9d134,221e132b20009307e91afd968fb9d4ea4f66c1b6f43b7a6129b0008f9ce9a8d6,736a70a099bfc80e89472bba6a4215c1e25cbd9bea555f6d7d88d67627e5c5b7,mapping_locality_one_move,True,True,True,0,1,1,0,new_official_evaluation,109825,1,b2a_w16,fe6b93e3cf4792e9ee59da6a9864663b0b80b188eba33388ad7e601a4b9d342d,75e097079956767ecbfac378649e3b4f8f7509d0a210c14e38b2773af3bdc740,42061,1403496,2029306,16384,1387112,556084,265,,,,,,40884,1403496,2029306,16384,1387112,556084,265,68,440,274944,1189968,0.1876863593171467,40274,1383240,2009050,53248,1329992,530596,252,,,,,,38545,1383240,2009050,53248,1329992,530596,252,70,431,272896,1184960,0.18718995566091576,1.0287887682222874,1.0448566610455312,1.0606823193669737,1.0443710582509809,552,2.8253013480421294,2.9066382937090305,2.950662958732681,3.083019846932157,2.6110886569506193,2.7269454238466504
case_055,5,1121ee10f030be119d0930fe518d63aedd8cf65167627c7f66f1a7ffffd9d134,af38772aa66bacc600a69174ea3b5d40a41014c4900b0a0584fd31b20e3539f0,dde3e2d1375f67e541705ed73e79deec97a2abe48b80bb35d633377792a4bd37,mapping_locality_one_move,True,True,True,0,1,1,0,new_official_evaluation,109825,1,b2a_w16,fe6b93e3cf4792e9ee59da6a9864663b0b80b188eba33388ad7e601a4b9d342d,75e097079956767ecbfac378649e3b4f8f7509d0a210c14e38b2773af3bdc740,40899,1609596,2235406,0,1609596,616126,289,,,,,,34895,1609596,2235406,0,1609596,616126,289,85,462,377344,1241818,0.23304894754200012,38486,1531772,2157582,0,1531772,583358,278,,,,,,33956,1531772,2157582,0,1531772,583358,278,82,451,365056,1209050,0.23191322566587003,1.1720590342455939,1.1334079396866532,1.0276534338555778,1.0626981239931403,-1474,2.9055722633805225,3.40550222094856,3.087746193420984,3.4996760513605842,2.685273478569158,2.8536350880839785
case_056,1,fda213426382a3810afd172eadc10b9221330b906888537cb13b16369be3369d,7355144407cb6625ff18a853daf1c1966f13bef12d0b903a1f604f5ab1eb5919,7355144407cb6625ff18a853daf1c1966f13bef12d0b903a1f604f5ab1eb5919,G1_baseline,False,True,True,0,1,0,0,G1_verified_reuse,276216,1,b0,c0aa8705a6c7b06eadea4a35a42a0da8dd8d54a8bce415afc434511632f5f8f3,a92a9102453feb6245fe6f1a783fc0de9bc223e241ee0d2f66fafccc3c60f8b3,277285,0,221600,0,0,0,0,,,,,,277285,0,221600,0,0,0,0,0,221,0,221526,0.0,277285,0,221600,0,0,0,0,,,,,,277285,0,221600,0,0,0,0,0,221,0,221526,0.0,1.0,1.0,1.0,1.0,0,1.0,1.0,1.0,1.0,0.9961447608056693,0.9961447608056693
case_056,2,fda213426382a3810afd172eadc10b9221330b906888537cb13b16369be3369d,1ffce20cee1243c2c2d0e561a62419d3136e6b00f09b3387bddf7f2fce468704,5359ce7fc6720ade9174b3733aa79213d6a8e9f6484726189aa1fd68fd12cde0,baseline,True,True,True,0,1,1,0,new_official_evaluation,276216,1,b0,c0aa8705a6c7b06eadea4a35a42a0da8dd8d54a8bce415afc434511632f5f8f3,a92a9102453feb6245fe6f1a783fc0de9bc223e241ee0d2f66fafccc3c60f8b3,188576,1385798,1607398,0,1385798,683152,747,,,,,,188576,1385798,1607398,0,1385798,683152,747,22,968,19494,904678,0.02109347610617937,186986,1385798,1607398,0,1385798,683152,747,,,,,,186986,1385798,1607398,0,1385798,683152,747,20,970,18470,905702,0.019985457252546062,1.0,1.0,1.008503310408266,1.008503310408266,0,1.4704151111488206,1.4704151111488206,1.4829185072679238,1.4829185072679238,1.4647463091803834,1.4772015017167062
case_056,3,fda213426382a3810afd172eadc10b9221330b906888537cb13b16369be3369d,81a50e000027c1840653367c4f035a651f695d9f269953ae2639b0e0f7acb499,aa0a1c217eb7d02af7bcb5a205fc2d364eb352ae622b7c46c35b3738f8bded90,baseline,True,True,True,0,1,1,0,new_official_evaluation,276216,1,b0,c0aa8705a6c7b06eadea4a35a42a0da8dd8d54a8bce415afc434511632f5f8f3,a92a9102453feb6245fe6f1a783fc0de9bc223e241ee0d2f66fafccc3c60f8b3,150152,1740710,1962310,0,1740710,851646,959,,,,,,150152,1740710,1962310,0,1740710,851646,959,103,1116,89196,1021394,0.08031406729756256,149107,1740710,1962310,0,1740710,851646,959,,,,,,149107,1740710,1962310,0,1740710,851646,959,101,1118,88172,1022418,0.07939203486435138,1.0,1.0,1.0070083899481581,1.0070083899481581,0,1.8466953487133038,1.8466953487133038,1.8596377098325363,1.8596377098325363,1.839575896424956,1.8524683616463344
case_056,4,fda213426382a3810afd172eadc10b9221330b906888537cb13b16369be3369d,e05b0cf98d296be056831da6b518e7e718229498f6eaff0d3a11ded44ea2d08a,768d7b2c2b0b083936b40fd792c1fd830b8ad0c7d73d6b06f9cc7a2ad54156f9,mapping_locality_one_move,True,True,True,0,1,2,0,new_official_evaluation,276216,1,b0,c0aa8705a6c7b06eadea4a35a42a0da8dd8d54a8bce415afc434511632f5f8f3,a92a9102453feb6245fe6f1a783fc0de9bc223e241ee0d2f66fafccc3c60f8b3,135157,2273974,2495574,0,2273974,1100868,1135,,,,,,135060,2273974,2495574,0,2273974,1100868,1135,186,1239,167664,1226968,0.1202209615152958,134889,2241194,2462794,0,2241194,1088574,1129,,,,,,134333,2241194,2462794,0,2241194,1088574,1129,176,1241,150258,1223888,0.10934645954651107,1.0007181993188212,1.0041389680867694,1.0054119240990673,1.0019868187917473,459,2.0515770548325283,2.053050496075818,2.055653166677787,2.0641614495321328,2.043667734560548,2.0477281320196608
case_056,5,fda213426382a3810afd172eadc10b9221330b906888537cb13b16369be3369d,68a31619696a1f38b8d82d5aae744f2202f12d21f08e586c9578f1d5ca1116ca,0b0103e448485f55fbddf209dc31415fc00310e3ad54ae2f5742d38473537e27,mapping_locality_one_move,True,True,True,0,1,2,0,new_official_evaluation,276216,1,b0,c0aa8705a6c7b06eadea4a35a42a0da8dd8d54a8bce415afc434511632f5f8f3,a92a9102453feb6245fe6f1a783fc0de9bc223e241ee0d2f66fafccc3c60f8b3,135157,2273974,2495574,0,2273974,1100868,1135,,,,,,135060,2273974,2495574,0,2273974,1100868,1135,186,1239,167664,1226968,0.1202209615152958,134889,2241194,2462794,0,2241194,1088574,1129,,,,,,134333,2241194,2462794,0,2241194,1088574,1129,176,1241,150258,1223888,0.10934645954651107,1.0007181993188212,1.0041389680867694,1.0054119240990673,1.0019868187917473,459,2.0515770548325283,2.053050496075818,2.055653166677787,2.0641614495321328,2.043667734560548,2.0477281320196608
case_057,1,89778038db7db919a13c5885aa555c8ae054a3f43845c73fe346b6123d12a525,2c4423f6c876f78c022c3d94f14a2ec636aed690a97260d808c7dd1ebd3c651e,2c4423f6c876f78c022c3d94f14a2ec636aed690a97260d808c7dd1ebd3c651e,G1_baseline,False,True,True,0,1,0,0,G1_verified_reuse,58685,1,b2a_w8,975f94580c19f28221fc3758231229d8465b82a2aa38ae312a3cafa4b00d310c,d8c9f1e5706ac09495690956be7b9ef57fa7ffbc1a309aba4a311fa072253048,59726,94216,436676,94216,0,0,0,,,,,,59726,94216,436676,94216,0,0,0,23,129,94208,336592,0.21868152274837513,59726,94216,436676,94216,0,0,0,,,,,,59726,94216,436676,94216,0,0,0,23,129,94208,336592,0.21868152274837513,1.0,1.0,1.0,1.0,0,1.0,1.0,1.0,1.0,0.9825704048488095,0.9825704048488095
case_057,2,89778038db7db919a13c5885aa555c8ae054a3f43845c73fe346b6123d12a525,7d65794e8413860dd2aa24a32aab0bc22b99e917d72dc6caa2ee321408408ab3,152909b84c6274c6d27d244ba554311efbe74e4fed1340d6059bc8e6d86b7bde,mapping_locality_one_move,True,True,True,0,1,1,0,new_official_evaluation,58685,1,b2a_w8,975f94580c19f28221fc3758231229d8465b82a2aa38ae312a3cafa4b00d310c,d8c9f1e5706ac09495690956be7b9ef57fa7ffbc1a309aba4a311fa072253048,31115,722184,1064644,0,722184,256644,119,,,,,,31115,722184,1064644,0,722184,256644,119,53,246,208896,593232,0.26042726347914547,31151,537792,880252,0,537792,195168,86,,,,,,30104,537792,880252,0,537792,195168,86,38,213,147456,531756,0.21709863783325384,1.0,1.03477943130481,1.033583576933298,0.998844338865526,1047,1.9195243451711392,1.9195243451711392,1.9173060254887484,1.9839888386925326,1.8860678129519524,1.8838881576835416
case_057,3,89778038db7db919a13c5885aa555c8ae054a3f43845c73fe346b6123d12a525,308888b2080bc4ec669c7b33b5257adeff08c5e874b3b6e0a23d763a57e50675,69ba9ab707db79e96593ca0ba6d91f6c09788c4784d11f97e657d44b31524acb,mapping_locality_one_move,True,True,True,0,1,1,0,new_official_evaluation,58685,1,b2a_w8,975f94580c19f28221fc3758231229d8465b82a2aa38ae312a3cafa4b00d310c,d8c9f1e5706ac09495690956be7b9ef57fa7ffbc1a309aba4a311fa072253048,21456,671212,1013672,0,671212,255606,120,,,,,,21456,671212,1013672,0,671212,255606,120,48,246,160002,592192,0.2127137414018192,21456,583112,925572,0,583112,228964,106,,,,,,21456,583112,925572,0,583112,228964,106,40,232,125186,565550,0.18123566746195363,1.0,1.0,1.0,1.0,0,2.7836502609992544,2.7836502609992544,2.7836502609992544,2.7836502609992544,2.735132363907532,2.735132363907532
case_057,4,89778038db7db919a13c5885aa555c8ae054a3f43845c73fe346b6123d12a525,05a04bcd4af873630f88cdb76d3c4af74c3fb2757e455ca964148a4e278b26d5,2d72e3d5872c49b0b684d3b6500828492d36b44f78190765741eb951cad7c778,baseline,True,True,True,0,1,1,0,new_official_evaluation,58685,1,b2a_w8,975f94580c19f28221fc3758231229d8465b82a2aa38ae312a3cafa4b00d310c,d8c9f1e5706ac09495690956be7b9ef57fa7ffbc1a309aba4a311fa072253048,17084,565496,907956,0,565496,222332,94,,,,,,16621,565496,907956,0,565496,222332,94,32,221,116738,563014,0.17173616260047783,16936,565496,907956,0,565496,222332,94,,,,,,16619,565496,907956,0,565496,222332,94,33,220,120834,558918,0.17776188963033576,1.0278563263341556,1.0190745532222156,1.0001203441843673,1.0087387812942843,-146,3.49601966752517,3.593405932254377,3.526570618800189,3.593838377760395,3.435085460079607,3.4651039206424183
case_057,5,89778038db7db919a13c5885aa555c8ae054a3f43845c73fe346b6123d12a525,6c300683d8c675c172cc6780dc4fdaa6fa1e050ab5af0c3e32429db93bad2b55,44a790b32b9bf237b2c18fc4252d79468345a9643db0208a076ba8c19ef3ba0d,baseline,True,True,True,0,1,1,0,new_official_evaluation,58685,1,b2a_w8,975f94580c19f28221fc3758231229d8465b82a2aa38ae312a3cafa4b00d310c,d8c9f1e5706ac09495690956be7b9ef57fa7ffbc1a309aba4a311fa072253048,17084,565496,907956,0,565496,222332,94,,,,,,16621,565496,907956,0,565496,222332,94,32,221,116738,563014,0.17173616260047783,16936,565496,907956,0,565496,222332,94,,,,,,16619,565496,907956,0,565496,222332,94,33,220,120834,558918,0.17776188963033576,1.0278563263341556,1.0190745532222156,1.0001203441843673,1.0087387812942843,-146,3.49601966752517,3.593405932254377,3.526570618800189,3.593838377760395,3.435085460079607,3.4651039206424183
case_058,1,95027788c05772259091802889106c7104efdecdaaabd002ed11a87f8f2f209d,a38a496ab67cfc079e5e35f0a019de892e18ee2a1e3c5c60acea35545ae93189,a38a496ab67cfc079e5e35f0a019de892e18ee2a1e3c5c60acea35545ae93189,G1_baseline,False,True,True,0,1,0,0,G1_verified_reuse,4533788,1,b0,333d3ffb12e55a5388e911946608c856992d30ee8f437e8abee9c7b3ae4543e3,3ee3d4c41370e7421199cdaa1d5e00ce4fe2ec6ff0acd1f10190545f04c63723,4539717,28696576,36364288,28696576,0,0,0,,,,,,4539717,28696576,36364288,28696576,0,0,0,0,8062,0,35319808,0.0,4539717,28696576,36364288,28696576,0,0,0,,,,,,4539717,28696576,36364288,28696576,0,0,0,0,8062,0,35319808,0.0,1.0,1.0,1.0,1.0,0,1.0,1.0,1.0,1.0,0.9986939714524055,0.9986939714524055
case_058,2,95027788c05772259091802889106c7104efdecdaaabd002ed11a87f8f2f209d,c130ac4ed2c81328b645b4157024200841f3667d3ff631a84dff390166574eb5,fcb5b2331f3e37a2a8fca10ffe30e7f068b7acabcafb9c37640b2d5dfa079876,baseline,True,True,True,0,1,0,0,new_official_evaluation,4533788,1,b0,333d3ffb12e55a5388e911946608c856992d30ee8f437e8abee9c7b3ae4543e3,3ee3d4c41370e7421199cdaa1d5e00ce4fe2ec6ff0acd1f10190545f04c63723,3633043,116219904,123887616,65036288,51183616,25591808,6248,,,,,,3629895,116219904,123887616,65036288,51183616,25591808,6248,302,15091,1605632,64233472,0.02438720915764589,3625929,116703232,124370944,65519616,51183616,25591808,6248,,,,,,3621089,116703232,124370944,65519616,51183616,25591808,6248,316,15136,1724416,64356352,0.02609558048720015,1.0008672427163872,1.0013366144825493,1.002431865110192,1.0019619799505175,1692,1.2495632449161764,1.2506469195389949,1.2520148629496055,1.253688324147791,1.247931279646291,1.2503796957965807
case_058,3,95027788c05772259091802889106c7104efdecdaaabd002ed11a87f8f2f209d,1e18dfc991679eb3d4950a6c753b3221e38c2abac280e47da546f3955979e8bb,5ec8c363bb0fa5e0fd7b368057f48e432d94416a318ab537845ce9fcd4039b0e,baseline,False,True,True,0,1,1,0,G1_verified_reuse,4533788,1,b0,333d3ffb12e55a5388e911946608c856992d30ee8f437e8abee9c7b3ae4543e3,3ee3d4c41370e7421199cdaa1d5e00ce4fe2ec6ff0acd1f10190545f04c63723,1506765,29749248,37416960,25153536,4595712,0,0,,,,,,1506765,29749248,37416960,25153536,4595712,0,0,0,8253,0,36372480,0.0,1506765,29749248,37416960,25153536,4595712,0,0,,,,,,1506765,29749248,37416960,25153536,4595712,0,0,0,8253,0,36372480,0.0,1.0,1.0,1.0,1.0,0,3.012889866701178,3.012889866701178,3.012889866701178,3.012889866701178,3.008954946524508,3.008954946524508
case_058,4,95027788c05772259091802889106c7104efdecdaaabd002ed11a87f8f2f209d,79f4fdd282f4d91de889b10c5d3391b49da6a76315fa46b618182978d2b78471,5103c2896e4dac7590ae58d7fb761d571aa946b9d8e9850c892fa510017d4a8b,baseline,False,True,True,0,1,1,0,G1_verified_reuse,4533788,1,b0,333d3ffb12e55a5388e911946608c856992d30ee8f437e8abee9c7b3ae4543e3,3ee3d4c41370e7421199cdaa1d5e00ce4fe2ec6ff0acd1f10190545f04c63723,1506765,29749248,37416960,25153536,4595712,0,0,,,,,,1506765,29749248,37416960,25153536,4595712,0,0,0,8253,0,36372480,0.0,1506765,29749248,37416960,25153536,4595712,0,0,,,,,,1506765,29749248,37416960,25153536,4595712,0,0,0,8253,0,36372480,0.0,1.0,1.0,1.0,1.0,0,3.012889866701178,3.012889866701178,3.012889866701178,3.012889866701178,3.008954946524508,3.008954946524508
case_058,5,95027788c05772259091802889106c7104efdecdaaabd002ed11a87f8f2f209d,4158c95a786f184989e447f45fb232fdf340e0a1a2a32711d9871c0cb36f9a7a,42fb217ec22e753306d6eb627ef1b93c1810904eba82d2231063982f49500464,baseline,False,True,True,0,1,1,0,G1_verified_reuse,4533788,1,b0,333d3ffb12e55a5388e911946608c856992d30ee8f437e8abee9c7b3ae4543e3,3ee3d4c41370e7421199cdaa1d5e00ce4fe2ec6ff0acd1f10190545f04c63723,915736,30818304,38486016,21626880,9191424,0,0,,,,,,915736,30818304,38486016,21626880,9191424,0,0,0,8448,0,37441536,0.0,915736,30818304,38486016,21626880,9191424,0,0,,,,,,915736,30818304,38486016,21626880,9191424,0,0,0,8448,0,37441536,0.0,1.0,1.0,1.0,1.0,0,4.957451710973468,4.957451710973468,4.957451710973468,4.957451710973468,4.950977137515616,4.950977137515616
case_059,1,50b062952359dc9aa22880856093e8ec7a69c66d358607de49fd5f559ac232e9,195a633562363c88b80ad7c2e4fe2a1785941603a05262e519452f9a1bc3f6cf,195a633562363c88b80ad7c2e4fe2a1785941603a05262e519452f9a1bc3f6cf,G1_baseline,False,True,True,0,1,0,0,G1_verified_reuse,744197,1,b1,c0b8653faa4e6b871ece36dc4766421e2712a7a59e79c2e1219b30a7dd158a2e,76ab72e0eff4927bd122aa016b4f1b7c5c7659b1fc81fcecf0519d9a002a8512,829473,1691648,3035136,1691648,0,0,0,,,,,,815938,1691648,3035136,1691648,0,0,0,413,352,1691648,1081344,0.6100443131462334,829473,1691648,3035136,1691648,0,0,0,,,,,,815938,1691648,3035136,1691648,0,0,0,413,352,1691648,1081344,0.6100443131462334,1.0165882701871956,1.0165882701871956,1.0,1.0,0,1.0,1.0,1.0,1.0,0.897192554790813,0.897192554790813
case_059,2,50b062952359dc9aa22880856093e8ec7a69c66d358607de49fd5f559ac232e9,7e674e0d3034da62621a26c6f6c625cbf9015460ba9e92b296b7754ace920079,89e4a4750e86d4aef04f820a6195563ff55725adc21ba4604558d8fe214c0a41,baseline,False,True,True,0,1,0,0,G1_verified_reuse,744197,1,b1,c0b8653faa4e6b871ece36dc4766421e2712a7a59e79c2e1219b30a7dd158a2e,76ab72e0eff4927bd122aa016b4f1b7c5c7659b1fc81fcecf0519d9a002a8512,421538,2072576,3416064,1351680,720896,0,0,,,,,,410916,2072576,3416064,1351680,720896,0,0,330,528,1351680,1802240,0.42857142857142855,421538,2072576,3416064,1351680,720896,0,0,,,,,,410916,2072576,3416064,1351680,720896,0,0,330,528,1351680,1802240,0.42857142857142855,1.0258495653612905,1.0258495653612905,1.0,1.0,0,1.9677300741570154,1.9856564358652378,1.9677300741570154,1.9856564358652378,1.7654327723716485,1.7654327723716485
case_059,3,50b062952359dc9aa22880856093e8ec7a69c66d358607de49fd5f559ac232e9,574d85c1bc047fcb0cab84a8dd767d329032de5f6d237b3b0b7ea6b254472f09,bad8e91358536d79be764d482c7700452e5bb1a2091de11217280e49de40895f,baseline,False,True,True,0,1,0,0,G1_verified_reuse,744197,1,b1,c0b8653faa4e6b871ece36dc4766421e2712a7a59e79c2e1219b30a7dd158a2e,76ab72e0eff4927bd122aa016b4f1b7c5c7659b1fc81fcecf0519d9a002a8512,351835,9920512,11264000,1703936,8216576,4108288,1003,,,,,,351835,9920512,11264000,1703936,8216576,4108288,1003,0,1563,0,6041600,0.0,351835,9920512,11264000,1703936,8216576,4108288,1003,,,,,,351835,9920512,11264000,1703936,8216576,4108288,1003,0,1563,0,6041600,0.0,1.0,1.0,1.0,1.0,0,2.3575624937825967,2.3190927565478137,2.3575624937825967,2.3190927565478137,2.115187516875808,2.115187516875808
case_059,4,50b062952359dc9aa22880856093e8ec7a69c66d358607de49fd5f559ac232e9,f60ba7b523d5bc1970239d48dba0faa163eccd328256e2c2a9f75d049007301e,6ed8ff3603bffae5fc9141858f28683061e22bd8f4ce8f37976b3eba5d6058d0,baseline,False,True,True,0,1,0,0,G1_verified_reuse,744197,1,b1,c0b8653faa4e6b871ece36dc4766421e2712a7a59e79c2e1219b30a7dd158a2e,76ab72e0eff4927bd122aa016b4f1b7c5c7659b1fc81fcecf0519d9a002a8512,185216,1081344,2424832,0,1081344,0,0,,,,,,185216,1081344,2424832,0,1081344,0,0,0,704,0,2162688,0.0,185216,1081344,2424832,0,1081344,0,0,,,,,,185216,1081344,2424832,0,1081344,0,0,0,704,0,2162688,0.0,1.0,1.0,1.0,1.0,0,4.478408992743607,4.405332152729786,4.478408992743607,4.405332152729786,4.0179952055977886,4.0179952055977886
case_059,5,50b062952359dc9aa22880856093e8ec7a69c66d358607de49fd5f559ac232e9,657b9a47a4510e866abaaa77d6e59877ab3228fa8ce3052694d8dee2acc659d6,a32a8f6462370c08233ebbe02a4f46693a406a57640f8ed9e886feb057b7fb9e,baseline,False,True,True,0,1,0,0,G1_verified_reuse,744197,1,b1,c0b8653faa4e6b871ece36dc4766421e2712a7a59e79c2e1219b30a7dd158a2e,76ab72e0eff4927bd122aa016b4f1b7c5c7659b1fc81fcecf0519d9a002a8512,185216,1081344,2424832,0,1081344,0,0,,,,,,185216,1081344,2424832,0,1081344,0,0,0,704,0,2162688,0.0,185216,1081344,2424832,0,1081344,0,0,,,,,,185216,1081344,2424832,0,1081344,0,0,0,704,0,2162688,0.0,1.0,1.0,1.0,1.0,0,4.478408992743607,4.405332152729786,4.478408992743607,4.405332152729786,4.0179952055977886,4.0179952055977886
case_060,1,29889cfaea8c831c2620d19191abf871694e61d4850ced26a9710847096c1e96,d25f48fa82c8cb2bb3b332205dd2448506d5dcd85391ed5aeff6c8ae79636c18,d25f48fa82c8cb2bb3b332205dd2448506d5dcd85391ed5aeff6c8ae79636c18,G1_baseline,False,True,True,0,1,0,0,G1_verified_reuse,888789,1,single,d25f48fa82c8cb2bb3b332205dd2448506d5dcd85391ed5aeff6c8ae79636c18,c2e23dd3879f65606f3a42767b0a5160e4934c799a84b38341fffe2dc5f82e48,888789,2068520,4167526,2068520,0,0,0,,,,,,887801,2068520,4167526,2068520,0,0,0,631,803,1763336,2403896,0.4231432279268349,888789,2068520,4167526,2068520,0,0,0,,,,,,887801,2068520,4167526,2068520,0,0,0,631,803,1763336,2403896,0.4231432279268349,1.001112862003985,1.001112862003985,1.0,1.0,0,1.0,1.0,1.0,1.0,1.0,1.0
case_060,2,29889cfaea8c831c2620d19191abf871694e61d4850ced26a9710847096c1e96,9ba02a0850bfb7343bac4509fa80f187f4042760cadf7c1825d923798578df68,a9a2892a707ca7f0a1c7b351f6a9af6862703b3067795feff3258b9280fcf815,baseline,False,True,True,0,1,1,0,G1_verified_reuse,888789,1,single,d25f48fa82c8cb2bb3b332205dd2448506d5dcd85391ed5aeff6c8ae79636c18,c2e23dd3879f65606f3a42767b0a5160e4934c799a84b38341fffe2dc5f82e48,525020,3210298,5309304,1551406,1658892,278534,94,,,,,,524719,3210298,5309304,1551406,1658892,278534,94,415,1224,1246214,3553858,0.2596240223063321,525020,3210298,5309304,1551406,1658892,278534,94,,,,,,524719,3210298,5309304,1551406,1658892,278534,94,415,1224,1246214,3553858,0.2596240223063321,1.000573640367511,1.000573640367511,1.0,1.0,0,1.6928669384023465,1.6919551226465974,1.6928669384023465,1.6919551226465974,1.6928669384023465,1.6928669384023465
case_060,3,29889cfaea8c831c2620d19191abf871694e61d4850ced26a9710847096c1e96,d86188aa289c48a32b5d1915bd62bbf2a43c9af29b98d2f676dd4d38bf7b5c89,5eeceb0baf9baec40b0936201494ada4bd74d505a4b7921806d78f3680b622cf,mapping_locality_one_move,True,True,True,0,1,1,0,new_official_evaluation,888789,1,single,d25f48fa82c8cb2bb3b332205dd2448506d5dcd85391ed5aeff6c8ae79636c18,c2e23dd3879f65606f3a42767b0a5160e4934c799a84b38341fffe2dc5f82e48,427646,3937368,6036374,1801296,2136072,307204,94,,,,,,427594,3937368,6036374,1801296,2136072,307204,94,703,1142,2044944,3423820,0.37393165987780785,423771,3779686,5878692,1332306,2447380,474122,160,,,,,,423570,3779686,5878692,1332306,2447380,474122,160,741,1042,2172942,3151444,0.40811128269062386,1.000121610686773,1.0004745378567887,1.0095002006752132,1.009144089614438,149,2.0783288046655413,2.07627094861013,2.0973332295036706,2.0959959392780414,2.0783288046655413,2.0973332295036706
case_060,4,29889cfaea8c831c2620d19191abf871694e61d4850ced26a9710847096c1e96,ea8e3a0428dcfddfacdf430b056550cdf322642b9266961593cb45b6092ad860,f035fc081f2d771ff428360cc038c7bef348f2a8739149d072446865b80b6c6b,baseline,False,True,True,0,1,1,0,G1_verified_reuse,888789,1,single,d25f48fa82c8cb2bb3b332205dd2448506d5dcd85391ed5aeff6c8ae79636c18,c2e23dd3879f65606f3a42767b0a5160e4934c799a84b38341fffe2dc5f82e48,348983,14168036,16267042,675904,13492132,6442962,2003,,,,,,348914,14168036,16267042,675904,13492132,6442962,2003,27,2809,212992,9446938,0.022049021059158815,348983,14168036,16267042,675904,13492132,6442962,2003,,,,,,348914,14168036,16267042,675904,13492132,6442962,2003,27,2809,212992,9446938,0.022049021059158815,1.0001977564672098,1.0001977564672098,1.0,1.0,0,2.5467974084697533,2.544469410800369,2.5467974084697533,2.544469410800369,2.5467974084697533,2.5467974084697533
case_060,5,29889cfaea8c831c2620d19191abf871694e61d4850ced26a9710847096c1e96,235bd7864a828f22d97f05a2f0eba8322ef30cff60acba59951198694c3cccb7,6499762f7e89826e4f987c7f892646ea9ad3a003b3f1dc103f2f7baefafe188b,mapping_locality_one_move,True,True,True,0,1,1,0,new_official_evaluation,888789,1,single,d25f48fa82c8cb2bb3b332205dd2448506d5dcd85391ed5aeff6c8ae79636c18,c2e23dd3879f65606f3a42767b0a5160e4934c799a84b38341fffe2dc5f82e48,306965,4418640,6517646,332812,4085828,434204,154,,,,,,306436,4418640,6517646,332812,4085828,434204,154,777,1265,2262028,3779146,0.3744351677339537,276763,4484170,6583176,566318,3917852,495630,157,,,,,,274503,4484170,6583176,566318,3917852,495630,157,736,1306,2097160,3968586,0.34573818290446057,1.0017262984766804,1.0082330612051598,1.1163302404709603,1.1091258585865886,1731,2.8954082713012883,2.8971824459267186,3.2113721848657515,3.234212376549619,2.8954082713012883,3.2113721848657515
case_061,1,5da175170152a6beab3dcbda84a0910f72b079091c2ad1fdd489aaf5e31fcaf3,cba797eaafca9c3f1de1d713316b8d86836a0782c649a5d5709688be1562f445,cba797eaafca9c3f1de1d713316b8d86836a0782c649a5d5709688be1562f445,G1_baseline,False,True,True,0,1,0,0,G1_verified_reuse,77191,1,single,cba797eaafca9c3f1de1d713316b8d86836a0782c649a5d5709688be1562f445,413a2d73bed15e05280be6741020c031a16b868187e30c0937b9b18090128a4e,77191,0,544188,0,0,0,0,,,,,,77191,0,544188,0,0,0,0,0,259,0,544036,0.0,77191,0,544188,0,0,0,0,,,,,,77191,0,544188,0,0,0,0,0,259,0,544036,0.0,1.0,1.0,1.0,1.0,0,1.0,1.0,1.0,1.0,1.0,1.0
case_061,2,5da175170152a6beab3dcbda84a0910f72b079091c2ad1fdd489aaf5e31fcaf3,e4ab553b60c0e9b860804bfb7ee628f2e9e755705b5c10643acf28987912608c,7cbb2c2ab804d1b5bbdd4d54d06eddc3e38908002cdcca123e09ed34a9f211da,baseline,True,True,True,0,1,1,0,new_official_evaluation,77191,1,single,cba797eaafca9c3f1de1d713316b8d86836a0782c649a5d5709688be1562f445,413a2d73bed15e05280be6741020c031a16b868187e30c0937b9b18090128a4e,47435,582112,1126300,0,582112,253168,186,,,,,,47337,582112,1126300,0,582112,253168,186,25,445,75776,797204,0.08680153039015785,46314,582112,1126300,0,582112,253168,186,,,,,,46314,582112,1126300,0,582112,253168,186,25,445,75776,797204,0.08680153039015785,1.0020702621627902,1.0,1.0220883534136547,1.0242043442587554,-98,1.627300516496258,1.6306694551830492,1.666688258409984,1.666688258409984,1.627300516496258,1.666688258409984
case_061,3,5da175170152a6beab3dcbda84a0910f72b079091c2ad1fdd489aaf5e31fcaf3,a21856e66813701ac84be68dbece0fb5a39f0e6d4f999fdc4017af6f64950957,0d35b3d795541edaa799bb51a87041cbdd3f6d45de5c36e84f3d600a07204cbb,baseline,True,True,True,0,1,1,0,new_official_evaluation,77191,1,single,cba797eaafca9c3f1de1d713316b8d86836a0782c649a5d5709688be1562f445,413a2d73bed15e05280be6741020c031a16b868187e30c0937b9b18090128a4e,37105,991376,1535564,0,991376,434888,262,,,,,,36521,991376,1535564,0,991376,434888,262,62,521,121600,978924,0.11049281978403015,33560,991376,1535564,0,991376,434888,262,,,,,,33172,991376,1535564,0,991376,434888,262,62,521,121600,978924,0.11049281978403015,1.0159907998138058,1.0116966116001447,1.1009586398167128,1.105631704410012,-196,2.080339576876432,2.1136058705950003,2.300089392133492,2.3269926443988904,2.080339576876432,2.300089392133492
case_061,4,5da175170152a6beab3dcbda84a0910f72b079091c2ad1fdd489aaf5e31fcaf3,a6505700170f3a9735fac4d8442c925ff21428b2714cae47963748e640ec3b9a,024d392c7f538429461e009589afc8f0e713d481d42b04a3efb5c7d832c8040a,baseline,True,True,True,0,1,1,0,new_official_evaluation,77191,1,single,cba797eaafca9c3f1de1d713316b8d86836a0782c649a5d5709688be1562f445,413a2d73bed15e05280be6741020c031a16b868187e30c0937b9b18090128a4e,33361,1037776,1581964,0,1037776,444776,282,,,,,,31205,1037776,1581964,0,1037776,444776,282,66,541,148224,988812,0.130359988601944,33561,1037776,1581964,0,1037776,444776,282,,,,,,30975,1037776,1581964,0,1037776,444776,282,66,541,148224,988812,0.130359988601944,1.0690914917481174,1.0834866828087166,1.0074253430185633,0.9940407020053038,430,2.3138095380833907,2.4736740906905945,2.3000208575429815,2.492041969330105,2.3138095380833907,2.3000208575429815
case_061,5,5da175170152a6beab3dcbda84a0910f72b079091c2ad1fdd489aaf5e31fcaf3,3a7d26a5411c6d94f1e84f13112bf19967d6df370569d3503d515b6af1a6b1d9,3a7d26a5411c6d94f1e84f13112bf19967d6df370569d3503d515b6af1a6b1d9,baseline,False,True,True,0,1,1,0,G1_verified_reuse,77191,1,single,cba797eaafca9c3f1de1d713316b8d86836a0782c649a5d5709688be1562f445,413a2d73bed15e05280be6741020c031a16b868187e30c0937b9b18090128a4e,32921,994572,1538760,0,994572,428294,283,,,,,,30639,994572,1538760,0,994572,428294,283,65,543,136960,973354,0.12335249307853455,32921,994572,1538760,0,994572,428294,283,,,,,,30639,994572,1538760,0,994572,428294,283,65,543,136960,973354,0.12335249307853455,1.074480237605666,1.074480237605666,1.0,1.0,0,2.3447343640837155,2.519370736642841,2.3447343640837155,2.519370736642841,2.3447343640837155,2.3447343640837155
case_062,1,fa99943eab55b174047687337a4bcd81c3967e052e22eaabf3fb7740914df2b4,0058b0b0a1310dc2400dc166519f401b1beb42c5139f8d5d11c82d707a3088da,0058b0b0a1310dc2400dc166519f401b1beb42c5139f8d5d11c82d707a3088da,G1_baseline,False,True,True,0,1,0,0,G1_verified_reuse,2854809,1,single,0058b0b0a1310dc2400dc166519f401b1beb42c5139f8d5d11c82d707a3088da,37864f0ecde65c568bb35dce864afc82c25cfbe1661aa29cebf5e1a39d8550e1,2854809,0,13401600,0,0,0,0,,,,,,2854809,0,13401600,0,0,0,0,0,4362,0,13400064,0.0,2854809,0,13401600,0,0,0,0,,,,,,2854809,0,13401600,0,0,0,0,0,4362,0,13400064,0.0,1.0,1.0,1.0,1.0,0,1.0,1.0,1.0,1.0,1.0,1.0
case_062,2,fa99943eab55b174047687337a4bcd81c3967e052e22eaabf3fb7740914df2b4,077c560536bed826b9b55a5368f653896f9ae27ea1c3f01f1c833fe2653e811c,d68ffeba9a8492effc74f981a25eace46cb99cf0ea83ba47d37d1e60143d2944,baseline,False,True,True,0,1,0,0,G1_verified_reuse,2854809,1,single,0058b0b0a1310dc2400dc166519f401b1beb42c5139f8d5d11c82d707a3088da,37864f0ecde65c568bb35dce864afc82c25cfbe1661aa29cebf5e1a39d8550e1,1784824,89088,13490688,0,89088,44544,29,,,,,,1784824,89088,13490688,0,89088,44544,29,0,4391,0,13444608,0.0,1784824,89088,13490688,0,89088,44544,29,,,,,,1784824,89088,13490688,0,89088,44544,29,0,4391,0,13444608,0.0,1.0,1.0,1.0,1.0,0,1.5994904819746933,1.5994904819746933,1.5994904819746933,1.5994904819746933,1.5994904819746933,1.5994904819746933
case_062,3,fa99943eab55b174047687337a4bcd81c3967e052e22eaabf3fb7740914df2b4,81bf08f5eb4910146127dc0f67463cdbbc71da5fc8a90085bf6ed3177f85d208,537e288c70bc9b68f7a559ce3659d8387caba8049f8ce51c4a9422658c35b6a1,baseline,False,True,True,0,1,1,0,G1_verified_reuse,2854809,1,single,0058b0b0a1310dc2400dc166519f401b1beb42c5139f8d5d11c82d707a3088da,37864f0ecde65c568bb35dce864afc82c25cfbe1661aa29cebf5e1a39d8550e1,1189955,167424,13569024,0,167424,81408,53,,,,,,1189955,167424,13569024,0,167424,81408,53,0,4416,0,13486080,0.0,1189955,167424,13569024,0,167424,81408,53,,,,,,1189955,167424,13569024,0,167424,81408,53,0,4416,0,13486080,0.0,1.0,1.0,1.0,1.0,0,2.3990898815501427,2.3990898815501427,2.3990898815501427,2.3990898815501427,2.3990898815501427,2.3990898815501427
case_062,4,fa99943eab55b174047687337a4bcd81c3967e052e22eaabf3fb7740914df2b4,26fa0c2dd8592fdf2b280872aa13caf7709c1a009923a428517357eaa393ea23,76255e8bd5230c8febeb7d39d465e402e77e0018c8a3dcb4090405deec22ac2f,mapping_locality_one_move,True,True,True,0,1,1,0,new_official_evaluation,2854809,1,single,0058b0b0a1310dc2400dc166519f401b1beb42c5139f8d5d11c82d707a3088da,37864f0ecde65c568bb35dce864afc82c25cfbe1661aa29cebf5e1a39d8550e1,892782,330240,13731840,0,330240,139776,91,,,,,,892782,330240,13731840,0,330240,139776,91,2,4462,9216,13581312,0.000678119349005425,892170,314880,13716480,0,314880,132096,86,,,,,,892170,314880,13716480,0,314880,132096,86,2,4457,9216,13573632,0.0006785027705529798,1.0,1.0,1.000685967920912,1.000685967920912,0,3.197655194661183,3.197655194661183,3.1998486835468576,3.1998486835468576,3.197655194661183,3.1998486835468576
case_062,5,fa99943eab55b174047687337a4bcd81c3967e052e22eaabf3fb7740914df2b4,2b479d3577e9fddc029b649bd432e4bc4f83d440e0ef970b780761f7b7da04db,ef3919863cf536089e50b5c01eaf783d422d6b1d61b8aea8640fb8a9f6758741,baseline,True,True,True,0,1,1,0,new_official_evaluation,2854809,1,single,0058b0b0a1310dc2400dc166519f401b1beb42c5139f8d5d11c82d707a3088da,37864f0ecde65c568bb35dce864afc82c25cfbe1661aa29cebf5e1a39d8550e1,715381,419328,13820928,0,419328,175104,114,,,,,,715381,419328,13820928,0,419328,175104,114,3,4488,13824,13630464,0.0010131712259371835,715381,419328,13820928,0,419328,175104,114,,,,,,715381,419328,13820928,0,419328,175104,114,3,4488,13824,13630464,0.0010131712259371835,1.0,1.0,1.0,1.0,0,3.990613393422526,3.990613393422526,3.990613393422526,3.990613393422526,3.990613393422526,3.990613393422526
case_063,1,511c05c1ec9c19bb3cc108e173a46e7952b92fca9b1ac21728c43713056d429d,2e9f6e5c6ad286a9ccd480a1b0c777a45fe34b171855633bb43d327ee48bdec9,2e9f6e5c6ad286a9ccd480a1b0c777a45fe34b171855633bb43d327ee48bdec9,G1_baseline,False,True,True,0,1,0,0,G1_verified_reuse,1070397,1,single,2e9f6e5c6ad286a9ccd480a1b0c777a45fe34b171855633bb43d327ee48bdec9,de802e32624800a5bd94ea3ed554c0e907396bbf738f91bd950d36607cae26bc,1070397,0,5021184,0,0,0,0,,,,,,1070397,0,5021184,0,0,0,0,0,1634,0,5019648,0.0,1070397,0,5021184,0,0,0,0,,,,,,1070397,0,5021184,0,0,0,0,0,1634,0,5019648,0.0,1.0,1.0,1.0,1.0,0,1.0,1.0,1.0,1.0,1.0,1.0
case_063,2,511c05c1ec9c19bb3cc108e173a46e7952b92fca9b1ac21728c43713056d429d,f52f9e06214392b7ddd20fa6d555dc020762ed7716941ba52fbdd1d4f89e945c,9b01b6d6954327f3ca676ac405f9ddd6fc61fcbba3923ff70c9e06759055226d,baseline,True,True,True,0,1,0,0,new_official_evaluation,1070397,1,single,2e9f6e5c6ad286a9ccd480a1b0c777a45fe34b171855633bb43d327ee48bdec9,de802e32624800a5bd94ea3ed554c0e907396bbf738f91bd950d36607cae26bc,663139,26102784,31123968,11045376,15057408,5646336,3676,,,,,,663139,26102784,31123968,11045376,15057408,5646336,3676,0,8859,0,23932416,0.0,637833,26084352,31105536,11026944,15057408,5646336,3676,,,,,,637833,26084352,31105536,11026944,15057408,5646336,3676,0,8853,0,23923200,0.0,1.0,1.0,1.0396749619414487,1.0396749619414487,0,1.61413670437118,1.61413670437118,1.678177516685402,1.678177516685402,1.61413670437118,1.678177516685402
case_063,3,511c05c1ec9c19bb3cc108e173a46e7952b92fca9b1ac21728c43713056d429d,f4f4c560f75186b8d53859d67c9f7e30f126b8c9789fdc4ec88f831c181a866f,060b061b2b24c5ea0c691d9427afe7dc625bd83fb654016eae88ef3b56bb12ea,baseline,True,True,True,0,1,1,0,new_official_evaluation,1070397,1,single,2e9f6e5c6ad286a9ccd480a1b0c777a45fe34b171855633bb43d327ee48bdec9,de802e32624800a5bd94ea3ed554c0e907396bbf738f91bd950d36607cae26bc,446447,201216,5222400,0,201216,84480,55,,,,,,446447,201216,5222400,0,201216,84480,55,3,1693,13824,5122560,0.0026913875598086126,446447,201216,5222400,0,201216,84480,55,,,,,,446447,201216,5222400,0,201216,84480,55,3,1693,13824,5122560,0.0026913875598086126,1.0,1.0,1.0,1.0,0,2.3975903074721074,2.3975903074721074,2.3975903074721074,2.3975903074721074,2.3975903074721074,2.3975903074721074
case_063,4,511c05c1ec9c19bb3cc108e173a46e7952b92fca9b1ac21728c43713056d429d,4a5b5fffc1a48c983933b3d212aa4248bc3288d401f2f427450cbf81bfd5535f,6bbb20f1fd243e60cfcb2b36abd76b7d040e78ec25328ca8871e18c4338b42b9,mapping_locality_one_move,True,True,True,0,1,1,0,new_official_evaluation,1070397,1,single,2e9f6e5c6ad286a9ccd480a1b0c777a45fe34b171855633bb43d327ee48bdec9,de802e32624800a5bd94ea3ed554c0e907396bbf738f91bd950d36607cae26bc,335694,278016,5299200,0,278016,113664,74,,,,,,335694,278016,5299200,0,278016,113664,74,3,1716,13824,5170176,0.0026666666666666666,335694,274944,5296128,0,274944,112128,73,,,,,,335694,274944,5296128,0,274944,112128,73,3,1715,13824,5168640,0.0026674570243034974,1.0,1.0,1.0,1.0,0,3.1886092691558385,3.1886092691558385,3.1886092691558385,3.1886092691558385,3.1886092691558385,3.1886092691558385
case_063,5,511c05c1ec9c19bb3cc108e173a46e7952b92fca9b1ac21728c43713056d429d,fbcf6c9b3b703c30c7b38ccdc30f213e2746e7a51af7b513b0244a5359743244,fbcf6c9b3b703c30c7b38ccdc30f213e2746e7a51af7b513b0244a5359743244,baseline,False,True,True,0,1,2,0,G1_verified_reuse,1070397,1,single,2e9f6e5c6ad286a9ccd480a1b0c777a45fe34b171855633bb43d327ee48bdec9,de802e32624800a5bd94ea3ed554c0e907396bbf738f91bd950d36607cae26bc,266761,287232,5308416,0,287232,136704,89,,,,,,266761,287232,5308416,0,287232,136704,89,0,1726,0,5170176,0.0,266761,287232,5308416,0,287232,136704,89,,,,,,266761,287232,5308416,0,287232,136704,89,0,1726,0,5170176,0.0,1.0,1.0,1.0,1.0,0,4.012569303608848,4.012569303608848,4.012569303608848,4.012569303608848,4.012569303608848,4.012569303608848
case_064,1,871f65b73fc1da6a48501998fbfde6684fc78e5dd022ddc68085d1384d2e2280,8e255667637d48dc008148e4b6ee94f9f40ae6b096eb559a555827f5c82c0b70,8e255667637d48dc008148e4b6ee94f9f40ae6b096eb559a555827f5c82c0b70,G1_baseline,False,True,True,0,1,0,0,G1_verified_reuse,18078,1,b2a_w16,40917c4e7c0b36273933ce18b612b907f962bd0f6155fe6651061f8982abff17,b16de45768aea47c4d7cd4d3f8cf06b2f38c7b7f615b87a39bde5113faf4eac3,19116,0,37414,0,0,0,0,,,,,,19116,0,37414,0,0,0,0,0,62,0,35622,0.0,19116,0,37414,0,0,0,0,,,,,,19116,0,37414,0,0,0,0,0,62,0,35622,0.0,1.0,1.0,1.0,1.0,0,1.0,1.0,1.0,1.0,0.9456999372253609,0.9456999372253609
case_064,2,871f65b73fc1da6a48501998fbfde6684fc78e5dd022ddc68085d1384d2e2280,9341916972bab8cefb916e11070308b88e412135e6da98ca89704380369754e3,04539a071e4fbcf5976bd42b1b851b22a84aa05497f702a9829563f059ba2dcd,baseline,True,True,True,0,1,1,0,new_official_evaluation,18078,1,b2a_w16,40917c4e7c0b36273933ce18b612b907f962bd0f6155fe6651061f8982abff17,b16de45768aea47c4d7cd4d3f8cf06b2f38c7b7f615b87a39bde5113faf4eac3,14237,63430,100844,0,63430,28368,93,,,,,,14233,63430,100844,0,63430,28368,93,13,155,6694,63990,0.09470318601097844,13973,63430,100844,0,63430,28368,93,,,,,,13970,63430,100844,0,63430,28368,93,13,155,6694,63990,0.09470318601097844,1.0002810370266282,1.0002147458840371,1.01882605583393,1.0188935804766335,-1,1.3426986022336167,1.3430759502564462,1.3680669863307808,1.3683607730851826,1.2697899838449112,1.2937808630931082
case_064,3,871f65b73fc1da6a48501998fbfde6684fc78e5dd022ddc68085d1384d2e2280,da37e3ac1a4e4e9a902194b5cc2fa4d13220d18f94b55d1ed28f73f4acad1f47,2e96443ac6e1f01ccebb3e874d8ffce83c28b4f283e93c8dac21c494a9924da7,baseline,True,True,True,0,1,1,0,new_official_evaluation,18078,1,b2a_w16,40917c4e7c0b36273933ce18b612b907f962bd0f6155fe6651061f8982abff17,b16de45768aea47c4d7cd4d3f8cf06b2f38c7b7f615b87a39bde5113faf4eac3,12510,64330,101744,0,64330,26880,82,,,,,,12510,64330,101744,0,64330,26880,82,30,135,14922,58150,0.20420954674841252,11582,64330,101744,0,64330,26880,82,,,,,,11582,64330,101744,0,64330,26880,82,29,136,14890,58182,0.2037716225093059,1.0,1.0,1.0801243308582282,1.0801243308582282,0,1.5280575539568346,1.5280575539568346,1.6504921429804869,1.6504921429804869,1.445083932853717,1.560870316007598
case_064,4,871f65b73fc1da6a48501998fbfde6684fc78e5dd022ddc68085d1384d2e2280,cc1121bc2a4f5a108603d32553a2d9215cab2bed76a7abfa1c84e686ca3c3319,1682f91341756d7f344fb48b9a67b247ee2059fdd0d72b2f77b14ab38d911590,baseline,False,True,True,0,1,1,0,G1_verified_reuse,18078,1,b2a_w16,40917c4e7c0b36273933ce18b612b907f962bd0f6155fe6651061f8982abff17,b16de45768aea47c4d7cd4d3f8cf06b2f38c7b7f615b87a39bde5113faf4eac3,11821,97742,135156,0,97742,43072,151,,,,,,11821,97742,135156,0,97742,43072,151,41,196,14542,75750,0.16105524298941212,11821,97742,135156,0,97742,43072,151,,,,,,11821,97742,135156,0,97742,43072,151,41,196,14542,75750,0.16105524298941212,1.0,1.0,1.0,1.0,0,1.6171220708907876,1.6171220708907876,1.6171220708907876,1.6171220708907876,1.5293122409271636,1.5293122409271636
case_064,5,871f65b73fc1da6a48501998fbfde6684fc78e5dd022ddc68085d1384d2e2280,976eb3e70c1acfcc2bd91f01b97cef33de8b4e60a786baebc8b02622e586694f,15c91c8cee80f9a4209527964b8bdb284e1f4031dd0dc3f9b25769d62323afa1,baseline,False,True,True,0,1,1,0,G1_verified_reuse,18078,1,b2a_w16,40917c4e7c0b36273933ce18b612b907f962bd0f6155fe6651061f8982abff17,b16de45768aea47c4d7cd4d3f8cf06b2f38c7b7f615b87a39bde5113faf4eac3,11821,97742,135156,0,97742,43072,151,,,,,,11821,97742,135156,0,97742,43072,151,41,196,14542,75750,0.16105524298941212,11821,97742,135156,0,97742,43072,151,,,,,,11821,97742,135156,0,97742,43072,151,41,196,14542,75750,0.16105524298941212,1.0,1.0,1.0,1.0,0,1.6171220708907876,1.6171220708907876,1.6171220708907876,1.6171220708907876,1.5293122409271636,1.5293122409271636
case_065,1,23342b7c3e75f58cec3d0bdaff89bf8d6f18de4930d35ec2ceade91670f0a400,462655786e4d45971797edaace468c25751908e507fc4c24313fcc47205031f2,462655786e4d45971797edaace468c25751908e507fc4c24313fcc47205031f2,G1_baseline,False,True,True,0,1,0,0,G1_verified_reuse,51367,1,b0,29c80ccd240457bff6343f258c5dd2b47adbcd88a5205503adcbbec2d3f51b69,3897c29f3ac41a118af58f4feefb09b2f9becaeface755b7a5f12bf6b8181f30,53068,0,316202,0,0,0,0,,,,,,53068,0,316202,0,0,0,0,0,153,0,299720,0.0,53068,0,316202,0,0,0,0,,,,,,53068,0,316202,0,0,0,0,0,153,0,299720,0.0,1.0,1.0,1.0,1.0,0,1.0,1.0,1.0,1.0,0.9679467852566519,0.9679467852566519
case_065,2,23342b7c3e75f58cec3d0bdaff89bf8d6f18de4930d35ec2ceade91670f0a400,a7ef2cacb2116e728c764a906a889351044899d71be399627e337ebf9074cbbf,b4d7081f25173341a7361c83cc84edbe3cd618529768b3c2323803bf91b8759c,baseline,True,True,True,0,1,1,0,new_official_evaluation,51367,1,b0,29c80ccd240457bff6343f258c5dd2b47adbcd88a5205503adcbbec2d3f51b69,3897c29f3ac41a118af58f4feefb09b2f9becaeface755b7a5f12bf6b8181f30,29524,774986,1091188,0,774986,359586,192,,,,,,29065,774986,1091188,0,774986,359586,192,26,345,55814,659306,0.07804843942275422,29679,774986,1091188,0,774986,359586,192,,,,,,29025,774986,1091188,0,774986,359586,192,26,345,55814,659306,0.07804843942275422,1.0157921899191467,1.022532299741602,1.0013781223083549,0.9947774520704875,195,1.797452919658583,1.825838637536556,1.7880656356346238,1.8283548664944014,1.7398387752337081,1.730752383840426
case_065,3,23342b7c3e75f58cec3d0bdaff89bf8d6f18de4930d35ec2ceade91670f0a400,85e4200da07982cb320075e424cb6dbd49611f15cb8e045bbe284b5a3adb7264,edde633b708b33a310b910ed5ff9ef78d4ab76ccab1844768dc622adc914b3a5,baseline,False,True,True,0,1,1,0,G1_verified_reuse,51367,1,b0,29c80ccd240457bff6343f258c5dd2b47adbcd88a5205503adcbbec2d3f51b69,3897c29f3ac41a118af58f4feefb09b2f9becaeface755b7a5f12bf6b8181f30,20797,583416,899618,0,583416,251768,139,,,,,,20606,583416,899618,0,583416,251768,139,36,293,75272,556096,0.1192204863090939,20797,583416,899618,0,583416,251768,139,,,,,,20606,583416,899618,0,583416,251768,139,36,293,75272,556096,0.1192204863090939,1.0092691449092497,1.0092691449092497,1.0,1.0,0,2.551714189546569,2.575366398136465,2.551714189546569,2.575366398136465,2.4699235466653846,2.4699235466653846
case_065,4,23342b7c3e75f58cec3d0bdaff89bf8d6f18de4930d35ec2ceade91670f0a400,b0c21874d3fddc6f1f9f9bd37c1071f9690133551c0f800f4f9d7d35059e0d00,2eb03cedf8f7d8d6a0f8e2db2af3936cf28114b6303ae36d2482a3f2128faf6a,baseline,False,True,True,0,1,1,0,G1_verified_reuse,51367,1,b0,29c80ccd240457bff6343f258c5dd2b47adbcd88a5205503adcbbec2d3f51b69,3897c29f3ac41a118af58f4feefb09b2f9becaeface755b7a5f12bf6b8181f30,19058,651774,967976,0,651774,269820,138,,,,,,17844,651774,967976,0,651774,269820,138,41,292,102920,578754,0.15098126083729171,19058,651774,967976,0,651774,269820,138,,,,,,17844,651774,967976,0,651774,269820,138,41,292,102920,578754,0.15098126083729171,1.0680340730777853,1.0680340730777853,1.0,1.0,0,2.7845524189316824,2.973996861690204,2.7845524189316824,2.973996861690204,2.6952985622835555,2.6952985622835555
case_065,5,23342b7c3e75f58cec3d0bdaff89bf8d6f18de4930d35ec2ceade91670f0a400,6068f64ed5dba9d63e7aa844fe18753ce38c82f4d117700a2775427155eae9e6,8911798fb8177395af205450072f540928262d2e504e26dba7b466738d2ad936,baseline,False,True,True,0,1,1,0,G1_verified_reuse,51367,1,b0,29c80ccd240457bff6343f258c5dd2b47adbcd88a5205503adcbbec2d3f51b69,3897c29f3ac41a118af58f4feefb09b2f9becaeface755b7a5f12bf6b8181f30,19058,651774,967976,0,651774,269820,138,,,,,,17844,651774,967976,0,651774,269820,138,41,292,102920,578754,0.15098126083729171,19058,651774,967976,0,651774,269820,138,,,,,,17844,651774,967976,0,651774,269820,138,41,292,102920,578754,0.15098126083729171,1.0680340730777853,1.0680340730777853,1.0,1.0,0,2.7845524189316824,2.973996861690204,2.7845524189316824,2.973996861690204,2.6952985622835555,2.6952985622835555
case_066,1,30e61f8760d7d595b0fc4ad76262b179c72509a0cb5b2be72333ebd9b926b465,6cc57264c628daf6a00c579335d674f65bd9bc44d5521949cf85c18b3590ace4,6cc57264c628daf6a00c579335d674f65bd9bc44d5521949cf85c18b3590ace4,G1_baseline,False,True,True,0,1,0,0,G1_verified_reuse,349247,1,b2a_w8,08bd17aa11707d5af098534927e8b68b955fe36398037845871758bfb5e18743,d26c59ddc1a991dd8227519f9ad5bf42dc85171910f6d7409b7c38334fc5069e,359070,0,1107034,0,0,0,0,,,,,,359070,0,1107034,0,0,0,0,0,181,0,1027116,0.0,359070,0,1107034,0,0,0,0,,,,,,359070,0,1107034,0,0,0,0,0,181,0,1027116,0.0,1.0,1.0,1.0,1.0,0,1.0,1.0,1.0,1.0,0.9726432171999888,0.9726432171999888
case_066,2,30e61f8760d7d595b0fc4ad76262b179c72509a0cb5b2be72333ebd9b926b465,cdfec9dec6b47b01b10785fca5a9b1b4938e9812478c7f1e6a37b4b9205f4318,cdfec9dec6b47b01b10785fca5a9b1b4938e9812478c7f1e6a37b4b9205f4318,baseline,False,True,True,0,1,1,0,G1_verified_reuse,349247,1,b2a_w8,08bd17aa11707d5af098534927e8b68b955fe36398037845871758bfb5e18743,d26c59ddc1a991dd8227519f9ad5bf42dc85171910f6d7409b7c38334fc5069e,185656,978376,2085410,0,978376,393856,402,,,,,,185656,978376,2085410,0,978376,393856,402,16,584,190662,1420974,0.11830338860636025,185656,978376,2085410,0,978376,393856,402,,,,,,185656,978376,2085410,0,978376,393856,402,16,584,190662,1420974,0.11830338860636025,1.0,1.0,1.0,1.0,0,1.9340608437109492,1.9340608437109492,1.9340608437109492,1.9340608437109492,1.8811511612875425,1.8811511612875425
case_066,3,30e61f8760d7d595b0fc4ad76262b179c72509a0cb5b2be72333ebd9b926b465,d6e2e90cb3ac3c8dff65c009f188c2a1d289aab9e49ba0276ac7fea4e995d6cc,f53a62ce8a2b805b1bc32cddab51e3ec36a92cbe15988399b0d5723a0011ea0e,baseline,True,True,True,0,1,1,0,new_official_evaluation,349247,1,b2a_w8,08bd17aa11707d5af098534927e8b68b955fe36398037845871758bfb5e18743,d26c59ddc1a991dd8227519f9ad5bf42dc85171910f6d7409b7c38334fc5069e,132398,1312626,2419660,0,1312626,464210,489,,,,,,132382,1312626,2419660,0,1312626,464210,489,59,642,447884,1427648,0.23880371009398932,131565,1312626,2419660,0,1312626,464210,489,,,,,,131549,1312626,2419660,0,1312626,464210,489,54,647,325004,1550528,0.17328629956726946,1.0001208623528879,1.0001216276824605,1.0063322412181013,1.0063314711359403,0,2.712050030967235,2.7123778157151275,2.7292212974575305,2.7295532463188623,2.637857067327301,2.65455858320982
case_066,4,30e61f8760d7d595b0fc4ad76262b179c72509a0cb5b2be72333ebd9b926b465,8be4e11e3db14d7bf6fcadaea543b2cba06884c908efe6f9190cbd3ca963f1d1,2f5a720b885835d930180b37a913444cc35c3055e01c18d361906211b33d3de6,mapping_locality_one_move,True,True,True,0,1,1,0,new_official_evaluation,349247,1,b2a_w8,08bd17aa11707d5af098534927e8b68b955fe36398037845871758bfb5e18743,d26c59ddc1a991dd8227519f9ad5bf42dc85171910f6d7409b7c38334fc5069e,102860,2703412,3810446,0,2703412,967926,1146,,,,,,102232,2703412,3810446,0,2703412,967926,1146,186,1257,622852,2139750,0.22545846271015513,99281,2654644,3761678,0,2654644,961974,1146,,,,,,98861,2654644,3761678,0,2654644,961974,1146,195,1247,636868,2082918,0.2341610700253623,1.0061428906800218,1.0042483891524463,1.0340983805545159,1.0360491937027225,-208,3.4908613649620843,3.5123053447061587,3.616704102496953,3.6320692689736096,3.395362628815866,3.5177627139130347
case_066,5,30e61f8760d7d595b0fc4ad76262b179c72509a0cb5b2be72333ebd9b926b465,eed18cc5f90ceb33e08fb8e1bacf172928474ed2e74cd8ed382cbfe454c49284,4142643c6db6a79ad12aad3bffce292c883679099c23ec80504e56811ee19eb7,mapping_locality_one_move,True,True,True,0,1,1,0,new_official_evaluation,349247,1,b2a_w8,08bd17aa11707d5af098534927e8b68b955fe36398037845871758bfb5e18743,d26c59ddc1a991dd8227519f9ad5bf42dc85171910f6d7409b7c38334fc5069e,94032,2718832,3825866,0,2718832,921064,1045,,,,,,91786,2718832,3825866,0,2718832,921064,1045,215,1165,597356,2227528,0.21146213437436723,94034,2700400,3807434,0,2700400,930280,1047,,,,,,91786,2700400,3807434,0,2700400,930280,1047,213,1168,559468,2237768,0.20000743591173573,1.0244699627394156,1.0244917525548558,1.0,0.9999787310972627,2,3.818593670239918,3.912034515067657,3.8185124529425525,3.912034515067657,3.7141292326016675,3.7140502371482653
case_067,1,f49b5087689e18c6bf231843f8f3bbaca238a547ea5309b2492c76d5f170b542,7e1066d4c23ce36241e0ef0b25bf2d814fcd59851bebdae8830017511176f488,7e1066d4c23ce36241e0ef0b25bf2d814fcd59851bebdae8830017511176f488,G1_baseline,False,True,True,0,1,0,0,G1_verified_reuse,63613060,1,b2a_w4,a4147c599ace2710f80670714489abae1e27446a488059e7c79afc12f63a7acb,cf47764811d0774ff3dd8bf9161bb1ba4fae93df8d7c84a20a67200ddd0ee31f,63834834,264449408,270497536,264449408,0,0,0,,,,,,63834834,264449408,270497536,264449408,0,0,0,0,3881,0,267185920,0.0,63834834,264449408,270497536,264449408,0,0,0,,,,,,63834834,264449408,270497536,264449408,0,0,0,0,3881,0,267185920,0.0,1.0,1.0,1.0,1.0,0,1.0,1.0,1.0,1.0,0.9965258153565497,0.9965258153565497
case_067,2,f49b5087689e18c6bf231843f8f3bbaca238a547ea5309b2492c76d5f170b542,f2faab65d2db28133c84b1eb5051b3ed9c4c97f3df13249e367026cef63518dc,ba8296fc5d1492a97757ce5f4322b0a5faea73b1b3bf440f5d664562c78d7a55,baseline,True,True,True,0,1,0,0,new_official_evaluation,63613060,1,b2a_w4,a4147c599ace2710f80670714489abae1e27446a488059e7c79afc12f63a7acb,cf47764811d0774ff3dd8bf9161bb1ba4fae93df8d7c84a20a67200ddd0ee31f,31892152,260989568,267037696,250288384,10701184,3489792,710,,,,,,32130317,260989568,267037696,250288384,10701184,3489792,710,676,2282,64469248,196890368,0.24666874319252138,31927211,262877824,268925952,252176640,10701184,3489792,710,,,,,,32116988,262877824,268925952,252176640,10701184,3489792,710,678,2293,65722624,197525248,0.24966060884245247,0.9925875303377804,0.9940910710556046,1.0004150140106538,0.9989019084692364,48388,2.001584402331959,1.9867477186733016,1.9993864794516503,1.9875722468121855,1.994630528538808,1.992440241648417
case_067,3,f49b5087689e18c6bf231843f8f3bbaca238a547ea5309b2492c76d5f170b542,789576b58f948daa116c5b37af53ea3cdbd56934e959d2bb32dc9379102ecd21,624556f15f5ec68ee24c14709198215172d4ac766a48c79c3794a84591bdc14b,baseline,False,True,True,0,1,0,0,G1_verified_reuse,63613060,1,b2a_w4,a4147c599ace2710f80670714489abae1e27446a488059e7c79afc12f63a7acb,cf47764811d0774ff3dd8bf9161bb1ba4fae93df8d7c84a20a67200ddd0ee31f,21738388,218084096,224132224,203806720,14277376,3417088,781,,,,,,21555677,218084096,224132224,203806720,14277376,3417088,781,424,1712,86531072,131166336,0.3974832442653612,21738388,218084096,224132224,203806720,14277376,3417088,781,,,,,,21555677,218084096,224132224,203806720,14277376,3417088,781,424,1712,86531072,131166336,0.3974832442653612,1.0084762357498676,1.0084762357498676,1.0,1.0,0,2.936502651438552,2.9613931401922566,2.936502651438552,2.9613931401922566,2.926300699021473,2.926300699021473
case_067,4,f49b5087689e18c6bf231843f8f3bbaca238a547ea5309b2492c76d5f170b542,5a80b899fc3e49347427446f83802ec395ad3985f0f0b33c03795d06479150c5,4cccbc9a395c80fda152bf9467edc302f7e5ccbe6c69f6c925c740c8fa372d6d,baseline,False,True,True,0,1,0,0,G1_verified_reuse,63613060,1,b2a_w4,a4147c599ace2710f80670714489abae1e27446a488059e7c79afc12f63a7acb,cf47764811d0774ff3dd8bf9161bb1ba4fae93df8d7c84a20a67200ddd0ee31f,16654103,219229312,225277440,198338560,20890752,4862976,993,,,,,,16060080,219229312,225277440,198338560,20890752,4862976,993,614,1620,129670912,88911616,0.5932354849514779,16654103,219229312,225277440,198338560,20890752,4862976,993,,,,,,16060080,219229312,225277440,198338560,20890752,4862976,993,614,1620,129670912,88911616,0.5932354849514779,1.0369875492525567,1.0369875492525567,1.0,1.0,0,3.832979416543779,3.9747519314972277,3.832979416543779,3.9747519314972277,3.8196629383161613,3.8196629383161613
case_067,5,f49b5087689e18c6bf231843f8f3bbaca238a547ea5309b2492c76d5f170b542,8dfc4304e8ff7b945240d73e329013baf35394010911818cd441a2e5e86c8d37,20e0d31e117824a595c51adb562371072ec7626a5c62c2fac9f1d336a7eef61e,baseline,False,True,True,0,1,1,0,G1_verified_reuse,63613060,1,b2a_w4,a4147c599ace2710f80670714489abae1e27446a488059e7c79afc12f63a7acb,cf47764811d0774ff3dd8bf9161bb1ba4fae93df8d7c84a20a67200ddd0ee31f,13549289,210654720,216702848,179822592,30832128,7972864,1033,,,,,,12878522,210654720,216702848,179822592,30832128,7972864,1033,617,1736,143226880,63049600,0.6943442121952051,13549289,210654720,216702848,179822592,30832128,7972864,1033,,,,,,12878522,210654720,216702848,179822592,30832128,7972864,1033,617,1736,143226880,63049600,0.6943442121952051,1.052084159968046,1.052084159968046,1.0,1.0,0,4.711305072908254,4.956689439983874,4.711305072908254,4.956689439983874,4.694937129173346,4.694937129173346
case_068,1,dfd9a58ef9d26a8a4567026b50af8b4499d87eebb3d98f8208b909b11e963c6d,0a7c7b63e8a12964e4e020363366b8c87e6f80b097ed19bca06d80fb49aae469,0a7c7b63e8a12964e4e020363366b8c87e6f80b097ed19bca06d80fb49aae469,G1_baseline,False,True,True,0,1,0,0,G1_verified_reuse,358952,1,b2a_w8,4c2fce4f99843ecfb50bd3b1aaf6a4cd5b35d91416dbd54a337b6e2410a80399,912ac8727e54ed3d317069a785500a0d775cfb711b3c9adbca5434c4c2cb95a4,362095,0,2771250,0,0,0,0,,,,,,362095,0,2771250,0,0,0,0,0,407,0,2739974,0.0,362095,0,2771250,0,0,0,0,,,,,,362095,0,2771250,0,0,0,0,0,407,0,2739974,0.0,1.0,1.0,1.0,1.0,0,1.0,1.0,1.0,1.0,0.9913199574697248,0.9913199574697248
case_068,2,dfd9a58ef9d26a8a4567026b50af8b4499d87eebb3d98f8208b909b11e963c6d,3ba96ded5bb66e32d240dbe2b13ec8ebc981ece3a9c4b51912c4561ccb26ca44,3ba96ded5bb66e32d240dbe2b13ec8ebc981ece3a9c4b51912c4561ccb26ca44,baseline,False,True,True,0,1,1,0,G1_verified_reuse,358952,1,b2a_w8,4c2fce4f99843ecfb50bd3b1aaf6a4cd5b35d91416dbd54a337b6e2410a80399,912ac8727e54ed3d317069a785500a0d775cfb711b3c9adbca5434c4c2cb95a4,204037,1672660,4443910,34316,1638344,463584,388,,,,,,203899,1672660,4443910,34316,1638344,463584,388,71,815,533002,3410668,0.13515380343690014,204037,1672660,4443910,34316,1638344,463584,388,,,,,,203899,1672660,4443910,34316,1638344,463584,388,71,815,533002,3410668,0.13515380343690014,1.0006768056733972,1.0006768056733972,1.0,1.0,0,1.7746536167459823,1.7758547123821107,1.7746536167459823,1.7758547123821107,1.7592495478761205,1.7592495478761205
case_068,3,dfd9a58ef9d26a8a4567026b50af8b4499d87eebb3d98f8208b909b11e963c6d,4292b9f2999574798bcfb2a4c8b022bcb20dd26b260f239b447278c6ab9fa03a,e91ccbc5fc0e833658cf8913b8242f70925b028504adad31e350005362d7e3fe,mapping_locality_one_move,True,True,True,0,1,1,0,new_official_evaluation,358952,1,b2a_w8,4c2fce4f99843ecfb50bd3b1aaf6a4cd5b35d91416dbd54a337b6e2410a80399,912ac8727e54ed3d317069a785500a0d775cfb711b3c9adbca5434c4c2cb95a4,165324,2613640,5384890,0,2613640,622520,544,,,,,,164663,2613640,5384890,0,2613640,622520,544,174,948,1224524,3506570,0.2588247031236327,165163,2548360,5319610,0,2548360,617528,550,,,,,,164614,2548360,5319610,0,2548360,617528,550,168,956,1101132,3569674,0.23574774888959207,1.0040142594268293,1.0033350747810028,1.000297666055135,1.0009747945968528,-112,2.190214366940069,2.1990064556093354,2.192349376070912,2.199661025186193,2.1712032130846097,2.173319690245394
case_068,4,dfd9a58ef9d26a8a4567026b50af8b4499d87eebb3d98f8208b909b11e963c6d,be88ba8714c3c88d61d33dd233938a0c03dc0b13aeeb37ab7bcdeabd7e0632aa,099a8745fe53912884e7e53986c8024c2c1e31c09f069eb6b33e1cdc909563a4,baseline,True,True,True,0,1,1,0,new_official_evaluation,358952,1,b2a_w8,4c2fce4f99843ecfb50bd3b1aaf6a4cd5b35d91416dbd54a337b6e2410a80399,912ac8727e54ed3d317069a785500a0d775cfb711b3c9adbca5434c4c2cb95a4,137870,2496122,5267372,0,2496122,547124,574,,,,,,136482,2496122,5267372,0,2496122,547124,574,191,924,846282,3842690,0.1804834833733279,137870,2496122,5267372,0,2496122,547124,574,,,,,,136354,2496122,5267372,0,2496122,547124,574,191,924,883146,3805826,0.18834533454241142,1.010169839246201,1.0111181190137437,1.0009387330037989,1.0,128,2.626350910277798,2.653060476839437,2.626350910277798,2.6555509922701206,2.6035540726771598,2.6035540726771598
case_068,5,dfd9a58ef9d26a8a4567026b50af8b4499d87eebb3d98f8208b909b11e963c6d,3caf43af113aae97d0ab1e1d4076ab5eeb2379fd5a13274fdeffabbdac338a81,a972f31249233eecfebbe381023c008e28a4c0d62b0ea3406e9552fbe86e091a,baseline,True,True,True,0,1,1,0,new_official_evaluation,358952,1,b2a_w8,4c2fce4f99843ecfb50bd3b1aaf6a4cd5b35d91416dbd54a337b6e2410a80399,912ac8727e54ed3d317069a785500a0d775cfb711b3c9adbca5434c4c2cb95a4,137870,2496122,5267372,0,2496122,547124,574,,,,,,136482,2496122,5267372,0,2496122,547124,574,191,924,846282,3842690,0.1804834833733279,137870,2496122,5267372,0,2496122,547124,574,,,,,,136354,2496122,5267372,0,2496122,547124,574,191,924,883146,3805826,0.18834533454241142,1.010169839246201,1.0111181190137437,1.0009387330037989,1.0,128,2.626350910277798,2.653060476839437,2.626350910277798,2.6555509922701206,2.6035540726771598,2.6035540726771598
case_069,1,9632392d98cfc04291ba0546accf1f4c3ede8ff71befd3cd0ae67caf27659e52,9a4617c063a728654291de0a0ccbe2c26b0a04bb90eb8f4f99f56e9018790af7,9a4617c063a728654291de0a0ccbe2c26b0a04bb90eb8f4f99f56e9018790af7,G1_baseline,False,True,True,0,1,0,0,G1_verified_reuse,23648,1,b2a_w16,33b45c000f4f8085fa6c091576ba0acf8a676c258ff1e3169e6633883e393a38,3e2c579833dc153e36e96a1250e63505db78a4aee7c4d992b311abf8f017f0a7,25144,0,126054,0,0,0,0,,,,,,25144,0,126054,0,0,0,0,0,36,0,113766,0.0,25144,0,126054,0,0,0,0,,,,,,25144,0,126054,0,0,0,0,0,36,0,113766,0.0,1.0,1.0,1.0,1.0,0,1.0,1.0,1.0,1.0,0.9405027044225263,0.9405027044225263
case_069,2,9632392d98cfc04291ba0546accf1f4c3ede8ff71befd3cd0ae67caf27659e52,ad518af612e9b65cae56606e8b92a5993fe4f74e917ff4d025f545b222627194,7b3a940af761333d218da1f743e618bdc7705ff196f63486967c7c5575cbfd45,baseline,True,True,True,0,1,1,0,new_official_evaluation,23648,1,b2a_w16,33b45c000f4f8085fa6c091576ba0acf8a676c258ff1e3169e6633883e393a38,3e2c579833dc153e36e96a1250e63505db78a4aee7c4d992b311abf8f017f0a7,16328,314726,440780,0,314726,140800,197,,,,,,16323,314726,440780,0,314726,140800,197,13,233,33126,254566,0.11514397341601434,16293,314726,440780,0,314726,140800,197,,,,,,16288,314726,440780,0,314726,140800,197,12,234,23910,263782,0.08310971455584444,1.0003063162408872,1.000306974459725,1.0021488212180747,1.0021481617872705,0,1.5399314061734444,1.5404031121730075,1.543239427975204,1.543713163064833,1.4483096521313081,1.451420855582152
case_069,3,9632392d98cfc04291ba0546accf1f4c3ede8ff71befd3cd0ae67caf27659e52,0d0e74adc0aa8b7a390dee5bcb3581d701f0bf2fc1cb1dce91df40f2522976b1,0d0e74adc0aa8b7a390dee5bcb3581d701f0bf2fc1cb1dce91df40f2522976b1,baseline,False,True,True,0,1,1,0,G1_verified_reuse,23648,1,b2a_w16,33b45c000f4f8085fa6c091576ba0acf8a676c258ff1e3169e6633883e393a38,3e2c579833dc153e36e96a1250e63505db78a4aee7c4d992b311abf8f017f0a7,13774,309992,436046,0,309992,118848,124,,,,,,13740,309992,436046,0,309992,118848,124,28,151,82278,222632,0.2698435603948706,13774,309992,436046,0,309992,118848,124,,,,,,13740,309992,436046,0,309992,118848,124,28,151,82278,222632,0.2698435603948706,1.0024745269286754,1.0024745269286754,1.0,1.0,0,1.825468273558879,1.8299854439592431,1.825468273558879,1.8299854439592431,1.7168578481196457,1.7168578481196457
case_069,4,9632392d98cfc04291ba0546accf1f4c3ede8ff71befd3cd0ae67caf27659e52,b59915956d170dd8c3dae9a147187d6a003bb4130c331fe1c7a68706bf77272d,b59915956d170dd8c3dae9a147187d6a003bb4130c331fe1c7a68706bf77272d,baseline,False,True,True,0,1,1,0,G1_verified_reuse,23648,1,b2a_w16,33b45c000f4f8085fa6c091576ba0acf8a676c258ff1e3169e6633883e393a38,3e2c579833dc153e36e96a1250e63505db78a4aee7c4d992b311abf8f017f0a7,13774,309992,436046,0,309992,118848,124,,,,,,13740,309992,436046,0,309992,118848,124,28,151,82278,222632,0.2698435603948706,13774,309992,436046,0,309992,118848,124,,,,,,13740,309992,436046,0,309992,118848,124,28,151,82278,222632,0.2698435603948706,1.0024745269286754,1.0024745269286754,1.0,1.0,0,1.825468273558879,1.8299854439592431,1.825468273558879,1.8299854439592431,1.7168578481196457,1.7168578481196457
case_069,5,9632392d98cfc04291ba0546accf1f4c3ede8ff71befd3cd0ae67caf27659e52,85a848c138c131671967c0b57abf413b66c174dce13ca72a20d1e096f90d71e0,85a848c138c131671967c0b57abf413b66c174dce13ca72a20d1e096f90d71e0,baseline,False,True,True,0,1,1,0,G1_verified_reuse,23648,1,b2a_w16,33b45c000f4f8085fa6c091576ba0acf8a676c258ff1e3169e6633883e393a38,3e2c579833dc153e36e96a1250e63505db78a4aee7c4d992b311abf8f017f0a7,13774,309992,436046,0,309992,118848,124,,,,,,13740,309992,436046,0,309992,118848,124,28,151,82278,222632,0.2698435603948706,13774,309992,436046,0,309992,118848,124,,,,,,13740,309992,436046,0,309992,118848,124,28,151,82278,222632,0.2698435603948706,1.0024745269286754,1.0024745269286754,1.0,1.0,0,1.825468273558879,1.8299854439592431,1.825468273558879,1.8299854439592431,1.7168578481196457,1.7168578481196457
case_070,1,b645c07133b0d98a63ab192cdfe8b35bdc089ad49eb5a8f1e476196344b97aa0,35503e8a606ef5a291c9918249aab3d458cd03475cbbc72620b0ae2c93d4de5d,35503e8a606ef5a291c9918249aab3d458cd03475cbbc72620b0ae2c93d4de5d,G1_baseline,False,True,True,0,1,0,0,G1_verified_reuse,111549,1,b1,da039a94ef3410aa5c49188da64187ee5056cd76a63fee9f1c130db98fb31641,0c17836d37231a8d81d82a6cf26c5c72a64eca0922d6c17b40c79d0889b50a23,117300,0,419964,0,0,0,0,,,,,,117300,0,419964,0,0,0,0,0,193,0,419858,0.0,117300,0,419964,0,0,0,0,,,,,,117300,0,419964,0,0,0,0,0,193,0,419858,0.0,1.0,1.0,1.0,1.0,0,1.0,1.0,1.0,1.0,0.9509718670076727,0.9509718670076727
case_070,2,b645c07133b0d98a63ab192cdfe8b35bdc089ad49eb5a8f1e476196344b97aa0,73c5c3f98f2c08d611c75e0303099040225f9229eb1c11ff44d07666a603c302,4ab1fcca0499d40b19a1f181ee56b74cf463dd6e5e0870effdb29f83cfe9cc45,baseline,True,True,True,0,1,1,0,new_official_evaluation,111549,1,b1,da039a94ef3410aa5c49188da64187ee5056cd76a63fee9f1c130db98fb31641,0c17836d37231a8d81d82a6cf26c5c72a64eca0922d6c17b40c79d0889b50a23,68604,950774,1370738,0,950774,414714,224,,,,,,68584,950774,1370738,0,950774,414714,224,38,417,121346,834572,0.12694185066083075,66039,950774,1370738,0,950774,414714,224,,,,,,65978,950774,1370738,0,950774,414714,224,38,417,121346,834572,0.12694185066083075,1.0002916132042459,1.0009245506077784,1.0394980144896784,1.0388406850497434,41,1.7098128389015217,1.7103114429021347,1.7762231408713034,1.777865349055746,1.6259839076438691,1.6891382364966157
case_070,3,b645c07133b0d98a63ab192cdfe8b35bdc089ad49eb5a8f1e476196344b97aa0,15e668a6d2ea2de1c609090ec7fe15370c290d84405fcfbe6971282bb6dc1ea5,9b160a424660b211203dc3c988bd800f233b81fa852b40e97f8acf095ce6783f,mapping_locality_one_move,True,True,True,0,1,1,0,new_official_evaluation,111549,1,b1,da039a94ef3410aa5c49188da64187ee5056cd76a63fee9f1c130db98fb31641,0c17836d37231a8d81d82a6cf26c5c72a64eca0922d6c17b40c79d0889b50a23,46238,1167554,1587518,0,1167554,506590,263,,,,,,45534,1167554,1587518,0,1167554,506590,263,44,459,125702,955120,0.11630222182746094,46443,1163192,1583156,0,1163192,503770,261,,,,,,45112,1163192,1583156,0,1163192,503770,261,48,454,155652,923628,0.14421836780075606,1.0154609742170686,1.0295043447419756,1.0093544954779217,0.9955859871240015,627,2.5368744322851335,2.5760969824746343,2.5256766358762355,2.6001950700478806,2.412496215234223,2.4018474258768814
case_070,4,b645c07133b0d98a63ab192cdfe8b35bdc089ad49eb5a8f1e476196344b97aa0,3fa4ad55c81f7cc130199a4bd8b9518c556c92d937854ce2cfe93b8961181460,9cf129c469aa95a0a554fd6e7de4a66cd6fba4304198aabb24307a5d218cb75c,mapping_locality_one_move,True,True,True,0,1,1,0,new_official_evaluation,111549,1,b1,da039a94ef3410aa5c49188da64187ee5056cd76a63fee9f1c130db98fb31641,0c17836d37231a8d81d82a6cf26c5c72a64eca0922d6c17b40c79d0889b50a23,43948,1569172,1989136,0,1569172,632968,288,,,,,,42676,1569172,1989136,0,1569172,632968,288,60,483,254084,1101978,0.18736901410112516,41860,1565588,1985552,0,1565588,628872,286,,,,,,39492,1565588,1985552,0,1565588,628872,286,63,480,283268,1073306,0.2088113143846189,1.0298059799418877,1.05996151119214,1.080623923832675,1.0498805542283802,1096,2.6690634386092653,2.748617489924079,2.802197802197802,2.9702218170768764,2.538204241376172,2.664811275680841
case_070,5,b645c07133b0d98a63ab192cdfe8b35bdc089ad49eb5a8f1e476196344b97aa0,042728e15b57922ed34095cfc899572d8021dedf7d383010e982d6e5ddc453c8,e5717c039e387fc4ebe31a28ce82b3c796ec3843c19c2f07c241bec590640db1,baseline,True,True,True,0,1,1,0,new_official_evaluation,111549,1,b1,da039a94ef3410aa5c49188da64187ee5056cd76a63fee9f1c130db98fb31641,0c17836d37231a8d81d82a6cf26c5c72a64eca0922d6c17b40c79d0889b50a23,40250,1619718,2039682,0,1619718,662336,333,,,,,,37974,1619718,2039682,0,1619718,662336,333,66,530,219270,1157970,0.15920972379541692,40073,1619718,2039682,0,1619718,662336,333,,,,,,37765,1619718,2039682,0,1619718,662336,333,63,533,190598,1186642,0.13839127530423165,1.059935745510086,1.0611147888256323,1.0055342248113333,1.0044169390861677,32,2.914285714285714,3.0889556012008215,2.9271579367654033,3.106050575930094,2.7714037267080744,2.7836448481521225
case_071,1,437cc74cae9e0fc0cb89b05403c62062ceff8d5bc2224c8834c519e69524e897,f82d04a4b9d570fa5e42fc7121974485d556bb64fcf661523a3561120b3e4572,f82d04a4b9d570fa5e42fc7121974485d556bb64fcf661523a3561120b3e4572,G1_baseline,False,True,True,0,1,0,0,G1_verified_reuse,17758,1,b2a_w16,33ac7e18d00baf95c36c5d96a19081f8307265172e00315ae9c59db03fb8d61d,b263e62d4ced291f78588de931c1375f482cb7b1194a653716c95da3cfd0c2a9,18919,0,121446,0,0,0,0,,,,,,18919,0,121446,0,0,0,0,0,35,0,111462,0.0,18919,0,121446,0,0,0,0,,,,,,18919,0,121446,0,0,0,0,0,35,0,111462,0.0,1.0,1.0,1.0,1.0,0,1.0,1.0,1.0,1.0,0.9386331201437708,0.9386331201437708
case_071,2,437cc74cae9e0fc0cb89b05403c62062ceff8d5bc2224c8834c519e69524e897,3355b1eb9638ca577283a4fc342a3927122d4d55297c91322103bc685ddc4535,5f2553854b304ab73cd94fa5a6c6386841e1ecbf0594a84d203ab10a3547d2a0,baseline,True,True,True,0,1,1,0,new_official_evaluation,17758,1,b2a_w16,33ac7e18d00baf95c36c5d96a19081f8307265172e00315ae9c59db03fb8d61d,b263e62d4ced291f78588de931c1375f482cb7b1194a653716c95da3cfd0c2a9,13128,197350,318796,0,197350,83264,109,,,,,,13123,197350,318796,0,197350,83264,109,11,145,21606,203942,0.09579335662475394,12636,197350,318796,0,197350,83264,109,,,,,,12631,197350,318796,0,197350,83264,109,10,146,12390,213158,0.05493287459875503,1.000381010439686,1.000395851476526,1.038951785290159,1.0389363722697056,0,1.4411182205971969,1.4416673016840662,1.497230136119025,1.497822816879107,1.3526812918951858,1.4053497942386832
case_071,3,437cc74cae9e0fc0cb89b05403c62062ceff8d5bc2224c8834c519e69524e897,c5309f552e49b8b288662dbb55eb78e5a487dd2ea9e9dd2277d7cd284be72365,c5309f552e49b8b288662dbb55eb78e5a487dd2ea9e9dd2277d7cd284be72365,baseline,False,True,True,0,1,1,0,G1_verified_reuse,17758,1,b2a_w16,33ac7e18d00baf95c36c5d96a19081f8307265172e00315ae9c59db03fb8d61d,b263e62d4ced291f78588de931c1375f482cb7b1194a653716c95da3cfd0c2a9,10300,207624,329070,0,207624,69248,77,,,,,,10300,207624,329070,0,207624,69248,77,20,108,74118,175720,0.29666423842650036,10300,207624,329070,0,207624,69248,77,,,,,,10300,207624,329070,0,207624,69248,77,20,108,74118,175720,0.29666423842650036,1.0,1.0,1.0,1.0,0,1.8367961165048543,1.8367961165048543,1.8367961165048543,1.8367961165048543,1.7240776699029126,1.7240776699029126
case_071,4,437cc74cae9e0fc0cb89b05403c62062ceff8d5bc2224c8834c519e69524e897,35b6fdc054daaea2e3d4b0d6b607389fac2e2b4cced574162089355b7ab1022c,35b6fdc054daaea2e3d4b0d6b607389fac2e2b4cced574162089355b7ab1022c,baseline,False,True,True,0,1,1,0,G1_verified_reuse,17758,1,b2a_w16,33ac7e18d00baf95c36c5d96a19081f8307265172e00315ae9c59db03fb8d61d,b263e62d4ced291f78588de931c1375f482cb7b1194a653716c95da3cfd0c2a9,10300,207624,329070,0,207624,69248,77,,,,,,10300,207624,329070,0,207624,69248,77,20,108,74118,175720,0.29666423842650036,10300,207624,329070,0,207624,69248,77,,,,,,10300,207624,329070,0,207624,69248,77,20,108,74118,175720,0.29666423842650036,1.0,1.0,1.0,1.0,0,1.8367961165048543,1.8367961165048543,1.8367961165048543,1.8367961165048543,1.7240776699029126,1.7240776699029126
case_071,5,437cc74cae9e0fc0cb89b05403c62062ceff8d5bc2224c8834c519e69524e897,8f470905cd7110442e3634b423e39fa21bfd6397102af40989c7d18d9b1f9545,8f470905cd7110442e3634b423e39fa21bfd6397102af40989c7d18d9b1f9545,baseline,False,True,True,0,1,1,0,G1_verified_reuse,17758,1,b2a_w16,33ac7e18d00baf95c36c5d96a19081f8307265172e00315ae9c59db03fb8d61d,b263e62d4ced291f78588de931c1375f482cb7b1194a653716c95da3cfd0c2a9,10300,207624,329070,0,207624,69248,77,,,,,,10300,207624,329070,0,207624,69248,77,20,108,74118,175720,0.29666423842650036,10300,207624,329070,0,207624,69248,77,,,,,,10300,207624,329070,0,207624,69248,77,20,108,74118,175720,0.29666423842650036,1.0,1.0,1.0,1.0,0,1.8367961165048543,1.8367961165048543,1.8367961165048543,1.8367961165048543,1.7240776699029126,1.7240776699029126
case_072,1,09ecc7be74ccdd06b00843fa6cd0696fb76ed623ca2ea3c9f36590450bc2749f,0fd024830f492dc03333049ae974ba60fec3388291f09ed82ca798f152e15c07,0fd024830f492dc03333049ae974ba60fec3388291f09ed82ca798f152e15c07,G1_baseline,False,True,True,0,1,0,0,G1_verified_reuse,23507664,1,b1,431d3b3a9b73245b0d1f162bea89b98743af8dfb522badb0db47628d29fbbab4,f29944d10636bec15553c630524a37128f257f05ca1fe81626759345b74342a3,23897828,108613680,119716864,108613680,0,0,0,,,,,,23890756,108613680,119716864,108613680,0,0,0,383,13766,3137536,116569150,0.026210198484652728,23897828,108613680,119716864,108613680,0,0,0,,,,,,23890756,108613680,119716864,108613680,0,0,0,383,13766,3137536,116569150,0.026210198484652728,1.000296014073393,1.000296014073393,1.0,1.0,0,1.0,1.0,1.0,1.0,0.9836736627278428,0.9836736627278428
case_072,2,09ecc7be74ccdd06b00843fa6cd0696fb76ed623ca2ea3c9f36590450bc2749f,d6c4cebac99b7d2fa41eedb3fe01a8f460e958daa7b157c231762a5c65c33d06,0ee180e3f324fd2d1b2066be30651ce1d895111af453d8d1adc6f185874781b7,baseline,True,True,True,0,1,1,0,new_official_evaluation,23507664,1,b1,431d3b3a9b73245b0d1f162bea89b98743af8dfb522badb0db47628d29fbbab4,f29944d10636bec15553c630524a37128f257f05ca1fe81626759345b74342a3,14399738,264586770,275689954,151244736,113342034,55620608,6896,,,,,,14391144,264586770,275689954,151244736,113342034,55620608,6896,551,19003,4513792,158776192,0.02764279773583663,14313837,266441106,277544290,153099072,113342034,55620608,6896,,,,,,14311602,266441106,277544290,153099072,113342034,55620608,6896,263,19335,2154496,162667264,0.01307167208989881,1.000597172816838,1.0001561670035262,1.0055578683644222,1.0060012559874756,-6359,1.6596015844177165,1.6601012400404027,1.6695612783630274,1.6693278642041611,1.6325063692131065,1.6423034578359388
case_072,3,09ecc7be74ccdd06b00843fa6cd0696fb76ed623ca2ea3c9f36590450bc2749f,083dc833d0812be06cea6fa3f72bf42df0c6874caa90de8c5ce205bf68f4565c,083dc833d0812be06cea6fa3f72bf42df0c6874caa90de8c5ce205bf68f4565c,baseline,False,True,True,0,1,1,0,G1_verified_reuse,23507664,1,b1,431d3b3a9b73245b0d1f162bea89b98743af8dfb522badb0db47628d29fbbab4,f29944d10636bec15553c630524a37128f257f05ca1fe81626759345b74342a3,10386946,233970658,245073842,77101728,156868930,76336336,9449,,,,,,10386798,233970658,245073842,77101728,156868930,76336336,9449,33,15699,262792,131752968,0.001990610817981126,10386946,233970658,245073842,77101728,156868930,76336336,9449,,,,,,10386798,233970658,245073842,77101728,156868930,76336336,9449,33,15699,262792,131752968,0.001990610817981126,1.0000142488570587,1.0000142488570587,1.0,1.0,0,2.3007559681161336,2.3001078869541893,2.3007559681161336,2.3001078869541893,2.263193050199741,2.263193050199741
case_072,4,09ecc7be74ccdd06b00843fa6cd0696fb76ed623ca2ea3c9f36590450bc2749f,7953727c6cb3067a635aac750659e909a89c842807ad1926cc4692eea47a4c09,7953727c6cb3067a635aac750659e909a89c842807ad1926cc4692eea47a4c09,baseline,False,True,True,0,1,1,0,G1_verified_reuse,23507664,1,b1,431d3b3a9b73245b0d1f162bea89b98743af8dfb522badb0db47628d29fbbab4,f29944d10636bec15553c630524a37128f257f05ca1fe81626759345b74342a3,7596894,232963952,244067136,58858184,174105768,84957072,10489,,,,,,7583813,232963952,244067136,58858184,174105768,84957072,10489,41,15682,335872,131695310,0.002543883913725774,7596894,232963952,244067136,58858184,174105768,84957072,10489,,,,,,7583813,232963952,244067136,58858184,174105768,84957072,10489,41,15682,335872,131695310,0.002543883913725774,1.0017248579309643,1.0017248579309643,1.0,1.0,0,3.1457366655372576,3.1502301019289374,3.1457366655372576,3.1502301019289374,3.0943783077663056,3.0943783077663056
case_072,5,09ecc7be74ccdd06b00843fa6cd0696fb76ed623ca2ea3c9f36590450bc2749f,15702f4218a75997aad88edfbc575707bf3bfddf51d0ef2e27c2a5113b2fbc72,c99ff5af6b0a5ea63a147587e7853452611e4454a4c6b21f524cc8a84af9376b,baseline,True,True,True,0,1,1,0,new_official_evaluation,23507664,1,b1,431d3b3a9b73245b0d1f162bea89b98743af8dfb522badb0db47628d29fbbab4,f29944d10636bec15553c630524a37128f257f05ca1fe81626759345b74342a3,7185795,229404840,240508024,48154928,181249912,88526000,10929,,,,,,7185795,229404840,240508024,48154928,181249912,88526000,10929,13,15520,106496,130250182,0.0008169585297348556,7105253,228995240,240098424,47745328,181249912,88526000,10929,,,,,,7100083,228995240,240098424,47745328,181249912,88526000,10929,34,15474,394688,129757190,0.0030325186702261798,1.0,1.0007281605017857,1.0120719715530087,1.0113355569463889,5170,3.325704114854376,3.3247199509588015,3.3634028232351474,3.3648558756284963,3.2714075478078626,3.3084907743608847
case_073,1,aabaff04d990bac77150639be7f410acc46db644d19fd046367dc70725aea7f9,7116f5343d2950424bff808dabe9fc6e571b40be367cff74ab106678902556dd,7116f5343d2950424bff808dabe9fc6e571b40be367cff74ab106678902556dd,G1_baseline,False,True,True,0,1,0,0,G1_verified_reuse,9906386,1,b2a_w4,513d729108f32997aa8dbd17a2415c5e27abfb52ddab886a5443f882167068dc,ba1946d2df572c22273a5020d65121dca7326910e5df07f6e3c52e0a0fef4d46,10081626,141570432,145611520,141570432,0,0,0,,,,,,10081626,141570432,145611520,141570432,0,0,0,0,2120,0,145160448,0.0,10081626,141570432,145611520,141570432,0,0,0,,,,,,10081626,141570432,145611520,141570432,0,0,0,0,2120,0,145160448,0.0,1.0,1.0,1.0,1.0,0,1.0,1.0,1.0,1.0,0.9826178832660525,0.9826178832660525
case_073,2,aabaff04d990bac77150639be7f410acc46db644d19fd046367dc70725aea7f9,5de389192bfdbc26b3ed6329b4fa2a8f5f88896fc985b1553c50a1eead64e782,5de389192bfdbc26b3ed6329b4fa2a8f5f88896fc985b1553c50a1eead64e782,baseline,False,True,True,0,1,0,0,G1_verified_reuse,9906386,1,b2a_w4,513d729108f32997aa8dbd17a2415c5e27abfb52ddab886a5443f882167068dc,ba1946d2df572c22273a5020d65121dca7326910e5df07f6e3c52e0a0fef4d46,5343686,137847680,141888768,133167616,4680064,479232,390,,,,,,5135220,137847680,141888768,133167616,4680064,479232,390,331,1298,30872576,110272512,0.21872936874714335,5343686,137847680,141888768,133167616,4680064,479232,390,,,,,,5135220,137847680,141888768,133167616,4680064,479232,390,331,1298,30872576,110272512,0.21872936874714335,1.0405953396349135,1.0405953396349135,1.0,1.0,0,1.8866426657554354,1.9632315655414958,1.8866426657554354,1.9632315655414958,1.8538488227040286,1.8538488227040286
case_073,3,aabaff04d990bac77150639be7f410acc46db644d19fd046367dc70725aea7f9,b5d30887e189e66d82fcd4e3f28239c3ad40bc043d72016a1e2bf0388997bd70,5b5be907ea37753be44f8e0040205f1dce5c810f9707bc75900f9fbbc51e149e,baseline,True,True,True,0,1,0,0,new_official_evaluation,9906386,1,b2a_w4,513d729108f32997aa8dbd17a2415c5e27abfb52ddab886a5443f882167068dc,ba1946d2df572c22273a5020d65121dca7326910e5df07f6e3c52e0a0fef4d46,4326521,137554688,141595776,130111488,7443200,0,0,,,,,,4326521,137554688,141595776,130111488,7443200,0,0,0,1482,0,140975232,0.0,4247382,139442944,143484032,131999744,7443200,0,0,,,,,,4269593,139442944,143484032,131999744,7443200,0,0,33,1462,4726784,138136704,0.033086018451404464,1.0,0.9947978648081913,1.0133333551933403,1.0186324187464184,-22211,2.3301923184933115,2.3301923184933115,2.373609437531166,2.361261600344576,2.289688643600713,2.3323510812072
case_073,4,aabaff04d990bac77150639be7f410acc46db644d19fd046367dc70725aea7f9,87ce909489386392b00a78ed92d15dc5799c4436b580237cc9e621d5b2b966c8,87ce909489386392b00a78ed92d15dc5799c4436b580237cc9e621d5b2b966c8,baseline,False,True,True,0,1,0,0,G1_verified_reuse,9906386,1,b2a_w4,513d729108f32997aa8dbd17a2415c5e27abfb52ddab886a5443f882167068dc,ba1946d2df572c22273a5020d65121dca7326910e5df07f6e3c52e0a0fef4d46,3456740,137723520,141764608,125764096,11959424,397312,350,,,,,,2699606,137723520,141764608,125764096,11959424,397312,350,646,1003,77585408,63450880,0.5501095434389198,3456740,137723520,141764608,125764096,11959424,397312,350,,,,,,2699606,137723520,141764608,125764096,11959424,397312,350,646,1003,77585408,63450880,0.5501095434389198,1.2804609265203886,1.2804609265203886,1.0,1.0,0,2.9165126680051148,3.7344805130822794,2.9165126680051148,3.7344805130822794,2.865817504353813,2.865817504353813
case_073,5,aabaff04d990bac77150639be7f410acc46db644d19fd046367dc70725aea7f9,4f73202a5f8242f7f3c54c98e3bf2b83d43be7c9245adad4b96108aa070bda59,4f73202a5f8242f7f3c54c98e3bf2b83d43be7c9245adad4b96108aa070bda59,baseline,False,True,True,0,1,1,0,G1_verified_reuse,9906386,1,b2a_w4,513d729108f32997aa8dbd17a2415c5e27abfb52ddab886a5443f882167068dc,ba1946d2df572c22273a5020d65121dca7326910e5df07f6e3c52e0a0fef4d46,3186716,119359488,123400576,103353344,16006144,559872,420,,,,,,2798206,119359488,123400576,103353344,16006144,559872,420,231,1027,28644864,93941376,0.23367112002130092,3186716,119359488,123400576,103353344,16006144,559872,420,,,,,,2798206,119359488,123400576,103353344,16006144,559872,420,231,1027,28644864,93941376,0.23367112002130092,1.1388425298208924,1.1388425298208924,1.0,1.0,0,3.16364119049203,3.602889136825523,3.16364119049203,3.602889136825523,3.108650410014573,3.108650410014573
case_074,1,a8a94915cbac32e098d7c54cfc73af8ea2050eb51199b949a92cfe18ae62162e,50162acfddc34ebe39d098811889ed0570e5908c33bafc78408aecfd4cd049d5,50162acfddc34ebe39d098811889ed0570e5908c33bafc78408aecfd4cd049d5,G1_baseline,False,True,True,0,1,0,0,G1_verified_reuse,1646724,1,b1,54b348f6494e4b3a78a05f776698559e5bc3433bbb7a05c7f7e0969d37a95cde,67b24a82a8bbe3ada48876c3ac2ed56cec4873752f2c15b5927cb3623ffae80b,1682239,6070280,9847008,6070280,0,0,0,,,,,,1678120,6070280,9847008,6070280,0,0,0,214,1214,1642496,8204316,0.16680485013829857,1682239,6070280,9847008,6070280,0,0,0,,,,,,1678120,6070280,9847008,6070280,0,0,0,214,1214,1642496,8204316,0.16680485013829857,1.002454532452983,1.002454532452983,1.0,1.0,0,1.0,1.0,1.0,1.0,0.9788882554738061,0.9788882554738061
case_074,2,a8a94915cbac32e098d7c54cfc73af8ea2050eb51199b949a92cfe18ae62162e,14b65368af516fcbfcd3d252215b1c385316d61b907c156e9ebbb6786da52df0,14b65368af516fcbfcd3d252215b1c385316d61b907c156e9ebbb6786da52df0,baseline,False,True,True,0,1,1,0,G1_verified_reuse,1646724,1,b1,54b348f6494e4b3a78a05f776698559e5bc3433bbb7a05c7f7e0969d37a95cde,67b24a82a8bbe3ada48876c3ac2ed56cec4873752f2c15b5927cb3623ffae80b,925398,15892720,19669448,8626212,7266508,3506278,809,,,,,,924834,15892720,19669448,8626212,7266508,3506278,809,73,2483,462848,12791952,0.03491927452696382,925398,15892720,19669448,8626212,7266508,3506278,809,,,,,,924834,15892720,19669448,8626212,7266508,3506278,809,73,2483,462848,12791952,0.03491927452696382,1.0006098391711378,1.0006098391711378,1.0,1.0,0,1.8178545879718782,1.8145094146625231,1.8178545879718782,1.8145094146625231,1.779476506324846,1.779476506324846
case_074,3,a8a94915cbac32e098d7c54cfc73af8ea2050eb51199b949a92cfe18ae62162e,1e51e23215e78fb4f48acf0fcbc6797dccfb4d2d00bbd07deaa443e0fb3dd39c,972163e9a18db5ba053cc10eff80ede002ea2472fcde32b909c110bd0e35ffdc,baseline,True,True,True,0,1,1,0,new_official_evaluation,1646724,1,b1,54b348f6494e4b3a78a05f776698559e5bc3433bbb7a05c7f7e0969d37a95cde,67b24a82a8bbe3ada48876c3ac2ed56cec4873752f2c15b5927cb3623ffae80b,666888,13246672,17023400,3186688,10059984,4882536,1105,,,,,,666888,13246672,17023400,3186688,10059984,4882536,1105,0,2069,0,10563712,0.0,661625,13590736,17367464,3530752,10059984,4882536,1105,,,,,,661625,13590736,17367464,3530752,10059984,4882536,1105,0,2101,0,10735744,0.0,1.0,1.0,1.0079546570942755,1.0079546570942755,0,2.5225210230203574,2.516344573601564,2.542586812771585,2.5363612318156057,2.469266203620398,2.488908369544682
case_074,4,a8a94915cbac32e098d7c54cfc73af8ea2050eb51199b949a92cfe18ae62162e,da66f6bc0080f53e7bdf499db374090c03d113cb55953826535edf61d6d24925,064f053e70077afde71d572998582d9c942a7bc54fd0932d3ebd5c83aeeb2718,baseline,True,True,True,0,1,1,0,new_official_evaluation,1646724,1,b1,54b348f6494e4b3a78a05f776698559e5bc3433bbb7a05c7f7e0969d37a95cde,67b24a82a8bbe3ada48876c3ac2ed56cec4873752f2c15b5927cb3623ffae80b,527458,13979860,17756588,2895892,11083968,5406816,1223,,,,,,527458,13979860,17756588,2895892,11083968,5406816,1223,8,2171,40960,10940546,0.0037299073551478276,526124,14373076,18149804,3289108,11083968,5406816,1223,,,,,,526124,14373076,18149804,3289108,11083968,5406816,1223,1,2202,8192,11169922,0.0007328606596783679,1.0,1.0,1.0025355239449256,1.0025355239449256,0,3.1893326103689774,3.1815234577919,3.1974192395708996,3.1895902867004735,3.122000235089808,3.1299161414419414
case_074,5,a8a94915cbac32e098d7c54cfc73af8ea2050eb51199b949a92cfe18ae62162e,0b91ddb6a6d8e121b59151ef03aa95d2ba35ff6646003761b17a27ea8df3e082,0b91ddb6a6d8e121b59151ef03aa95d2ba35ff6646003761b17a27ea8df3e082,baseline,False,True,True,0,1,1,0,G1_verified_reuse,1646724,1,b1,54b348f6494e4b3a78a05f776698559e5bc3433bbb7a05c7f7e0969d37a95cde,67b24a82a8bbe3ada48876c3ac2ed56cec4873752f2c15b5927cb3623ffae80b,431365,11837664,15614392,327720,11509944,5611612,1275,,,,,,431365,11837664,15614392,327720,11509944,5611612,1275,6,1909,49152,9830536,0.004975055892453284,431365,11837664,15614392,327720,11509944,5611612,1275,,,,,,431365,11837664,15614392,327720,11509944,5611612,1275,6,1909,49152,9830536,0.004975055892453284,1.0,1.0,1.0,1.0,0,3.8998041102082923,3.890255352195936,3.8998041102082923,3.890255352195936,3.8174724421313737,3.8174724421313737
case_075,1,5c24beddea6d09e1df3c8f8843d3593b90affb117ba38450fa9bea8a8db3351c,ed02a53377dab05accf5e971d7e7d48b35e69d472a4f2ad4c4ff128b3c91a4fc,ed02a53377dab05accf5e971d7e7d48b35e69d472a4f2ad4c4ff128b3c91a4fc,G1_baseline,False,True,True,0,1,0,0,G1_verified_reuse,1427518,1,b2a_w16,90eed897957be95ab0e9bf9660060f91a8f35608b644efbc0a7f28bd9a8cb06b,4902e086d48cde3ef643910fa13d438ea4e3c4e899ca2aaa5a1fc1ad8eeb2ea2,1441809,0,1837190,0,0,0,0,,,,,,1441809,0,1837190,0,0,0,0,0,269,0,1819782,0.0,1441809,0,1837190,0,0,0,0,,,,,,1441809,0,1837190,0,0,0,0,0,269,0,1819782,0.0,1.0,1.0,1.0,1.0,0,1.0,1.0,1.0,1.0,0.9900881462107671,0.9900881462107671
case_075,2,5c24beddea6d09e1df3c8f8843d3593b90affb117ba38450fa9bea8a8db3351c,f33d71630647ecb1220b0ede618dc572edea49840d1101cfd0f0d17814328228,f33d71630647ecb1220b0ede618dc572edea49840d1101cfd0f0d17814328228,baseline,False,True,True,0,1,1,0,G1_verified_reuse,1427518,1,b2a_w16,90eed897957be95ab0e9bf9660060f91a8f35608b644efbc0a7f28bd9a8cb06b,4902e086d48cde3ef643910fa13d438ea4e3c4e899ca2aaa5a1fc1ad8eeb2ea2,992854,1565828,3403018,0,1565828,590336,351,,,,,,992854,1565828,3403018,0,1565828,590336,351,55,620,385156,2410118,0.1377882812203741,992854,1565828,3403018,0,1565828,590336,351,,,,,,992854,1565828,3403018,0,1565828,590336,351,55,620,385156,2410118,0.1377882812203741,1.0,1.0,1.0,1.0,0,1.4521863234674988,1.4521863234674988,1.4521863234674988,1.4521863234674988,1.4377924649545653,1.4377924649545653
case_075,3,5c24beddea6d09e1df3c8f8843d3593b90affb117ba38450fa9bea8a8db3351c,80f3d9b9b31bdb3721351e2a789947d98127f327089c68580aadf2446a87d937,1346a84393aa04164af3ee31da978830e72f7ae12ab4bfe6585a038056b97804,mapping_locality_one_move,True,True,True,0,1,1,0,new_official_evaluation,1427518,1,b2a_w16,90eed897957be95ab0e9bf9660060f91a8f35608b644efbc0a7f28bd9a8cb06b,4902e086d48cde3ef643910fa13d438ea4e3c4e899ca2aaa5a1fc1ad8eeb2ea2,933924,2435912,4273102,0,2435912,836384,568,,,,,,933924,2435912,4273102,0,2435912,836384,568,179,767,859016,2560294,0.25122495474233103,933924,2427464,4264654,0,2427464,844448,570,,,,,,933924,2427464,4264654,0,2427464,844448,570,197,748,877832,2524966,0.25797358526718306,1.0,1.0,1.0,1.0,0,1.5438183406786847,1.5438183406786847,1.5438183406786847,1.5438183406786847,1.5285162390087417,1.5285162390087417
case_075,4,5c24beddea6d09e1df3c8f8843d3593b90affb117ba38450fa9bea8a8db3351c,0cdeac9cbd98eb77a2c92e77926d6e13848dca883ec4d406be95a81e3ad40097,4fb94ea024b6bc9e41d00891ac26d6e7a95669bedbe1b908aa79912151e3bf13,mapping_locality_one_move,True,True,True,0,1,2,0,new_official_evaluation,1427518,1,b2a_w16,90eed897957be95ab0e9bf9660060f91a8f35608b644efbc0a7f28bd9a8cb06b,4902e086d48cde3ef643910fa13d438ea4e3c4e899ca2aaa5a1fc1ad8eeb2ea2,800301,3475468,5312658,0,3475468,1166208,679,,,,,,800301,3475468,5312658,0,3475468,1166208,679,298,811,1345164,2783878,0.32578113761012845,798947,3491852,5329042,0,3491852,1186688,684,,,,,,798947,3491852,5329042,0,3491852,1186688,684,287,824,1267340,2857606,0.3072379614181616,1.0,1.0,1.0016947306892698,1.0016947306892698,0,1.8015834042441532,1.8015834042441532,1.8046366029286047,1.8046366029286047,1.7837263729521768,1.7867493087776787
case_075,5,5c24beddea6d09e1df3c8f8843d3593b90affb117ba38450fa9bea8a8db3351c,16c2eab9bcd0f2d4fbd9e1e6b1afda59c479b453160473564dcaf0a76c61a622,faf17485ca27633bd90f70bd9245fb9b79fbe5f6a397704cb56b0f2deab44fcf,baseline,True,True,True,0,1,2,0,new_official_evaluation,1427518,1,b2a_w16,90eed897957be95ab0e9bf9660060f91a8f35608b644efbc0a7f28bd9a8cb06b,4902e086d48cde3ef643910fa13d438ea4e3c4e899ca2aaa5a1fc1ad8eeb2ea2,751559,3953872,5791062,0,3953872,1404832,886,,,,,,751559,3953872,5791062,0,3953872,1404832,886,437,883,1474320,2894502,0.33746396625909686,751559,3953872,5791062,0,3953872,1404832,886,,,,,,751559,3953872,5791062,0,3953872,1404832,886,437,883,1474320,2894502,0.33746396625909686,1.0,1.0,1.0,1.0,0,1.9184242354891632,1.9184242354891632,1.9184242354891632,1.9184242354891632,1.8994090949612739,1.8994090949612739
case_076,1,543a082b17fe8de0dbab92b19f27335e4c8d1db389f75251378f1f4704368307,42404e20f9ca22bd1c4f6e9e730238514cfe0cca06eedc8cf026a94f7359be29,42404e20f9ca22bd1c4f6e9e730238514cfe0cca06eedc8cf026a94f7359be29,G1_baseline,False,True,True,0,1,0,0,G1_verified_reuse,6118644,1,b1,5ddba59a445974887035172249cb74dda50086468aa486ef03a28d6d5ce73556,bca1e8477daaa4655123201d1651f4988dbbe40f60ed1970cb38f81913b811d6,6185113,28280832,32551506,28280832,0,0,0,,,,,,6183098,28280832,32551506,28280832,0,0,0,1627,10912,4347904,28201984,0.13357661937269952,6185113,28280832,32551506,28280832,0,0,0,,,,,,6183098,28280832,32551506,28280832,0,0,0,1627,10912,4347904,28201984,0.13357661937269952,1.0003258884138664,1.0003258884138664,1.0,1.0,0,1.0,1.0,1.0,1.0,0.9892533895500373,0.9892533895500373
case_076,2,543a082b17fe8de0dbab92b19f27335e4c8d1db389f75251378f1f4704368307,d607a174a2e96d11789827960d5d7f454a18875110b0804d8d0efc724a0e23dd,d607a174a2e96d11789827960d5d7f454a18875110b0804d8d0efc724a0e23dd,baseline,False,True,True,0,1,1,0,G1_verified_reuse,6118644,1,b1,5ddba59a445974887035172249cb74dda50086468aa486ef03a28d6d5ce73556,bca1e8477daaa4655123201d1651f4988dbbe40f60ed1970cb38f81913b811d6,4590971,48705536,52976210,33354752,15350784,6918144,2252,,,,,,4589392,48705536,52976210,33354752,15350784,6918144,2252,1202,10957,3074048,30789632,0.09077713940127004,4590971,48705536,52976210,33354752,15350784,6918144,2252,,,,,,4589392,48705536,52976210,33354752,15350784,6918144,2252,1202,10957,3074048,30789632,0.09077713940127004,1.0003440542886726,1.0003440542886726,1.0,1.0,0,1.3472341689808103,1.3472586346949662,1.3472341689808103,1.3472586346949662,1.3327559681818943,1.3327559681818943
case_076,3,543a082b17fe8de0dbab92b19f27335e4c8d1db389f75251378f1f4704368307,6bbe27f7dfcba752b4fee9a965bcac0aff02accd7c7cbb3aca2a306c2a180b80,6bbe27f7dfcba752b4fee9a965bcac0aff02accd7c7cbb3aca2a306c2a180b80,baseline,False,True,True,0,1,1,0,G1_verified_reuse,6118644,1,b1,5ddba59a445974887035172249cb74dda50086468aa486ef03a28d6d5ce73556,bca1e8477daaa4655123201d1651f4988dbbe40f60ed1970cb38f81913b811d6,3605984,49486856,53757530,22636544,26850312,10902532,3551,,,,,,3601264,49486856,53757530,22636544,26850312,10902532,3551,1796,10912,4664320,30521348,0.1325630651661921,3605984,49486856,53757530,22636544,26850312,10902532,3551,,,,,,3601264,49486856,53757530,22636544,26850312,10902532,3551,1796,10912,4664320,30521348,0.1325630651661921,1.0013106509270078,1.0013106509270078,1.0,1.0,0,1.7152358413126625,1.7169243909916074,1.7152358413126625,1.7169243909916074,1.6968028698962614,1.6968028698962614
case_076,4,543a082b17fe8de0dbab92b19f27335e4c8d1db389f75251378f1f4704368307,630dcb01a8ef899fa307602cae12683fc92b9019c07f905e9b265b47ff523c41,377e01b6f76514436bc01a2688220fd5e091f2882e0d444424f883c607b266eb,baseline,True,True,True,0,1,1,0,new_official_evaluation,6118644,1,b1,5ddba59a445974887035172249cb74dda50086468aa486ef03a28d6d5ce73556,bca1e8477daaa4655123201d1651f4988dbbe40f60ed1970cb38f81913b811d6,3094752,136957952,141228626,31164416,105793536,52825088,17217,,,,,,3092516,136957952,141228626,31164416,105793536,52825088,17217,71,24086,219136,72782848,0.0030017814310361757,3091571,137691136,141961810,31897600,105793536,52825088,17217,,,,,,3091221,137691136,141961810,31897600,105793536,52825088,17217,39,24239,137216,73231360,0.0018702284749263771,1.0007230358711159,1.0001132238684973,1.00041892831344,1.0010289267171932,-1886,1.9985811464052694,1.999374619242067,2.0006375399432845,2.0002122138792404,1.977103173372212,1.9791374676499425
case_076,5,543a082b17fe8de0dbab92b19f27335e4c8d1db389f75251378f1f4704368307,624d8e439097115ba9bc389abf25f39626e4a8dcc8e58cdf3d8cbd1823123538,f08ad0860326f9425580b01c378aa877cd6042c3920aa699cb8b1950e1159156,mapping_locality_one_move,True,True,True,0,1,1,0,new_official_evaluation,6118644,1,b1,5ddba59a445974887035172249cb74dda50086468aa486ef03a28d6d5ce73556,bca1e8477daaa4655123201d1651f4988dbbe40f60ed1970cb38f81913b811d6,2219114,51168260,55438934,13206528,37961732,14057474,4577,,,,,,2191253,51168260,55438934,13206528,37961732,14057474,4577,2235,11144,5834752,31130626,0.15784369904184398,2218140,51167236,55437910,13262848,37904388,14057474,4577,,,,,,2187949,51167236,55437910,13262848,37904388,14057474,4577,2145,11237,5595136,31369218,0.15136571844323318,1.012714643174476,1.013798767704366,1.0015100900432323,1.0004391066388956,2330,2.787199305668839,2.8217179850980236,2.7884231833878834,2.8259790333321297,2.7572463604844097,2.758457085666369
case_077,1,b14c3c29f9427de1db1d12c6ebf5d15914a99299298d20a908d97285947e67b6,954c5ccc3c2558a22a3b7ade097361d59c996622f923a3e2857ebf856764000f,954c5ccc3c2558a22a3b7ade097361d59c996622f923a3e2857ebf856764000f,G1_baseline,False,True,True,0,1,0,0,G1_verified_reuse,494828,1,b1,7d407a604721f48bb1eba16c49105ea439e988597480909df1f32966ece27114,773687f088a2a965e03ae9b40d77013bdd651353978212f3c649bff9a9f0cf98,495320,0,2141360,0,0,0,0,,,,,,495320,0,2141360,0,0,0,0,0,336,0,2141260,0.0,495320,0,2141360,0,0,0,0,,,,,,495320,0,2141360,0,0,0,0,0,336,0,2141260,0.0,1.0,1.0,1.0,1.0,0,1.0,1.0,1.0,1.0,0.9990067027376242,0.9990067027376242
case_077,2,b14c3c29f9427de1db1d12c6ebf5d15914a99299298d20a908d97285947e67b6,3f41e7428de1f00dac06cd3ba39fc767cee0f3099b7a97ffc1e514ee5bc93346,3f41e7428de1f00dac06cd3ba39fc767cee0f3099b7a97ffc1e514ee5bc93346,baseline,False,True,True,0,1,1,0,G1_verified_reuse,494828,1,b1,7d407a604721f48bb1eba16c49105ea439e988597480909df1f32966ece27114,773687f088a2a965e03ae9b40d77013bdd651353978212f3c649bff9a9f0cf98,295128,2266538,4407898,0,2266538,1020946,314,,,,,,294734,2266538,4407898,0,2266538,1020946,314,30,673,130820,3256032,0.03862583897967788,295128,2266538,4407898,0,2266538,1020946,314,,,,,,294734,2266538,4407898,0,2266538,1020946,314,30,673,130820,3256032,0.03862583897967788,1.0013367986048436,1.0013367986048436,1.0,1.0,0,1.6783226261147706,1.6805662054598383,1.6783226261147706,1.6805662054598383,1.6766555528448672,1.6766555528448672
case_077,3,b14c3c29f9427de1db1d12c6ebf5d15914a99299298d20a908d97285947e67b6,73929dfc8b2cf71e5f5116e44f01538f3c6616d0b1b34b5cb447877b89b090fe,cb7a340f90bd22a55da2c034d6164310762a549985fd90f11d01a29d187ee661,baseline,True,True,True,0,1,1,0,new_official_evaluation,494828,1,b1,7d407a604721f48bb1eba16c49105ea439e988597480909df1f32966ece27114,773687f088a2a965e03ae9b40d77013bdd651353978212f3c649bff9a9f0cf98,218216,3015054,5156414,0,3015054,1304322,428,,,,,,218216,3015054,5156414,0,3015054,1304322,428,89,760,330774,3521218,0.08587089485128734,216777,3015054,5156414,0,3015054,1304322,428,,,,,,216777,3015054,5156414,0,3015054,1304322,428,76,773,338454,3513538,0.08786466846244748,1.0,1.0,1.0066381581071793,1.0066381581071793,0,2.2698610551013676,2.2698610551013676,2.284928751666459,2.284928751666459,2.2676064083293617,2.282659138192705
case_077,4,b14c3c29f9427de1db1d12c6ebf5d15914a99299298d20a908d97285947e67b6,28a06e014c6893ffe616b14509a7875ac522f771a210144b5b9ff675b05de114,8e4e48eabf57fd7feb399f3de0e6ed788c063947ad45e06f5e02111afd398b1f,mapping_locality_one_move,True,True,True,0,1,1,0,new_official_evaluation,494828,1,b1,7d407a604721f48bb1eba16c49105ea439e988597480909df1f32966ece27114,773687f088a2a965e03ae9b40d77013bdd651353978212f3c649bff9a9f0cf98,160028,3598066,5739426,0,3598066,1586416,551,,,,,,159524,3598066,5739426,0,3598066,1586416,551,161,828,426814,3726096,0.10277468088641459,157022,3544818,5686178,0,3544818,1565936,546,,,,,,157044,3544818,5686178,0,3544818,1565936,546,95,886,249534,3870608,0.060564417439981436,1.0031593992126577,0.9998599118718321,1.0157917526298361,1.0191438142425902,-526,3.0952083385407554,3.1049873373285526,3.154462432015896,3.154020529278419,3.0921338765715998,3.151329113117907
case_077,5,b14c3c29f9427de1db1d12c6ebf5d15914a99299298d20a908d97285947e67b6,77df69e86a52cb73ffaa5d12a781a3ff25c1812f97e6c86afe187d877fc21ee0,93ae1ce41b9825da9e7bd673905e26e49c465e0d13e650f6d7313a39f349701e,baseline,True,True,True,0,1,1,0,new_official_evaluation,494828,1,b1,7d407a604721f48bb1eba16c49105ea439e988597480909df1f32966ece27114,773687f088a2a965e03ae9b40d77013bdd651353978212f3c649bff9a9f0cf98,140814,3614258,5755618,0,3614258,1585104,541,,,,,,139967,3614258,5755618,0,3614258,1585104,541,150,830,386878,3783536,0.09276728881113482,135443,3614258,5755618,0,3614258,1585104,541,,,,,,133298,3614258,5755618,0,3614258,1585104,541,149,831,362046,3808368,0.08681296389279337,1.0060514264076532,1.0160917643175442,1.05003075815091,1.0396550578472126,1298,3.5175479710824207,3.538834153764816,3.657036539356039,3.715884709448004,3.514054000312469,3.653404014973088
case_078,1,d30ea13a65ed4d85fd62753d3e300a04c17fdbe592b6ca19c52a3a744e4affdd,7395af0f84e8df20ccc8d47ee4ad7a012b77bbb4c064bbe6f87ba64d9ae77700,7395af0f84e8df20ccc8d47ee4ad7a012b77bbb4c064bbe6f87ba64d9ae77700,G1_baseline,False,True,True,0,1,0,0,G1_verified_reuse,2123898,1,b2a_w16,220867c41951ecb310fc020d655a7fad4a25ceac1633564ab9572303aa305ceb,609262e3d525d252d13083840155b27c9de305c1628406c11a0364f4e95a141f,2296143,12644568,14989656,12644568,0,0,0,,,,,,2296143,12644568,14989656,12644568,0,0,0,0,381,0,14776152,0.0,2296143,12644568,14989656,12644568,0,0,0,,,,,,2296143,12644568,14989656,12644568,0,0,0,0,381,0,14776152,0.0,1.0,1.0,1.0,1.0,0,1.0,1.0,1.0,1.0,0.9249850727938111,0.9249850727938111
case_078,2,d30ea13a65ed4d85fd62753d3e300a04c17fdbe592b6ca19c52a3a744e4affdd,672c3c2e8134806a3680bf5f1e681f6e2f1b2f9b859185653d57fc895879f110,672c3c2e8134806a3680bf5f1e681f6e2f1b2f9b859185653d57fc895879f110,baseline,False,True,True,0,1,0,0,G1_verified_reuse,2123898,1,b2a_w16,220867c41951ecb310fc020d655a7fad4a25ceac1633564ab9572303aa305ceb,609262e3d525d252d13083840155b27c9de305c1628406c11a0364f4e95a141f,1069122,2482176,4827264,270336,2211840,36864,14,,,,,,1067021,2482176,4827264,270336,2211840,36864,14,29,114,1762272,2794656,0.3867236875368669,1069122,2482176,4827264,270336,2211840,36864,14,,,,,,1067021,2482176,4827264,270336,2211840,36864,14,29,114,1762272,2794656,0.3867236875368669,1.0019690334117135,1.0019690334117135,1.0,1.0,0,2.1476903477807023,2.1519192218334973,2.1476903477807023,2.1519192218334973,1.9865815126804987,1.9865815126804987
case_078,3,d30ea13a65ed4d85fd62753d3e300a04c17fdbe592b6ca19c52a3a744e4affdd,bf2b4584ef0f03db990e1a8a9230a491afef537f57c0fffbbac36a5a07ba0fed,bf2b4584ef0f03db990e1a8a9230a491afef537f57c0fffbbac36a5a07ba0fed,baseline,False,True,True,0,1,1,0,G1_verified_reuse,2123898,1,b2a_w16,220867c41951ecb310fc020d655a7fad4a25ceac1633564ab9572303aa305ceb,609262e3d525d252d13083840155b27c9de305c1628406c11a0364f4e95a141f,717204,6368928,8714016,945408,5423520,577536,113,,,,,,711922,6368928,8714016,945408,5423520,577536,113,90,202,3925488,4088112,0.489853249475891,717204,6368928,8714016,945408,5423520,577536,113,,,,,,711922,6368928,8714016,945408,5423520,577536,113,90,202,3925488,4088112,0.489853249475891,1.0074193521200356,1.0074193521200356,1.0,1.0,0,3.2015200696036272,3.2252732743193775,3.2015200696036272,3.2252732743193775,2.9613582746331586,2.9613582746331586
case_078,4,d30ea13a65ed4d85fd62753d3e300a04c17fdbe592b6ca19c52a3a744e4affdd,dead19f3f22b44f95ebacf8dd20a12e6733ee2082c6810a650a0a17ac34aefa4,dead19f3f22b44f95ebacf8dd20a12e6733ee2082c6810a650a0a17ac34aefa4,baseline,False,True,True,0,1,1,0,G1_verified_reuse,2123898,1,b2a_w16,220867c41951ecb310fc020d655a7fad4a25ceac1633564ab9572303aa305ceb,609262e3d525d252d13083840155b27c9de305c1628406c11a0364f4e95a141f,545355,6931968,9277056,0,6931968,258816,68,,,,,,538711,6931968,9277056,0,6931968,258816,68,97,192,5607072,3312864,0.6286000258297817,545355,6931968,9277056,0,6931968,258816,68,,,,,,538711,6931968,9277056,0,6931968,258816,68,97,192,5607072,3312864,0.6286000258297817,1.01233314337372,1.01233314337372,1.0,1.0,0,4.210363891410182,4.262290912938477,4.210363891410182,4.262290912938477,3.8945237505844816,3.8945237505844816
case_078,5,d30ea13a65ed4d85fd62753d3e300a04c17fdbe592b6ca19c52a3a744e4affdd,10336fa2dcbfa5bc8ea53986b0778bdf61c841f85d0ecc96f9f6f4b9bcffd090,10336fa2dcbfa5bc8ea53986b0778bdf61c841f85d0ecc96f9f6f4b9bcffd090,baseline,False,True,True,0,1,1,0,G1_verified_reuse,2123898,1,b2a_w16,220867c41951ecb310fc020d655a7fad4a25ceac1633564ab9572303aa305ceb,609262e3d525d252d13083840155b27c9de305c1628406c11a0364f4e95a141f,474566,10668672,13013760,0,10668672,1052928,220,,,,,,433085,10668672,13013760,0,10668672,1052928,220,161,334,7051680,4810848,0.5944500194225042,474566,10668672,13013760,0,10668672,1052928,220,,,,,,433085,10668672,13013760,0,10668672,1052928,220,161,334,7051680,4810848,0.5944500194225042,1.0957802740801459,1.0957802740801459,1.0,1.0,0,4.838406038359259,5.301829894824341,4.838406038359259,5.301829894824341,4.475453361597754,4.475453361597754
case_079,1,ee341b011b5ff7f1c975fd6ba8f876217612ecd8d9e4e2127e617cecac1edad5,6bcfd48508248d8c3fa3b67dbd85d671359da77cd2ea2a932edeebf9ef77d31a,6bcfd48508248d8c3fa3b67dbd85d671359da77cd2ea2a932edeebf9ef77d31a,G1_baseline,False,True,True,0,1,0,0,G1_verified_reuse,31052251,1,b0,a3ec5c9ead405c5881eb0de3a3a837edda56b6deb57accb52eb09dc0b423c7e1,086c9a83ce1f6b448ecb9061f5a3c361edbd13b93543351702d6c4c82a891bf7,31052251,32448512,41799680,32448512,0,0,0,,,,,,31052251,32448512,41799680,32448512,0,0,0,0,9044,0,38260736,0.0,31052251,32448512,41799680,32448512,0,0,0,,,,,,31052251,32448512,41799680,32448512,0,0,0,0,9044,0,38260736,0.0,1.0,1.0,1.0,1.0,0,1.0,1.0,1.0,1.0,1.0,1.0
case_079,2,ee341b011b5ff7f1c975fd6ba8f876217612ecd8d9e4e2127e617cecac1edad5,65491a038a3eb22284e4b696d5ae99646d9223b5f4976186e0e07efafddf8b73,65491a038a3eb22284e4b696d5ae99646d9223b5f4976186e0e07efafddf8b73,baseline,False,True,True,0,1,1,0,G1_verified_reuse,31052251,1,b0,a3ec5c9ead405c5881eb0de3a3a837edda56b6deb57accb52eb09dc0b423c7e1,086c9a83ce1f6b448ecb9061f5a3c361edbd13b93543351702d6c4c82a891bf7,15449228,33280000,42631168,29900800,3379200,0,0,,,,,,15438610,33280000,42631168,29900800,3379200,0,0,2576,6572,10551296,28540928,0.269907795473596,15449228,33280000,42631168,29900800,3379200,0,0,,,,,,15438610,33280000,42631168,29900800,3379200,0,0,2576,6572,10551296,28540928,0.269907795473596,1.0006877562163952,1.0006877562163952,1.0,1.0,0,2.0099548663531923,2.0113372253072006,2.0099548663531923,2.0113372253072006,2.0099548663531923,2.0099548663531923
case_079,3,ee341b011b5ff7f1c975fd6ba8f876217612ecd8d9e4e2127e617cecac1edad5,7ea85218be9a47f9cf5d20958271c85c23dd563cd780b8eb82c8f3fbf8e106d5,7ea85218be9a47f9cf5d20958271c85c23dd563cd780b8eb82c8f3fbf8e106d5,baseline,False,True,True,0,1,1,0,G1_verified_reuse,31052251,1,b0,a3ec5c9ead405c5881eb0de3a3a837edda56b6deb57accb52eb09dc0b423c7e1,086c9a83ce1f6b448ecb9061f5a3c361edbd13b93543351702d6c4c82a891bf7,10278153,33878016,43229184,28336128,5541888,0,0,,,,,,10278153,33878016,43229184,28336128,5541888,0,0,0,9294,0,39690240,0.0,10278153,33878016,43229184,28336128,5541888,0,0,,,,,,10278153,33878016,43229184,28336128,5541888,0,0,0,9294,0,39690240,0.0,1.0,1.0,1.0,1.0,0,3.0211897993734866,3.0211897993734866,3.0211897993734866,3.0211897993734866,3.0211897993734866,3.0211897993734866
case_079,4,ee341b011b5ff7f1c975fd6ba8f876217612ecd8d9e4e2127e617cecac1edad5,6a992b3b643c860538cad96404485b2c05f20c4c25ecb50ff23ed387594eebd2,6a992b3b643c860538cad96404485b2c05f20c4c25ecb50ff23ed387594eebd2,baseline,False,True,True,0,1,1,0,G1_verified_reuse,31052251,1,b0,a3ec5c9ead405c5881eb0de3a3a837edda56b6deb57accb52eb09dc0b423c7e1,086c9a83ce1f6b448ecb9061f5a3c361edbd13b93543351702d6c4c82a891bf7,7688095,34131968,43483136,24805376,9326592,0,0,,,,,,7687887,34131968,43483136,24805376,9326592,0,0,674,8550,2760704,37183488,0.06911402789171452,7688095,34131968,43483136,24805376,9326592,0,0,,,,,,7687887,34131968,43483136,24805376,9326592,0,0,674,8550,2760704,37183488,0.06911402789171452,1.000027055548553,1.000027055548553,1.0,1.0,0,4.039004590864187,4.039113868349001,4.039004590864187,4.039113868349001,4.039004590864187,4.039004590864187
case_079,5,ee341b011b5ff7f1c975fd6ba8f876217612ecd8d9e4e2127e617cecac1edad5,10cc2b52e69ce9c7b64ae4911e0bbf1ccc217f11e223068361dd56512d2a0c77,10cc2b52e69ce9c7b64ae4911e0bbf1ccc217f11e223068361dd56512d2a0c77,baseline,False,True,True,0,1,1,0,G1_verified_reuse,31052251,1,b0,a3ec5c9ead405c5881eb0de3a3a837edda56b6deb57accb52eb09dc0b423c7e1,086c9a83ce1f6b448ecb9061f5a3c361edbd13b93543351702d6c4c82a891bf7,7688095,34131968,43483136,24805376,9326592,0,0,,,,,,7687887,34131968,43483136,24805376,9326592,0,0,674,8550,2760704,37183488,0.06911402789171452,7688095,34131968,43483136,24805376,9326592,0,0,,,,,,7687887,34131968,43483136,24805376,9326592,0,0,674,8550,2760704,37183488,0.06911402789171452,1.000027055548553,1.000027055548553,1.0,1.0,0,4.039004590864187,4.039113868349001,4.039004590864187,4.039113868349001,4.039004590864187,4.039004590864187
case_080,1,20b2fa1e14bf879ac7c5b0321f69731c8a8102bb65bbd96d7543f54f4974f98c,c5c67eb6e7810bb4f0652235585b7066576e77f2cb7aab78ce3b23bfd347f0d9,c5c67eb6e7810bb4f0652235585b7066576e77f2cb7aab78ce3b23bfd347f0d9,G1_baseline,False,True,True,0,1,0,0,G1_verified_reuse,292109,1,b1,0cefecfc5a1de1369d7534519b49324916a1f521b3a8320fd5261d5d16d5f95f,08494bdb648a281be674b940f4ac5a790ff66ec1014674be98daccb843b9b1ac,292138,548864,2527232,548864,0,0,0,,,,,,291826,548864,2527232,548864,0,0,0,101,312,413696,2039808,0.1686143572621035,292138,548864,2527232,548864,0,0,0,,,,,,291826,548864,2527232,548864,0,0,0,101,312,413696,2039808,0.1686143572621035,1.0010691302351402,1.0010691302351402,1.0,1.0,0,1.0,1.0,1.0,1.0,0.9999007318459084,0.9999007318459084
case_080,2,20b2fa1e14bf879ac7c5b0321f69731c8a8102bb65bbd96d7543f54f4974f98c,21927015bbc811cec14b77ec88184929426212387c95e086c0874682ed7c8abd,bb196a47c13953139d3174110930e71affad13b0e002eaeaa868eddd030a8ce1,baseline,True,True,True,0,1,0,0,new_official_evaluation,292109,1,b1,0cefecfc5a1de1369d7534519b49324916a1f521b3a8320fd5261d5d16d5f95f,08494bdb648a281be674b940f4ac5a790ff66ec1014674be98daccb843b9b1ac,190690,4980736,6959104,1515520,3465216,1732608,423,,,,,,190690,4980736,6959104,1515520,3465216,1732608,423,0,887,0,4395008,0.0,187580,4186112,6164480,720896,3465216,1732608,423,,,,,,187580,4186112,6164480,720896,3465216,1732608,423,0,790,0,3997696,0.0,1.0,1.0,1.0165795927071117,1.0165795927071117,0,1.532004824584404,1.530368661177828,1.5574048406013434,1.555741550271884,1.531852745293408,1.5572502398976438
case_080,3,20b2fa1e14bf879ac7c5b0321f69731c8a8102bb65bbd96d7543f54f4974f98c,7a0c5a6339a68206c734396e1627ff1774b86a07e8dedbc5077859e9d7ef1b7b,08a9a2788e77cc86b2899852a730c862e01ee14a939b23416689a3545e79bf4c,baseline,True,True,True,0,1,0,0,new_official_evaluation,292109,1,b1,0cefecfc5a1de1369d7534519b49324916a1f521b3a8320fd5261d5d16d5f95f,08494bdb648a281be674b940f4ac5a790ff66ec1014674be98daccb843b9b1ac,108282,1228800,3207168,466944,761856,0,0,,,,,,108144,1228800,3207168,466944,761856,0,0,24,498,196608,2936832,0.06274509803921569,101509,786432,2764800,24576,761856,0,0,,,,,,101509,786432,2764800,24576,761856,0,0,6,465,24576,2666496,0.0091324200913242,1.0012760763426543,1.0,1.0653636623353595,1.0667231477011891,-138,2.6979368685469423,2.698494599792869,2.8779517087154836,2.874878089627521,2.697669049334146,2.8776660197617945
case_080,4,20b2fa1e14bf879ac7c5b0321f69731c8a8102bb65bbd96d7543f54f4974f98c,e529a5d1233b7b3b3c8a8ad67fb7bea19d98f6726fcdfdeab9cdda24787f0123,583da7cbd19df594b3dfc03f00ab678fba1cacc2c3bc8f4d63961c64f9264e0d,baseline,True,True,True,0,1,0,0,new_official_evaluation,292109,1,b1,0cefecfc5a1de1369d7534519b49324916a1f521b3a8320fd5261d5d16d5f95f,08494bdb648a281be674b940f4ac5a790ff66ec1014674be98daccb843b9b1ac,108282,1228800,3207168,466944,761856,0,0,,,,,,108144,1228800,3207168,466944,761856,0,0,24,498,196608,2936832,0.06274509803921569,101509,786432,2764800,24576,761856,0,0,,,,,,101509,786432,2764800,24576,761856,0,0,6,465,24576,2666496,0.0091324200913242,1.0012760763426543,1.0,1.0653636623353595,1.0667231477011891,-138,2.6979368685469423,2.698494599792869,2.8779517087154836,2.874878089627521,2.697669049334146,2.8776660197617945
case_080,5,20b2fa1e14bf879ac7c5b0321f69731c8a8102bb65bbd96d7543f54f4974f98c,7f06952edfee085adb43e68e020750f74a2acb0047eb61db06b37b3f5d53c3f2,7f06952edfee085adb43e68e020750f74a2acb0047eb61db06b37b3f5d53c3f2,baseline,False,True,True,0,1,1,0,G1_verified_reuse,292109,1,b1,0cefecfc5a1de1369d7534519b49324916a1f521b3a8320fd5261d5d16d5f95f,08494bdb648a281be674b940f4ac5a790ff66ec1014674be98daccb843b9b1ac,101701,3887104,5865472,0,3887104,765952,187,,,,,,75193,3887104,5865472,0,3887104,765952,187,453,471,2330624,2695168,0.46373268133659334,101701,3887104,5865472,0,3887104,765952,187,,,,,,75193,3887104,5865472,0,3887104,765952,187,453,471,2330624,2695168,0.46373268133659334,1.3525328155546394,1.3525328155546394,1.0,1.0,0,2.8725184609787515,3.8810261593499393,2.8725184609787515,3.8810261593499393,2.8722333113735363,2.8722333113735363
case_081,1,7c642799a54f8083f56c74d1e260ec010e3a83c37702770c862d722408c7a41e,60f6a58b2ad79a0387989c34d0acd20d3cf083d5f7ec0a8ddf4c665b1c48b61e,60f6a58b2ad79a0387989c34d0acd20d3cf083d5f7ec0a8ddf4c665b1c48b61e,G1_baseline,False,True,True,0,1,0,0,G1_verified_reuse,151795,1,b0,7184715207edcf097ca6c2b6b38faff83585e7d060a56e62c08531e3a7e3a5d6,fa9b4e18bd5148ec432df0eacdc92620123f2915a1a43d739fada42b4e471de9,151795,0,1741140,0,0,0,0,,,,,,151795,0,1741140,0,0,0,0,0,680,0,1044820,0.0,151795,0,1741140,0,0,0,0,,,,,,151795,0,1741140,0,0,0,0,0,680,0,1044820,0.0,1.0,1.0,1.0,1.0,0,1.0,1.0,1.0,1.0,1.0,1.0
case_081,2,7c642799a54f8083f56c74d1e260ec010e3a83c37702770c862d722408c7a41e,4604a0e3ebfde619ae9b91e72ded309c89aeb375e2b8bf2657a214fec3d5d810,4604a0e3ebfde619ae9b91e72ded309c89aeb375e2b8bf2657a214fec3d5d810,baseline,False,True,True,0,1,1,0,G1_verified_reuse,151795,1,b0,7184715207edcf097ca6c2b6b38faff83585e7d060a56e62c08531e3a7e3a5d6,fa9b4e18bd5148ec432df0eacdc92620123f2915a1a43d739fada42b4e471de9,83829,614820,2355960,114772,500048,32882,73,,,,,,83829,614820,2355960,114772,500048,32882,73,336,767,549000,1077730,0.3374868601427403,83829,614820,2355960,114772,500048,32882,73,,,,,,83829,614820,2355960,114772,500048,32882,73,336,767,549000,1077730,0.3374868601427403,1.0,1.0,1.0,1.0,0,1.8107695427596655,1.8107695427596655,1.8107695427596655,1.8107695427596655,1.8107695427596655,1.8107695427596655
case_081,3,7c642799a54f8083f56c74d1e260ec010e3a83c37702770c862d722408c7a41e,93d4bed827127a1a64814d954e68f7fc8e41ca06aa50d2b6261374163ed20362,93d4bed827127a1a64814d954e68f7fc8e41ca06aa50d2b6261374163ed20362,baseline,False,True,True,0,1,1,0,G1_verified_reuse,151795,1,b0,7184715207edcf097ca6c2b6b38faff83585e7d060a56e62c08531e3a7e3a5d6,fa9b4e18bd5148ec432df0eacdc92620123f2915a1a43d739fada42b4e471de9,63616,541062,2282202,0,541062,10376,73,,,,,,63387,541062,2282202,0,541062,10376,73,313,753,520310,1055196,0.3302494563651297,63616,541062,2282202,0,541062,10376,73,,,,,,63387,541062,2282202,0,541062,10376,73,313,753,520310,1055196,0.3302494563651297,1.003612728161926,1.003612728161926,1.0,1.0,0,2.386113556338028,2.3947339359805637,2.386113556338028,2.3947339359805637,2.386113556338028,2.386113556338028
case_081,4,7c642799a54f8083f56c74d1e260ec010e3a83c37702770c862d722408c7a41e,7330360bd82a4ab658ab0a70192a597515273ee1f1c3e2f6756faf49b783a75b,0ca60de2302817d1a7874c2b8cf95a02f99020de3981d42878650b9caf4f0077,baseline,True,True,True,0,1,1,0,new_official_evaluation,151795,1,b0,7184715207edcf097ca6c2b6b38faff83585e7d060a56e62c08531e3a7e3a5d6,fa9b4e18bd5148ec432df0eacdc92620123f2915a1a43d739fada42b4e471de9,51008,612682,2353822,0,612682,84080,97,,,,,,49373,612682,2353822,0,612682,84080,97,269,778,442474,1130948,0.2812176262947893,49887,612682,2353822,0,612682,84080,97,,,,,,48576,612682,2353822,0,612682,84080,97,270,777,444522,1128900,0.2825192478559471,1.033115265428473,1.0269886363636365,1.016407279314888,1.0224707839717762,-324,2.975905740276035,3.0744536487553926,3.0427766752861465,3.1248970685111987,2.975905740276035,3.0427766752861465
case_081,5,7c642799a54f8083f56c74d1e260ec010e3a83c37702770c862d722408c7a41e,2362407c0ab438355672dd79f7ca290c62c2ad919663ac34e1f2794a99fd1f17,15cc99243f42da3275d26d00a43eb9fe4f072ded203127b4f4e083a7f35bac69,baseline,True,True,True,0,1,1,0,new_official_evaluation,151795,1,b0,7184715207edcf097ca6c2b6b38faff83585e7d060a56e62c08531e3a7e3a5d6,fa9b4e18bd5148ec432df0eacdc92620123f2915a1a43d739fada42b4e471de9,46855,717246,2458386,0,717246,106660,134,,,,,,43036,717246,2458386,0,717246,106660,134,306,813,503928,1151478,0.3044135396392184,45217,717246,2458386,0,717246,106660,134,,,,,,42657,717246,2458386,0,717246,106660,134,306,813,503928,1151478,0.3044135396392184,1.088739659819686,1.060013596830532,1.00888482546827,1.0362253134882897,-1259,3.2396755949204996,3.527163305139883,3.3570338589468562,3.5585015355041376,3.2396755949204996,3.3570338589468562
case_082,1,f230fbc200ad75797f3024f84431d1d26f7747d6a284378ee83eabde77b7e70c,211f957dba459390e4ce523f4c2fef4afd01dd3b8380d80aabdd3d6e313d3a13,211f957dba459390e4ce523f4c2fef4afd01dd3b8380d80aabdd3d6e313d3a13,G1_baseline,False,True,True,0,1,0,0,G1_verified_reuse,708552,1,b0,997819971ea8c32ccdd9b0957cbf263ec5f32506735681a21452fd5399b01bd3,85c69910ecebab3ebd3a200732d8841944bfc2d474a0b46885a356fc8bb52258,721041,0,592006,0,0,0,0,,,,,,721041,0,592006,0,0,0,0,0,89,0,566406,0.0,721041,0,592006,0,0,0,0,,,,,,721041,0,592006,0,0,0,0,0,89,0,566406,0.0,1.0,1.0,1.0,1.0,0,1.0,1.0,1.0,1.0,0.9826792096427249,0.9826792096427249
case_082,2,f230fbc200ad75797f3024f84431d1d26f7747d6a284378ee83eabde77b7e70c,e2b961b76fad48628cd25a3b7a704fbf4ca55e0798a7f3d9f5c0693f92c8f63a,f8f34b26c215035fab53555aa333f5ff27174980c58865666b120ee9f1aa1f68,mapping_locality_one_move,True,True,True,0,1,1,0,new_official_evaluation,708552,1,b0,997819971ea8c32ccdd9b0957cbf263ec5f32506735681a21452fd5399b01bd3,85c69910ecebab3ebd3a200732d8841944bfc2d474a0b46885a356fc8bb52258,428639,1811366,2403372,0,1811366,815504,428,,,,,,428638,1811366,2403372,0,1811366,815504,428,29,518,180230,1382038,0.11536432929561381,427139,1819556,2411562,0,1819556,819600,430,,,,,,427139,1819556,2411562,0,1819556,819600,430,29,519,180356,1386006,0.11514324274976027,1.000002332970945,1.0,1.0035093962386952,1.0035117373969598,-1,1.6821637788442023,1.6821677032834232,1.6880710962941805,1.6880710962941805,1.6530273726842402,1.6588323707270936
case_082,3,f230fbc200ad75797f3024f84431d1d26f7747d6a284378ee83eabde77b7e70c,20a5718ca7c729ee1d6019dc0a43f8193e35fcc71d66e42adc7b55b7741322fe,c2d639a09cbed23e340c8de05f6f10760669149d0eee0b5ae5b44d2e4cd62144,mapping_locality_one_move,True,True,True,0,1,1,0,new_official_evaluation,708552,1,b0,997819971ea8c32ccdd9b0957cbf263ec5f32506735681a21452fd5399b01bd3,85c69910ecebab3ebd3a200732d8841944bfc2d474a0b46885a356fc8bb52258,337625,2769962,3361968,0,2769962,1225104,687,,,,,,337625,2769962,3361968,0,2769962,1225104,687,106,719,408712,1702552,0.1935864013216727,331007,2810924,3402930,0,2810924,1245584,697,,,,,,331007,2810924,3402930,0,2810924,1245584,697,107,729,402572,1729174,0.18884613832980102,1.0,1.0,1.019993534879927,1.019993534879927,0,2.135626804887079,2.135626804887079,2.178325533901096,2.178325533901096,2.0986360607182526,2.1405952139984956
case_082,4,f230fbc200ad75797f3024f84431d1d26f7747d6a284378ee83eabde77b7e70c,2c1e163faee8cb3947e53a5c70cb28cf1f3d19147611d11c4dbc62ecbb3e8a08,25c5759328696f29e1eb34b48984e6aa5c1728935544c56f8e889c6b717f319e,baseline,False,True,True,0,1,2,0,G1_verified_reuse,708552,1,b0,997819971ea8c32ccdd9b0957cbf263ec5f32506735681a21452fd5399b01bd3,85c69910ecebab3ebd3a200732d8841944bfc2d474a0b46885a356fc8bb52258,267431,3264526,3856532,0,3264526,1387904,746,,,,,,267131,3264526,3856532,0,3264526,1387904,746,175,735,661772,1781256,0.2708818728233979,267431,3264526,3856532,0,3264526,1387904,746,,,,,,267131,3264526,3856532,0,3264526,1387904,746,175,735,661772,1781256,0.2708818728233979,1.0011230444987664,1.0011230444987664,1.0,1.0,0,2.696175836010036,2.6992037614503746,2.696175836010036,2.6992037614503746,2.6494759395881555,2.6494759395881555
case_082,5,f230fbc200ad75797f3024f84431d1d26f7747d6a284378ee83eabde77b7e70c,e496929205842d53e652354cad4a2b9f3dad6acee5d6dff01a10a8dcf88ef2f2,5d49e395cfe30083c56e14f16eb7ad6ad169a1c7db849b5c82887479d1bfa17b,mapping_locality_one_move,True,True,True,0,1,1,0,new_official_evaluation,708552,1,b0,997819971ea8c32ccdd9b0957cbf263ec5f32506735681a21452fd5399b01bd3,85c69910ecebab3ebd3a200732d8841944bfc2d474a0b46885a356fc8bb52258,233808,3658004,4250010,0,3658004,1503168,830,,,,,,233487,3658004,4250010,0,3658004,1503168,830,263,756,955534,1765708,0.3511389284745715,231933,3719446,4311452,0,3719446,1535936,846,,,,,,230968,3719446,4311452,0,3719446,1535936,846,270,765,959762,1790154,0.3490150244589289,1.001374808875869,1.004178067957466,1.0109062727304214,1.0080842312219478,644,3.083902176144529,3.0881419522286038,3.108833154402349,3.1218220705898654,3.030486553069185,3.0549857070791995
case_083,1,26bebaecfa0ed9c4bcf57127779a198c367a5576eb7b40b9c56cc343621c5549,2e3f9f587077b06c39a9fa8e44a2a5fb3986913711e0c2eb20bb2e9e32e4bd56,2e3f9f587077b06c39a9fa8e44a2a5fb3986913711e0c2eb20bb2e9e32e4bd56,G1_baseline,False,True,True,0,1,0,0,G1_verified_reuse,873336,1,b2a_w16,dcd4682cb0c0b7d900c9a217f899dee7b3016ce90c9c9b48bac214292436d880,b56b727178333c55f1af0073d4e0cc5f5348d7f739c151996f2f7a18b36c8236,1057993,13934688,15372992,13934688,0,0,0,,,,,,946145,13934688,15372992,13934688,0,0,0,920,210,11829024,3034016,0.7958684091545202,1057993,13934688,15372992,13934688,0,0,0,,,,,,946145,13934688,15372992,13934688,0,0,0,920,210,11829024,3034016,0.7958684091545202,1.1182144385902795,1.1182144385902795,1.0,1.0,0,1.0,1.0,1.0,1.0,0.8254648187653415,0.8254648187653415
case_083,2,26bebaecfa0ed9c4bcf57127779a198c367a5576eb7b40b9c56cc343621c5549,5f0a08de76f11a1d5001b9b549ed3be72ddeac98b733447b1861832ca91b11c5,07edfe769c3b85eb456e8ae87d1c98526c89658a1dfc0244e5f3ec93f31e0bfa,baseline,True,True,True,0,1,1,0,new_official_evaluation,873336,1,b2a_w16,dcd4682cb0c0b7d900c9a217f899dee7b3016ce90c9c9b48bac214292436d880,b56b727178333c55f1af0073d4e0cc5f5348d7f739c151996f2f7a18b36c8236,438433,2725472,4163776,0,2725472,897536,227,,,,,,438429,2725472,4163776,0,2725472,897536,227,48,310,929536,2082752,0.30858138398453266,438433,2725472,4163776,0,2725472,897536,227,,,,,,438429,2725472,4163776,0,2725472,897536,227,48,310,929536,2082752,0.30858138398453266,1.000009123484076,1.000009123484076,1.0,1.0,0,2.413123555936711,2.1580347102951674,2.413123555936711,2.1580347102951674,1.9919485987596737,1.9919485987596737
case_083,3,26bebaecfa0ed9c4bcf57127779a198c367a5576eb7b40b9c56cc343621c5549,cd76860f09531399300cb40931abf97736d0c22e3f745db5cb80a823b4190dfa,a407de7c82a471b76253fdd85b9980a9a01b285ca35551cff993f124e0052f3f,baseline,True,True,True,0,1,0,0,new_official_evaluation,873336,1,b2a_w16,dcd4682cb0c0b7d900c9a217f899dee7b3016ce90c9c9b48bac214292436d880,b56b727178333c55f1af0073d4e0cc5f5348d7f739c151996f2f7a18b36c8236,298400,3599552,5037856,0,3599552,869376,271,,,,,,294975,3599552,5037856,0,3599552,869376,271,95,357,1785920,2128608,0.4562286947494053,292544,3599552,5037856,0,3599552,869376,271,,,,,,292405,3599552,5037856,0,3599552,869376,271,96,356,1859648,2054880,0.47506314937586347,1.0116111534875838,1.0004753680682614,1.0087891793915973,1.0200175016407789,-3286,3.5455529490616624,3.2075430121196713,3.6165260610369723,3.235734683059455,2.926729222520107,2.9853150295340187
case_083,4,26bebaecfa0ed9c4bcf57127779a198c367a5576eb7b40b9c56cc343621c5549,6051a097a8eb1858460cba63f0ba72eb6b50c76b4677eef30ef133335bb2128e,265a45c2e54b70bd5642fa3f411e23acef8cc8e49cae97332e835bf2083b1a23,baseline,True,True,True,0,1,0,0,new_official_evaluation,873336,1,b2a_w16,dcd4682cb0c0b7d900c9a217f899dee7b3016ce90c9c9b48bac214292436d880,b56b727178333c55f1af0073d4e0cc5f5348d7f739c151996f2f7a18b36c8236,226115,5336864,6775168,182272,5154592,1181696,257,,,,,,220025,5336864,6775168,182272,5154592,1181696,257,126,374,2214016,3108096,0.4160032708819356,221959,5154592,6592896,0,5154592,1181696,257,,,,,,220025,5154592,6592896,0,5154592,1181696,257,125,363,2070656,3086592,0.40150405797820854,1.027678672878082,1.008789910237473,1.0,1.0187241787897765,-4156,4.679004046613449,4.3001704351778205,4.766614554940327,4.3001704351778205,3.8623532273400705,3.934672619718056
case_083,5,26bebaecfa0ed9c4bcf57127779a198c367a5576eb7b40b9c56cc343621c5549,1e6c2fa20e359c743ab2cc3d055c3e6bd65f3d563250e03f391830056c78fdb6,1e6c2fa20e359c743ab2cc3d055c3e6bd65f3d563250e03f391830056c78fdb6,baseline,False,True,True,0,1,1,0,G1_verified_reuse,873336,1,b2a_w16,dcd4682cb0c0b7d900c9a217f899dee7b3016ce90c9c9b48bac214292436d880,b56b727178333c55f1af0073d4e0cc5f5348d7f739c151996f2f7a18b36c8236,201312,5644672,7082976,319488,5325184,801792,302,,,,,,181015,5644672,7082976,319488,5325184,801792,302,197,395,3904768,2073312,0.6531809544201482,201312,5644672,7082976,319488,5325184,801792,302,,,,,,181015,5644672,7082976,319488,5325184,801792,302,197,395,3904768,2073312,0.6531809544201482,1.1121288291025606,1.1121288291025606,1.0,1.0,0,5.255488992211095,5.22688727453526,5.255488992211095,5.22688727453526,4.3382212684787795,4.3382212684787795
case_084,1,1af22ac8dd69090ed25be62ae1bbb18a922ce99a8cffb2be4f89e7a1234794ee,1f8ee2c4cb58dffd7f353047816d76ac7024f988f6d3512479e3b6418d5f0e20,1f8ee2c4cb58dffd7f353047816d76ac7024f988f6d3512479e3b6418d5f0e20,G1_baseline,False,True,True,0,1,0,0,G1_verified_reuse,2505060,1,b1,6b727872d70dd4ac131c895a65f2af3f6b68bb25d2374dfce683d87d6a892d4b,d83de27b7f74db6a1731e64aa9ad1e24ad511964645a1a9d94c80952c3e87201,2507412,0,13236330,0,0,0,0,,,,,,2507412,0,13236330,0,0,0,0,0,4308,0,9927786,0.0,2507412,0,13236330,0,0,0,0,,,,,,2507412,0,13236330,0,0,0,0,0,4308,0,9927786,0.0,1.0,1.0,1.0,1.0,0,1.0,1.0,1.0,1.0,0.9990619810386168,0.9990619810386168
case_084,2,1af22ac8dd69090ed25be62ae1bbb18a922ce99a8cffb2be4f89e7a1234794ee,a8bc3385514b95d9a25309cb8620cece047170d9711dfeba565900907d37a511,0cc5f42c84076d9c995900bbed82e6c867a3b1f9e5e5e74cf0cea1379be2ff06,baseline,True,True,True,0,1,0,0,new_official_evaluation,2505060,1,b1,6b727872d70dd4ac131c895a65f2af3f6b68bb25d2374dfce683d87d6a892d4b,d83de27b7f74db6a1731e64aa9ad1e24ad511964645a1a9d94c80952c3e87201,1276489,27233280,40469610,7382016,19851264,9925632,2154,,,,,,1276489,27233280,40469610,7382016,19851264,9925632,2154,0,7263,0,23544426,0.0,1275814,27214848,40451178,7363584,19851264,9925632,2154,,,,,,1275814,27214848,40451178,7363584,19851264,9925632,2154,0,7261,0,23535210,0.0,1.0,1.0,1.000529073987274,1.000529073987274,0,1.9643036485234107,1.9643036485234107,1.9653429104869518,1.9653429104869518,1.9624610944551815,1.9634993815712949
case_084,3,1af22ac8dd69090ed25be62ae1bbb18a922ce99a8cffb2be4f89e7a1234794ee,45b4b82c127e32680d8ad275a0338d1b14209616c95f74cae191030c522c4a09,45b4b82c127e32680d8ad275a0338d1b14209616c95f74cae191030c522c4a09,baseline,False,True,True,0,1,0,0,G1_verified_reuse,2505060,1,b1,6b727872d70dd4ac131c895a65f2af3f6b68bb25d2374dfce683d87d6a892d4b,d83de27b7f74db6a1731e64aa9ad1e24ad511964645a1a9d94c80952c3e87201,836220,0,13236330,0,0,0,0,,,,,,836220,0,13236330,0,0,0,0,0,4308,0,9927786,0.0,836220,0,13236330,0,0,0,0,,,,,,836220,0,13236330,0,0,0,0,0,4308,0,9927786,0.0,1.0,1.0,1.0,1.0,0,2.998507569778288,2.998507569778288,2.998507569778288,2.998507569778288,2.9956949128219845,2.9956949128219845
case_084,4,1af22ac8dd69090ed25be62ae1bbb18a922ce99a8cffb2be4f89e7a1234794ee,618ac4af8d08aa379b01572e8d5ccf73c54e23bd1d3e94611fa6f2349f3f1efd,618ac4af8d08aa379b01572e8d5ccf73c54e23bd1d3e94611fa6f2349f3f1efd,baseline,False,True,True,0,1,0,0,G1_verified_reuse,2505060,1,b1,6b727872d70dd4ac131c895a65f2af3f6b68bb25d2374dfce683d87d6a892d4b,d83de27b7f74db6a1731e64aa9ad1e24ad511964645a1a9d94c80952c3e87201,625992,92160,13328490,0,92160,46080,10,,,,,,625992,92160,13328490,0,92160,46080,10,0,4318,0,9973866,0.0,625992,92160,13328490,0,92160,46080,10,,,,,,625992,92160,13328490,0,92160,46080,10,0,4318,0,9973866,0.0,1.0,1.0,1.0,1.0,0,4.0055016677529425,4.0055016677529425,4.0055016677529425,4.0055016677529425,4.001744431238738,4.001744431238738
case_084,5,1af22ac8dd69090ed25be62ae1bbb18a922ce99a8cffb2be4f89e7a1234794ee,3144b20f65505f5d585966dbc8f82db4eb3749e4c00faeca1bbe2cef510a59ef,3144b20f65505f5d585966dbc8f82db4eb3749e4c00faeca1bbe2cef510a59ef,baseline,False,True,True,0,1,0,0,G1_verified_reuse,2505060,1,b1,6b727872d70dd4ac131c895a65f2af3f6b68bb25d2374dfce683d87d6a892d4b,d83de27b7f74db6a1731e64aa9ad1e24ad511964645a1a9d94c80952c3e87201,501224,73728,13310058,0,73728,36864,8,,,,,,501224,73728,13310058,0,73728,36864,8,0,4316,0,9964650,0.0,501224,73728,13310058,0,73728,36864,8,,,,,,501224,73728,13310058,0,73728,36864,8,0,4316,0,9964650,0.0,1.0,1.0,1.0,1.0,0,5.0025776898153325,5.0025776898153325,5.0025776898153325,5.0025776898153325,4.997885177086492,4.997885177086492
case_085,1,b63169e9cd0f21dc2da6617e7138472e95937465c703b7e4bf4dbc80125ed4f6,a0023ff55bf1c1cd9c262b3209d319923d8fa7556249ad0f1e7288e7d44c2d64,a0023ff55bf1c1cd9c262b3209d319923d8fa7556249ad0f1e7288e7d44c2d64,G1_baseline,False,True,True,0,1,0,0,G1_verified_reuse,3171093,1,b0,26609e9ed86e1f579bbec2ffd84d617ee6a2536484a2ea3185028d07a17374f9,245a53e3c17ce795106a606d73b3d797f8947fe9accedc49d63aa59256965363,3187899,0,1689734,0,0,0,0,,,,,,3187899,0,1689734,0,0,0,0,0,247,0,1655942,0.0,3187899,0,1689734,0,0,0,0,,,,,,3187899,0,1689734,0,0,0,0,0,247,0,1655942,0.0,1.0,1.0,1.0,1.0,0,1.0,1.0,1.0,1.0,0.9947281893184194,0.9947281893184194
case_085,2,b63169e9cd0f21dc2da6617e7138472e95937465c703b7e4bf4dbc80125ed4f6,740fb3096df854c83c677a06922e8be597680d006c6cd514f6d7e478e71159c0,eae8d099c3790700cbeeb23f5ff7fa82fb4243412d212fc04989184f44f2855c,baseline,True,True,True,0,1,1,0,new_official_evaluation,3171093,1,b0,26609e9ed86e1f579bbec2ffd84d617ee6a2536484a2ea3185028d07a17374f9,245a53e3c17ce795106a606d73b3d797f8947fe9accedc49d63aa59256965363,2388498,4934406,6624140,940354,3994052,1853600,1113,,,,,,2388498,4934406,6624140,940354,3994052,1853600,1113,50,1672,309380,3957192,0.07251254637212264,2387337,4934406,6624140,940354,3994052,1853600,1113,,,,,,2387337,4934406,6624140,940354,3994052,1853600,1113,50,1672,309380,3957192,0.07251254637212264,1.0,1.0,1.0004863159243962,1.0004863159243962,0,1.3346877409987365,1.3346877409987365,1.3353368209012804,1.3353368209012804,1.3276515199091647,1.3282971779853452
case_085,3,b63169e9cd0f21dc2da6617e7138472e95937465c703b7e4bf4dbc80125ed4f6,2ac140a20f4d2199fa31c35bc4096bebcc4328e3a5feb559dcc124cae2325eff,e498e4ea3a809be233a153f792a4e14f96eae335f9f599ec7763aaf018cf2384,baseline,False,True,True,0,1,1,0,G1_verified_reuse,3171093,1,b0,26609e9ed86e1f579bbec2ffd84d617ee6a2536484a2ea3185028d07a17374f9,245a53e3c17ce795106a606d73b3d797f8947fe9accedc49d63aa59256965363,2147544,6448266,8138000,646914,5801352,2619456,1650,,,,,,2147360,6448266,8138000,646914,5801352,2619456,1650,180,2014,667784,4493512,0.12938300767869154,2147544,6448266,8138000,646914,5801352,2619456,1650,,,,,,2147360,6448266,8138000,646914,5801352,2619456,1650,180,2014,667784,4493512,0.12938300767869154,1.0000856866105357,1.0000856866105357,1.0,1.0,0,1.4844394340698026,1.4845666306534535,1.4844394340698026,1.4845666306534535,1.476613750405114,1.476613750405114
case_085,4,b63169e9cd0f21dc2da6617e7138472e95937465c703b7e4bf4dbc80125ed4f6,c117fb63f582cec5969fa460570d4ce4506c6a271c51089f5ee16ceeab3eed35,4e268052672569c76ac5cd450cea763de50c8fd1a5c3a9faec054e969a5f26a3,baseline,True,True,True,0,1,2,0,new_official_evaluation,3171093,1,b0,26609e9ed86e1f579bbec2ffd84d617ee6a2536484a2ea3185028d07a17374f9,245a53e3c17ce795106a606d73b3d797f8947fe9accedc49d63aa59256965363,2023093,7635726,9325460,485186,7150540,3157280,1807,,,,,,2023040,7635726,9325460,485186,7150540,3157280,1807,285,2064,864396,5027400,0.14671180061224115,2021932,7635726,9325460,485186,7150540,3157280,1807,,,,,,2021879,7635726,9325460,485186,7150540,3157280,1807,285,2064,864396,5027400,0.14671180061224115,1.000026198196773,1.0000262132402582,1.000574218338486,1.0005742032867575,0,1.5757550443800656,1.5757963263207846,1.5766598481056733,1.5767011774690771,1.5674479621055484,1.5683479958772104
case_085,5,b63169e9cd0f21dc2da6617e7138472e95937465c703b7e4bf4dbc80125ed4f6,94b0a54d93de87be4365260f4af8ff677d3ac2b6710d568d60995af251234bf3,add015be15996c7af8ea7105f4e15b537c68fd2dda53d764f4a907f35e83d159,mapping_locality_one_move,True,True,True,0,1,1,0,new_official_evaluation,3171093,1,b0,26609e9ed86e1f579bbec2ffd84d617ee6a2536484a2ea3185028d07a17374f9,245a53e3c17ce795106a606d73b3d797f8947fe9accedc49d63aa59256965363,1871755,8938514,10628248,441602,8496912,3694784,2289,,,,,,1870896,8938514,10628248,441602,8496912,3694784,2289,383,2469,1286416,5392456,0.19260977003302354,1871450,8913938,10603672,441602,8472336,3694784,2289,,,,,,1870479,8913938,10603672,441602,8472336,3694784,2289,505,2344,1557776,5096520,0.23410079743972917,1.000459138295234,1.000519118364868,1.0002229375470133,1.000162975233108,112,1.7031604029373502,1.7039423891012648,1.7034379759010394,1.7043222618377432,1.6941816637327,1.6944577733842743
case_086,1,ef91fda2692fd0add63db3c7f677e4e03c8d115d97db3cb959cffc62fff2434a,ca06a209093f4c06dc42dce2de0f1de94249bc05d4d0e32764fc6a929fe5a42b,ca06a209093f4c06dc42dce2de0f1de94249bc05d4d0e32764fc6a929fe5a42b,G1_baseline,False,True,True,0,1,0,0,G1_verified_reuse,115049,1,b0,ea3b0e92479b37a415d1696d58d029891a364ef21b8e959896ef4767e2afe442,9736ba67f451e17cc4e0b6bc513aec50acffa014480ffa18fb7a0b28d0523cbb,118403,0,338022,0,0,0,0,,,,,,118403,0,338022,0,0,0,0,0,90,0,321126,0.0,118403,0,338022,0,0,0,0,,,,,,118403,0,338022,0,0,0,0,0,90,0,321126,0.0,1.0,1.0,1.0,1.0,0,1.0,1.0,1.0,1.0,0.9716730150418486,0.9716730150418486
case_086,2,ef91fda2692fd0add63db3c7f677e4e03c8d115d97db3cb959cffc62fff2434a,189b5e46159ea4ef64e6e53c8b97d539ba3deec039be2873e3b249cdec2b04e0,7c7b2db67bb4d66aaf855976747fa3ca90cc26d10c2898642d7ded9c160440e7,baseline,True,True,True,0,1,1,0,new_official_evaluation,115049,1,b0,ea3b0e92479b37a415d1696d58d029891a364ef21b8e959896ef4767e2afe442,9736ba67f451e17cc4e0b6bc513aec50acffa014480ffa18fb7a0b28d0523cbb,72293,1407014,1745036,0,1407014,648928,612,,,,,,72139,1407014,1745036,0,1407014,648928,612,32,704,90726,988486,0.08406689325174294,71337,1407014,1745036,0,1407014,648928,612,,,,,,71279,1407014,1745036,0,1407014,648928,612,33,703,99942,979270,0.09260645730403294,1.002134767601436,1.0008137038959581,1.0120652646642068,1.0134011803131615,-96,1.6378210891787586,1.6413174565768862,1.6597698249155417,1.6611203860884693,1.5914265558214489,1.6127535500511656
case_086,3,ef91fda2692fd0add63db3c7f677e4e03c8d115d97db3cb959cffc62fff2434a,a2d99275ee240d962d2f6c7e774651e2ab8f30e402f9b9dc9c24b1a73cd326d7,a2d99275ee240d962d2f6c7e774651e2ab8f30e402f9b9dc9c24b1a73cd326d7,baseline,False,True,True,0,1,1,0,G1_verified_reuse,115049,1,b0,ea3b0e92479b37a415d1696d58d029891a364ef21b8e959896ef4767e2afe442,9736ba67f451e17cc4e0b6bc513aec50acffa014480ffa18fb7a0b28d0523cbb,59591,1887018,2225040,0,1887018,841648,820,,,,,,59513,1887018,2225040,0,1887018,841648,820,109,861,250618,1115878,0.18340192726506335,59591,1887018,2225040,0,1887018,841648,820,,,,,,59513,1887018,2225040,0,1887018,841648,820,109,861,250618,1115878,0.18340192726506335,1.001310638011863,1.001310638011863,1.0,1.0,0,1.98692755617459,1.9895316989565306,1.98692755617459,1.9895316989565306,1.930643889177896,1.930643889177896
case_086,4,ef91fda2692fd0add63db3c7f677e4e03c8d115d97db3cb959cffc62fff2434a,393264c998cdc0ee4de4689281b9937447793a220b4cd52f6fe43e977ee70efb,daa21d32710d138f100fd4bff3f2eece6503ef0eb8b0effe966b01dc1ba862d3,mapping_locality_one_move,True,True,True,0,1,1,0,new_official_evaluation,115049,1,b0,ea3b0e92479b37a415d1696d58d029891a364ef21b8e959896ef4767e2afe442,9736ba67f451e17cc4e0b6bc513aec50acffa014480ffa18fb7a0b28d0523cbb,50307,2207726,2545748,0,2207726,917856,905,,,,,,47180,2207726,2545748,0,2207726,917856,905,169,929,369036,1241960,0.22907319447099805,49539,2177582,2515604,0,2177582,909696,901,,,,,,47046,2177582,2515604,0,2177582,909696,901,174,917,382092,1206920,0.24045885116034366,1.0662780839338704,1.0529906899630148,1.0028482761552524,1.0155029370798765,-634,2.353608841711889,2.509601526070369,2.3900966914955895,2.51674956425626,2.2869381994553444,2.3223924584670663
case_086,5,ef91fda2692fd0add63db3c7f677e4e03c8d115d97db3cb959cffc62fff2434a,78f3496ebd9d332d5e3c1236da772363e2a65a0b5cefe9e6e428d8a0734b40ad,8d85fed69d4a80f376f2cecc6ad3aa244061a78a9c216691250d3a0e654418fc,mapping_locality_one_move,True,True,True,0,1,1,0,new_official_evaluation,115049,1,b0,ea3b0e92479b37a415d1696d58d029891a364ef21b8e959896ef4767e2afe442,9736ba67f451e17cc4e0b6bc513aec50acffa014480ffa18fb7a0b28d0523cbb,50307,2207726,2545748,0,2207726,917856,905,,,,,,47180,2207726,2545748,0,2207726,917856,905,169,929,369036,1241960,0.22907319447099805,49539,2177582,2515604,0,2177582,909696,901,,,,,,47046,2177582,2515604,0,2177582,909696,901,174,917,382092,1206920,0.24045885116034366,1.0662780839338704,1.0529906899630148,1.0028482761552524,1.0155029370798765,-634,2.353608841711889,2.509601526070369,2.3900966914955895,2.51674956425626,2.2869381994553444,2.3223924584670663
case_087,1,a234839f266f63270c7d42c558eabd68085d415029ce73bfac9d3fc47d58de83,795f398b72807e931429c714134052cd499ee676c3f5439284a9270f9e93a1a9,795f398b72807e931429c714134052cd499ee676c3f5439284a9270f9e93a1a9,G1_baseline,False,True,True,0,1,0,0,G1_verified_reuse,3947167,1,b1,a59643e7b93dd83c7d33b7b2db21bc776d6c2ddd830d3e62218a436b9c69d624,cfd8a20ae12d05e5815a5f8d38c609e8b811b995262ceb5dcecf1a64ee1d4955,3974071,7902720,13821818,7902720,0,0,0,,,,,,3969779,7902720,13821818,7902720,0,0,0,550,2068,2534400,11287004,0.18336776784760794,3974071,7902720,13821818,7902720,0,0,0,,,,,,3969779,7902720,13821818,7902720,0,0,0,550,2068,2534400,11287004,0.18336776784760794,1.0010811684982968,1.0010811684982968,1.0,1.0,0,1.0,1.0,1.0,1.0,0.9932301159189154,0.9932301159189154
case_087,2,a234839f266f63270c7d42c558eabd68085d415029ce73bfac9d3fc47d58de83,4e3e60e723404d7f8c975ff057edb58c956e3b72f59f0052771f753e5dd180b0,0f02ea654150414a73eacd6e730463e5b402e1280c302f15582cfafd0d3cb458,mapping_locality_one_move,True,True,True,0,1,1,0,new_official_evaluation,3947167,1,b1,a59643e7b93dd83c7d33b7b2db21bc776d6c2ddd830d3e62218a436b9c69d624,cfd8a20ae12d05e5815a5f8d38c609e8b811b995262ceb5dcecf1a64ee1d4955,2287771,27330880,33249978,13671168,13659712,6809824,1551,,,,,,2287771,27330880,33249978,13671168,13659712,6809824,1551,9,4030,38016,19595324,0.0019362981540583517,2209662,27670756,33589854,13431936,14238820,7109168,1687,,,,,,2209662,27670756,33589854,13431936,14238820,7109168,1687,17,4075,75776,19726928,0.0038265481320126785,1.0,1.0,1.0353488452080002,1.0353488452080002,0,1.7370930045008874,1.7352169426048323,1.7984972362288894,1.7965548577112698,1.7253330862223535,1.7863216184194686
case_087,3,a234839f266f63270c7d42c558eabd68085d415029ce73bfac9d3fc47d58de83,ed38de740c931b86bea1b850937f9c2613bf338c181a523d9954e213eeaf6904,ed38de740c931b86bea1b850937f9c2613bf338c181a523d9954e213eeaf6904,baseline,False,True,True,0,1,1,0,G1_verified_reuse,3947167,1,b1,a59643e7b93dd83c7d33b7b2db21bc776d6c2ddd830d3e62218a436b9c69d624,cfd8a20ae12d05e5815a5f8d38c609e8b811b995262ceb5dcecf1a64ee1d4955,1577719,26520992,32440090,8145312,18375680,9157056,2074,,,,,,1577719,26520992,32440090,8145312,18375680,9157056,2074,5,3916,19584,19190380,0.0010194709370616208,1577719,26520992,32440090,8145312,18375680,9157056,2074,,,,,,1577719,26520992,32440090,8145312,18375680,9157056,2074,5,3916,19584,19190380,0.0010194709370616208,1.0,1.0,1.0,1.0,0,2.518871231188824,2.5161508481548363,2.518871231188824,2.5161508481548363,2.5018187649384966,2.5018187649384966
case_087,4,a234839f266f63270c7d42c558eabd68085d415029ce73bfac9d3fc47d58de83,a8d14188b9e127738be414d446ce66fbb8609e2094e14fee77618584b46a4d5c,fa7912d10d9521a54a858484ce30172c0775662be9bc3c22d91d5fd474fe958e,mapping_locality_one_move,True,True,True,0,1,1,0,new_official_evaluation,3947167,1,b1,a59643e7b93dd83c7d33b7b2db21bc776d6c2ddd830d3e62218a436b9c69d624,cfd8a20ae12d05e5815a5f8d38c609e8b811b995262ceb5dcecf1a64ee1d4955,1349330,30983720,36902818,4728960,26254760,11908682,3669,,,,,,1346575,30983720,36902818,4728960,26254760,11908682,3669,503,4909,1743870,20885372,0.07706267845825326,1349330,30764456,36683554,4728960,26035496,11875850,3554,,,,,,1346575,30764456,36683554,4728960,26035496,11875850,3554,484,4797,1739580,20703230,0.07751168414293932,1.0020459313443366,1.0020459313443366,1.0,1.0,0,2.9452179970800323,2.94805636522288,2.9452179970800323,2.94805636522288,2.9252792126462763,2.9252792126462763
case_087,5,a234839f266f63270c7d42c558eabd68085d415029ce73bfac9d3fc47d58de83,f0e52fd705584a88f8bc591500344163b6b04270f603c1679540f298353600b9,e9223003c3f77e9eb97331d83a1ab97696da0b60dc3f87ccab2b491d64194642,mapping_locality_one_move,True,True,True,0,1,1,0,new_official_evaluation,3947167,1,b1,a59643e7b93dd83c7d33b7b2db21bc776d6c2ddd830d3e62218a436b9c69d624,cfd8a20ae12d05e5815a5f8d38c609e8b811b995262ceb5dcecf1a64ee1d4955,1166481,31414764,37333862,2388096,29026668,12940138,3965,,,,,,1166481,31414764,37333862,2388096,29026668,12940138,3965,695,4816,2604652,20594610,0.11227305420318974,1164477,31216620,37135718,2664576,28552044,12778090,3865,,,,,,1164477,31216620,37135718,2664576,28552044,12778090,3865,678,4748,2455768,20569158,0.10665693344682194,1.0,1.0,1.0017209442522266,1.0017209442522266,0,3.4068887534387615,3.4032093107388803,3.4127518190569672,3.4090660442413205,3.3838245115008303,3.389647884844441
case_088,1,2ff71575ba33875431f54823fc1f2214e018edcfc9d568edfb7c47b0f264b825,e4a76454d8084136fa297dd748542420e09ee0df4ab8bbf2eb2aa505357853f5,e4a76454d8084136fa297dd748542420e09ee0df4ab8bbf2eb2aa505357853f5,G1_baseline,False,True,True,0,1,0,0,G1_verified_reuse,240108,1,b2a_w16,2e92aa46b165ce956c0a55ecc6bbba4fe50a53a8b374fa8cc147ccac8a2aa737,accd4997d601493b2e0f96cdb1ba8fbd8e05dc2a7de8568aa8564ae12cbf8b48,243623,0,1829798,0,0,0,0,,,,,,243623,0,1829798,0,0,0,0,0,234,0,1829730,0.0,243623,0,1829798,0,0,0,0,,,,,,243623,0,1829798,0,0,0,0,0,234,0,1829730,0.0,1.0,1.0,1.0,1.0,0,1.0,1.0,1.0,1.0,0.9855719698058065,0.9855719698058065
case_088,2,2ff71575ba33875431f54823fc1f2214e018edcfc9d568edfb7c47b0f264b825,8a91e14e128f4d31bc9b4dfbc8f0792fd8b9bb8dc9540a678b160792a875b423,9ee095a0607831f8cb837164aeabdac17d663464246d9e76889354826331ea4e,mapping_locality_one_move,True,True,True,0,1,1,0,new_official_evaluation,240108,1,b2a_w16,2e92aa46b165ce956c0a55ecc6bbba4fe50a53a8b374fa8cc147ccac8a2aa737,accd4997d601493b2e0f96cdb1ba8fbd8e05dc2a7de8568aa8564ae12cbf8b48,135090,1448280,3278078,0,1448280,462698,336,,,,,,135073,1448280,3278078,0,1448280,462698,336,42,578,350852,2464460,0.12462277715578238,135030,1439448,3269246,0,1439448,459818,346,,,,,,134506,1439448,3269246,0,1439448,459818,346,42,587,389252,2420108,0.1385554005182675,1.0001258578694483,1.0038957369931454,1.0042154253341857,1.0004443457009553,507,1.8034125397882892,1.8036395134482834,1.8042138783973931,1.811242621147012,1.7773928492116366,1.7781826260830926
case_088,3,2ff71575ba33875431f54823fc1f2214e018edcfc9d568edfb7c47b0f264b825,b51acbbad1d580f869abe4526ee3fdc39b9bfbd9b46dd1e935ab8b81c98a46c4,b51acbbad1d580f869abe4526ee3fdc39b9bfbd9b46dd1e935ab8b81c98a46c4,baseline,False,True,True,0,1,1,0,G1_verified_reuse,240108,1,b2a_w16,2e92aa46b165ce956c0a55ecc6bbba4fe50a53a8b374fa8cc147ccac8a2aa737,accd4997d601493b2e0f96cdb1ba8fbd8e05dc2a7de8568aa8564ae12cbf8b48,103380,2190628,4020426,0,2190628,566030,437,,,,,,100296,2190628,4020426,0,2190628,566030,437,129,633,1081032,2373296,0.31295001516937593,103380,2190628,4020426,0,2190628,566030,437,,,,,,100296,2190628,4020426,0,2190628,566030,437,129,633,1081032,2373296,0.31295001516937593,1.0307489830102896,1.0307489830102896,1.0,1.0,0,2.3565776745985683,2.4290400414772275,2.3565776745985683,2.4290400414772275,2.322576900754498,2.322576900754498
case_088,4,2ff71575ba33875431f54823fc1f2214e018edcfc9d568edfb7c47b0f264b825,8a173c4484055a0cde264eda89391f3487aa8a4fa2d552774cab9bb5b769136f,4d184eb5e62ff622206bc60369059371722ba6a28896ac7e148326b64ab4aff4,baseline,True,True,True,0,1,2,0,new_official_evaluation,240108,1,b2a_w16,2e92aa46b165ce956c0a55ecc6bbba4fe50a53a8b374fa8cc147ccac8a2aa737,accd4997d601493b2e0f96cdb1ba8fbd8e05dc2a7de8568aa8564ae12cbf8b48,89258,2328100,4157898,0,2328100,610188,503,,,,,,82429,2328100,4157898,0,2328100,610188,503,155,680,619852,2927790,0.17472225213254325,88206,2328100,4157898,0,2328100,610188,503,,,,,,80351,2328100,4157898,0,2328100,610188,503,157,678,601420,2946222,0.16952668843135807,1.0828470562544736,1.0977585842117707,1.025861532526042,1.0119266263066005,1026,2.7294248134620984,2.955549624525349,2.7619776432442236,3.0319846672723427,2.6900445898406864,2.7221277464118088
case_088,5,2ff71575ba33875431f54823fc1f2214e018edcfc9d568edfb7c47b0f264b825,837c430a28b3e552b5feb73f6610e5ba9a8f7855a249c2234cee44a29a92cef8,837c430a28b3e552b5feb73f6610e5ba9a8f7855a249c2234cee44a29a92cef8,baseline,False,True,True,0,1,2,0,G1_verified_reuse,240108,1,b2a_w16,2e92aa46b165ce956c0a55ecc6bbba4fe50a53a8b374fa8cc147ccac8a2aa737,accd4997d601493b2e0f96cdb1ba8fbd8e05dc2a7de8568aa8564ae12cbf8b48,81894,2269000,4098798,0,2269000,610332,539,,,,,,76993,2269000,4098798,0,2269000,610332,539,186,685,544272,2944126,0.15602348126561247,81894,2269000,4098798,0,2269000,610332,539,,,,,,76993,2269000,4098798,0,2269000,610332,539,186,685,544272,2944126,0.15602348126561247,1.0636551374800307,1.0636551374800307,1.0,1.0,0,2.9748577429359906,3.1642227215461145,2.9748577429359906,3.1642227215461145,2.9319364055974795,2.9319364055974795
case_089,1,9561e0638071147e99d937b802f61f8a67fe2b96985159c174b47a777fd6ce84,137963c26643e06da4dac2fdc3998fececcc67d6a8201593698ea4c92d8b37f4,137963c26643e06da4dac2fdc3998fececcc67d6a8201593698ea4c92d8b37f4,G1_baseline,False,True,True,0,1,0,0,G1_verified_reuse,675004,1,b2a_w16,aabeb246fc8303dd8a4410ef46a619aa14aeb17b248c15187dd3dd5207271a5c,3422b24ae7c6f7a508745b9e69e4481893a819953a5c1524ff203da60a563d99,693092,0,566400,0,0,0,0,,,,,,693092,0,566400,0,0,0,0,0,94,0,402560,0.0,693092,0,566400,0,0,0,0,,,,,,693092,0,566400,0,0,0,0,0,94,0,402560,0.0,1.0,1.0,1.0,1.0,0,1.0,1.0,1.0,1.0,0.9739024545082038,0.9739024545082038
case_089,2,9561e0638071147e99d937b802f61f8a67fe2b96985159c174b47a777fd6ce84,df5edb867928f0024bd731911dd8c3238cf9cbd70547f84865342e844275c4ec,01c99e1469307a1a417b6886cc1db66dadc6a314b107e77cb4fc9a3fb923634a,baseline,False,True,True,0,1,1,0,G1_verified_reuse,675004,1,b2a_w16,aabeb246fc8303dd8a4410ef46a619aa14aeb17b248c15187dd3dd5207271a5c,3422b24ae7c6f7a508745b9e69e4481893a819953a5c1524ff203da60a563d99,339435,295552,861952,0,295552,30720,70,,,,,,339435,295552,861952,0,295552,30720,70,24,193,103648,563744,0.1553030303030303,339435,295552,861952,0,295552,30720,70,,,,,,339435,295552,861952,0,295552,30720,70,24,193,103648,563744,0.1553030303030303,1.0,1.0,1.0,1.0,0,2.0418990381074433,2.0418990381074433,2.0418990381074433,2.0418990381074433,1.9886104850707793,1.9886104850707793
case_089,3,9561e0638071147e99d937b802f61f8a67fe2b96985159c174b47a777fd6ce84,7b7bac62a7877de5b7f4e8b826dbb9fc0583b9eb5b1445f4a37c30c1c8b84df3,7db90f72eddeab9937dda54e55fd7ffbb6ee415335e9b2fe95c079a80619884d,baseline,False,True,True,0,1,1,0,G1_verified_reuse,675004,1,b2a_w16,aabeb246fc8303dd8a4410ef46a619aa14aeb17b248c15187dd3dd5207271a5c,3422b24ae7c6f7a508745b9e69e4481893a819953a5c1524ff203da60a563d99,226846,2037504,2603904,0,2037504,784640,453,,,,,,226846,2037504,2603904,0,2037504,784640,453,109,544,473656,1181768,0.28612367586793475,226846,2037504,2603904,0,2037504,784640,453,,,,,,226846,2037504,2603904,0,2037504,784640,453,109,544,473656,1181768,0.28612367586793475,1.0,1.0,1.0,1.0,0,3.055341509217707,3.055341509217707,3.055341509217707,3.055341509217707,2.975604595187925,2.975604595187925
case_089,4,9561e0638071147e99d937b802f61f8a67fe2b96985159c174b47a777fd6ce84,09784b537b2b5f96451bd56cb782fe5ee8c8a10b234ba29d14bb2d6993a9a976,8d4151fa720dda1177413262ac46d0eed290fd2479dfbc6e27ba68fc53856dcf,baseline,True,True,True,0,1,1,0,new_official_evaluation,675004,1,b2a_w16,aabeb246fc8303dd8a4410ef46a619aa14aeb17b248c15187dd3dd5207271a5c,3422b24ae7c6f7a508745b9e69e4481893a819953a5c1524ff203da60a563d99,170137,1575296,2141696,0,1575296,436480,375,,,,,,170137,1575296,2141696,0,1575296,436480,375,107,521,486744,1054632,0.3157853761833582,170137,1575296,2141696,0,1575296,436480,375,,,,,,170137,1575296,2141696,0,1575296,436480,375,107,521,486744,1054632,0.3157853761833582,1.0,1.0,1.0,1.0,0,4.073728818540353,4.073728818540353,4.073728818540353,4.073728818540353,3.967414495377255,3.967414495377255
case_089,5,9561e0638071147e99d937b802f61f8a67fe2b96985159c174b47a777fd6ce84,3ec60f392a15d9b53ac0d7e944176ade70a5c18330460e25db9b4aaba7476069,9b5a47641b1fa314736dbc91cca0422d082e093cb0db913343043c2192c65a04,baseline,False,True,True,0,1,0,0,G1_verified_reuse,675004,1,b2a_w16,aabeb246fc8303dd8a4410ef46a619aa14aeb17b248c15187dd3dd5207271a5c,3422b24ae7c6f7a508745b9e69e4481893a819953a5c1524ff203da60a563d99,137328,954880,1521280,0,954880,0,0,,,,,,137328,954880,1521280,0,954880,0,0,0,310,0,1357440,0.0,137328,954880,1521280,0,954880,0,0,,,,,,137328,954880,1521280,0,954880,0,0,0,310,0,1357440,0.0,1.0,1.0,1.0,1.0,0,5.04698240708377,5.04698240708377,5.04698240708377,5.04698240708377,4.915268554118606,4.915268554118606
case_090,1,a91d3ad4c40e53d5731b81b3eb72bcf922f5ef06094e860b5c5729619cb2d312,52828aaeac47b2ef8da5b3993a2c969b3366f0cf3a44bf11f2fe6f166b7128e9,52828aaeac47b2ef8da5b3993a2c969b3366f0cf3a44bf11f2fe6f166b7128e9,G1_baseline,False,True,True,0,1,0,0,G1_verified_reuse,900221,1,b2a_w16,ac801116dc847f7d0503adc697afffb9b694a6abc9babe99918e36214d47e00c,99dbb5541dda52fa4121b78700d2e5ba34d2007cfd4250ae27c3121e27621483,1178363,21233592,23461944,21233592,0,0,0,,,,,,1178363,21233592,23461944,21233592,0,0,0,0,659,0,23365560,0.0,1178363,21233592,23461944,21233592,0,0,0,,,,,,1178363,21233592,23461944,21233592,0,0,0,0,659,0,23365560,0.0,1.0,1.0,1.0,1.0,0,1.0,1.0,1.0,1.0,0.7639589837766461,0.7639589837766461
case_090,2,a91d3ad4c40e53d5731b81b3eb72bcf922f5ef06094e860b5c5729619cb2d312,342e96eaacafcf88d96be0c0ce98fa18a96e48d1ab6e25709439a0e5080ad44e,342e96eaacafcf88d96be0c0ce98fa18a96e48d1ab6e25709439a0e5080ad44e,baseline,False,True,True,0,1,1,0,G1_verified_reuse,900221,1,b2a_w16,ac801116dc847f7d0503adc697afffb9b694a6abc9babe99918e36214d47e00c,99dbb5541dda52fa4121b78700d2e5ba34d2007cfd4250ae27c3121e27621483,457842,4480896,6709248,2044032,2436864,144192,160,,,,,,457807,4480896,6709248,2044032,2436864,144192,160,52,276,1810152,4670424,0.2793196160341303,457842,4480896,6709248,2044032,2436864,144192,160,,,,,,457807,4480896,6709248,2044032,2436864,144192,160,52,276,1810152,4670424,0.2793196160341303,1.0000764514304064,1.0000764514304064,1.0,1.0,0,2.573732859807532,2.573929625366148,2.573732859807532,2.573929625366148,1.966226340091123,1.966226340091123
case_090,3,a91d3ad4c40e53d5731b81b3eb72bcf922f5ef06094e860b5c5729619cb2d312,1cebd7129a01906709739958648376e3b7a460f0e85e91bc9f8c442399b77e52,2f6969683fab9b11bfcea30b67253790915d7ee6d6f0dfed01da72571b3229d4,mapping_balanced_one_move,True,True,True,0,1,2,0,new_official_evaluation,900221,1,b2a_w16,ac801116dc847f7d0503adc697afffb9b694a6abc9babe99918e36214d47e00c,99dbb5541dda52fa4121b78700d2e5ba34d2007cfd4250ae27c3121e27621483,338995,6867840,9096192,2047872,4819968,261504,194,,,,,,324546,6867840,9096192,2047872,4819968,261504,194,91,308,2498256,6285744,0.2844098360655738,337258,6371712,8600064,2047872,4323840,262272,198,,,,,,314383,6371712,8600064,2047872,4323840,262272,198,97,303,3244752,5042352,0.3915423289004217,1.0445206534666889,1.072761567896483,1.0323268115642386,1.0051503596653006,8426,3.4760483192967446,3.6308042619536214,3.4939512183550874,3.74817658715643,2.65555834156846,2.6692354221397268
case_090,4,a91d3ad4c40e53d5731b81b3eb72bcf922f5ef06094e860b5c5729619cb2d312,8f445d49740975f39c12af359b67b2dca7421b0e68d2e360f112c0e87d59d666,79331df244223fe818f55d656a141366c39039316fa5592d938482321fea2819,baseline,True,True,True,0,1,0,0,new_official_evaluation,900221,1,b2a_w16,ac801116dc847f7d0503adc697afffb9b694a6abc9babe99918e36214d47e00c,99dbb5541dda52fa4121b78700d2e5ba34d2007cfd4250ae27c3121e27621483,331069,12221280,14449632,5318880,6902400,228480,171,,,,,,295220,12221280,14449632,5318880,6902400,228480,171,164,336,5497920,8662944,0.38824749676290937,275406,6902400,9130752,0,6902400,228480,171,,,,,,269062,6902400,9130752,0,6902400,228480,171,127,273,3119328,5743008,0.35197582217600415,1.1214314748323284,1.023578208739993,1.0972192282819573,1.2021125175195893,-29505,3.5592671014199455,3.9914741548675563,4.278639535812582,4.379522191911158,2.7191340777904305,3.268705111725961
case_090,5,a91d3ad4c40e53d5731b81b3eb72bcf922f5ef06094e860b5c5729619cb2d312,1c3e628da5c0aa4abe280228d668f69513474b3e710f0dccf8a5cd67041596c1,639dc54b7965b84db1dfcb81645c002ca7eb3d6260af936d2ccfdaf620a5fee2,baseline,True,True,True,0,1,0,0,new_official_evaluation,900221,1,b2a_w16,ac801116dc847f7d0503adc697afffb9b694a6abc9babe99918e36214d47e00c,99dbb5541dda52fa4121b78700d2e5ba34d2007cfd4250ae27c3121e27621483,331069,12221280,14449632,5318880,6902400,228480,171,,,,,,295220,12221280,14449632,5318880,6902400,228480,171,164,336,5497920,8662944,0.38824749676290937,275406,6902400,9130752,0,6902400,228480,171,,,,,,269062,6902400,9130752,0,6902400,228480,171,127,273,3119328,5743008,0.35197582217600415,1.1214314748323284,1.023578208739993,1.0972192282819573,1.2021125175195893,-29505,3.5592671014199455,3.9914741548675563,4.278639535812582,4.379522191911158,2.7191340777904305,3.268705111725961
case_091,1,6fa7e61f09003382ba36061d74d4be90ed3acbe750a3d46c3b6d1e1fc27579f3,83059801f17b3e1453a3883bd33063fd1742348321deba9e6d65bcaa13888b7b,83059801f17b3e1453a3883bd33063fd1742348321deba9e6d65bcaa13888b7b,G1_baseline,False,True,True,0,1,0,0,G1_verified_reuse,9161747,1,b1,d32040ddbc6c730d46b97b7fdf871780e418c96acaf4bb47bd99f3491ad87f90,b43e5e0afd88c2a9afef57bc6ca1d26e10de4af98b1d7d3c74b5e9480f871fd0,9186769,53947008,60524664,53947008,0,0,0,,,,,,9168820,53947008,60524664,53947008,0,0,0,1489,13970,6374016,54108672,0.10538579237748164,9186769,53947008,60524664,53947008,0,0,0,,,,,,9168820,53947008,60524664,53947008,0,0,0,1489,13970,6374016,54108672,0.10538579237748164,1.001957612866214,1.001957612866214,1.0,1.0,0,1.0,1.0,1.0,1.0,0.9972763002966549,0.9972763002966549
case_091,2,6fa7e61f09003382ba36061d74d4be90ed3acbe750a3d46c3b6d1e1fc27579f3,1adb180ba487d506ab0e9f9826f1dd39bb61a3da3c7a604d0eb7f0239cd44d6e,1adb180ba487d506ab0e9f9826f1dd39bb61a3da3c7a604d0eb7f0239cd44d6e,baseline,False,True,True,0,1,1,0,G1_verified_reuse,9161747,1,b1,d32040ddbc6c730d46b97b7fdf871780e418c96acaf4bb47bd99f3491ad87f90,b43e5e0afd88c2a9afef57bc6ca1d26e10de4af98b1d7d3c74b5e9480f871fd0,5702896,52064896,58642552,42861184,9203712,1935360,630,,,,,,5690664,52064896,58642552,42861184,9203712,1935360,630,1499,12531,5935584,48447136,0.10914466948324762,5702896,52064896,58642552,42861184,9203712,1935360,630,,,,,,5690664,52064896,58642552,42861184,9203712,1935360,630,1499,12531,5935584,48447136,0.10914466948324762,1.002149485543339,1.002149485543339,1.0,1.0,0,1.6108954117346694,1.6112038946597445,1.6108954117346694,1.6112038946597445,1.6065078163796078,1.6065078163796078
case_091,3,6fa7e61f09003382ba36061d74d4be90ed3acbe750a3d46c3b6d1e1fc27579f3,6a39ffb459d7be31c79f4cdad646037a72eab3c9e2d0456ff57d5e28b8586118,6bcecdf0e1bfae3802a8d40e1b6cadcc7dfa1e14246ed68bc904b25fa4a28685,baseline,True,True,True,0,1,1,0,new_official_evaluation,9161747,1,b1,d32040ddbc6c730d46b97b7fdf871780e418c96acaf4bb47bd99f3491ad87f90,b43e5e0afd88c2a9afef57bc6ca1d26e10de4af98b1d7d3c74b5e9480f871fd0,4650425,144634984,151212640,47896672,96738312,47410180,15409,,,,,,4645072,144634984,151212640,47896672,96738312,47410180,15409,217,24666,1329664,81121380,0.016126709080845597,4630910,144522632,151100288,47784320,96738312,47410180,15409,,,,,,4629475,144522632,151100288,47784320,96738312,47410180,15409,296,24568,1639776,80755236,0.01990139888565099,1.001152404096212,1.0003099703530098,1.0033690645267552,1.004214074555541,-3918,1.9754686937215415,1.9738811368262967,1.9837934660790213,1.9805312697444095,1.9700881102264847,1.9783902084039637
case_091,4,6fa7e61f09003382ba36061d74d4be90ed3acbe750a3d46c3b6d1e1fc27579f3,c524339e49023692f1085e19a04f2e9d460351a3058c4c6e49b1ffe6eeb03b2f,7b2197e4c89ed793684d101dee9ce066a35b2528cb3d45f6fe0576ba2784cc1a,baseline,True,True,True,0,1,1,0,new_official_evaluation,9161747,1,b1,d32040ddbc6c730d46b97b7fdf871780e418c96acaf4bb47bd99f3491ad87f90,b43e5e0afd88c2a9afef57bc6ca1d26e10de4af98b1d7d3c74b5e9480f871fd0,4022789,141415884,147993540,41697216,99718668,48422918,15741,,,,,,4002793,141415884,147993540,41697216,99718668,48422918,15741,246,23872,2896608,77125862,0.0361974330459932,4007813,140937900,147515556,41219232,99718668,48422918,15741,,,,,,3976008,140937900,147515556,41219232,99718668,48422918,15741,232,23859,2521440,77028166,0.03169644862854506,1.0049955118838272,1.0079992293778082,1.00673665646548,1.0037367012882088,11809,2.283681545315949,2.2906055846505176,2.2922149810881893,2.306036607572218,2.277461482568437,2.2859716758241966
case_091,5,6fa7e61f09003382ba36061d74d4be90ed3acbe750a3d46c3b6d1e1fc27579f3,a4f5b1a8d99a4f2043457932f24df5aa1bd4c12ef9604b46c1dbbde821e9d38c,a3eb8fd90dfe0ded1ae25f5c5df29ca44a4156d2dff0c73adb3463dba76bd42e,mapping_locality_one_move,True,True,True,0,1,1,0,new_official_evaluation,9161747,1,b1,d32040ddbc6c730d46b97b7fdf871780e418c96acaf4bb47bd99f3491ad87f90,b43e5e0afd88c2a9afef57bc6ca1d26e10de4af98b1d7d3c74b5e9480f871fd0,3126021,46014084,52591740,23471232,22542852,3259394,1062,,,,,,3122835,46014084,52591740,23471232,22542852,3259394,1062,2904,9815,9705760,38134626,0.2028779617288205,3125985,46076040,52653696,24054912,22021128,3265540,1065,,,,,,3122568,46076040,52653696,24054912,22021128,3265540,1065,2788,9965,9146656,38755684,0.1909438244561748,1.001020226813136,1.0010942916215115,1.0000855065446133,1.0000115163700403,231,2.938805913331996,2.9360564999431604,2.9388397577083705,2.9363075519892603,2.9308014885376648,2.9308352407321214
case_092,1,ddb267b7178d1b240f76fb7ed508799fbc7621b45156064b2a229c5c0d90996d,35b11588f2a2679e2c867d9bb4df228a8dd6e831edddf66fa52151ea365eee72,35b11588f2a2679e2c867d9bb4df228a8dd6e831edddf66fa52151ea365eee72,G1_baseline,False,True,True,0,1,0,0,G1_verified_reuse,4016752,1,b2a_w8,e56af71dc2e1ade63f58dc88fd38a5a868d95849f75fa57448c8fbdec2974dcf,46193e1fbae05f0d5f5bcfb9e0bd28365b60d4f80646e2115a22e214152166fa,4815554,66000096,69257024,66000096,0,0,0,,,,,,4333631,66000096,69257024,66000096,0,0,0,4463,1040,52970464,13780832,0.7935495964003455,4815554,66000096,69257024,66000096,0,0,0,,,,,,4333631,66000096,69257024,66000096,0,0,0,4463,1040,52970464,13780832,0.7935495964003455,1.111205361047122,1.111205361047122,1.0,1.0,0,1.0,1.0,1.0,1.0,0.8341204355718989,0.8341204355718989
case_092,2,ddb267b7178d1b240f76fb7ed508799fbc7621b45156064b2a229c5c0d90996d,53b5f676d1e15b142b37ed658a8a121f64a26211df79ac412afb2799407fd5ee,c7f60038fa5184618671c41d7d0b4b231f42955aefa4d825b2a6039cd117cfd8,baseline,False,True,True,0,1,0,0,G1_verified_reuse,4016752,1,b2a_w8,e56af71dc2e1ade63f58dc88fd38a5a868d95849f75fa57448c8fbdec2974dcf,46193e1fbae05f0d5f5bcfb9e0bd28365b60d4f80646e2115a22e214152166fa,2015242,5567072,8824000,4636672,930400,0,0,,,,,,2015242,5567072,8824000,4636672,930400,0,0,0,836,0,5342400,0.0,2015242,5567072,8824000,4636672,930400,0,0,,,,,,2015242,5567072,8824000,4636672,930400,0,0,0,836,0,5342400,0.0,1.0,1.0,1.0,1.0,0,2.3895661166251996,2.1504270951081805,2.3895661166251996,2.1504270951081805,1.9931859300272623,1.9931859300272623
case_092,3,ddb267b7178d1b240f76fb7ed508799fbc7621b45156064b2a229c5c0d90996d,b1fce184982e1cd0c55fdf0b38c694f1fcdc6614bf5db3cff0da8b4cc4feb512,e3e94dcdfdb73f7e0b1fbbacb9cbaa0aa7ee1932a7811611da1e73ab11387d82,baseline,True,True,True,0,1,0,0,new_official_evaluation,4016752,1,b2a_w8,e56af71dc2e1ade63f58dc88fd38a5a868d95849f75fa57448c8fbdec2974dcf,46193e1fbae05f0d5f5bcfb9e0bd28365b60d4f80646e2115a22e214152166fa,1334168,25523392,28780320,532480,24990912,11565056,3693,,,,,,1331907,25523392,28780320,532480,24990912,11565056,3693,85,3933,1618304,14167456,0.10251669859417602,1334168,24999104,28256032,8192,24990912,11565056,3693,,,,,,1330599,24999104,28256032,8192,24990912,11565056,3693,85,3901,1618304,13905312,0.10424787626800354,1.0016975659711977,1.0026822506254702,1.0009830159198978,1.0,1308,3.6094060118365903,3.2537038997467542,3.6094060118365903,3.2569023424788384,3.010679314748967,3.010679314748967
case_092,4,ddb267b7178d1b240f76fb7ed508799fbc7621b45156064b2a229c5c0d90996d,a92a8c80fc6ad2937bc975523462043dbb6e91951c5610cd12fbd84703400053,fecb327e6a63b8fb1290a7af8f8000364db8374bed8f43f48eee99606a59a9d1,baseline,False,True,True,0,1,0,0,G1_verified_reuse,4016752,1,b2a_w8,e56af71dc2e1ade63f58dc88fd38a5a868d95849f75fa57448c8fbdec2974dcf,46193e1fbae05f0d5f5bcfb9e0bd28365b60d4f80646e2115a22e214152166fa,1018974,13405984,16662912,0,13405984,5307392,1988,,,,,,1018974,13405984,16662912,0,13405984,5307392,1988,66,2264,870656,9321600,0.08542328607130747,1018974,13405984,16662912,0,13405984,5307392,1988,,,,,,1018974,13405984,16662912,0,13405984,5307392,1988,66,2264,870656,9321600,0.08542328607130747,1.0,1.0,1.0,1.0,0,4.725885056929814,4.252935796202848,4.725885056929814,4.252935796202848,3.9419573021490244,3.9419573021490244
case_092,5,ddb267b7178d1b240f76fb7ed508799fbc7621b45156064b2a229c5c0d90996d,06c16409ffbda35f97e26875a0e99c0bde27a196927b7ed3bdb4c2be8d9d2705,2f866b5bd41ca16637faab11d4fa1e524d410e658bcd7e708a173a27fbe3d241,baseline,False,True,True,0,1,0,0,G1_verified_reuse,4016752,1,b2a_w8,e56af71dc2e1ade63f58dc88fd38a5a868d95849f75fa57448c8fbdec2974dcf,46193e1fbae05f0d5f5bcfb9e0bd28365b60d4f80646e2115a22e214152166fa,832577,13308288,16565216,73728,13234560,4756480,1932,,,,,,827744,13308288,16565216,73728,13234560,4756480,1932,112,2221,1270784,9337824,0.11978800611729644,832577,13308288,16565216,73728,13234560,4756480,1932,,,,,,827744,13308288,16565216,73728,13234560,4756480,1932,112,2221,1270784,9337824,0.11978800611729644,1.005838761742761,1.005838761742761,1.0,1.0,0,5.783914280601073,5.2354725615649285,5.783914280601073,5.2354725615649285,4.824481099045494,4.824481099045494
case_093,1,3a68ca960cc21b10a94b0524f5c16d2ee4995f2e5a75e667d58099571a7cdc36,4adf08b30954139c59001036b4da46d5c350f7c5749f8889fa068577b5aadb38,4adf08b30954139c59001036b4da46d5c350f7c5749f8889fa068577b5aadb38,G1_baseline,False,True,True,0,1,0,0,G1_verified_reuse,74205,1,b0,a33db0dd584ae848246d4a09af4e254bde067c97227547dabcfc1283532d1e00,1efe1383bd82466f1fcb3b92e93298f3b80aeac65d7331aa4c084c54f7750cb9,74205,0,714752,0,0,0,0,,,,,,74205,0,714752,0,0,0,0,0,280,0,573440,0.0,74205,0,714752,0,0,0,0,,,,,,74205,0,714752,0,0,0,0,0,280,0,573440,0.0,1.0,1.0,1.0,1.0,0,1.0,1.0,1.0,1.0,1.0,1.0
case_093,2,3a68ca960cc21b10a94b0524f5c16d2ee4995f2e5a75e667d58099571a7cdc36,c8efa4232e85fc93626c1ea493d69c3e6341b2b45d54c1abfdf6f8302d20a4e1,24bb0c83d0c3a0a7585762c94a73a7a04535e26214f4f3553520da2a3976bd08,baseline,True,True,True,0,1,0,0,new_official_evaluation,74205,1,b0,a33db0dd584ae848246d4a09af4e254bde067c97227547dabcfc1283532d1e00,1efe1383bd82466f1fcb3b92e93298f3b80aeac65d7331aa4c084c54f7750cb9,45680,843776,1558528,0,843776,421888,206,,,,,,45680,843776,1558528,0,843776,421888,206,0,486,0,995328,0.0,45680,843776,1558528,0,843776,421888,206,,,,,,45680,843776,1558528,0,843776,421888,206,0,486,0,995328,0.0,1.0,1.0,1.0,1.0,0,1.624452714535902,1.624452714535902,1.624452714535902,1.624452714535902,1.624452714535902,1.624452714535902
case_093,3,3a68ca960cc21b10a94b0524f5c16d2ee4995f2e5a75e667d58099571a7cdc36,b7083bbab758bea10a416ed2fe3fc9795bc1b65d6b0019a72c0fac044ec1157c,7a8b90c5d9d29da00d3de91eee0ef6781001e33148a343d5b1bba0e506a6f843,baseline,True,True,True,0,1,0,0,new_official_evaluation,74205,1,b0,a33db0dd584ae848246d4a09af4e254bde067c97227547dabcfc1283532d1e00,1efe1383bd82466f1fcb3b92e93298f3b80aeac65d7331aa4c084c54f7750cb9,31740,98304,813056,0,98304,40960,20,,,,,,31740,98304,813056,0,98304,40960,20,0,308,0,630784,0.0,26765,98304,813056,0,98304,40960,20,,,,,,26765,98304,813056,0,98304,40960,20,0,308,0,630784,0.0,1.0,1.0,1.185877078273865,1.185877078273865,0,2.3379017013232515,2.3379017013232515,2.772464038856716,2.772464038856716,2.3379017013232515,2.772464038856716
case_093,4,3a68ca960cc21b10a94b0524f5c16d2ee4995f2e5a75e667d58099571a7cdc36,c85cda13acdf73f1c3e300a178fe5001c541f204b5f89947ed891c70d20e2200,c85cda13acdf73f1c3e300a178fe5001c541f204b5f89947ed891c70d20e2200,baseline,False,True,True,0,1,0,0,G1_verified_reuse,74205,1,b0,a33db0dd584ae848246d4a09af4e254bde067c97227547dabcfc1283532d1e00,1efe1383bd82466f1fcb3b92e93298f3b80aeac65d7331aa4c084c54f7750cb9,23631,155648,870400,0,155648,65536,32,,,,,,23577,155648,870400,0,155648,65536,32,6,318,12288,651264,0.018518518518518517,23631,155648,870400,0,155648,65536,32,,,,,,23577,155648,870400,0,155648,65536,32,6,318,12288,651264,0.018518518518518517,1.0022903677312636,1.0022903677312636,1.0,1.0,0,3.140154881299987,3.1473469907112865,3.140154881299987,3.1473469907112865,3.140154881299987,3.140154881299987
case_093,5,3a68ca960cc21b10a94b0524f5c16d2ee4995f2e5a75e667d58099571a7cdc36,d5cb8cc0c982de2f811e5ca691fc7c78f0b40d90042de567f63713196991bb0d,e780d255af5eac383604acae6b509fdfcb41723a14ba9a214c092c590ba4f19d,baseline,True,True,True,0,1,0,0,new_official_evaluation,74205,1,b0,a33db0dd584ae848246d4a09af4e254bde067c97227547dabcfc1283532d1e00,1efe1383bd82466f1fcb3b92e93298f3b80aeac65d7331aa4c084c54f7750cb9,20201,147456,862208,0,147456,57344,28,,,,,,19912,147456,862208,0,147456,57344,28,10,314,20480,643072,0.030864197530864196,19597,147456,862208,0,147456,57344,28,,,,,,19312,147456,862208,0,147456,57344,28,10,314,20480,643072,0.030864197530864196,1.0145138609883488,1.0147576636288318,1.0310687655343829,1.0308210440373526,-4,3.6733330033166673,3.7266472478907193,3.7865489615757513,3.8424295774647885,3.6733330033166673,3.7865489615757513
case_094,1,06e7b0eb1eecb9a98b6691dfe5f8039c6f7b21ab0f3ea8e6a072ade002a68fec,31327749f59682cc9fb9dcd47995cc217c277a372b6a72d33032903ba56c38ac,31327749f59682cc9fb9dcd47995cc217c277a372b6a72d33032903ba56c38ac,G1_baseline,False,True,True,0,1,0,0,G1_verified_reuse,93033,1,b1,3de75dcfc5c067ee572fcd2c631ecb84778a3f25312ae486c8946236be744b81,36f0aa9da6366a9f49bd7d5026c43e375852adcca827ff5b63514d5dcaa6785a,94892,0,526692,0,0,0,0,,,,,,94892,0,526692,0,0,0,0,0,104,0,471328,0.0,94892,0,526692,0,0,0,0,,,,,,94892,0,526692,0,0,0,0,0,104,0,471328,0.0,1.0,1.0,1.0,1.0,0,1.0,1.0,1.0,1.0,0.9804093074231758,0.9804093074231758
case_094,2,06e7b0eb1eecb9a98b6691dfe5f8039c6f7b21ab0f3ea8e6a072ade002a68fec,c76d6fea9ee7630b7d0872ea98686821a6ce23e3f16f43bca0d529458c913d1a,8ad3ffa3b178a81b28b78816315eb18ca77716c0347bcc458e7ea5e9a6c4b785,mapping_locality_one_move,True,True,True,0,1,1,0,new_official_evaluation,93033,1,b1,3de75dcfc5c067ee572fcd2c631ecb84778a3f25312ae486c8946236be744b81,36f0aa9da6366a9f49bd7d5026c43e375852adcca827ff5b63514d5dcaa6785a,52048,771084,1297776,0,771084,339462,92,,,,,,51407,771084,1297776,0,771084,339462,92,29,196,92160,810790,0.10206545212913229,51326,698636,1225328,0,698636,307718,84,,,,,,50397,698636,1225328,0,698636,307718,84,26,188,83200,779046,0.0964921843650188,1.012469118991577,1.0184336369228326,1.0200408754489354,1.0140669446284534,288,1.8231632339379036,1.8458964732429435,1.84880957019834,1.8828898545548347,1.7874462035044574,1.812590110275494
case_094,3,06e7b0eb1eecb9a98b6691dfe5f8039c6f7b21ab0f3ea8e6a072ade002a68fec,f117e3475b9b5d0ce86a51aa0605f9427b03f204e67950e98d0ee37fee1a4272,881598c4763b05e17ed9366afae17f4b356a955046ec967854f713dbcbbbf004,mapping_locality_one_move,True,True,True,0,1,1,0,new_official_evaluation,93033,1,b1,3de75dcfc5c067ee572fcd2c631ecb84778a3f25312ae486c8946236be744b81,36f0aa9da6366a9f49bd7d5026c43e375852adcca827ff5b63514d5dcaa6785a,38581,998164,1524856,0,998164,430090,117,,,,,,36685,998164,1524856,0,998164,430090,117,35,221,137984,901418,0.13275325619923764,37953,974612,1501304,0,974612,422410,115,,,,,,36228,974612,1501304,0,974612,422410,115,33,219,129792,893738,0.1268082029837914,1.0516832492844488,1.0476151043391853,1.0126145522800045,1.016546781545596,-171,2.4595526295326717,2.58667030121303,2.5002503095934445,2.6192999889588164,2.4113682900909774,2.45126867441309
case_094,4,06e7b0eb1eecb9a98b6691dfe5f8039c6f7b21ab0f3ea8e6a072ade002a68fec,db269b57a23755844d20a768a6b8d290284472deff112df46d516aa585958520,db269b57a23755844d20a768a6b8d290284472deff112df46d516aa585958520,baseline,False,True,True,0,1,1,0,G1_verified_reuse,93033,1,b1,3de75dcfc5c067ee572fcd2c631ecb84778a3f25312ae486c8946236be744b81,36f0aa9da6366a9f49bd7d5026c43e375852adcca827ff5b63514d5dcaa6785a,30467,482084,1008776,0,482084,144898,34,,,,,,30467,482084,1008776,0,482084,144898,34,21,145,160032,648482,0.19793349280284572,30467,482084,1008776,0,482084,144898,34,,,,,,30467,482084,1008776,0,482084,144898,34,21,145,160032,648482,0.19793349280284572,1.0,1.0,1.0,1.0,0,3.114582991433354,3.114582991433354,3.114582991433354,3.114582991433354,3.0535661535431777,3.0535661535431777
case_094,5,06e7b0eb1eecb9a98b6691dfe5f8039c6f7b21ab0f3ea8e6a072ade002a68fec,89b92d03a6dc96a25324133a230ad1684074bb6475480f9006aff2eda5e70cb3,edd09234143f797be3212f6a1beac1f5018639438aea27301e2be76f3e863c21,mapping_locality_one_move,True,True,True,0,1,1,0,new_official_evaluation,93033,1,b1,3de75dcfc5c067ee572fcd2c631ecb84778a3f25312ae486c8946236be744b81,36f0aa9da6366a9f49bd7d5026c43e375852adcca827ff5b63514d5dcaa6785a,26086,547616,1074308,0,547616,187136,42,,,,,,26086,547616,1074308,0,547616,187136,42,26,149,131872,699936,0.15853658536585366,25225,438048,964740,0,438048,134912,32,,,,,,25225,438048,964740,0,438048,134912,32,25,140,108320,666144,0.13986447401041235,1.0,1.0,1.0341328047571854,1.0341328047571854,0,3.637660047535076,3.637660047535076,3.7618235877106048,3.7618235877106048,3.566395767844821,3.6881268582755204
case_095,1,99875b1d3025c71f87e04818e28c08915928813f495d080ae6436879f6cb540f,ced999421ac154875d392b1953369f09dbeb2c2f92fa816820d4f797e1dd3884,ced999421ac154875d392b1953369f09dbeb2c2f92fa816820d4f797e1dd3884,G1_baseline,False,True,True,0,1,0,0,G1_verified_reuse,2080767,1,b1,9da4fa5217e91e09512f02ecc152fefb36034c24fb379a7724b73fe3ad243e9a,2bdacb3f9c2b6c36db4790e572389932afc05dd26d4064efa92dcf936d8de95e,2084853,0,11355036,0,0,0,0,,,,,,2084853,0,11355036,0,0,0,0,0,1848,0,8516508,0.0,2084853,0,11355036,0,0,0,0,,,,,,2084853,0,11355036,0,0,0,0,0,1848,0,8516508,0.0,1.0,1.0,1.0,1.0,0,1.0,1.0,1.0,1.0,0.9980401495932807,0.9980401495932807
case_095,2,99875b1d3025c71f87e04818e28c08915928813f495d080ae6436879f6cb540f,492a25fb5637a795e216f95050c9937c5eb3b1f3492055455af1845c1a95e347,492a25fb5637a795e216f95050c9937c5eb3b1f3492055455af1845c1a95e347,baseline,False,True,True,0,1,0,0,G1_verified_reuse,2080767,1,b1,9da4fa5217e91e09512f02ecc152fefb36034c24fb379a7724b73fe3ad243e9a,2bdacb3f9c2b6c36db4790e572389932afc05dd26d4064efa92dcf936d8de95e,1040351,110592,11465628,0,110592,55296,3,,,,,,1040351,110592,11465628,0,110592,55296,3,0,1851,0,8571804,0.0,1040351,110592,11465628,0,110592,55296,3,,,,,,1040351,110592,11465628,0,110592,55296,3,0,1851,0,8571804,0.0,1.0,1.0,1.0,1.0,0,2.003989999529005,2.003989999529005,2.003989999529005,2.003989999529005,2.0000624789133665,2.0000624789133665
case_095,3,99875b1d3025c71f87e04818e28c08915928813f495d080ae6436879f6cb540f,1cacdda053014db827853ccc7fad7edb091d40ca9dcf7e3a8a3eaca1dab52057,1cacdda053014db827853ccc7fad7edb091d40ca9dcf7e3a8a3eaca1dab52057,baseline,False,True,True,0,1,0,0,G1_verified_reuse,2080767,1,b1,9da4fa5217e91e09512f02ecc152fefb36034c24fb379a7724b73fe3ad243e9a,2bdacb3f9c2b6c36db4790e572389932afc05dd26d4064efa92dcf936d8de95e,693735,0,11355036,0,0,0,0,,,,,,693735,0,11355036,0,0,0,0,0,1848,0,8516508,0.0,693735,0,11355036,0,0,0,0,,,,,,693735,0,11355036,0,0,0,0,0,1848,0,8516508,0.0,1.0,1.0,1.0,1.0,0,3.0052584920755043,3.0052584920755043,3.0052584920755043,3.0052584920755043,2.9993686349975133,2.9993686349975133
case_095,4,99875b1d3025c71f87e04818e28c08915928813f495d080ae6436879f6cb540f,52e107273f5b2a6745ac60b6ee92c66860481254eb6895540f7fac85f80de489,52e107273f5b2a6745ac60b6ee92c66860481254eb6895540f7fac85f80de489,baseline,False,True,True,0,1,0,0,G1_verified_reuse,2080767,1,b1,9da4fa5217e91e09512f02ecc152fefb36034c24fb379a7724b73fe3ad243e9a,2bdacb3f9c2b6c36db4790e572389932afc05dd26d4064efa92dcf936d8de95e,522106,147456,11502492,0,147456,73728,4,,,,,,522106,147456,11502492,0,147456,73728,4,0,1852,0,8590236,0.0,522106,147456,11502492,0,147456,73728,4,,,,,,522106,147456,11502492,0,147456,73728,4,0,1852,0,8590236,0.0,1.0,1.0,1.0,1.0,0,3.9931603927171877,3.9931603927171877,3.9931603927171877,3.9931603927171877,3.9853343956974254,3.9853343956974254
case_095,5,99875b1d3025c71f87e04818e28c08915928813f495d080ae6436879f6cb540f,35872d7649a76e3d2c2593805297a7c944ef95c460e35496b30df41e0fd51548,35872d7649a76e3d2c2593805297a7c944ef95c460e35496b30df41e0fd51548,baseline,False,True,True,0,1,0,0,G1_verified_reuse,2080767,1,b1,9da4fa5217e91e09512f02ecc152fefb36034c24fb379a7724b73fe3ad243e9a,2bdacb3f9c2b6c36db4790e572389932afc05dd26d4064efa92dcf936d8de95e,418656,221184,11576220,0,221184,110592,6,,,,,,418656,221184,11576220,0,221184,110592,6,0,1854,0,8627100,0.0,418656,221184,11576220,0,221184,110592,6,,,,,,418656,221184,11576220,0,221184,110592,6,0,1854,0,8627100,0.0,1.0,1.0,1.0,1.0,0,4.9798713024535655,4.9798713024535655,4.9798713024535655,4.9798713024535655,4.970111499656042,4.970111499656042
case_096,1,c26df1f4c6e282279a2f86c24d13be04e5c0e8b24b36149899bf7e7a91cf579a,27a0553484623870c985b92430303b88ee9fbedac73dd55d6f763ace1bd395d2,27a0553484623870c985b92430303b88ee9fbedac73dd55d6f763ace1bd395d2,G1_baseline,False,True,True,0,1,0,0,G1_verified_reuse,81862,1,b2a_w16,935f83e16716abfa340b4ef457d67dde449e68fe40769fcc1fe4f332dac34d0d,6617cba6d3570e16e47fd2780e7e5691165590ce284a2c233888d405c34ac1be,84194,0,219558,0,0,0,0,,,,,,84194,0,219558,0,0,0,0,0,114,0,210260,0.0,84194,0,219558,0,0,0,0,,,,,,84194,0,219558,0,0,0,0,0,114,0,210260,0.0,1.0,1.0,1.0,1.0,0,1.0,1.0,1.0,1.0,0.972302064280115,0.972302064280115
case_096,2,c26df1f4c6e282279a2f86c24d13be04e5c0e8b24b36149899bf7e7a91cf579a,b2b7108c5bf5a5744094efe8e0d9696d3e1b924baf0f2c24494ed2f87c65d474,b2b7108c5bf5a5744094efe8e0d9696d3e1b924baf0f2c24494ed2f87c65d474,baseline,False,True,True,0,1,1,0,G1_verified_reuse,81862,1,b2a_w16,935f83e16716abfa340b4ef457d67dde449e68fe40769fcc1fe4f332dac34d0d,6617cba6d3570e16e47fd2780e7e5691165590ce284a2c233888d405c34ac1be,45052,679688,899246,0,679688,313092,148,,,,,,44882,679688,899246,0,679688,313092,148,27,262,53504,523352,0.09275105052214071,45052,679688,899246,0,679688,313092,148,,,,,,44882,679688,899246,0,679688,313092,148,27,262,53504,523352,0.09275105052214071,1.0037877099950983,1.0037877099950983,1.0,1.0,0,1.868818254461511,1.8758967960429571,1.868818254461511,1.8758967960429571,1.8170558465772884,1.8170558465772884
case_096,3,c26df1f4c6e282279a2f86c24d13be04e5c0e8b24b36149899bf7e7a91cf579a,412b8bca255b39758fdd4b7ee1e793f766db969917cb204d0923a113c4a12d20,dd3a87dc644212f6a37ccf816533b096b29211e68e5042398467e23e6fa6ee09,baseline,True,True,True,0,1,2,0,new_official_evaluation,81862,1,b2a_w16,935f83e16716abfa340b4ef457d67dde449e68fe40769fcc1fe4f332dac34d0d,6617cba6d3570e16e47fd2780e7e5691165590ce284a2c233888d405c34ac1be,36103,601864,821422,0,601864,199684,102,,,,,,36103,601864,821422,0,601864,199684,102,55,217,184064,428376,0.30054209391940434,35036,601864,821422,0,601864,199684,102,,,,,,35025,601864,821422,0,601864,199684,102,54,218,165632,446808,0.2704460845144014,1.0,1.0003140613847252,1.0307780157030693,1.0304543897705218,11,2.3320499681466913,2.3320499681466913,2.4030711268409637,2.4038258386866524,2.2674569980334045,2.336511017239411
case_096,4,c26df1f4c6e282279a2f86c24d13be04e5c0e8b24b36149899bf7e7a91cf579a,e40c3c87aab7ab644dd49c2d79adc7ce9da0de77034b1a4ea45cc7a856e01f2e,90b0f82ab59ad78f8a66cc04b326b61069f7fb662659fd0497b32c7150fb60c2,mapping_locality_one_move,True,True,True,0,1,1,0,new_official_evaluation,81862,1,b2a_w16,935f83e16716abfa340b4ef457d67dde449e68fe40769fcc1fe4f332dac34d0d,6617cba6d3570e16e47fd2780e7e5691165590ce284a2c233888d405c34ac1be,35471,800524,1020082,0,800524,278022,135,,,,,,34929,800524,1020082,0,800524,278022,135,63,253,170752,562010,0.2330251841662095,34554,768780,988338,0,768780,263686,128,,,,,,33012,768780,988338,0,768780,263686,128,62,246,185344,530010,0.2590940988657364,1.0155171920180939,1.0467102871683025,1.0580697928026173,1.0265381721363662,1000,2.3736009698063207,2.410432591829139,2.436592000926087,2.550405913001333,2.3078571227199682,2.36910343230885
case_096,5,c26df1f4c6e282279a2f86c24d13be04e5c0e8b24b36149899bf7e7a91cf579a,4fa65419d0c1d318ff456c34f494a0bbe1f58ec5dcf815ba13de97b4f6f7369b,c0dc4d4c78b554a6dba1afde4cff052c0097d3a5e6afc0df2ed84a60ce5548a7,mapping_locality_one_move,True,True,True,0,1,1,0,new_official_evaluation,81862,1,b2a_w16,935f83e16716abfa340b4ef457d67dde449e68fe40769fcc1fe4f332dac34d0d,6617cba6d3570e16e47fd2780e7e5691165590ce284a2c233888d405c34ac1be,35471,800524,1020082,0,800524,278022,135,,,,,,34929,800524,1020082,0,800524,278022,135,63,253,170752,562010,0.2330251841662095,34554,768780,988338,0,768780,263686,128,,,,,,33012,768780,988338,0,768780,263686,128,62,246,185344,530010,0.2590940988657364,1.0155171920180939,1.0467102871683025,1.0580697928026173,1.0265381721363662,1000,2.3736009698063207,2.410432591829139,2.436592000926087,2.550405913001333,2.3078571227199682,2.36910343230885
case_097,1,7dc5c8ebf92052dbdd1bf59794a8fcef74e3ab3c59d5f0b4e753bf38a741ffaf,6870d240f6c009c4debc04d95df8c193bb5e950a2d1e9474b8c1f5a83df04df0,6870d240f6c009c4debc04d95df8c193bb5e950a2d1e9474b8c1f5a83df04df0,G1_baseline,False,True,True,0,1,0,0,G1_verified_reuse,11105813,1,b1,da3fb8a6aac4c9eda4e2b4f3d7ca91b5175ed64dfdec0c5118141c7da0b59afd,e670f9fb1f8fad7b9089e8069b6910785bd06f5e3c4cd901741d223e6e74d82f,11491509,10584064,15630336,10584064,0,0,0,,,,,,11491509,10584064,15630336,10584064,0,0,0,0,3416,0,14843904,0.0,11491509,10584064,15630336,10584064,0,0,0,,,,,,11491509,10584064,15630336,10584064,0,0,0,0,3416,0,14843904,0.0,1.0,1.0,1.0,1.0,0,1.0,1.0,1.0,1.0,0.9664364358066465,0.9664364358066465
case_097,2,7dc5c8ebf92052dbdd1bf59794a8fcef74e3ab3c59d5f0b4e753bf38a741ffaf,2ed685ebb0555519674fc63e7404cfdd2ecc4021757bca2e84f2ac0439127644,2ed685ebb0555519674fc63e7404cfdd2ecc4021757bca2e84f2ac0439127644,baseline,False,True,True,0,1,0,0,G1_verified_reuse,11105813,1,b1,da3fb8a6aac4c9eda4e2b4f3d7ca91b5175ed64dfdec0c5118141c7da0b59afd,e670f9fb1f8fad7b9089e8069b6910785bd06f5e3c4cd901741d223e6e74d82f,5834394,10584064,15630336,8880128,1703936,0,0,,,,,,5834394,10584064,15630336,8880128,1703936,0,0,0,3416,0,14843904,0.0,5834394,10584064,15630336,8880128,1703936,0,0,,,,,,5834394,10584064,15630336,8880128,1703936,0,0,0,3416,0,14843904,0.0,1.0,1.0,1.0,1.0,0,1.9696148391760995,1.9696148391760995,1.9696148391760995,1.9696148391760995,1.9035075450852308,1.9035075450852308
case_097,3,7dc5c8ebf92052dbdd1bf59794a8fcef74e3ab3c59d5f0b4e753bf38a741ffaf,e716f3e9cd60f825a290c754780b98b6437232f8283bdfbab4565b2f61905552,867436ad0a0c0f270bc0a02b9fdedca78d0f89abea252a20cb2bab6b2981c174,baseline,True,True,True,0,1,0,0,new_official_evaluation,11105813,1,b1,da3fb8a6aac4c9eda4e2b4f3d7ca91b5175ed64dfdec0c5118141c7da0b59afd,e670f9fb1f8fad7b9089e8069b6910785bd06f5e3c4cd901741d223e6e74d82f,4253566,86138880,91185152,28483584,57655296,28827648,2346,,,,,,4253566,86138880,91185152,28483584,57655296,28827648,2346,115,4369,706560,47224832,0.014741069902580756,4243972,86138880,91185152,28483584,57655296,28827648,2346,,,,,,4243972,86138880,91185152,28483584,57655296,28827648,2346,130,4354,798720,47132672,0.016663818150743463,1.0,1.0,1.0022606181190639,1.0022606181190639,0,2.70161765445746,2.70161765445746,2.7077249802779093,2.7077249802779093,2.6109417368861796,2.6168440790844048
case_097,4,7dc5c8ebf92052dbdd1bf59794a8fcef74e3ab3c59d5f0b4e753bf38a741ffaf,daae8a5c5122b9881830d49da761ac029b1418c7a5b98c4c959386ae1c6d445b,daae8a5c5122b9881830d49da761ac029b1418c7a5b98c4c959386ae1c6d445b,baseline,False,True,True,0,1,1,0,G1_verified_reuse,11105813,1,b1,da3fb8a6aac4c9eda4e2b4f3d7ca91b5175ed64dfdec0c5118141c7da0b59afd,e670f9fb1f8fad7b9089e8069b6910785bd06f5e3c4cd901741d223e6e74d82f,2869852,11796480,16842752,7536640,4259840,0,0,,,,,,2869852,11796480,16842752,7536640,4259840,0,0,0,3504,0,16056320,0.0,2869852,11796480,16842752,7536640,4259840,0,0,,,,,,2869852,11796480,16842752,7536640,4259840,0,0,0,3504,0,16056320,0.0,1.0,1.0,1.0,1.0,0,4.0042165937476915,4.0042165937476915,4.0042165937476915,4.0042165937476915,3.8698208130593494,3.8698208130593494
case_097,5,7dc5c8ebf92052dbdd1bf59794a8fcef74e3ab3c59d5f0b4e753bf38a741ffaf,1d7a51500fb06bc36c2ef90137a528dcfc67cf9abd7bb3913ec7f7c41f2bee1e,c7d56119338ecd4ab57d0b1b6b54329834ef1705c69ba663c2fd6352c22d15af,baseline,True,True,True,0,1,0,0,new_official_evaluation,11105813,1,b1,da3fb8a6aac4c9eda4e2b4f3d7ca91b5175ed64dfdec0c5118141c7da0b59afd,e670f9fb1f8fad7b9089e8069b6910785bd06f5e3c4cd901741d223e6e74d82f,2809291,83337216,88383488,15237120,68100096,34050048,2771,,,,,,2809291,83337216,88383488,15237120,68100096,34050048,2771,0,4223,0,45928448,0.0,2786482,83632128,88678400,15532032,68100096,34050048,2771,,,,,,2786482,83632128,88678400,15532032,68100096,34050048,2771,0,4235,0,46075904,0.0,1.0,1.0,1.0081855902891173,1.0081855902891173,0,4.090537078572494,4.090537078572494,4.124020539160131,4.124020539160131,3.953244074750533,3.9856037110593214
case_098,1,8cc92ed83866234532487abacb106e0298a00cf309ef75fa12e413bfb17d58f8,21cae230b73bb9036a1b412890435d228f774fbd547c4a6db88a6204dec5c54d,21cae230b73bb9036a1b412890435d228f774fbd547c4a6db88a6204dec5c54d,G1_baseline,False,True,True,0,1,0,0,G1_verified_reuse,169842,1,b2a_w8,9223fa22891e589a21cb0c5dfda13a4b8883f8199731d9d8cfd93c2a3f25ad44,523992588a38a26ceaaeea14c1eabb0b70d2038740275df509e58c37a410e1f5,177430,0,697994,0,0,0,0,,,,,,177430,0,697994,0,0,0,0,0,147,0,697912,0.0,177430,0,697994,0,0,0,0,,,,,,177430,0,697994,0,0,0,0,0,147,0,697912,0.0,1.0,1.0,1.0,1.0,0,1.0,1.0,1.0,1.0,0.9572338386969509,0.9572338386969509
case_098,2,8cc92ed83866234532487abacb106e0298a00cf309ef75fa12e413bfb17d58f8,8da684a89ac1d4be4e212e109da7382980b5290f2a1f9208a72a330d3ee7ed42,d13923cebf5dd6409f747ff1b2abd04ad10f7c21e0cca57b2452efb1fdf12e07,baseline,True,True,True,0,1,1,0,new_official_evaluation,169842,1,b2a_w8,9223fa22891e589a21cb0c5dfda13a4b8883f8199731d9d8cfd93c2a3f25ad44,523992588a38a26ceaaeea14c1eabb0b70d2038740275df509e58c37a410e1f5,94244,1158238,1856232,528404,629834,214562,46,,,,,,94554,1158238,1856232,528404,629834,214562,46,38,237,229382,1162340,0.16481883594568456,94248,1072226,1770220,442392,629834,214562,46,,,,,,94248,1072226,1770220,442392,629834,214562,46,37,229,225286,1121382,0.167291418523348,0.9967214501766186,1.0,1.0032467532467533,0.9999575587810882,310,1.8826662705318111,1.876493855363073,1.8825863678804855,1.8825863678804855,1.8021518611264378,1.8020753756047874
case_098,3,8cc92ed83866234532487abacb106e0298a00cf309ef75fa12e413bfb17d58f8,01765a4b5d6e6aef1e5196b20eb2be54d453abf74fd9a4cc5bbf277adc8b4cdd,01765a4b5d6e6aef1e5196b20eb2be54d453abf74fd9a4cc5bbf277adc8b4cdd,baseline,False,True,True,0,1,1,0,G1_verified_reuse,169842,1,b2a_w8,9223fa22891e589a21cb0c5dfda13a4b8883f8199731d9d8cfd93c2a3f25ad44,523992588a38a26ceaaeea14c1eabb0b70d2038740275df509e58c37a410e1f5,87943,1218672,1916666,196612,1022060,365618,86,,,,,,87943,1218672,1916666,196612,1022060,365618,86,48,240,290824,1161836,0.20020101055993833,87943,1218672,1916666,196612,1022060,365618,86,,,,,,87943,1218672,1916666,196612,1022060,365618,86,48,240,290824,1161836,0.20020101055993833,1.0,1.0,1.0,1.0,0,2.0175568265808534,2.0175568265808534,2.0175568265808534,2.0175568265808534,1.931273665897229,1.931273665897229
case_098,4,8cc92ed83866234532487abacb106e0298a00cf309ef75fa12e413bfb17d58f8,7058a20728b3ab9469d9b9fd9624716dd869b8d2fc798d0ad448e1712eb90251,7058a20728b3ab9469d9b9fd9624716dd869b8d2fc798d0ad448e1712eb90251,baseline,False,True,True,0,1,1,0,G1_verified_reuse,169842,1,b2a_w8,9223fa22891e589a21cb0c5dfda13a4b8883f8199731d9d8cfd93c2a3f25ad44,523992588a38a26ceaaeea14c1eabb0b70d2038740275df509e58c37a410e1f5,87943,1218672,1916666,196612,1022060,365618,86,,,,,,87943,1218672,1916666,196612,1022060,365618,86,48,240,290824,1161836,0.20020101055993833,87943,1218672,1916666,196612,1022060,365618,86,,,,,,87943,1218672,1916666,196612,1022060,365618,86,48,240,290824,1161836,0.20020101055993833,1.0,1.0,1.0,1.0,0,2.0175568265808534,2.0175568265808534,2.0175568265808534,2.0175568265808534,1.931273665897229,1.931273665897229
case_098,5,8cc92ed83866234532487abacb106e0298a00cf309ef75fa12e413bfb17d58f8,ba55d3e3e4ff022e9ba2dd200432306db9c6e15134802b9403b2d590a767133e,ba55d3e3e4ff022e9ba2dd200432306db9c6e15134802b9403b2d590a767133e,baseline,False,True,True,0,1,1,0,G1_verified_reuse,169842,1,b2a_w8,9223fa22891e589a21cb0c5dfda13a4b8883f8199731d9d8cfd93c2a3f25ad44,523992588a38a26ceaaeea14c1eabb0b70d2038740275df509e58c37a410e1f5,87943,1218672,1916666,196612,1022060,365618,86,,,,,,87943,1218672,1916666,196612,1022060,365618,86,48,240,290824,1161836,0.20020101055993833,87943,1218672,1916666,196612,1022060,365618,86,,,,,,87943,1218672,1916666,196612,1022060,365618,86,48,240,290824,1161836,0.20020101055993833,1.0,1.0,1.0,1.0,0,2.0175568265808534,2.0175568265808534,2.0175568265808534,2.0175568265808534,1.931273665897229,1.931273665897229
case_099,1,6a07bc2eba4657ec873f015cb53404696202df8fe912a94340cbdc674cbd7938,b828830aa8d610f075c3adba7874285e31ec9e7fbc1cbbd5cc77d56d668477cc,b828830aa8d610f075c3adba7874285e31ec9e7fbc1cbbd5cc77d56d668477cc,G1_baseline,False,True,True,0,1,0,0,G1_verified_reuse,1606243,1,b1,eafa224673c3d088c4e9563b484645634bc277910d20fbf5844a24033a9e3512,951b71acb9276636fad487aa7f0fc4ec421ad376f7701a2995a691e7ed945dc7,1622999,5484544,8018580,5484544,0,0,0,,,,,,1618902,5484544,8018580,5484544,0,0,0,494,1380,2023424,5994752,0.25235465023466686,1622999,5484544,8018580,5484544,0,0,0,,,,,,1618902,5484544,8018580,5484544,0,0,0,494,1380,2023424,5994752,0.25235465023466686,1.002530727616619,1.002530727616619,1.0,1.0,0,1.0,1.0,1.0,1.0,0.9896759024497243,0.9896759024497243
case_099,2,6a07bc2eba4657ec873f015cb53404696202df8fe912a94340cbdc674cbd7938,47661db12dc1630fc6be76ca5635ba3a2f1af61413678e2035c0794a39720f00,c055b273c8c8c0642713fc766ee3baee8f9777986e7c2875ac6734680d8e9dbf,baseline,True,True,True,0,1,1,0,new_official_evaluation,1606243,1,b1,eafa224673c3d088c4e9563b484645634bc277910d20fbf5844a24033a9e3512,951b71acb9276636fad487aa7f0fc4ec421ad376f7701a2995a691e7ed945dc7,1559711,16840960,19374996,9473024,7367936,3662848,1658,,,,,,1555599,16840960,19374996,9473024,7367936,3662848,1658,307,4217,1282048,11643392,0.09918795801148743,1559339,16841984,19376020,9474048,7367936,3662848,1658,,,,,,1555453,16841984,19376020,9474048,7367936,3662848,1658,307,4217,1282048,11643392,0.09918795801148743,1.0026433547463067,1.0024983075669918,1.0000938633311325,1.0002385626217263,-226,1.0405767478718815,1.0406936491987975,1.040824990588961,1.0407913321713995,1.0298337320183033,1.0300794118533558
case_099,3,6a07bc2eba4657ec873f015cb53404696202df8fe912a94340cbdc674cbd7938,556d8f2345d851b1930c7c3f62be8bd3364e76dc8b879640df356875674c8293,14c65dadb8b1130f9a6945b4865f1c57b0bc47516d3d59fed2f5d4043880a00b,mapping_locality_one_move,True,True,True,0,1,1,0,new_official_evaluation,1606243,1,b1,eafa224673c3d088c4e9563b484645634bc277910d20fbf5844a24033a9e3512,951b71acb9276636fad487aa7f0fc4ec421ad376f7701a2995a691e7ed945dc7,752124,13612928,16146964,1986560,11626368,5774720,2642,,,,,,751508,13612928,16146964,1986560,11626368,5774720,2642,6,3692,53760,9324800,0.0057322232837450525,750951,13427072,15961108,1986560,11440512,5681792,2585,,,,,,750093,13427072,15961108,1986560,11440512,5681792,2585,6,3623,53760,9231872,0.005789589766210851,1.0008196852195852,1.001143858161588,1.0018864327490058,1.001562019359452,242,2.1578875291840176,2.154204612592281,2.1612581912801234,2.1582683747215343,2.1356092878301984,2.138945150882015
case_099,4,6a07bc2eba4657ec873f015cb53404696202df8fe912a94340cbdc674cbd7938,0e4b683ee31c847124ad2a837be33be5ef09433396fedd3eac6051c06f4d497b,4f9388276b0f5e9ce0111b8fd6209b38a04325d119f0e9b824710a1aa513f01b,baseline,True,True,True,0,1,1,0,new_official_evaluation,1606243,1,b1,eafa224673c3d088c4e9563b484645634bc277910d20fbf5844a24033a9e3512,951b71acb9276636fad487aa7f0fc4ec421ad376f7701a2995a691e7ed945dc7,614461,14012928,16546964,2506752,11506176,5696512,2578,,,,,,613641,14012928,16546964,2506752,11506176,5696512,2578,3,3751,57344,9539328,0.00597540480699976,614370,14012928,16546964,2506752,11506176,5696512,2578,,,,,,613140,14012928,16546964,2506752,11506176,5696512,2578,5,3749,90112,9506560,0.00938992183957105,1.0013362861999118,1.002006067129856,1.000817105391917,1.00014811921155,410,2.6413376927095453,2.638190733670012,2.641728925566027,2.6403464135433996,2.6140682647067917,2.614455458437098
case_099,5,6a07bc2eba4657ec873f015cb53404696202df8fe912a94340cbdc674cbd7938,72dcad2f63e5c9610067b2ae644b02684d11cb840076211194745a839eb9d803,b9a587dabbc3e00ce8d49c05c5e0954e98e88ac43d779ec6ad0d45a07a289799,mapping_locality_one_move,True,True,True,0,1,1,0,new_official_evaluation,1606243,1,b1,eafa224673c3d088c4e9563b484645634bc277910d20fbf5844a24033a9e3512,951b71acb9276636fad487aa7f0fc4ec421ad376f7701a2995a691e7ed945dc7,504179,12613248,15147284,221184,12392064,6114432,2785,,,,,,503340,12613248,15147284,221184,12392064,6114432,2785,5,3427,59648,8862208,0.006685604430288945,503318,12499584,15033620,221184,12278400,6059904,2772,,,,,,502483,12499584,15033620,221184,12278400,6059904,2772,4,3411,58496,8804224,0.006600231080300404,1.001666865339532,1.0016617477606207,1.0017055303363498,1.00171064813895,-4,3.2190928221921182,3.2163189891524615,3.224599557337508,3.2218045187598388,3.1858585938724144,3.19130847694698
case_100,1,bb78167d482a9e1663bb947945def049c2d66392c3897613ce5cb145d3a2eb19,f3ec5d77b463d7f83f226af99c6343b3021c804cf3d2b88142c661d52e4f7da9,f3ec5d77b463d7f83f226af99c6343b3021c804cf3d2b88142c661d52e4f7da9,G1_baseline,False,True,True,0,1,0,0,G1_verified_reuse,143977,1,b2a_w8,9b3fbf56bd4f5574d780a11ab8a3d15588c669eb728e16504d86994905ce0780,f6daa3d11ed7322ccfb721c08cbb99aa909cb4c2f639240e2480f4452da3b7bc,151223,0,454598,0,0,0,0,,,,,,151223,0,454598,0,0,0,0,0,171,0,436006,0.0,151223,0,454598,0,0,0,0,,,,,,151223,0,454598,0,0,0,0,0,171,0,436006,0.0,1.0,1.0,1.0,1.0,0,1.0,1.0,1.0,1.0,0.9520840083849679,0.9520840083849679
case_100,2,bb78167d482a9e1663bb947945def049c2d66392c3897613ce5cb145d3a2eb19,938e2295004a7588d1c0859dfb660aac0482a2bcbd0e244bd8fa381197eead92,14f60d166a3b308a4cc2a5c934c1f6e3e78b60c7ad0077c38c02e56a92cefbee,baseline,True,True,True,1,1,1,0,new_official_evaluation,143977,1,b2a_w8,9b3fbf56bd4f5574d780a11ab8a3d15588c669eb728e16504d86994905ce0780,f6daa3d11ed7322ccfb721c08cbb99aa909cb4c2f639240e2480f4452da3b7bc,80853,960832,1415430,368672,592160,263756,111,,,,,,80850,960832,1415430,368672,592160,263756,111,35,302,72840,880002,0.07644499297889891,78892,944416,1399014,352256,592160,263756,111,,,,,,78892,944416,1399014,352256,592160,263756,111,33,295,68232,876402,0.07223114984216109,1.0000371057513915,1.0,1.024818739542666,1.0248567662120367,-3,1.870344947002585,1.8704143475572046,1.9168356740860923,1.9168356740860923,1.7807255142047913,1.8249885919991888
case_100,3,bb78167d482a9e1663bb947945def049c2d66392c3897613ce5cb145d3a2eb19,d91c430e1c1fcc7d2888997fdd0ff8003994cdcd18bcc427fb203dfc97c5783b,367fc9b67752067e79a77f007578ed233c453eb59f614cc295549aca74f3080e,baseline,False,True,True,1,1,1,0,G1_verified_reuse,143977,1,b2a_w8,9b3fbf56bd4f5574d780a11ab8a3d15588c669eb728e16504d86994905ce0780,f6daa3d11ed7322ccfb721c08cbb99aa909cb4c2f639240e2480f4452da3b7bc,70054,1356568,1811166,229376,1127192,375174,169,,,,,,69368,1356568,1811166,229376,1127192,375174,169,86,348,358412,944300,0.2751275800023336,70054,1356568,1811166,229376,1127192,375174,169,,,,,,69368,1356568,1811166,229376,1127192,375174,169,86,348,358412,944300,0.2751275800023336,1.0098892861261677,1.0098892861261677,1.0,1.0,0,2.1586633168698435,2.1800109560604315,2.1586633168698435,2.1800109560604315,2.0552288234790304,2.0552288234790304
case_100,4,bb78167d482a9e1663bb947945def049c2d66392c3897613ce5cb145d3a2eb19,924272d914e085bbbf492414747bb987e43055d6f6874c870b43b60503b377b7,0ee98a6e7a19c1cb84f18c3ff4715ab17f4d6ad51a7629e9729c71a474315fbb,baseline,False,True,True,1,1,2,0,G1_verified_reuse,143977,1,b2a_w8,9b3fbf56bd4f5574d780a11ab8a3d15588c669eb728e16504d86994905ce0780,f6daa3d11ed7322ccfb721c08cbb99aa909cb4c2f639240e2480f4452da3b7bc,67632,1615378,2069976,229376,1386002,453508,180,,,,,,65227,1615378,2069976,229376,1386002,453508,180,93,360,458250,1024938,0.3089628556865347,67632,1615378,2069976,229376,1386002,453508,180,,,,,,65227,1615378,2069976,229376,1386002,453508,180,93,360,458250,1024938,0.3089628556865347,1.0368712343048123,1.0368712343048123,1.0,1.0,0,2.2359681807428435,2.3184110874331183,2.2359681807428435,2.3184110874331183,2.128829548142891,2.128829548142891
case_100,5,bb78167d482a9e1663bb947945def049c2d66392c3897613ce5cb145d3a2eb19,2fc7fb701a770cacea614bc152c3a09f7341882a0fe1a6398f224d4c7cc2a511,69f5ba71c5ccd50e531fc0864f0ec115d07538315a1dc3bb0c376d3d85bec7f4,baseline,False,True,True,1,1,2,0,G1_verified_reuse,143977,1,b2a_w8,9b3fbf56bd4f5574d780a11ab8a3d15588c669eb728e16504d86994905ce0780,f6daa3d11ed7322ccfb721c08cbb99aa909cb4c2f639240e2480f4452da3b7bc,67632,1615378,2069976,229376,1386002,453508,180,,,,,,65227,1615378,2069976,229376,1386002,453508,180,93,360,458250,1024938,0.3089628556865347,67632,1615378,2069976,229376,1386002,453508,180,,,,,,65227,1615378,2069976,229376,1386002,453508,180,93,360,458250,1024938,0.3089628556865347,1.0368712343048123,1.0368712343048123,1.0,1.0,0,2.2359681807428435,2.3184110874331183,2.2359681807428435,2.3184110874331183,2.128829548142891,2.128829548142891
